gene,uniprot_id,pdb_file
CCR8,P51685,c:\Users\Longer\Documents\自写生信论文\data\structures\AF-P51685-F1-model_v6.pdb
MS4A15,Q8N5U1,c:\Users\Longer\Documents\自写生信论文\data\structures\AF-Q8N5U1-F1-model_v6.pdb
FCAMR,Q8WWV6,c:\Users\Longer\Documents\自写生信论文\data\structures\AF-Q8WWV6-F1-model_v6.pdb
UNC93A,Q86WB7,c:\Users\Longer\Documents\自写生信论文\data\structures\AF-Q86WB7-F1-model_v6.pdb
TNFRSF9,Q07011,c:\Users\Longer\Documents\自写生信论文\data\structures\AF-Q07011-F1-model_v6.pdb
ABCA12,Q86UK0,c:\Users\Longer\Documents\自写生信论文\data\structures\AF-Q86UK0-F1-model_v6.pdb
SLCO1B3,Q9NPD5,c:\Users\Longer\Documents\自写生信论文\data\structures\AF-Q9NPD5-F1-model_v6.pdb
CD1A,P06126,c:\Users\Longer\Documents\自写生信论文\data\structures\AF-P06126-F1-model_v6.pdb
GPR87,Q9BY21,c:\Users\Longer\Documents\自写生信论文\data\structures\AF-Q9BY21-F1-model_v6.pdb
LRRC15,Q8TF66,c:\Users\Longer\Documents\自写生信论文\data\structures\AF-Q8TF66-F1-model_v6.pdb
CNTNAP2,Q9UHC6,c:\Users\Longer\Documents\自写生信论文\data\structures\AF-Q9UHC6-F1-model_v6.pdb
CD1B,P29016,c:\Users\Longer\Documents\自写生信论文\data\structures\AF-P29016-F1-model_v6.pdb
CD3G,P09693,c:\Users\Longer\Documents\自写生信论文\data\structures\AF-P09693-F1-model_v6.pdb
TNFSF11,O14788,c:\Users\Longer\Documents\自写生信论文\data\structures\AF-O14788-F1-model_v6.pdb
UGT8,Q16880,c:\Users\Longer\Documents\自写生信论文\data\structures\AF-Q16880-F1-model_v6.pdb
SIT1,Q9Y3P8,c:\Users\Longer\Documents\自写生信论文\data\structures\AF-Q9Y3P8-F1-model_v6.pdb
ALPP,P05187,c:\Users\Longer\Documents\自写生信论文\data\structures\AF-P05187-F1-model_v6.pdb
MUC15,Q8N387,c:\Users\Longer\Documents\自写生信论文\data\structures\AF-Q8N387-F1-model_v6.pdb
TIGIT,Q495A1,c:\Users\Longer\Documents\自写生信论文\data\structures\AF-Q495A1-F1-model_v6.pdb
IL22RA1,Q8N6P7,c:\Users\Longer\Documents\自写生信论文\data\structures\AF-Q8N6P7-F1-model_v6.pdb
CLDN8,P56748,c:\Users\Longer\Documents\自写生信论文\data\structures\AF-P56748-F1-model_v6.pdb
CD300LF,Q8TDQ1,c:\Users\Longer\Documents\自写生信论文\data\structures\AF-Q8TDQ1-F1-model_v6.pdb
TLR7,Q9NYK1,c:\Users\Longer\Documents\自写生信论文\data\structures\AF-Q9NYK1-F1-model_v6.pdb
GJB4,Q9NTQ9,c:\Users\Longer\Documents\自写生信论文\data\structures\AF-Q9NTQ9-F1-model_v6.pdb
IL2RA,P01589,c:\Users\Longer\Documents\自写生信论文\data\structures\AF-P01589-F1-model_v6.pdb
MSLN,Q13421,c:\Users\Longer\Documents\自写生信论文\data\structures\AF-Q13421-F1-model_v6.pdb
SLC5A1,P13866,c:\Users\Longer\Documents\自写生信论文\data\structures\AF-P13866-F1-model_v6.pdb
SLC15A1,P46059,c:\Users\Longer\Documents\自写生信论文\data\structures\AF-P46059-F1-model_v6.pdb
ERVMER34-1,Q9H9K5,c:\Users\Longer\Documents\自写生信论文\data\structures\AF-Q9H9K5-F1-model_v6.pdb
CD164L2,Q6UWJ8,c:\Users\Longer\Documents\自写生信论文\data\structures\AF-Q6UWJ8-F1-model_v6.pdb
MFSD6L,Q8IWD5,c:\Users\Longer\Documents\自写生信论文\data\structures\AF-Q8IWD5-F1-model_v6.pdb
RHBDL2,Q9NX52,c:\Users\Longer\Documents\自写生信论文\data\structures\AF-Q9NX52-F1-model_v6.pdb
PTCRA,Q6ISU1,c:\Users\Longer\Documents\自写生信论文\data\structures\AF-Q6ISU1-F1-model_v6.pdb
KLRB1,Q12918,c:\Users\Longer\Documents\自写生信论文\data\structures\AF-Q12918-F1-model_v6.pdb
HCAR1,Q9BXC0,c:\Users\Longer\Documents\自写生信论文\data\structures\AF-Q9BXC0-F1-model_v6.pdb
GABRD,O14764,c:\Users\Longer\Documents\自写生信论文\data\structures\AF-O14764-F1-model_v6.pdb
MST1R,Q04912,c:\Users\Longer\Documents\自写生信论文\data\structures\AF-Q04912-F1-model_v6.pdb
KREMEN2,Q8NCW0,c:\Users\Longer\Documents\自写生信论文\data\structures\AF-Q8NCW0-F1-model_v6.pdb
ULBP2,Q9BZM5,c:\Users\Longer\Documents\自写生信论文\data\structures\AF-Q9BZM5-F1-model_v6.pdb
IL21R,Q9HBE5,c:\Users\Longer\Documents\自写生信论文\data\structures\AF-Q9HBE5-F1-model_v6.pdb
MPZL3,Q6UWV2,c:\Users\Longer\Documents\自写生信论文\data\structures\AF-Q6UWV2-F1-model_v6.pdb
CCR6,P51684,c:\Users\Longer\Documents\自写生信论文\data\structures\AF-P51684-F1-model_v6.pdb
ICOS,Q9Y6W8,c:\Users\Longer\Documents\自写生信论文\data\structures\AF-Q9Y6W8-F1-model_v6.pdb
CD5,P06127,c:\Users\Longer\Documents\自写生信论文\data\structures\AF-P06127-F1-model_v6.pdb
CD180,Q99467,c:\Users\Longer\Documents\自写生信论文\data\structures\AF-Q99467-F1-model_v6.pdb
CD96,P40200,c:\Users\Longer\Documents\自写生信论文\data\structures\AF-P40200-F1-model_v6.pdb
CEACAM5,P06731,c:\Users\Longer\Documents\自写生信论文\data\structures\AF-P06731-F1-model_v6.pdb
ULBP3,Q9BZM4,c:\Users\Longer\Documents\自写生信论文\data\structures\AF-Q9BZM4-F1-model_v6.pdb
AMN,Q9BXJ7,c:\Users\Longer\Documents\自写生信论文\data\structures\AF-Q9BXJ7-F1-model_v6.pdb
CXCR6,O00574,c:\Users\Longer\Documents\自写生信论文\data\structures\AF-O00574-F1-model_v6.pdb
HTR1D,P28221,c:\Users\Longer\Documents\自写生信论文\data\structures\AF-P28221-F1-model_v6.pdb
CD300A,Q9UGN4,c:\Users\Longer\Documents\自写生信论文\data\structures\AF-Q9UGN4-F1-model_v6.pdb
SLC44A5,Q8NCS7,c:\Users\Longer\Documents\自写生信论文\data\structures\AF-Q8NCS7-F1-model_v6.pdb
SLAMF9,Q96A28,c:\Users\Longer\Documents\自写生信论文\data\structures\AF-Q96A28-F1-model_v6.pdb
CD8B,P10966,c:\Users\Longer\Documents\自写生信论文\data\structures\AF-P10966-F1-model_v6.pdb
DPP4,P27487,c:\Users\Longer\Documents\自写生信论文\data\structures\AF-P27487-F1-model_v6.pdb
CD1E,P15812,c:\Users\Longer\Documents\自写生信论文\data\structures\AF-P15812-F1-model_v6.pdb
HLA-G,P17693,c:\Users\Longer\Documents\自写生信论文\data\structures\AF-P17693-F1-model_v6.pdb
LAMP2,P13473,c:\Users\Longer\Documents\自写生信论文\data\structures\AF-P13473-F1-model_v6.pdb
EPHA10,Q5JZY3,c:\Users\Longer\Documents\自写生信论文\data\structures\AF-Q5JZY3-F1-model_v6.pdb
DCSTAMP,Q9H295,c:\Users\Longer\Documents\自写生信论文\data\structures\AF-Q9H295-F1-model_v6.pdb
CD6,P30203,c:\Users\Longer\Documents\自写生信论文\data\structures\AF-P30203-F1-model_v6.pdb
SLC9A2,Q9UBY0,c:\Users\Longer\Documents\自写生信论文\data\structures\AF-Q9UBY0-F1-model_v6.pdb
C3AR1,Q16581,c:\Users\Longer\Documents\自写生信论文\data\structures\AF-Q16581-F1-model_v6.pdb
FOLH1,Q04609,c:\Users\Longer\Documents\自写生信论文\data\structures\AF-Q04609-F1-model_v6.pdb
PMEPA1,Q969W9,c:\Users\Longer\Documents\自写生信论文\data\structures\AF-Q969W9-F1-model_v6.pdb
CD70,P32970,c:\Users\Longer\Documents\自写生信论文\data\structures\AF-P32970-F1-model_v6.pdb
FGFR3,P22607,c:\Users\Longer\Documents\自写生信论文\data\structures\AF-P22607-F1-model_v6.pdb
TNFSF13B,Q9Y275,c:\Users\Longer\Documents\自写生信论文\data\structures\AF-Q9Y275-F1-model_v6.pdb
SLCO1A2,P46721,c:\Users\Longer\Documents\自写生信论文\data\structures\AF-P46721-F1-model_v6.pdb
CD9,P21926,c:\Users\Longer\Documents\自写生信论文\data\structures\AF-P21926-F1-model_v6.pdb
APLNR,P35414,c:\Users\Longer\Documents\自写生信论文\data\structures\AF-P35414-F1-model_v6.pdb
CHRNA1,P02708,c:\Users\Longer\Documents\自写生信论文\data\structures\AF-P02708-F1-model_v6.pdb
LILRA4,P59901,c:\Users\Longer\Documents\自写生信论文\data\structures\AF-P59901-F1-model_v6.pdb
GABRA3,P34903,c:\Users\Longer\Documents\自写生信论文\data\structures\AF-P34903-F1-model_v6.pdb
ERBB2,P04626,c:\Users\Longer\Documents\自写生信论文\data\structures\AF-P04626-F1-model_v6.pdb
CD82,P27701,c:\Users\Longer\Documents\自写生信论文\data\structures\AF-P27701-F1-model_v6.pdb
ACE,P12821,c:\Users\Longer\Documents\自写生信论文\data\structures\AF-P12821-F1-model_v6.pdb
SLC29A3,Q9BZD2,c:\Users\Longer\Documents\自写生信论文\data\structures\AF-Q9BZD2-F1-model_v6.pdb
PTPRJ,Q12913,c:\Users\Longer\Documents\自写生信论文\data\structures\AF-Q12913-F1-model_v6.pdb
CD37,P11049,c:\Users\Longer\Documents\自写生信论文\data\structures\AF-P11049-F1-model_v6.pdb
SLC52A1,Q9NWF4,c:\Users\Longer\Documents\自写生信论文\data\structures\AF-Q9NWF4-F1-model_v6.pdb
SLC37A1,P57057,c:\Users\Longer\Documents\自写生信论文\data\structures\AF-P57057-F1-model_v6.pdb
ENPP5,Q9UJA9,c:\Users\Longer\Documents\自写生信论文\data\structures\AF-Q9UJA9-F1-model_v6.pdb
IFNLR1,Q8IU57,c:\Users\Longer\Documents\自写生信论文\data\structures\AF-Q8IU57-F1-model_v6.pdb
CD53,P19397,c:\Users\Longer\Documents\自写生信论文\data\structures\AF-P19397-F1-model_v6.pdb
CD8A,P01732,c:\Users\Longer\Documents\自写生信论文\data\structures\AF-P01732-F1-model_v6.pdb
NIPAL1,Q6NVV3,c:\Users\Longer\Documents\自写生信论文\data\structures\AF-Q6NVV3-F1-model_v6.pdb
ERMP1,Q7Z2K6,c:\Users\Longer\Documents\自写生信论文\data\structures\AF-Q7Z2K6-F1-model_v6.pdb
TM4SF1,P30408,c:\Users\Longer\Documents\自写生信论文\data\structures\AF-P30408-F1-model_v6.pdb
ABCC4,O15439,c:\Users\Longer\Documents\自写生信论文\data\structures\AF-O15439-F1-model_v6.pdb
SLC16A1,P53985,c:\Users\Longer\Documents\自写生信论文\data\structures\AF-P53985-F1-model_v6.pdb
NOX4,Q9NPH5,c:\Users\Longer\Documents\自写生信论文\data\structures\AF-Q9NPH5-F1-model_v6.pdb
FCRL5,Q96RD9,c:\Users\Longer\Documents\自写生信论文\data\structures\AF-Q96RD9-F1-model_v6.pdb
FAP,Q12884,c:\Users\Longer\Documents\自写生信论文\data\structures\AF-Q12884-F1-model_v6.pdb
BAMBI,Q13145,c:\Users\Longer\Documents\自写生信论文\data\structures\AF-Q13145-F1-model_v6.pdb
IL12RB1,P42701,c:\Users\Longer\Documents\自写生信论文\data\structures\AF-P42701-F1-model_v6.pdb
EDAR,Q9UNE0,c:\Users\Longer\Documents\自写生信论文\data\structures\AF-Q9UNE0-F1-model_v6.pdb
TSPAN15,O95858,c:\Users\Longer\Documents\自写生信论文\data\structures\AF-O95858-F1-model_v6.pdb
DLL3,Q9NYJ7,c:\Users\Longer\Documents\自写生信论文\data\structures\AF-Q9NYJ7-F1-model_v6.pdb
CHRNA9,Q9UGM1,c:\Users\Longer\Documents\自写生信论文\data\structures\AF-Q9UGM1-F1-model_v6.pdb
FZD5,Q13467,c:\Users\Longer\Documents\自写生信论文\data\structures\AF-Q13467-F1-model_v6.pdb
SLC39A8,Q9C0K1,c:\Users\Longer\Documents\自写生信论文\data\structures\AF-Q9C0K1-F1-model_v6.pdb
EVI2B,P34910,c:\Users\Longer\Documents\自写生信论文\data\structures\AF-P34910-F1-model_v6.pdb
GPR19,Q15760,c:\Users\Longer\Documents\自写生信论文\data\structures\AF-Q15760-F1-model_v6.pdb
ITGB7,P26010,c:\Users\Longer\Documents\自写生信论文\data\structures\AF-P26010-F1-model_v6.pdb
ITGB8,P26012,c:\Users\Longer\Documents\自写生信论文\data\structures\AF-P26012-F1-model_v6.pdb
CPD,O75976,c:\Users\Longer\Documents\自写生信论文\data\structures\AF-O75976-F1-model_v6.pdb
GJB5,O95377,c:\Users\Longer\Documents\自写生信论文\data\structures\AF-O95377-F1-model_v6.pdb
SLC28A3,Q9HAS3,c:\Users\Longer\Documents\自写生信论文\data\structures\AF-Q9HAS3-F1-model_v6.pdb
CCRL2,O00421,c:\Users\Longer\Documents\自写生信论文\data\structures\AF-O00421-F1-model_v6.pdb
SIGLEC10,Q96LC7,c:\Users\Longer\Documents\自写生信论文\data\structures\AF-Q96LC7-F1-model_v6.pdb
IL17RB,Q9NRM6,c:\Users\Longer\Documents\自写生信论文\data\structures\AF-Q9NRM6-F1-model_v6.pdb
TM9SF2,Q99805,c:\Users\Longer\Documents\自写生信论文\data\structures\AF-Q99805-F1-model_v6.pdb
SLC1A4,P43007,c:\Users\Longer\Documents\自写生信论文\data\structures\AF-P43007-F1-model_v6.pdb
TNFRSF17,Q02223,c:\Users\Longer\Documents\自写生信论文\data\structures\AF-Q02223-F1-model_v6.pdb
GPRC5C,Q9NQ84,c:\Users\Longer\Documents\自写生信论文\data\structures\AF-Q9NQ84-F1-model_v6.pdb
EMB,Q6PCB8,c:\Users\Longer\Documents\自写生信论文\data\structures\AF-Q6PCB8-F1-model_v6.pdb
MS4A6A,Q9H2W1,c:\Users\Longer\Documents\自写生信论文\data\structures\AF-Q9H2W1-F1-model_v6.pdb
CTLA4,P16410,c:\Users\Longer\Documents\自写生信论文\data\structures\AF-P16410-F1-model_v6.pdb
UNC93B1,Q9H1C4,c:\Users\Longer\Documents\自写生信论文\data\structures\AF-Q9H1C4-F1-model_v6.pdb
IL20RA,Q9UHF4,c:\Users\Longer\Documents\自写生信论文\data\structures\AF-Q9UHF4-F1-model_v6.pdb
GABRP,O00591,c:\Users\Longer\Documents\自写生信论文\data\structures\AF-O00591-F1-model_v6.pdb
SLC39A9,Q9NUM3,c:\Users\Longer\Documents\自写生信论文\data\structures\AF-Q9NUM3-F1-model_v6.pdb
EPHA1,P21709,c:\Users\Longer\Documents\自写生信论文\data\structures\AF-P21709-F1-model_v6.pdb
SECTM1,Q8WVN6,c:\Users\Longer\Documents\自写生信论文\data\structures\AF-Q8WVN6-F1-model_v6.pdb
TMEM158,Q8WZ71,c:\Users\Longer\Documents\自写生信论文\data\structures\AF-Q8WZ71-F1-model_v6.pdb
SORL1,Q92673,c:\Users\Longer\Documents\自写生信论文\data\structures\AF-Q92673-F1-model_v6.pdb
NFAM1,Q8NET5,c:\Users\Longer\Documents\自写生信论文\data\structures\AF-Q8NET5-F1-model_v6.pdb
TNFRSF10A,O00220,c:\Users\Longer\Documents\自写生信论文\data\structures\AF-O00220-F1-model_v6.pdb
GPR158,Q5T848,c:\Users\Longer\Documents\自写生信论文\data\structures\AF-Q5T848-F1-model_v6.pdb
LRRC37A2,A6NM11,c:\Users\Longer\Documents\自写生信论文\data\structures\AF-A6NM11-F1-model_v6.pdb
CLDN16,Q9Y5I7,c:\Users\Longer\Documents\自写生信论文\data\structures\AF-Q9Y5I7-F1-model_v6.pdb
SIGLEC15,Q6ZMC9,c:\Users\Longer\Documents\自写生信论文\data\structures\AF-Q6ZMC9-F1-model_v6.pdb
MR1,Q95460,c:\Users\Longer\Documents\自写生信论文\data\structures\AF-Q95460-F1-model_v6.pdb
CLEC5A,Q9NY25,c:\Users\Longer\Documents\自写生信论文\data\structures\AF-Q9NY25-F1-model_v6.pdb
ACP2,P11117,c:\Users\Longer\Documents\自写生信论文\data\structures\AF-P11117-F1-model_v6.pdb
LPAR2,Q9HBW0,c:\Users\Longer\Documents\自写生信论文\data\structures\AF-Q9HBW0-F1-model_v6.pdb
SLC38A1,Q9H2H9,c:\Users\Longer\Documents\自写生信论文\data\structures\AF-Q9H2H9-F1-model_v6.pdb
CDH11,P55287,c:\Users\Longer\Documents\自写生信论文\data\structures\AF-P55287-F1-model_v6.pdb
SLC33A1,O00400,c:\Users\Longer\Documents\自写生信论文\data\structures\AF-O00400-F1-model_v6.pdb
TLR3,O15455,c:\Users\Longer\Documents\自写生信论文\data\structures\AF-O15455-F1-model_v6.pdb
IFNGR2,P38484,c:\Users\Longer\Documents\自写生信论文\data\structures\AF-P38484-F1-model_v6.pdb
SCNN1G,P51170,c:\Users\Longer\Documents\自写生信论文\data\structures\AF-P51170-F1-model_v6.pdb
FASLG,P48023,c:\Users\Longer\Documents\自写生信论文\data\structures\AF-P48023-F1-model_v6.pdb
ZACN,Q401N2,c:\Users\Longer\Documents\自写生信论文\data\structures\AF-Q401N2-F1-model_v6.pdb
P2RX4,Q99571,c:\Users\Longer\Documents\自写生信论文\data\structures\AF-Q99571-F1-model_v6.pdb
RTN4RL2,Q86UN3,c:\Users\Longer\Documents\自写生信论文\data\structures\AF-Q86UN3-F1-model_v6.pdb
ITGA6,P23229,c:\Users\Longer\Documents\自写生信论文\data\structures\AF-P23229-F1-model_v6.pdb
BCAM,P50895,c:\Users\Longer\Documents\自写生信论文\data\structures\AF-P50895-F1-model_v6.pdb
CD101,Q93033,c:\Users\Longer\Documents\自写生信论文\data\structures\AF-Q93033-F1-model_v6.pdb
SVOPL,Q8N434,c:\Users\Longer\Documents\自写生信论文\data\structures\AF-Q8N434-F1-model_v6.pdb
P2RY13,Q9BPV8,c:\Users\Longer\Documents\自写生信论文\data\structures\AF-Q9BPV8-F1-model_v6.pdb
FAM171A2,A8MVW0,c:\Users\Longer\Documents\自写生信论文\data\structures\AF-A8MVW0-F1-model_v6.pdb
LRRC25,Q8N386,c:\Users\Longer\Documents\自写生信论文\data\structures\AF-Q8N386-F1-model_v6.pdb
BACE2,Q9Y5Z0,c:\Users\Longer\Documents\自写生信论文\data\structures\AF-Q9Y5Z0-F1-model_v6.pdb
NCMAP,Q5T1S8,c:\Users\Longer\Documents\自写生信论文\data\structures\AF-Q5T1S8-F1-model_v6.pdb
CD80,P33681,c:\Users\Longer\Documents\自写生信论文\data\structures\AF-P33681-F1-model_v6.pdb
TMEM150B,A6NC51,c:\Users\Longer\Documents\自写生信论文\data\structures\AF-A6NC51-F1-model_v6.pdb
LAIR1,Q6GTX8,c:\Users\Longer\Documents\自写生信论文\data\structures\AF-Q6GTX8-F1-model_v6.pdb
TMEM154,Q6P9G4,c:\Users\Longer\Documents\自写生信论文\data\structures\AF-Q6P9G4-F1-model_v6.pdb
BTN3A2,P78410,c:\Users\Longer\Documents\自写生信论文\data\structures\AF-P78410-F1-model_v6.pdb
FAM174B,Q3ZCQ3,c:\Users\Longer\Documents\自写生信论文\data\structures\AF-Q3ZCQ3-F1-model_v6.pdb
EPHA2,P29317,c:\Users\Longer\Documents\自写生信论文\data\structures\AF-P29317-F1-model_v6.pdb
ATP1A1,P05023,c:\Users\Longer\Documents\自写生信论文\data\structures\AF-P05023-F1-model_v6.pdb
PTPRK,Q15262,c:\Users\Longer\Documents\自写生信论文\data\structures\AF-Q15262-F1-model_v6.pdb
SLC37A2,Q8TED4,c:\Users\Longer\Documents\自写生信论文\data\structures\AF-Q8TED4-F1-model_v6.pdb
SLAMF6,Q96DU3,c:\Users\Longer\Documents\自写生信论文\data\structures\AF-Q96DU3-F1-model_v6.pdb
SLC41A2,Q96JW4,c:\Users\Longer\Documents\自写生信论文\data\structures\AF-Q96JW4-F1-model_v6.pdb
DSC3,Q14574,c:\Users\Longer\Documents\自写生信论文\data\structures\AF-Q14574-F1-model_v6.pdb
CCR4,P51679,c:\Users\Longer\Documents\自写生信论文\data\structures\AF-P51679-F1-model_v6.pdb
CD300C,Q08708,c:\Users\Longer\Documents\自写生信论文\data\structures\AF-Q08708-F1-model_v6.pdb
PCDH1,Q08174,c:\Users\Longer\Documents\自写生信论文\data\structures\AF-Q08174-F1-model_v6.pdb
SLC37A4,O43826,c:\Users\Longer\Documents\自写生信论文\data\structures\AF-O43826-F1-model_v6.pdb
GABRQ,Q9UN88,c:\Users\Longer\Documents\自写生信论文\data\structures\AF-Q9UN88-F1-model_v6.pdb
SIGLEC7,Q9Y286,c:\Users\Longer\Documents\自写生信论文\data\structures\AF-Q9Y286-F1-model_v6.pdb
SLC13A2,Q13183,c:\Users\Longer\Documents\自写生信论文\data\structures\AF-Q13183-F1-model_v6.pdb
ZDHHC5,Q9C0B5,c:\Users\Longer\Documents\自写生信论文\data\structures\AF-Q9C0B5-F1-model_v6.pdb
TMED7,Q9Y3B3,c:\Users\Longer\Documents\自写生信论文\data\structures\AF-Q9Y3B3-F1-model_v6.pdb
MMEL1,Q495T6,c:\Users\Longer\Documents\自写生信论文\data\structures\AF-Q495T6-F1-model_v6.pdb
IFNAR2,P48551,c:\Users\Longer\Documents\自写生信论文\data\structures\AF-P48551-F1-model_v6.pdb
FOLR2,P14207,c:\Users\Longer\Documents\自写生信论文\data\structures\AF-P14207-F1-model_v6.pdb
CLSTN1,O94985,c:\Users\Longer\Documents\自写生信论文\data\structures\AF-O94985-F1-model_v6.pdb
TMEM87B,Q96K49,c:\Users\Longer\Documents\自写生信论文\data\structures\AF-Q96K49-F1-model_v6.pdb
EVI2A,P22794,c:\Users\Longer\Documents\自写生信论文\data\structures\AF-P22794-F1-model_v6.pdb
MICB,Q29980,c:\Users\Longer\Documents\自写生信论文\data\structures\AF-Q29980-F1-model_v6.pdb
NCSTN,Q92542,c:\Users\Longer\Documents\自写生信论文\data\structures\AF-Q92542-F1-model_v6.pdb
PTPRC,P08575,c:\Users\Longer\Documents\自写生信论文\data\structures\AF-P08575-F1-model_v6.pdb
UPK2,O00526,c:\Users\Longer\Documents\自写生信论文\data\structures\AF-O00526-F1-model_v6.pdb
PRND,Q9UKY0,c:\Users\Longer\Documents\自写生信论文\data\structures\AF-Q9UKY0-F1-model_v6.pdb
SLC30A1,Q9Y6M5,c:\Users\Longer\Documents\自写生信论文\data\structures\AF-Q9Y6M5-F1-model_v6.pdb
F2RL2,O00254,c:\Users\Longer\Documents\自写生信论文\data\structures\AF-O00254-F1-model_v6.pdb
ATRN,O75882,c:\Users\Longer\Documents\自写生信论文\data\structures\AF-O75882-F1-model_v6.pdb
LRP11,Q86VZ4,c:\Users\Longer\Documents\自写生信论文\data\structures\AF-Q86VZ4-F1-model_v6.pdb
FLVCR1,Q9Y5Y0,c:\Users\Longer\Documents\自写生信论文\data\structures\AF-Q9Y5Y0-F1-model_v6.pdb
SLC6A11,P48066,c:\Users\Longer\Documents\自写生信论文\data\structures\AF-P48066-F1-model_v6.pdb
PIGT,Q969N2,c:\Users\Longer\Documents\自写生信论文\data\structures\AF-Q969N2-F1-model_v6.pdb
P2RY10,O00398,c:\Users\Longer\Documents\自写生信论文\data\structures\AF-O00398-F1-model_v6.pdb
IFNAR1,P17181,c:\Users\Longer\Documents\自写生信论文\data\structures\AF-P17181-F1-model_v6.pdb
CADM4,Q8NFZ8,c:\Users\Longer\Documents\自写生信论文\data\structures\AF-Q8NFZ8-F1-model_v6.pdb
ITGA3,P26006,c:\Users\Longer\Documents\自写生信论文\data\structures\AF-P26006-F1-model_v6.pdb
CD44,P16070,c:\Users\Longer\Documents\自写生信论文\data\structures\AF-P16070-F1-model_v6.pdb
GRIN2D,O15399,c:\Users\Longer\Documents\自写生信论文\data\structures\AF-O15399-F1-model_v6.pdb
LRP8,Q14114,c:\Users\Longer\Documents\自写生信论文\data\structures\AF-Q14114-F1-model_v6.pdb
PIGO,Q8TEQ8,c:\Users\Longer\Documents\自写生信论文\data\structures\AF-Q8TEQ8-F1-model_v6.pdb
ADAM28,Q9UKQ2,c:\Users\Longer\Documents\自写生信论文\data\structures\AF-Q9UKQ2-F1-model_v6.pdb
LY9,Q9HBG7,c:\Users\Longer\Documents\自写生信论文\data\structures\AF-Q9HBG7-F1-model_v6.pdb
SLC7A1,P30825,c:\Users\Longer\Documents\自写生信论文\data\structures\AF-P30825-F1-model_v6.pdb
RHBDF2,Q6PJF5,c:\Users\Longer\Documents\自写生信论文\data\structures\AF-Q6PJF5-F1-model_v6.pdb
IGFLR1,Q9H665,c:\Users\Longer\Documents\自写生信论文\data\structures\AF-Q9H665-F1-model_v6.pdb
SLC18A1,P54219,c:\Users\Longer\Documents\自写生信论文\data\structures\AF-P54219-F1-model_v6.pdb
CDH7,Q9ULB5,c:\Users\Longer\Documents\自写生信论文\data\structures\AF-Q9ULB5-F1-model_v6.pdb
TNFRSF19,Q9NS68,c:\Users\Longer\Documents\自写生信论文\data\structures\AF-Q9NS68-F1-model_v6.pdb
MPZL1,O95297,c:\Users\Longer\Documents\自写生信论文\data\structures\AF-O95297-F1-model_v6.pdb
MMP14,P50281,c:\Users\Longer\Documents\自写生信论文\data\structures\AF-P50281-F1-model_v6.pdb
SEMA4A,Q9H3S1,c:\Users\Longer\Documents\自写生信论文\data\structures\AF-Q9H3S1-F1-model_v6.pdb
DPEP1,P16444,c:\Users\Longer\Documents\自写生信论文\data\structures\AF-P16444-F1-model_v6.pdb
OR2B6,P58173,c:\Users\Longer\Documents\自写生信论文\data\structures\AF-P58173-F1-model_v6.pdb
TNFRSF10C,O14798,c:\Users\Longer\Documents\自写生信论文\data\structures\AF-O14798-F1-model_v6.pdb
SUCNR1,Q9BXA5,c:\Users\Longer\Documents\自写生信论文\data\structures\AF-Q9BXA5-F1-model_v6.pdb
ADAM8,P78325,c:\Users\Longer\Documents\自写生信论文\data\structures\AF-P78325-F1-model_v6.pdb
FZD6,O60353,c:\Users\Longer\Documents\自写生信论文\data\structures\AF-O60353-F1-model_v6.pdb
ITM2C,Q9NQX7,c:\Users\Longer\Documents\自写生信论文\data\structures\AF-Q9NQX7-F1-model_v6.pdb
CHRNB4,P30926,c:\Users\Longer\Documents\自写生信论文\data\structures\AF-P30926-F1-model_v6.pdb
GPC4,O75487,c:\Users\Longer\Documents\自写生信论文\data\structures\AF-O75487-F1-model_v6.pdb
GPR37,O15354,c:\Users\Longer\Documents\自写生信论文\data\structures\AF-O15354-F1-model_v6.pdb
PSEN1,P49768,c:\Users\Longer\Documents\自写生信论文\data\structures\AF-P49768-F1-model_v6.pdb
SMO,Q99835,c:\Users\Longer\Documents\自写生信论文\data\structures\AF-Q99835-F1-model_v6.pdb
C11orf24,Q96F05,c:\Users\Longer\Documents\自写生信论文\data\structures\AF-Q96F05-F1-model_v6.pdb
TCTN2,Q96GX1,c:\Users\Longer\Documents\自写生信论文\data\structures\AF-Q96GX1-F1-model_v6.pdb
SUCO,Q9UBS9,c:\Users\Longer\Documents\自写生信论文\data\structures\AF-Q9UBS9-F1-model_v6.pdb
TMEM179B,Q7Z7N9,c:\Users\Longer\Documents\自写生信论文\data\structures\AF-Q7Z7N9-F1-model_v6.pdb
DAG1,Q14118,c:\Users\Longer\Documents\自写生信论文\data\structures\AF-Q14118-F1-model_v6.pdb
LAG3,P18627,c:\Users\Longer\Documents\自写生信论文\data\structures\AF-P18627-F1-model_v6.pdb
ADAM9,Q13443,c:\Users\Longer\Documents\自写生信论文\data\structures\AF-Q13443-F1-model_v6.pdb
CX3CR1,P49238,c:\Users\Longer\Documents\自写生信论文\data\structures\AF-P49238-F1-model_v6.pdb
ITGAV,P06756,c:\Users\Longer\Documents\自写生信论文\data\structures\AF-P06756-F1-model_v6.pdb
ATRAID,Q6UW56,c:\Users\Longer\Documents\自写生信论文\data\structures\AF-Q6UW56-F1-model_v6.pdb
IL10RB,Q08334,c:\Users\Longer\Documents\自写生信论文\data\structures\AF-Q08334-F1-model_v6.pdb
CD63,P08962,c:\Users\Longer\Documents\自写生信论文\data\structures\AF-P08962-F1-model_v6.pdb
SUSD1,Q6UWL2,c:\Users\Longer\Documents\自写生信论文\data\structures\AF-Q6UWL2-F1-model_v6.pdb
ITGB1,P05556,c:\Users\Longer\Documents\自写生信论文\data\structures\AF-P05556-F1-model_v6.pdb
IL1RL2,Q9HB29,c:\Users\Longer\Documents\自写生信论文\data\structures\AF-Q9HB29-F1-model_v6.pdb
TM9SF1,O15321,c:\Users\Longer\Documents\自写生信论文\data\structures\AF-O15321-F1-model_v6.pdb
GPR132,Q9UNW8,c:\Users\Longer\Documents\自写生信论文\data\structures\AF-Q9UNW8-F1-model_v6.pdb
GABRG3,Q99928,c:\Users\Longer\Documents\自写生信论文\data\structures\AF-Q99928-F1-model_v6.pdb
ATP13A2,Q9NQ11,c:\Users\Longer\Documents\自写生信论文\data\structures\AF-Q9NQ11-F1-model_v6.pdb
TGFBR1,P36897,c:\Users\Longer\Documents\自写生信论文\data\structures\AF-P36897-F1-model_v6.pdb
MUC13,Q9H3R2,c:\Users\Longer\Documents\自写生信论文\data\structures\AF-Q9H3R2-F1-model_v6.pdb
BSG,P35613,c:\Users\Longer\Documents\自写生信论文\data\structures\AF-P35613-F1-model_v6.pdb
PRSS21,Q9Y6M0,c:\Users\Longer\Documents\自写生信论文\data\structures\AF-Q9Y6M0-F1-model_v6.pdb
CLDN12,P56749,c:\Users\Longer\Documents\自写生信论文\data\structures\AF-P56749-F1-model_v6.pdb
LRP5,O75197,c:\Users\Longer\Documents\自写生信论文\data\structures\AF-O75197-F1-model_v6.pdb
TM7SF3,Q9NS93,c:\Users\Longer\Documents\自写生信论文\data\structures\AF-Q9NS93-F1-model_v6.pdb
PLXNC1,O60486,c:\Users\Longer\Documents\自写生信论文\data\structures\AF-O60486-F1-model_v6.pdb
HRH1,P35367,c:\Users\Longer\Documents\自写生信论文\data\structures\AF-P35367-F1-model_v6.pdb
CD164,Q04900,c:\Users\Longer\Documents\自写生信论文\data\structures\AF-Q04900-F1-model_v6.pdb
ICOSLG,O75144,c:\Users\Longer\Documents\自写生信论文\data\structures\AF-O75144-F1-model_v6.pdb
NKAIN1,Q4KMZ8,c:\Users\Longer\Documents\自写生信论文\data\structures\AF-Q4KMZ8-F1-model_v6.pdb
PTPRH,Q9HD43,c:\Users\Longer\Documents\自写生信论文\data\structures\AF-Q9HD43-F1-model_v6.pdb
PANX1,Q96RD7,c:\Users\Longer\Documents\自写生信论文\data\structures\AF-Q96RD7-F1-model_v6.pdb
STT3B,Q8TCJ2,c:\Users\Longer\Documents\自写生信论文\data\structures\AF-Q8TCJ2-F1-model_v6.pdb
CLDN10,P78369,c:\Users\Longer\Documents\自写生信论文\data\structures\AF-P78369-F1-model_v6.pdb
CLN3,Q13286,c:\Users\Longer\Documents\自写生信论文\data\structures\AF-Q13286-F1-model_v6.pdb
KISS1R,Q969F8,c:\Users\Longer\Documents\自写生信论文\data\structures\AF-Q969F8-F1-model_v6.pdb
TSPAN17,Q96FV3,c:\Users\Longer\Documents\自写生信论文\data\structures\AF-Q96FV3-F1-model_v6.pdb
EPHB4,P54760,c:\Users\Longer\Documents\自写生信论文\data\structures\AF-P54760-F1-model_v6.pdb
ANO1,Q5XXA6,c:\Users\Longer\Documents\自写生信论文\data\structures\AF-Q5XXA6-F1-model_v6.pdb
GPR137B,O60478,c:\Users\Longer\Documents\自写生信论文\data\structures\AF-O60478-F1-model_v6.pdb
GPR84,Q9NQS5,c:\Users\Longer\Documents\自写生信论文\data\structures\AF-Q9NQS5-F1-model_v6.pdb
ACVR1,Q04771,c:\Users\Longer\Documents\自写生信论文\data\structures\AF-Q04771-F1-model_v6.pdb
LPAR3,Q9UBY5,c:\Users\Longer\Documents\自写生信论文\data\structures\AF-Q9UBY5-F1-model_v6.pdb
ADAM17,P78536,c:\Users\Longer\Documents\自写生信论文\data\structures\AF-P78536-F1-model_v6.pdb
PCDHA11,Q9Y5I1,c:\Users\Longer\Documents\自写生信论文\data\structures\AF-Q9Y5I1-F1-model_v6.pdb
C3orf80,F5H4A9,c:\Users\Longer\Documents\自写生信论文\data\structures\AF-F5H4A9-F1-model_v6.pdb
LRRN4,Q8WUT4,c:\Users\Longer\Documents\自写生信论文\data\structures\AF-Q8WUT4-F1-model_v6.pdb
SLC2A10,O95528,c:\Users\Longer\Documents\自写生信论文\data\structures\AF-O95528-F1-model_v6.pdb
TSPAN3,O60637,c:\Users\Longer\Documents\自写生信论文\data\structures\AF-O60637-F1-model_v6.pdb
UBAC2,Q8NBM4,c:\Users\Longer\Documents\自写生信论文\data\structures\AF-Q8NBM4-F1-model_v6.pdb
LILRB2,Q8N423,c:\Users\Longer\Documents\自写生信论文\data\structures\AF-Q8N423-F1-model_v6.pdb
IL1RAP,Q9NPH3,c:\Users\Longer\Documents\自写生信论文\data\structures\AF-Q9NPH3-F1-model_v6.pdb
PCDH17,O14917,c:\Users\Longer\Documents\自写生信论文\data\structures\AF-O14917-F1-model_v6.pdb
CNNM4,Q6P4Q7,c:\Users\Longer\Documents\自写生信论文\data\structures\AF-Q6P4Q7-F1-model_v6.pdb
SEMA4B,Q9NPR2,c:\Users\Longer\Documents\自写生信论文\data\structures\AF-Q9NPR2-F1-model_v6.pdb
APP,P05067,c:\Users\Longer\Documents\自写生信论文\data\structures\AF-P05067-F1-model_v6.pdb
NRCAM,Q92823,c:\Users\Longer\Documents\自写生信论文\data\structures\AF-Q92823-F1-model_v6.pdb
CXCR5,P32302,c:\Users\Longer\Documents\自写生信论文\data\structures\AF-P32302-F1-model_v6.pdb
SLC38A8,A6NNN8,c:\Users\Longer\Documents\自写生信论文\data\structures\AF-A6NNN8-F1-model_v6.pdb
IGSF8,Q969P0,c:\Users\Longer\Documents\自写生信论文\data\structures\AF-Q969P0-F1-model_v6.pdb
LMAN2L,Q9H0V9,c:\Users\Longer\Documents\自写生信论文\data\structures\AF-Q9H0V9-F1-model_v6.pdb
TSPAN14,Q8NG11,c:\Users\Longer\Documents\自写生信论文\data\structures\AF-Q8NG11-F1-model_v6.pdb
CD151,P48509,c:\Users\Longer\Documents\自写生信论文\data\structures\AF-P48509-F1-model_v6.pdb
NIPAL3,Q6P499,c:\Users\Longer\Documents\自写生信论文\data\structures\AF-Q6P499-F1-model_v6.pdb
SLC3A2,P08195,c:\Users\Longer\Documents\自写生信论文\data\structures\AF-P08195-F1-model_v6.pdb
PMEL,P40967,c:\Users\Longer\Documents\自写生信论文\data\structures\AF-P40967-F1-model_v6.pdb
SLC44A1,Q8WWI5,c:\Users\Longer\Documents\自写生信论文\data\structures\AF-Q8WWI5-F1-model_v6.pdb
TMEM63C,Q9P1W3,c:\Users\Longer\Documents\自写生信论文\data\structures\AF-Q9P1W3-F1-model_v6.pdb
SLITRK6,Q9H5Y7,c:\Users\Longer\Documents\自写生信论文\data\structures\AF-Q9H5Y7-F1-model_v6.pdb
CD1C,P29017,c:\Users\Longer\Documents\自写生信论文\data\structures\AF-P29017-F1-model_v6.pdb
ADORA2B,P29275,c:\Users\Longer\Documents\自写生信论文\data\structures\AF-P29275-F1-model_v6.pdb
CD320,Q9NPF0,c:\Users\Longer\Documents\自写生信论文\data\structures\AF-Q9NPF0-F1-model_v6.pdb
SLC39A10,Q9ULF5,c:\Users\Longer\Documents\自写生信论文\data\structures\AF-Q9ULF5-F1-model_v6.pdb
SLC17A5,Q9NRA2,c:\Users\Longer\Documents\自写生信论文\data\structures\AF-Q9NRA2-F1-model_v6.pdb
CSF1R,P07333,c:\Users\Longer\Documents\自写生信论文\data\structures\AF-P07333-F1-model_v6.pdb
HCAR2,Q8TDS4,c:\Users\Longer\Documents\自写生信论文\data\structures\AF-Q8TDS4-F1-model_v6.pdb
GRM8,O00222,c:\Users\Longer\Documents\自写生信论文\data\structures\AF-O00222-F1-model_v6.pdb
UPK1B,O75841,c:\Users\Longer\Documents\自写生信论文\data\structures\AF-O75841-F1-model_v6.pdb
PKD2L1,Q9P0L9,c:\Users\Longer\Documents\自写生信论文\data\structures\AF-Q9P0L9-F1-model_v6.pdb
DISP2,A7MBM2,c:\Users\Longer\Documents\自写生信论文\data\structures\AF-A7MBM2-F1-model_v6.pdb
IL7R,P16871,c:\Users\Longer\Documents\自写生信论文\data\structures\AF-P16871-F1-model_v6.pdb
NTM,Q9P121,c:\Users\Longer\Documents\自写生信论文\data\structures\AF-Q9P121-F1-model_v6.pdb
PCDHB9,Q9Y5E1,c:\Users\Longer\Documents\自写生信论文\data\structures\AF-Q9Y5E1-F1-model_v6.pdb
SCARB1,Q8WTV0,c:\Users\Longer\Documents\自写生信论文\data\structures\AF-Q8WTV0-F1-model_v6.pdb
SLC43A2,Q8N370,c:\Users\Longer\Documents\自写生信论文\data\structures\AF-Q8N370-F1-model_v6.pdb
CD28,P10747,c:\Users\Longer\Documents\自写生信论文\data\structures\AF-P10747-F1-model_v6.pdb
CALCRL,Q16602,c:\Users\Longer\Documents\自写生信论文\data\structures\AF-Q16602-F1-model_v6.pdb
PTTG1IP,P53801,c:\Users\Longer\Documents\自写生信论文\data\structures\AF-P53801-F1-model_v6.pdb
TLR1,Q15399,c:\Users\Longer\Documents\自写生信论文\data\structures\AF-Q15399-F1-model_v6.pdb
SLCO4C1,Q6ZQN7,c:\Users\Longer\Documents\自写生信论文\data\structures\AF-Q6ZQN7-F1-model_v6.pdb
ITGA4,P13612,c:\Users\Longer\Documents\自写生信论文\data\structures\AF-P13612-F1-model_v6.pdb
ABCC3,O15438,c:\Users\Longer\Documents\自写生信论文\data\structures\AF-O15438-F1-model_v6.pdb
SLC9A1,P19634,c:\Users\Longer\Documents\自写生信论文\data\structures\AF-P19634-F1-model_v6.pdb
TMEM26,Q6ZUK4,c:\Users\Longer\Documents\自写生信论文\data\structures\AF-Q6ZUK4-F1-model_v6.pdb
GPR171,O14626,c:\Users\Longer\Documents\自写生信论文\data\structures\AF-O14626-F1-model_v6.pdb
GPR141,Q7Z602,c:\Users\Longer\Documents\自写生信论文\data\structures\AF-Q7Z602-F1-model_v6.pdb
SLC35A5,Q9BS91,c:\Users\Longer\Documents\自写生信论文\data\structures\AF-Q9BS91-F1-model_v6.pdb
TM9SF3,Q9HD45,c:\Users\Longer\Documents\自写生信论文\data\structures\AF-Q9HD45-F1-model_v6.pdb
TNFSF4,P23510,c:\Users\Longer\Documents\自写生信论文\data\structures\AF-P23510-F1-model_v6.pdb
ATP13A3,Q9H7F0,c:\Users\Longer\Documents\自写生信论文\data\structures\AF-Q9H7F0-F1-model_v6.pdb
SCARB2,Q14108,c:\Users\Longer\Documents\自写生信论文\data\structures\AF-Q14108-F1-model_v6.pdb
SLC29A2,Q14542,c:\Users\Longer\Documents\自写生信论文\data\structures\AF-Q14542-F1-model_v6.pdb
LYPD5,Q6UWN5,c:\Users\Longer\Documents\自写生信论文\data\structures\AF-Q6UWN5-F1-model_v6.pdb
SIGLEC14,Q08ET2,c:\Users\Longer\Documents\自写生信论文\data\structures\AF-Q08ET2-F1-model_v6.pdb
VSIG1,Q86XK7,c:\Users\Longer\Documents\自写生信论文\data\structures\AF-Q86XK7-F1-model_v6.pdb
TMC7,Q7Z402,c:\Users\Longer\Documents\自写生信论文\data\structures\AF-Q7Z402-F1-model_v6.pdb
OR7A5,Q15622,c:\Users\Longer\Documents\自写生信论文\data\structures\AF-Q15622-F1-model_v6.pdb
TMPRSS11E,Q9UL52,c:\Users\Longer\Documents\自写生信论文\data\structures\AF-Q9UL52-F1-model_v6.pdb
TM9SF4,Q92544,c:\Users\Longer\Documents\自写生信论文\data\structures\AF-Q92544-F1-model_v6.pdb
TMEM63B,Q5T3F8,c:\Users\Longer\Documents\自写生信论文\data\structures\AF-Q5T3F8-F1-model_v6.pdb
GPR34,Q9UPC5,c:\Users\Longer\Documents\自写生信论文\data\structures\AF-Q9UPC5-F1-model_v6.pdb
CDHR2,Q9BYE9,c:\Users\Longer\Documents\自写生信论文\data\structures\AF-Q9BYE9-F1-model_v6.pdb
TLR8,Q9NR97,c:\Users\Longer\Documents\自写生信论文\data\structures\AF-Q9NR97-F1-model_v6.pdb
FRRS1,Q6ZNA5,c:\Users\Longer\Documents\自写生信论文\data\structures\AF-Q6ZNA5-F1-model_v6.pdb
TCTN3,Q6NUS6,c:\Users\Longer\Documents\自写生信论文\data\structures\AF-Q6NUS6-F1-model_v6.pdb
CASR,P41180,c:\Users\Longer\Documents\自写生信论文\data\structures\AF-P41180-F1-model_v6.pdb
HFE,Q30201,c:\Users\Longer\Documents\自写生信论文\data\structures\AF-Q30201-F1-model_v6.pdb
ULBP1,Q9BZM6,c:\Users\Longer\Documents\自写生信论文\data\structures\AF-Q9BZM6-F1-model_v6.pdb
TMEM87A,Q8NBN3,c:\Users\Longer\Documents\自写生信论文\data\structures\AF-Q8NBN3-F1-model_v6.pdb
APLP2,Q06481,c:\Users\Longer\Documents\自写生信论文\data\structures\AF-Q06481-F1-model_v6.pdb
TNFSF8,P32971,c:\Users\Longer\Documents\自写生信论文\data\structures\AF-P32971-F1-model_v6.pdb
PRLR,P16471,c:\Users\Longer\Documents\自写生信论文\data\structures\AF-P16471-F1-model_v6.pdb
PANX2,Q96RD6,c:\Users\Longer\Documents\自写生信论文\data\structures\AF-Q96RD6-F1-model_v6.pdb
GLIPR1,P48060,c:\Users\Longer\Documents\自写生信论文\data\structures\AF-P48060-F1-model_v6.pdb
UPK3A,O75631,c:\Users\Longer\Documents\自写生信论文\data\structures\AF-O75631-F1-model_v6.pdb
CHRNA6,Q15825,c:\Users\Longer\Documents\自写生信论文\data\structures\AF-Q15825-F1-model_v6.pdb
IL13RA1,P78552,c:\Users\Longer\Documents\自写生信论文\data\structures\AF-P78552-F1-model_v6.pdb
CD38,P28907,c:\Users\Longer\Documents\自写生信论文\data\structures\AF-P28907-F1-model_v6.pdb
LMBR1,Q8WVP7,c:\Users\Longer\Documents\自写生信论文\data\structures\AF-Q8WVP7-F1-model_v6.pdb
HLA-F,P30511,c:\Users\Longer\Documents\自写生信论文\data\structures\AF-P30511-F1-model_v6.pdb
CLDN2,P57739,c:\Users\Longer\Documents\自写生信论文\data\structures\AF-P57739-F1-model_v6.pdb
LDLRAD3,Q86YD5,c:\Users\Longer\Documents\自写生信论文\data\structures\AF-Q86YD5-F1-model_v6.pdb
SLC45A4,Q5BKX6,c:\Users\Longer\Documents\自写生信论文\data\structures\AF-Q5BKX6-F1-model_v6.pdb
FZD3,Q9NPG1,c:\Users\Longer\Documents\自写生信论文\data\structures\AF-Q9NPG1-F1-model_v6.pdb
CEACAM21,Q3KPI0,c:\Users\Longer\Documents\自写生信论文\data\structures\AF-Q3KPI0-F1-model_v6.pdb
HCAR3,P49019,c:\Users\Longer\Documents\自写生信论文\data\structures\AF-P49019-F1-model_v6.pdb
FCER1A,P12319,c:\Users\Longer\Documents\自写生信论文\data\structures\AF-P12319-F1-model_v6.pdb
IGF2R,P11717,c:\Users\Longer\Documents\自写生信论文\data\structures\AF-P11717-F1-model_v6.pdb
ANKH,Q9HCJ1,c:\Users\Longer\Documents\自写生信论文\data\structures\AF-Q9HCJ1-F1-model_v6.pdb
QSOX1,O00391,c:\Users\Longer\Documents\自写生信论文\data\structures\AF-O00391-F1-model_v6.pdb
AMIGO2,Q86SJ2,c:\Users\Longer\Documents\自写生信论文\data\structures\AF-Q86SJ2-F1-model_v6.pdb
CSPG5,O95196,c:\Users\Longer\Documents\自写生信论文\data\structures\AF-O95196-F1-model_v6.pdb
EFNB2,P52799,c:\Users\Longer\Documents\自写生信论文\data\structures\AF-P52799-F1-model_v6.pdb
AVPR1B,P47901,c:\Users\Longer\Documents\自写生信论文\data\structures\AF-P47901-F1-model_v6.pdb
SIGLEC12,Q96PQ1,c:\Users\Longer\Documents\自写生信论文\data\structures\AF-Q96PQ1-F1-model_v6.pdb
SLC34A1,Q06495,c:\Users\Longer\Documents\自写生信论文\data\structures\AF-Q06495-F1-model_v6.pdb
TNFSF18,Q9UNG2,c:\Users\Longer\Documents\自写生信论文\data\structures\AF-Q9UNG2-F1-model_v6.pdb
S1PR4,O95977,c:\Users\Longer\Documents\自写生信论文\data\structures\AF-O95977-F1-model_v6.pdb
SIRPB1,Q5TFQ8,c:\Users\Longer\Documents\自写生信论文\data\structures\AF-Q5TFQ8-F1-model_v6.pdb
CR2,P20023,c:\Users\Longer\Documents\自写生信论文\data\structures\AF-P20023-F1-model_v6.pdb
CD84,Q9UIB8,c:\Users\Longer\Documents\自写生信论文\data\structures\AF-Q9UIB8-F1-model_v6.pdb
VNN1,O95497,c:\Users\Longer\Documents\自写生信论文\data\structures\AF-O95497-F1-model_v6.pdb
DUOXA1,Q1HG43,c:\Users\Longer\Documents\自写生信论文\data\structures\AF-Q1HG43-F1-model_v6.pdb
LINGO1,Q96FE5,c:\Users\Longer\Documents\自写生信论文\data\structures\AF-Q96FE5-F1-model_v6.pdb
ITM2B,Q9Y287,c:\Users\Longer\Documents\自写生信论文\data\structures\AF-Q9Y287-F1-model_v6.pdb
GPR157,Q5UAW9,c:\Users\Longer\Documents\自写生信论文\data\structures\AF-Q5UAW9-F1-model_v6.pdb
IL17RD,Q8NFM7,c:\Users\Longer\Documents\自写生信论文\data\structures\AF-Q8NFM7-F1-model_v6.pdb
PDCD1,Q15116,c:\Users\Longer\Documents\自写生信论文\data\structures\AF-Q15116-F1-model_v6.pdb
SEMA7A,O75326,c:\Users\Longer\Documents\自写生信论文\data\structures\AF-O75326-F1-model_v6.pdb
TMEM106A,Q96A25,c:\Users\Longer\Documents\自写生信论文\data\structures\AF-Q96A25-F1-model_v6.pdb
CRTAM,O95727,c:\Users\Longer\Documents\自写生信论文\data\structures\AF-O95727-F1-model_v6.pdb
BTN3A3,O00478,c:\Users\Longer\Documents\自写生信论文\data\structures\AF-O00478-F1-model_v6.pdb
ERVV-1,B6SEH8,c:\Users\Longer\Documents\自写生信论文\data\structures\AF-B6SEH8-F1-model_v6.pdb
PTH2R,P49190,c:\Users\Longer\Documents\自写生信论文\data\structures\AF-P49190-F1-model_v6.pdb
GPR25,O00155,c:\Users\Longer\Documents\自写生信论文\data\structures\AF-O00155-F1-model_v6.pdb
GPR65,Q8IYL9,c:\Users\Longer\Documents\自写生信论文\data\structures\AF-Q8IYL9-F1-model_v6.pdb
PCDH7,O60245,c:\Users\Longer\Documents\自写生信论文\data\structures\AF-O60245-F1-model_v6.pdb
GPC6,Q9Y625,c:\Users\Longer\Documents\自写生信论文\data\structures\AF-Q9Y625-F1-model_v6.pdb
SLC29A4,Q7RTT9,c:\Users\Longer\Documents\自写生信论文\data\structures\AF-Q7RTT9-F1-model_v6.pdb
NOTCH3,Q9UM47,c:\Users\Longer\Documents\自写生信论文\data\structures\AF-Q9UM47-F1-model_v6.pdb
KCNK5,O95279,c:\Users\Longer\Documents\自写生信论文\data\structures\AF-O95279-F1-model_v6.pdb
ITGA11,Q9UKX5,c:\Users\Longer\Documents\自写生信论文\data\structures\AF-Q9UKX5-F1-model_v6.pdb
MEP1A,Q16819,c:\Users\Longer\Documents\自写生信论文\data\structures\AF-Q16819-F1-model_v6.pdb
TRGC2,P03986,c:\Users\Longer\Documents\自写生信论文\data\structures\AF-P03986-F1-model_v6.pdb
LAMP1,P11279,c:\Users\Longer\Documents\自写生信论文\data\structures\AF-P11279-F1-model_v6.pdb
SLC6A12,P48065,c:\Users\Longer\Documents\自写生信论文\data\structures\AF-P48065-F1-model_v6.pdb
PTPRO,Q16827,c:\Users\Longer\Documents\自写生信论文\data\structures\AF-Q16827-F1-model_v6.pdb
PROM1,O43490,c:\Users\Longer\Documents\自写生信论文\data\structures\AF-O43490-F1-model_v6.pdb
ACVR1B,P36896,c:\Users\Longer\Documents\自写生信论文\data\structures\AF-P36896-F1-model_v6.pdb
KITLG,P21583,c:\Users\Longer\Documents\自写生信论文\data\structures\AF-P21583-F1-model_v6.pdb
SIGLEC9,Q9Y336,c:\Users\Longer\Documents\自写生信论文\data\structures\AF-Q9Y336-F1-model_v6.pdb
SIGLEC8,Q9NYZ4,c:\Users\Longer\Documents\自写生信论文\data\structures\AF-Q9NYZ4-F1-model_v6.pdb
ITGAX,P20702,c:\Users\Longer\Documents\自写生信论文\data\structures\AF-P20702-F1-model_v6.pdb
TMEM161A,Q9NX61,c:\Users\Longer\Documents\自写生信论文\data\structures\AF-Q9NX61-F1-model_v6.pdb
XCR1,P46094,c:\Users\Longer\Documents\自写生信论文\data\structures\AF-P46094-F1-model_v6.pdb
NEO1,Q92859,c:\Users\Longer\Documents\自写生信论文\data\structures\AF-Q92859-F1-model_v6.pdb
GJB6,O95452,c:\Users\Longer\Documents\自写生信论文\data\structures\AF-O95452-F1-model_v6.pdb
VSIG10,Q8N0Z9,c:\Users\Longer\Documents\自写生信论文\data\structures\AF-Q8N0Z9-F1-model_v6.pdb
CLDN6,P56747,c:\Users\Longer\Documents\自写生信论文\data\structures\AF-P56747-F1-model_v6.pdb
ENTPD1,P49961,c:\Users\Longer\Documents\自写生信论文\data\structures\AF-P49961-F1-model_v6.pdb
ANO7,Q6IWH7,c:\Users\Longer\Documents\自写生信论文\data\structures\AF-Q6IWH7-F1-model_v6.pdb
PSCA,O43653,c:\Users\Longer\Documents\自写生信论文\data\structures\AF-O43653-F1-model_v6.pdb
M6PR,P20645,c:\Users\Longer\Documents\自写生信论文\data\structures\AF-P20645-F1-model_v6.pdb
TRAT1,Q6PIZ9,c:\Users\Longer\Documents\自写生信论文\data\structures\AF-Q6PIZ9-F1-model_v6.pdb
TMEM219,Q86XT9,c:\Users\Longer\Documents\自写生信论文\data\structures\AF-Q86XT9-F1-model_v6.pdb
FGFR4,P22455,c:\Users\Longer\Documents\自写生信论文\data\structures\AF-P22455-F1-model_v6.pdb
HLA-DOB,P13765,c:\Users\Longer\Documents\自写生信论文\data\structures\AF-P13765-F1-model_v6.pdb
SLC12A7,Q9Y666,c:\Users\Longer\Documents\自写生信论文\data\structures\AF-Q9Y666-F1-model_v6.pdb
NRP2,O60462,c:\Users\Longer\Documents\自写生信论文\data\structures\AF-O60462-F1-model_v6.pdb
SIDT1,Q9NXL6,c:\Users\Longer\Documents\自写生信论文\data\structures\AF-Q9NXL6-F1-model_v6.pdb
HYAL2,Q12891,c:\Users\Longer\Documents\自写生信论文\data\structures\AF-Q12891-F1-model_v6.pdb
MFSD12,Q6NUT3,c:\Users\Longer\Documents\自写生信论文\data\structures\AF-Q6NUT3-F1-model_v6.pdb
TMEM9B,Q9NQ34,c:\Users\Longer\Documents\自写生信论文\data\structures\AF-Q9NQ34-F1-model_v6.pdb
SEMA4F,O95754,c:\Users\Longer\Documents\自写生信论文\data\structures\AF-O95754-F1-model_v6.pdb
HHLA2,Q9UM44,c:\Users\Longer\Documents\自写生信论文\data\structures\AF-Q9UM44-F1-model_v6.pdb
CCR2,P41597,c:\Users\Longer\Documents\自写生信论文\data\structures\AF-P41597-F1-model_v6.pdb
SLC2A9,Q9NRM0,c:\Users\Longer\Documents\自写生信论文\data\structures\AF-Q9NRM0-F1-model_v6.pdb
TRIL,Q7L0X0,c:\Users\Longer\Documents\自写生信论文\data\structures\AF-Q7L0X0-F1-model_v6.pdb
EDNRA,P25101,c:\Users\Longer\Documents\自写生信论文\data\structures\AF-P25101-F1-model_v6.pdb
FZD1,Q9UP38,c:\Users\Longer\Documents\自写生信论文\data\structures\AF-Q9UP38-F1-model_v6.pdb
GJA3,Q9Y6H8,c:\Users\Longer\Documents\自写生信论文\data\structures\AF-Q9Y6H8-F1-model_v6.pdb
ITFG1,Q8TB96,c:\Users\Longer\Documents\自写生信论文\data\structures\AF-Q8TB96-F1-model_v6.pdb
KIAA1549L,Q6ZVL6,c:\Users\Longer\Documents\自写生信论文\data\structures\AF-Q6ZVL6-F1-model_v6.pdb
P2RY8,Q86VZ1,c:\Users\Longer\Documents\自写生信论文\data\structures\AF-Q86VZ1-F1-model_v6.pdb
GPNMB,Q14956,c:\Users\Longer\Documents\自写生信论文\data\structures\AF-Q14956-F1-model_v6.pdb
SLC19A1,P41440,c:\Users\Longer\Documents\自写生信论文\data\structures\AF-P41440-F1-model_v6.pdb
LHFPL5,Q8TAF8,c:\Users\Longer\Documents\自写生信论文\data\structures\AF-Q8TAF8-F1-model_v6.pdb
BTN3A1,O00481,c:\Users\Longer\Documents\自写生信论文\data\structures\AF-O00481-F1-model_v6.pdb
OR2A7,Q96R45,c:\Users\Longer\Documents\自写生信论文\data\structures\AF-Q96R45-F1-model_v6.pdb
EFNB3,Q15768,c:\Users\Longer\Documents\自写生信论文\data\structures\AF-Q15768-F1-model_v6.pdb
CD163L1,Q9NR16,c:\Users\Longer\Documents\自写生信论文\data\structures\AF-Q9NR16-F1-model_v6.pdb
LRFN1,Q9P244,c:\Users\Longer\Documents\自写生信论文\data\structures\AF-Q9P244-F1-model_v6.pdb
TPBG,Q13641,c:\Users\Longer\Documents\自写生信论文\data\structures\AF-Q13641-F1-model_v6.pdb
OXTR,P30559,c:\Users\Longer\Documents\自写生信论文\data\structures\AF-P30559-F1-model_v6.pdb
MFSD2A,Q8NA29,c:\Users\Longer\Documents\自写生信论文\data\structures\AF-Q8NA29-F1-model_v6.pdb
FCGR2B,P31994,c:\Users\Longer\Documents\自写生信论文\data\structures\AF-P31994-F1-model_v6.pdb
TLR5,O60602,c:\Users\Longer\Documents\自写生信论文\data\structures\AF-O60602-F1-model_v6.pdb
CD46,P15529,c:\Users\Longer\Documents\自写生信论文\data\structures\AF-P15529-F1-model_v6.pdb
BTC,P35070,c:\Users\Longer\Documents\自写生信论文\data\structures\AF-P35070-F1-model_v6.pdb
MME,P08473,c:\Users\Longer\Documents\自写生信论文\data\structures\AF-P08473-F1-model_v6.pdb
TMEM217,Q8N7C4,c:\Users\Longer\Documents\自写生信论文\data\structures\AF-Q8N7C4-F1-model_v6.pdb
LRRN1,Q6UXK5,c:\Users\Longer\Documents\自写生信论文\data\structures\AF-Q6UXK5-F1-model_v6.pdb
BDKRB2,P30411,c:\Users\Longer\Documents\自写生信论文\data\structures\AF-P30411-F1-model_v6.pdb
GPR180,Q86V85,c:\Users\Longer\Documents\自写生信论文\data\structures\AF-Q86V85-F1-model_v6.pdb
RNF13,O43567,c:\Users\Longer\Documents\自写生信论文\data\structures\AF-O43567-F1-model_v6.pdb
NCR3,O14931,c:\Users\Longer\Documents\自写生信论文\data\structures\AF-O14931-F1-model_v6.pdb
ACVR2B,Q13705,c:\Users\Longer\Documents\自写生信论文\data\structures\AF-Q13705-F1-model_v6.pdb
FPR1,P21462,c:\Users\Longer\Documents\自写生信论文\data\structures\AF-P21462-F1-model_v6.pdb
CDH16,O75309,c:\Users\Longer\Documents\自写生信论文\data\structures\AF-O75309-F1-model_v6.pdb
PLXNB2,O15031,c:\Users\Longer\Documents\自写生信论文\data\structures\AF-O15031-F1-model_v6.pdb
SCN8A,Q9UQD0,c:\Users\Longer\Documents\自写生信论文\data\structures\AF-Q9UQD0-F1-model_v6.pdb
MANSC1,Q9H8J5,c:\Users\Longer\Documents\自写生信论文\data\structures\AF-Q9H8J5-F1-model_v6.pdb
PLXDC2,Q6UX71,c:\Users\Longer\Documents\自写生信论文\data\structures\AF-Q6UX71-F1-model_v6.pdb
ABCC1,P33527,c:\Users\Longer\Documents\自写生信论文\data\structures\AF-P33527-F1-model_v6.pdb
TXNDC15,Q96J42,c:\Users\Longer\Documents\自写生信论文\data\structures\AF-Q96J42-F1-model_v6.pdb
MILR1,Q7Z6M3,c:\Users\Longer\Documents\自写生信论文\data\structures\AF-Q7Z6M3-F1-model_v6.pdb
SLC46A1,Q96NT5,c:\Users\Longer\Documents\自写生信论文\data\structures\AF-Q96NT5-F1-model_v6.pdb
SLC17A8,Q8NDX2,c:\Users\Longer\Documents\自写生信论文\data\structures\AF-Q8NDX2-F1-model_v6.pdb
SLC22A11,Q9NSA0,c:\Users\Longer\Documents\自写生信论文\data\structures\AF-Q9NSA0-F1-model_v6.pdb
SLC24A2,Q9UI40,c:\Users\Longer\Documents\自写生信论文\data\structures\AF-Q9UI40-F1-model_v6.pdb
GRM5,P41594,c:\Users\Longer\Documents\自写生信论文\data\structures\AF-P41594-F1-model_v6.pdb
GPR107,Q5VW38,c:\Users\Longer\Documents\自写生信论文\data\structures\AF-Q5VW38-F1-model_v6.pdb
DGCR2,P98153,c:\Users\Longer\Documents\自写生信论文\data\structures\AF-P98153-F1-model_v6.pdb
SLC38A9,Q8NBW4,c:\Users\Longer\Documents\自写生信论文\data\structures\AF-Q8NBW4-F1-model_v6.pdb
AQP9,O43315,c:\Users\Longer\Documents\自写生信论文\data\structures\AF-O43315-F1-model_v6.pdb
ABCA3,Q99758,c:\Users\Longer\Documents\自写生信论文\data\structures\AF-Q99758-F1-model_v6.pdb
CLSTN3,Q9BQT9,c:\Users\Longer\Documents\自写生信论文\data\structures\AF-Q9BQT9-F1-model_v6.pdb
PCDH12,Q9NPG4,c:\Users\Longer\Documents\自写生信论文\data\structures\AF-Q9NPG4-F1-model_v6.pdb
UNC5A,Q6ZN44,c:\Users\Longer\Documents\自写生信论文\data\structures\AF-Q6ZN44-F1-model_v6.pdb
P2RY2,P41231,c:\Users\Longer\Documents\自写生信论文\data\structures\AF-P41231-F1-model_v6.pdb
TM4SF18,Q96CE8,c:\Users\Longer\Documents\自写生信论文\data\structures\AF-Q96CE8-F1-model_v6.pdb
SLC1A1,P43005,c:\Users\Longer\Documents\自写生信论文\data\structures\AF-P43005-F1-model_v6.pdb
EMP2,P54851,c:\Users\Longer\Documents\自写生信论文\data\structures\AF-P54851-F1-model_v6.pdb
PTPRR,Q15256,c:\Users\Longer\Documents\自写生信论文\data\structures\AF-Q15256-F1-model_v6.pdb
FCRL3,Q96P31,c:\Users\Longer\Documents\自写生信论文\data\structures\AF-Q96P31-F1-model_v6.pdb
DCBLD1,Q8N8Z6,c:\Users\Longer\Documents\自写生信论文\data\structures\AF-Q8N8Z6-F1-model_v6.pdb
PVR,P15151,c:\Users\Longer\Documents\自写生信论文\data\structures\AF-P15151-F1-model_v6.pdb
ITGB5,P18084,c:\Users\Longer\Documents\自写生信论文\data\structures\AF-P18084-F1-model_v6.pdb
PDCD1LG2,Q9BQ51,c:\Users\Longer\Documents\自写生信论文\data\structures\AF-Q9BQ51-F1-model_v6.pdb
CD40LG,P29965,c:\Users\Longer\Documents\自写生信论文\data\structures\AF-P29965-F1-model_v6.pdb
LYPD8,Q6UX82,c:\Users\Longer\Documents\自写生信论文\data\structures\AF-Q6UX82-F1-model_v6.pdb
LTBR,P36941,c:\Users\Longer\Documents\自写生信论文\data\structures\AF-P36941-F1-model_v6.pdb
TSPAN31,Q12999,c:\Users\Longer\Documents\自写生信论文\data\structures\AF-Q12999-F1-model_v6.pdb
LILRB1,Q8NHL6,c:\Users\Longer\Documents\自写生信论文\data\structures\AF-Q8NHL6-F1-model_v6.pdb
SYPL1,Q16563,c:\Users\Longer\Documents\自写生信论文\data\structures\AF-Q16563-F1-model_v6.pdb
IL9R,Q01113,c:\Users\Longer\Documents\自写生信论文\data\structures\AF-Q01113-F1-model_v6.pdb
MFSD6,Q6ZSS7,c:\Users\Longer\Documents\自写生信论文\data\structures\AF-Q6ZSS7-F1-model_v6.pdb
S1PR5,Q9H228,c:\Users\Longer\Documents\自写生信论文\data\structures\AF-Q9H228-F1-model_v6.pdb
SLAMF1,Q13291,c:\Users\Longer\Documents\自写生信论文\data\structures\AF-Q13291-F1-model_v6.pdb
OR51B5,Q9H339,c:\Users\Longer\Documents\自写生信论文\data\structures\AF-Q9H339-F1-model_v6.pdb
TMEM213,A2RRL7,c:\Users\Longer\Documents\自写生信论文\data\structures\AF-A2RRL7-F1-model_v6.pdb
TNFRSF11A,Q9Y6Q6,c:\Users\Longer\Documents\自写生信论文\data\structures\AF-Q9Y6Q6-F1-model_v6.pdb
SLC2A6,Q9UGQ3,c:\Users\Longer\Documents\自写生信论文\data\structures\AF-Q9UGQ3-F1-model_v6.pdb
SDK2,Q58EX2,c:\Users\Longer\Documents\自写生信论文\data\structures\AF-Q58EX2-F1-model_v6.pdb
ZPLD1,Q8TCW7,c:\Users\Longer\Documents\自写生信论文\data\structures\AF-Q8TCW7-F1-model_v6.pdb
PCDHAC1,Q9H158,c:\Users\Longer\Documents\自写生信论文\data\structures\AF-Q9H158-F1-model_v6.pdb
PSEN2,P49810,c:\Users\Longer\Documents\自写生信论文\data\structures\AF-P49810-F1-model_v6.pdb
GPRC5D,Q9NZD1,c:\Users\Longer\Documents\自写生信论文\data\structures\AF-Q9NZD1-F1-model_v6.pdb
SLC6A9,P48067,c:\Users\Longer\Documents\自写生信论文\data\structures\AF-P48067-F1-model_v6.pdb
PCDHB8,Q9UN66,c:\Users\Longer\Documents\自写生信论文\data\structures\AF-Q9UN66-F1-model_v6.pdb
MC4R,P32245,c:\Users\Longer\Documents\自写生信论文\data\structures\AF-P32245-F1-model_v6.pdb
SLC26A2,P50443,c:\Users\Longer\Documents\自写生信论文\data\structures\AF-P50443-F1-model_v6.pdb
ADORA1,P30542,c:\Users\Longer\Documents\自写生信论文\data\structures\AF-P30542-F1-model_v6.pdb
CNNM3,Q8NE01,c:\Users\Longer\Documents\自写生信论文\data\structures\AF-Q8NE01-F1-model_v6.pdb
CYSLTR1,Q9Y271,c:\Users\Longer\Documents\自写生信论文\data\structures\AF-Q9Y271-F1-model_v6.pdb
SLC5A3,P53794,c:\Users\Longer\Documents\自写生信论文\data\structures\AF-P53794-F1-model_v6.pdb
SPPL2A,Q8TCT8,c:\Users\Longer\Documents\自写生信论文\data\structures\AF-Q8TCT8-F1-model_v6.pdb
SEMA5B,Q9P283,c:\Users\Longer\Documents\自写生信论文\data\structures\AF-Q9P283-F1-model_v6.pdb
CD19,P15391,c:\Users\Longer\Documents\自写生信论文\data\structures\AF-P15391-F1-model_v6.pdb
SLC5A12,Q1EHB4,c:\Users\Longer\Documents\自写生信论文\data\structures\AF-Q1EHB4-F1-model_v6.pdb
LRP12,Q9Y561,c:\Users\Longer\Documents\自写生信论文\data\structures\AF-Q9Y561-F1-model_v6.pdb
ICAM4,Q14773,c:\Users\Longer\Documents\自写生信论文\data\structures\AF-Q14773-F1-model_v6.pdb
TMEM62,Q0P6H9,c:\Users\Longer\Documents\自写生信论文\data\structures\AF-Q0P6H9-F1-model_v6.pdb
MFSD11,O43934,c:\Users\Longer\Documents\自写生信论文\data\structures\AF-O43934-F1-model_v6.pdb
FFAR4,Q5NUL3,c:\Users\Longer\Documents\自写生信论文\data\structures\AF-Q5NUL3-F1-model_v6.pdb
TLR10,Q9BXR5,c:\Users\Longer\Documents\自写生信论文\data\structures\AF-Q9BXR5-F1-model_v6.pdb
MYOF,Q9NZM1,c:\Users\Longer\Documents\自写生信论文\data\structures\AF-Q9NZM1-F1-model_v6.pdb
ROR2,Q01974,c:\Users\Longer\Documents\自写生信论文\data\structures\AF-Q01974-F1-model_v6.pdb
GPR18,Q14330,c:\Users\Longer\Documents\自写生信论文\data\structures\AF-Q14330-F1-model_v6.pdb
KCNS1,Q96KK3,c:\Users\Longer\Documents\自写生信论文\data\structures\AF-Q96KK3-F1-model_v6.pdb
GPR183,P32249,c:\Users\Longer\Documents\自写生信论文\data\structures\AF-P32249-F1-model_v6.pdb
P2RX3,P56373,c:\Users\Longer\Documents\自写生信论文\data\structures\AF-P56373-F1-model_v6.pdb
GGT3P,A6NGU5,c:\Users\Longer\Documents\自写生信论文\data\structures\AF-A6NGU5-F1-model_v6.pdb
ATP1A3,P13637,c:\Users\Longer\Documents\自写生信论文\data\structures\AF-P13637-F1-model_v6.pdb
DLK2,Q6UY11,c:\Users\Longer\Documents\自写生信论文\data\structures\AF-Q6UY11-F1-model_v6.pdb
NRROS,Q86YC3,c:\Users\Longer\Documents\自写生信论文\data\structures\AF-Q86YC3-F1-model_v6.pdb
GJB7,Q6PEY0,c:\Users\Longer\Documents\自写生信论文\data\structures\AF-Q6PEY0-F1-model_v6.pdb
TNFRSF13B,O14836,c:\Users\Longer\Documents\自写生信论文\data\structures\AF-O14836-F1-model_v6.pdb
FLVCR2,Q9UPI3,c:\Users\Longer\Documents\自写生信论文\data\structures\AF-Q9UPI3-F1-model_v6.pdb
CX3CL1,P78423,c:\Users\Longer\Documents\自写生信论文\data\structures\AF-P78423-F1-model_v6.pdb
PODXL,O00592,c:\Users\Longer\Documents\自写生信论文\data\structures\AF-O00592-F1-model_v6.pdb
IGF1R,P08069,c:\Users\Longer\Documents\自写生信论文\data\structures\AF-P08069-F1-model_v6.pdb
PHEX,P78562,c:\Users\Longer\Documents\自写生信论文\data\structures\AF-P78562-F1-model_v6.pdb
PCDHA12,Q9UN75,c:\Users\Longer\Documents\自写生信论文\data\structures\AF-Q9UN75-F1-model_v6.pdb
TLR2,O60603,c:\Users\Longer\Documents\自写生信论文\data\structures\AF-O60603-F1-model_v6.pdb
SPACA4,Q8TDM5,c:\Users\Longer\Documents\自写生信论文\data\structures\AF-Q8TDM5-F1-model_v6.pdb
GRM4,Q14833,c:\Users\Longer\Documents\自写生信论文\data\structures\AF-Q14833-F1-model_v6.pdb
MFAP3,P55082,c:\Users\Longer\Documents\自写生信论文\data\structures\AF-P55082-F1-model_v6.pdb
GPR27,Q9NS67,c:\Users\Longer\Documents\自写生信论文\data\structures\AF-Q9NS67-F1-model_v6.pdb
ELFN2,Q5R3F8,c:\Users\Longer\Documents\自写生信论文\data\structures\AF-Q5R3F8-F1-model_v6.pdb
CLEC7A,Q9BXN2,c:\Users\Longer\Documents\自写生信论文\data\structures\AF-Q9BXN2-F1-model_v6.pdb
S1PR2,O95136,c:\Users\Longer\Documents\自写生信论文\data\structures\AF-O95136-F1-model_v6.pdb
CD109,Q6YHK3,c:\Users\Longer\Documents\自写生信论文\data\structures\AF-Q6YHK3-F1-model_v6.pdb
PCDHAC2,Q9Y5I4,c:\Users\Longer\Documents\自写生信论文\data\structures\AF-Q9Y5I4-F1-model_v6.pdb
FURIN,P09958,c:\Users\Longer\Documents\自写生信论文\data\structures\AF-P09958-F1-model_v6.pdb
GPR161,Q8N6U8,c:\Users\Longer\Documents\自写生信论文\data\structures\AF-Q8N6U8-F1-model_v6.pdb
LILRA5,A6NI73,c:\Users\Longer\Documents\自写生信论文\data\structures\AF-A6NI73-F1-model_v6.pdb
LDLR,P01130,c:\Users\Longer\Documents\自写生信论文\data\structures\AF-P01130-F1-model_v6.pdb
C5AR1,P21730,c:\Users\Longer\Documents\自写生信论文\data\structures\AF-P21730-F1-model_v6.pdb
NT5E,P21589,c:\Users\Longer\Documents\自写生信论文\data\structures\AF-P21589-F1-model_v6.pdb
SLC22A23,A1A5C7,c:\Users\Longer\Documents\自写生信论文\data\structures\AF-A1A5C7-F1-model_v6.pdb
GPR68,Q15743,c:\Users\Longer\Documents\自写生信论文\data\structures\AF-Q15743-F1-model_v6.pdb
CD58,P19256,c:\Users\Longer\Documents\自写生信论文\data\structures\AF-P19256-F1-model_v6.pdb
KIRREL2,Q6UWL6,c:\Users\Longer\Documents\自写生信论文\data\structures\AF-Q6UWL6-F1-model_v6.pdb
ASTN2,O75129,c:\Users\Longer\Documents\自写生信论文\data\structures\AF-O75129-F1-model_v6.pdb
SLC5A5,Q92911,c:\Users\Longer\Documents\自写生信论文\data\structures\AF-Q92911-F1-model_v6.pdb
HTR2B,P41595,c:\Users\Longer\Documents\自写生信论文\data\structures\AF-P41595-F1-model_v6.pdb
ANTXR1,Q9H6X2,c:\Users\Longer\Documents\自写生信论文\data\structures\AF-Q9H6X2-F1-model_v6.pdb
OPRL1,P41146,c:\Users\Longer\Documents\自写生信论文\data\structures\AF-P41146-F1-model_v6.pdb
FCRL4,Q96PJ5,c:\Users\Longer\Documents\自写生信论文\data\structures\AF-Q96PJ5-F1-model_v6.pdb
SLC16A4,O15374,c:\Users\Longer\Documents\自写生信论文\data\structures\AF-O15374-F1-model_v6.pdb
NPY4R,P50391,c:\Users\Longer\Documents\自写生信论文\data\structures\AF-P50391-F1-model_v6.pdb
CNTN5,O94779,c:\Users\Longer\Documents\自写生信论文\data\structures\AF-O94779-F1-model_v6.pdb
GPR108,Q9NPR9,c:\Users\Longer\Documents\自写生信论文\data\structures\AF-Q9NPR9-F1-model_v6.pdb
TMIGD2,Q96BF3,c:\Users\Longer\Documents\自写生信论文\data\structures\AF-Q96BF3-F1-model_v6.pdb
GPR82,Q96P67,c:\Users\Longer\Documents\自写生信论文\data\structures\AF-Q96P67-F1-model_v6.pdb
GPR3,P46089,c:\Users\Longer\Documents\自写生信论文\data\structures\AF-P46089-F1-model_v6.pdb
SLC10A3,P09131,c:\Users\Longer\Documents\自写生信论文\data\structures\AF-P09131-F1-model_v6.pdb
RNF149,Q8NC42,c:\Users\Longer\Documents\自写生信论文\data\structures\AF-Q8NC42-F1-model_v6.pdb
VNN2,O95498,c:\Users\Longer\Documents\自写生信论文\data\structures\AF-O95498-F1-model_v6.pdb
SPNS3,Q6ZMD2,c:\Users\Longer\Documents\自写生信论文\data\structures\AF-Q6ZMD2-F1-model_v6.pdb
QRFPR,Q96P65,c:\Users\Longer\Documents\自写生信论文\data\structures\AF-Q96P65-F1-model_v6.pdb
CALCR,P30988,c:\Users\Longer\Documents\自写生信论文\data\structures\AF-P30988-F1-model_v6.pdb
PCDHB10,Q9UN67,c:\Users\Longer\Documents\自写生信论文\data\structures\AF-Q9UN67-F1-model_v6.pdb
NPHS1,O60500,c:\Users\Longer\Documents\自写生信论文\data\structures\AF-O60500-F1-model_v6.pdb
TMEM25,Q86YD3,c:\Users\Longer\Documents\自写生信论文\data\structures\AF-Q86YD3-F1-model_v6.pdb
BMPR1A,P36894,c:\Users\Longer\Documents\自写生信论文\data\structures\AF-P36894-F1-model_v6.pdb
IL13RA2,Q14627,c:\Users\Longer\Documents\自写生信论文\data\structures\AF-Q14627-F1-model_v6.pdb
TRABD2A,Q86V40,c:\Users\Longer\Documents\自写生信论文\data\structures\AF-Q86V40-F1-model_v6.pdb
CLEC12A,Q5QGZ9,c:\Users\Longer\Documents\自写生信论文\data\structures\AF-Q5QGZ9-F1-model_v6.pdb
GABBR2,O75899,c:\Users\Longer\Documents\自写生信论文\data\structures\AF-O75899-F1-model_v6.pdb
CRB2,Q5IJ48,c:\Users\Longer\Documents\自写生信论文\data\structures\AF-Q5IJ48-F1-model_v6.pdb
TSPAN9,O75954,c:\Users\Longer\Documents\自写生信论文\data\structures\AF-O75954-F1-model_v6.pdb
RNFT1,Q5M7Z0,c:\Users\Longer\Documents\自写生信论文\data\structures\AF-Q5M7Z0-F1-model_v6.pdb
DCBLD2,Q96PD2,c:\Users\Longer\Documents\自写生信论文\data\structures\AF-Q96PD2-F1-model_v6.pdb
QSOX2,Q6ZRP7,c:\Users\Longer\Documents\自写生信论文\data\structures\AF-Q6ZRP7-F1-model_v6.pdb
TPBGL,P0DKB5,c:\Users\Longer\Documents\自写生信论文\data\structures\AF-P0DKB5-F1-model_v6.pdb
GP1BB,P13224,c:\Users\Longer\Documents\自写生信论文\data\structures\AF-P13224-F1-model_v6.pdb
KIR3DL2,P43630,c:\Users\Longer\Documents\自写生信论文\data\structures\AF-P43630-F1-model_v6.pdb
ASIC1,P78348,c:\Users\Longer\Documents\自写生信论文\data\structures\AF-P78348-F1-model_v6.pdb
SLC26A9,Q7LBE3,c:\Users\Longer\Documents\自写生信论文\data\structures\AF-Q7LBE3-F1-model_v6.pdb
MRC2,Q9UBG0,c:\Users\Longer\Documents\自写生信论文\data\structures\AF-Q9UBG0-F1-model_v6.pdb
ABCC11,Q96J66,c:\Users\Longer\Documents\自写生信论文\data\structures\AF-Q96J66-F1-model_v6.pdb
GPR137,Q96N19,c:\Users\Longer\Documents\自写生信论文\data\structures\AF-Q96N19-F1-model_v6.pdb
ADAM15,Q13444,c:\Users\Longer\Documents\自写生信论文\data\structures\AF-Q13444-F1-model_v6.pdb
GRPR,P30550,c:\Users\Longer\Documents\自写生信论文\data\structures\AF-P30550-F1-model_v6.pdb
GPR85,P60893,c:\Users\Longer\Documents\自写生信论文\data\structures\AF-P60893-F1-model_v6.pdb
GPR174,Q9BXC1,c:\Users\Longer\Documents\自写生信论文\data\structures\AF-Q9BXC1-F1-model_v6.pdb
ROBO2,Q9HCK4,c:\Users\Longer\Documents\自写生信论文\data\structures\AF-Q9HCK4-F1-model_v6.pdb
SLC23A1,Q9UHI7,c:\Users\Longer\Documents\自写生信论文\data\structures\AF-Q9UHI7-F1-model_v6.pdb
SLC12A2,P55011,c:\Users\Longer\Documents\自写生信论文\data\structures\AF-P55011-F1-model_v6.pdb
STS,P08842,c:\Users\Longer\Documents\自写生信论文\data\structures\AF-P08842-F1-model_v6.pdb
IFNGR1,P15260,c:\Users\Longer\Documents\自写生信论文\data\structures\AF-P15260-F1-model_v6.pdb
SDK1,Q7Z5N4,c:\Users\Longer\Documents\自写生信论文\data\structures\AF-Q7Z5N4-F1-model_v6.pdb
PCDHB2,Q9Y5E7,c:\Users\Longer\Documents\自写生信论文\data\structures\AF-Q9Y5E7-F1-model_v6.pdb
TMPRSS6,Q8IU80,c:\Users\Longer\Documents\自写生信论文\data\structures\AF-Q8IU80-F1-model_v6.pdb
ANO6,Q4KMQ2,c:\Users\Longer\Documents\自写生信论文\data\structures\AF-Q4KMQ2-F1-model_v6.pdb
EFNB1,P98172,c:\Users\Longer\Documents\自写生信论文\data\structures\AF-P98172-F1-model_v6.pdb
MLNR,O43193,c:\Users\Longer\Documents\自写生信论文\data\structures\AF-O43193-F1-model_v6.pdb
TNFRSF1B,P20333,c:\Users\Longer\Documents\自写生信论文\data\structures\AF-P20333-F1-model_v6.pdb
CLDN9,O95484,c:\Users\Longer\Documents\自写生信论文\data\structures\AF-O95484-F1-model_v6.pdb
PLXND1,Q9Y4D7,c:\Users\Longer\Documents\自写生信论文\data\structures\AF-Q9Y4D7-F1-model_v6.pdb
CD244,Q9BZW8,c:\Users\Longer\Documents\自写生信论文\data\structures\AF-Q9BZW8-F1-model_v6.pdb
ENPEP,Q07075,c:\Users\Longer\Documents\自写生信论文\data\structures\AF-Q07075-F1-model_v6.pdb
RNF167,Q9H6Y7,c:\Users\Longer\Documents\自写生信论文\data\structures\AF-Q9H6Y7-F1-model_v6.pdb
GPR137C,Q8N3F9,c:\Users\Longer\Documents\自写生信论文\data\structures\AF-Q8N3F9-F1-model_v6.pdb
PCDHA1,Q9Y5I3,c:\Users\Longer\Documents\自写生信论文\data\structures\AF-Q9Y5I3-F1-model_v6.pdb
SEMA5A,Q13591,c:\Users\Longer\Documents\自写生信论文\data\structures\AF-Q13591-F1-model_v6.pdb
KIR2DL4,Q99706,c:\Users\Longer\Documents\自写生信论文\data\structures\AF-Q99706-F1-model_v6.pdb
FCRL2,Q96LA5,c:\Users\Longer\Documents\自写生信论文\data\structures\AF-Q96LA5-F1-model_v6.pdb
SLCO5A1,Q9H2Y9,c:\Users\Longer\Documents\自写生信论文\data\structures\AF-Q9H2Y9-F1-model_v6.pdb
PLVAP,Q9BX97,c:\Users\Longer\Documents\自写生信论文\data\structures\AF-Q9BX97-F1-model_v6.pdb
OR7C1,O76099,c:\Users\Longer\Documents\自写生信论文\data\structures\AF-O76099-F1-model_v6.pdb
TMEM67,Q5HYA8,c:\Users\Longer\Documents\自写生信论文\data\structures\AF-Q5HYA8-F1-model_v6.pdb
TMEFF1,Q8IYR6,c:\Users\Longer\Documents\自写生信论文\data\structures\AF-Q8IYR6-F1-model_v6.pdb
LRRC19,Q9H756,c:\Users\Longer\Documents\自写生信论文\data\structures\AF-Q9H756-F1-model_v6.pdb
DRD5,P21918,c:\Users\Longer\Documents\自写生信论文\data\structures\AF-P21918-F1-model_v6.pdb
FZD10,Q9ULW2,c:\Users\Longer\Documents\自写生信论文\data\structures\AF-Q9ULW2-F1-model_v6.pdb
LMBRD2,Q68DH5,c:\Users\Longer\Documents\自写生信论文\data\structures\AF-Q68DH5-F1-model_v6.pdb
CCR7,P32248,c:\Users\Longer\Documents\自写生信论文\data\structures\AF-P32248-F1-model_v6.pdb
HEPHL1,Q6MZM0,c:\Users\Longer\Documents\自写生信论文\data\structures\AF-Q6MZM0-F1-model_v6.pdb
BTLA,Q7Z6A9,c:\Users\Longer\Documents\自写生信论文\data\structures\AF-Q7Z6A9-F1-model_v6.pdb
LYSMD3,Q7Z3D4,c:\Users\Longer\Documents\自写生信论文\data\structures\AF-Q7Z3D4-F1-model_v6.pdb
KLRC2,P26717,c:\Users\Longer\Documents\自写生信论文\data\structures\AF-P26717-F1-model_v6.pdb
TIMD4,Q96H15,c:\Users\Longer\Documents\自写生信论文\data\structures\AF-Q96H15-F1-model_v6.pdb
FCGR3B,O75015,c:\Users\Longer\Documents\自写生信论文\data\structures\AF-O75015-F1-model_v6.pdb
CD274,Q9NZQ7,c:\Users\Longer\Documents\自写生信论文\data\structures\AF-Q9NZQ7-F1-model_v6.pdb
IL31RA,Q8NI17,c:\Users\Longer\Documents\自写生信论文\data\structures\AF-Q8NI17-F1-model_v6.pdb
LILRA2,Q8N149,c:\Users\Longer\Documents\自写生信论文\data\structures\AF-Q8N149-F1-model_v6.pdb
BMPR2,Q13873,c:\Users\Longer\Documents\自写生信论文\data\structures\AF-Q13873-F1-model_v6.pdb
SLC12A9,Q9BXP2,c:\Users\Longer\Documents\自写生信论文\data\structures\AF-Q9BXP2-F1-model_v6.pdb
LRFN3,Q9BTN0,c:\Users\Longer\Documents\自写生信论文\data\structures\AF-Q9BTN0-F1-model_v6.pdb
CLEC17A,Q6ZS10,c:\Users\Longer\Documents\自写生信论文\data\structures\AF-Q6ZS10-F1-model_v6.pdb
KIAA0319,Q5VV43,c:\Users\Longer\Documents\自写生信论文\data\structures\AF-Q5VV43-F1-model_v6.pdb
SEMA4G,Q9NTN9,c:\Users\Longer\Documents\自写生信论文\data\structures\AF-Q9NTN9-F1-model_v6.pdb
DAGLB,Q8NCG7,c:\Users\Longer\Documents\自写生信论文\data\structures\AF-Q8NCG7-F1-model_v6.pdb
TGOLN2,O43493,c:\Users\Longer\Documents\自写生信论文\data\structures\AF-O43493-F1-model_v6.pdb
SLC15A2,Q16348,c:\Users\Longer\Documents\自写生信论文\data\structures\AF-Q16348-F1-model_v6.pdb
NMUR2,Q9GZQ4,c:\Users\Longer\Documents\自写生信论文\data\structures\AF-Q9GZQ4-F1-model_v6.pdb
ABCB9,Q9NP78,c:\Users\Longer\Documents\自写生信论文\data\structures\AF-Q9NP78-F1-model_v6.pdb
OR51E1,Q8TCB6,c:\Users\Longer\Documents\自写生信论文\data\structures\AF-Q8TCB6-F1-model_v6.pdb
EFNA5,P52803,c:\Users\Longer\Documents\自写生信论文\data\structures\AF-P52803-F1-model_v6.pdb
IL10RA,Q13651,c:\Users\Longer\Documents\自写生信论文\data\structures\AF-Q13651-F1-model_v6.pdb
GPA33,Q99795,c:\Users\Longer\Documents\自写生信论文\data\structures\AF-Q99795-F1-model_v6.pdb
FAM171B,Q6P995,c:\Users\Longer\Documents\自写生信论文\data\structures\AF-Q6P995-F1-model_v6.pdb
TREML2,Q5T2D2,c:\Users\Longer\Documents\自写生信论文\data\structures\AF-Q5T2D2-F1-model_v6.pdb
PRRT3,Q5FWE3,c:\Users\Longer\Documents\自写生信论文\data\structures\AF-Q5FWE3-F1-model_v6.pdb
NPFFR2,Q9Y5X5,c:\Users\Longer\Documents\自写生信论文\data\structures\AF-Q9Y5X5-F1-model_v6.pdb
ACE2,Q9BYF1,c:\Users\Longer\Documents\自写生信论文\data\structures\AF-Q9BYF1-F1-model_v6.pdb
SERINC3,Q13530,c:\Users\Longer\Documents\自写生信论文\data\structures\AF-Q13530-F1-model_v6.pdb
PCDHB16,Q9NRJ7,c:\Users\Longer\Documents\自写生信论文\data\structures\AF-Q9NRJ7-F1-model_v6.pdb
TLR6,Q9Y2C9,c:\Users\Longer\Documents\自写生信论文\data\structures\AF-Q9Y2C9-F1-model_v6.pdb
SLC22A2,O15244,c:\Users\Longer\Documents\自写生信论文\data\structures\AF-O15244-F1-model_v6.pdb
FZD8,Q9H461,c:\Users\Longer\Documents\自写生信论文\data\structures\AF-Q9H461-F1-model_v6.pdb
ABCG5,Q9H222,c:\Users\Longer\Documents\自写生信论文\data\structures\AF-Q9H222-F1-model_v6.pdb
SLC4A8,Q2Y0W8,c:\Users\Longer\Documents\自写生信论文\data\structures\AF-Q2Y0W8-F1-model_v6.pdb
FAM174A,Q8TBP5,c:\Users\Longer\Documents\自写生信论文\data\structures\AF-Q8TBP5-F1-model_v6.pdb
OPRD1,P41143,c:\Users\Longer\Documents\自写生信论文\data\structures\AF-P41143-F1-model_v6.pdb
SLC44A2,Q8IWA5,c:\Users\Longer\Documents\自写生信论文\data\structures\AF-Q8IWA5-F1-model_v6.pdb
CD226,Q15762,c:\Users\Longer\Documents\自写生信论文\data\structures\AF-Q15762-F1-model_v6.pdb
CNNM2,Q9H8M5,c:\Users\Longer\Documents\自写生信论文\data\structures\AF-Q9H8M5-F1-model_v6.pdb
MCHR1,Q99705,c:\Users\Longer\Documents\自写生信论文\data\structures\AF-Q99705-F1-model_v6.pdb
SLC6A20,Q9NP91,c:\Users\Longer\Documents\自写生信论文\data\structures\AF-Q9NP91-F1-model_v6.pdb
CD55,P08174,c:\Users\Longer\Documents\自写生信论文\data\structures\AF-P08174-F1-model_v6.pdb
FFAR2,O15552,c:\Users\Longer\Documents\自写生信论文\data\structures\AF-O15552-F1-model_v6.pdb
PTPRA,P18433,c:\Users\Longer\Documents\自写生信论文\data\structures\AF-P18433-F1-model_v6.pdb
VSTM1,Q6UX27,c:\Users\Longer\Documents\自写生信论文\data\structures\AF-Q6UX27-F1-model_v6.pdb
LRFN4,Q6PJG9,c:\Users\Longer\Documents\自写生信论文\data\structures\AF-Q6PJG9-F1-model_v6.pdb
LPAR6,P43657,c:\Users\Longer\Documents\自写生信论文\data\structures\AF-P43657-F1-model_v6.pdb
TPRA1,Q86W33,c:\Users\Longer\Documents\自写生信论文\data\structures\AF-Q86W33-F1-model_v6.pdb
SLC41A3,Q96GZ6,c:\Users\Longer\Documents\自写生信论文\data\structures\AF-Q96GZ6-F1-model_v6.pdb
LY6H,O94772,c:\Users\Longer\Documents\自写生信论文\data\structures\AF-O94772-F1-model_v6.pdb
CHRNB2,P17787,c:\Users\Longer\Documents\自写生信论文\data\structures\AF-P17787-F1-model_v6.pdb
CDH17,Q12864,c:\Users\Longer\Documents\自写生信论文\data\structures\AF-Q12864-F1-model_v6.pdb
GALR3,O60755,c:\Users\Longer\Documents\自写生信论文\data\structures\AF-O60755-F1-model_v6.pdb
UMODL1,Q5DID0,c:\Users\Longer\Documents\自写生信论文\data\structures\AF-Q5DID0-F1-model_v6.pdb
RYK,P34925,c:\Users\Longer\Documents\自写生信论文\data\structures\AF-P34925-F1-model_v6.pdb
GRIN1,Q05586,c:\Users\Longer\Documents\自写生信论文\data\structures\AF-Q05586-F1-model_v6.pdb
FAM171A1,Q5VUB5,c:\Users\Longer\Documents\自写生信论文\data\structures\AF-Q5VUB5-F1-model_v6.pdb
RNF130,Q86XS8,c:\Users\Longer\Documents\自写生信论文\data\structures\AF-Q86XS8-F1-model_v6.pdb
NRP1,O14786,c:\Users\Longer\Documents\自写生信论文\data\structures\AF-O14786-F1-model_v6.pdb
HEG1,Q9ULI3,c:\Users\Longer\Documents\自写生信论文\data\structures\AF-Q9ULI3-F1-model_v6.pdb
RXFP1,Q9HBX9,c:\Users\Longer\Documents\自写生信论文\data\structures\AF-Q9HBX9-F1-model_v6.pdb
IGDCC3,Q8IVU1,c:\Users\Longer\Documents\自写生信论文\data\structures\AF-Q8IVU1-F1-model_v6.pdb
GRAMD1B,Q3KR37,c:\Users\Longer\Documents\自写生信论文\data\structures\AF-Q3KR37-F1-model_v6.pdb
HTR3A,P46098,c:\Users\Longer\Documents\自写生信论文\data\structures\AF-P46098-F1-model_v6.pdb
CRLF2,Q9HC73,c:\Users\Longer\Documents\自写生信论文\data\structures\AF-Q9HC73-F1-model_v6.pdb
CHRNB1,P11230,c:\Users\Longer\Documents\自写生信论文\data\structures\AF-P11230-F1-model_v6.pdb
CYSLTR2,Q9NS75,c:\Users\Longer\Documents\自写生信论文\data\structures\AF-Q9NS75-F1-model_v6.pdb
PCDHGB1,Q9Y5G3,c:\Users\Longer\Documents\自写生信论文\data\structures\AF-Q9Y5G3-F1-model_v6.pdb
NPTN,Q9Y639,c:\Users\Longer\Documents\自写生信论文\data\structures\AF-Q9Y639-F1-model_v6.pdb
FCRL6,Q6DN72,c:\Users\Longer\Documents\自写生信论文\data\structures\AF-Q6DN72-F1-model_v6.pdb
GPR31,O00270,c:\Users\Longer\Documents\自写生信论文\data\structures\AF-O00270-F1-model_v6.pdb
CD200R1,Q8TD46,c:\Users\Longer\Documents\自写生信论文\data\structures\AF-Q8TD46-F1-model_v6.pdb
SLC12A3,P55017,c:\Users\Longer\Documents\自写生信论文\data\structures\AF-P55017-F1-model_v6.pdb
SLC7A4,O43246,c:\Users\Longer\Documents\自写生信论文\data\structures\AF-O43246-F1-model_v6.pdb
HEPACAM2,A8MVW5,c:\Users\Longer\Documents\自写生信论文\data\structures\AF-A8MVW5-F1-model_v6.pdb
KCNA3,P22001,c:\Users\Longer\Documents\自写生信论文\data\structures\AF-P22001-F1-model_v6.pdb
CLCA2,Q9UQC9,c:\Users\Longer\Documents\自写生信论文\data\structures\AF-Q9UQC9-F1-model_v6.pdb
RXFP4,Q8TDU9,c:\Users\Longer\Documents\自写生信论文\data\structures\AF-Q8TDU9-F1-model_v6.pdb
PCDHA4,Q9UN74,c:\Users\Longer\Documents\自写生信论文\data\structures\AF-Q9UN74-F1-model_v6.pdb
ADIPOR2,Q86V24,c:\Users\Longer\Documents\自写生信论文\data\structures\AF-Q86V24-F1-model_v6.pdb
IL23R,Q5VWK5,c:\Users\Longer\Documents\自写生信论文\data\structures\AF-Q5VWK5-F1-model_v6.pdb
LILRA1,O75019,c:\Users\Longer\Documents\自写生信论文\data\structures\AF-O75019-F1-model_v6.pdb
ALPL,P05186,c:\Users\Longer\Documents\自写生信论文\data\structures\AF-P05186-F1-model_v6.pdb
NPFFR1,Q9GZQ6,c:\Users\Longer\Documents\自写生信论文\data\structures\AF-Q9GZQ6-F1-model_v6.pdb
ITGAD,Q13349,c:\Users\Longer\Documents\自写生信论文\data\structures\AF-Q13349-F1-model_v6.pdb
CDH8,P55286,c:\Users\Longer\Documents\自写生信论文\data\structures\AF-P55286-F1-model_v6.pdb
PLXNA1,Q9UIW2,c:\Users\Longer\Documents\自写生信论文\data\structures\AF-Q9UIW2-F1-model_v6.pdb
RET,P07949,c:\Users\Longer\Documents\自写生信论文\data\structures\AF-P07949-F1-model_v6.pdb
TMEM140,Q9NV12,c:\Users\Longer\Documents\自写生信论文\data\structures\AF-Q9NV12-F1-model_v6.pdb
TMEM116,Q8NCL8,c:\Users\Longer\Documents\自写生信论文\data\structures\AF-Q8NCL8-F1-model_v6.pdb
TMEM178B,H3BS89,c:\Users\Longer\Documents\自写生信论文\data\structures\AF-H3BS89-F1-model_v6.pdb
PTPRU,Q92729,c:\Users\Longer\Documents\自写生信论文\data\structures\AF-Q92729-F1-model_v6.pdb
MYADM,Q96S97,c:\Users\Longer\Documents\自写生信论文\data\structures\AF-Q96S97-F1-model_v6.pdb
ELFN1,P0C7U0,c:\Users\Longer\Documents\自写生信论文\data\structures\AF-P0C7U0-F1-model_v6.pdb
IL17RE,Q8NFR9,c:\Users\Longer\Documents\自写生信论文\data\structures\AF-Q8NFR9-F1-model_v6.pdb
LMBRD1,Q9NUN5,c:\Users\Longer\Documents\自写生信论文\data\structures\AF-Q9NUN5-F1-model_v6.pdb
FCGRT,P55899,c:\Users\Longer\Documents\自写生信论文\data\structures\AF-P55899-F1-model_v6.pdb
SLC39A2,Q9NP94,c:\Users\Longer\Documents\自写生信论文\data\structures\AF-Q9NP94-F1-model_v6.pdb
SLC11A2,P49281,c:\Users\Longer\Documents\自写生信论文\data\structures\AF-P49281-F1-model_v6.pdb
PTPRN,Q16849,c:\Users\Longer\Documents\自写生信论文\data\structures\AF-Q16849-F1-model_v6.pdb
TM4SF4,P48230,c:\Users\Longer\Documents\自写生信论文\data\structures\AF-P48230-F1-model_v6.pdb
PTCHD4,Q6ZW05,c:\Users\Longer\Documents\自写生信论文\data\structures\AF-Q6ZW05-F1-model_v6.pdb
KLRC1,P26715,c:\Users\Longer\Documents\自写生信论文\data\structures\AF-P26715-F1-model_v6.pdb
MS4A1,P11836,c:\Users\Longer\Documents\自写生信论文\data\structures\AF-P11836-F1-model_v6.pdb
SIGIRR,Q6IA17,c:\Users\Longer\Documents\自写生信论文\data\structures\AF-Q6IA17-F1-model_v6.pdb
BTN2A2,Q8WVV5,c:\Users\Longer\Documents\自写生信论文\data\structures\AF-Q8WVV5-F1-model_v6.pdb
CNR2,P34972,c:\Users\Longer\Documents\自写生信论文\data\structures\AF-P34972-F1-model_v6.pdb
HLA-E,P13747,c:\Users\Longer\Documents\自写生信论文\data\structures\AF-P13747-F1-model_v6.pdb
LGR4,Q9BXB1,c:\Users\Longer\Documents\自写生信论文\data\structures\AF-Q9BXB1-F1-model_v6.pdb
LHFPL1,Q86WI0,c:\Users\Longer\Documents\自写生信论文\data\structures\AF-Q86WI0-F1-model_v6.pdb
EPHA8,P29322,c:\Users\Longer\Documents\自写生信论文\data\structures\AF-P29322-F1-model_v6.pdb
CCR3,P51677,c:\Users\Longer\Documents\自写生信论文\data\structures\AF-P51677-F1-model_v6.pdb
CSF2RB,P32927,c:\Users\Longer\Documents\自写生信论文\data\structures\AF-P32927-F1-model_v6.pdb
LRFN2,Q9ULH4,c:\Users\Longer\Documents\自写生信论文\data\structures\AF-Q9ULH4-F1-model_v6.pdb
IL1RAPL2,Q9NP60,c:\Users\Longer\Documents\自写生信论文\data\structures\AF-Q9NP60-F1-model_v6.pdb
SSTR3,P32745,c:\Users\Longer\Documents\自写生信论文\data\structures\AF-P32745-F1-model_v6.pdb
GPR37L1,O60883,c:\Users\Longer\Documents\自写生信论文\data\structures\AF-O60883-F1-model_v6.pdb
DPEP2,Q9H4A9,c:\Users\Longer\Documents\自写生信论文\data\structures\AF-Q9H4A9-F1-model_v6.pdb
DUOX2,Q9NRD8,c:\Users\Longer\Documents\自写生信论文\data\structures\AF-Q9NRD8-F1-model_v6.pdb
CPM,P14384,c:\Users\Longer\Documents\自写生信论文\data\structures\AF-P14384-F1-model_v6.pdb
RELT,Q969Z4,c:\Users\Longer\Documents\自写生信论文\data\structures\AF-Q969Z4-F1-model_v6.pdb
GPR153,Q6NV75,c:\Users\Longer\Documents\自写生信论文\data\structures\AF-Q6NV75-F1-model_v6.pdb
EGF,P01133,c:\Users\Longer\Documents\自写生信论文\data\structures\AF-P01133-F1-model_v6.pdb
SLC16A6,O15403,c:\Users\Longer\Documents\自写生信论文\data\structures\AF-O15403-F1-model_v6.pdb
F2RL3,Q96RI0,c:\Users\Longer\Documents\自写生信论文\data\structures\AF-Q96RI0-F1-model_v6.pdb
SLC22A5,O76082,c:\Users\Longer\Documents\自写生信论文\data\structures\AF-O76082-F1-model_v6.pdb
LINGO4,Q6UY18,c:\Users\Longer\Documents\自写生信论文\data\structures\AF-Q6UY18-F1-model_v6.pdb
RAET1G,Q6H3X3,c:\Users\Longer\Documents\自写生信论文\data\structures\AF-Q6H3X3-F1-model_v6.pdb
CD300E,Q496F6,c:\Users\Longer\Documents\自写生信论文\data\structures\AF-Q496F6-F1-model_v6.pdb
ABCA4,P78363,c:\Users\Longer\Documents\自写生信论文\data\structures\AF-P78363-F1-model_v6.pdb
SLC2A5,P22732,c:\Users\Longer\Documents\自写生信论文\data\structures\AF-P22732-F1-model_v6.pdb
SLC28A1,O00337,c:\Users\Longer\Documents\自写生信论文\data\structures\AF-O00337-F1-model_v6.pdb
TMEM145,Q8NBT3,c:\Users\Longer\Documents\自写生信论文\data\structures\AF-Q8NBT3-F1-model_v6.pdb
OTOA,Q7RTW8,c:\Users\Longer\Documents\自写生信论文\data\structures\AF-Q7RTW8-F1-model_v6.pdb
DUOX1,Q9NRD9,c:\Users\Longer\Documents\自写生信论文\data\structures\AF-Q9NRD9-F1-model_v6.pdb
AQP5,P55064,c:\Users\Longer\Documents\自写生信论文\data\structures\AF-P55064-F1-model_v6.pdb
FZD7,O75084,c:\Users\Longer\Documents\自写生信论文\data\structures\AF-O75084-F1-model_v6.pdb
TMEM235,A6NFC5,c:\Users\Longer\Documents\自写生信论文\data\structures\AF-A6NFC5-F1-model_v6.pdb
OR1E1,P30953,c:\Users\Longer\Documents\自写生信论文\data\structures\AF-P30953-F1-model_v6.pdb
FGFR2,P21802,c:\Users\Longer\Documents\自写生信论文\data\structures\AF-P21802-F1-model_v6.pdb
CDH9,Q9ULB4,c:\Users\Longer\Documents\自写生信论文\data\structures\AF-Q9ULB4-F1-model_v6.pdb
PCDHA10,Q9Y5I2,c:\Users\Longer\Documents\自写生信论文\data\structures\AF-Q9Y5I2-F1-model_v6.pdb
OR5B3,Q8NH48,c:\Users\Longer\Documents\自写生信论文\data\structures\AF-Q8NH48-F1-model_v6.pdb
GPR119,Q8TDV5,c:\Users\Longer\Documents\自写生信论文\data\structures\AF-Q8TDV5-F1-model_v6.pdb
SLC46A2,Q9BY10,c:\Users\Longer\Documents\自写生信论文\data\structures\AF-Q9BY10-F1-model_v6.pdb
FCRL1,Q96LA6,c:\Users\Longer\Documents\自写生信论文\data\structures\AF-Q96LA6-F1-model_v6.pdb
CHRNB3,Q05901,c:\Users\Longer\Documents\自写生信论文\data\structures\AF-Q05901-F1-model_v6.pdb
PROKR2,Q8NFJ6,c:\Users\Longer\Documents\自写生信论文\data\structures\AF-Q8NFJ6-F1-model_v6.pdb
SLC32A1,Q9H598,c:\Users\Longer\Documents\自写生信论文\data\structures\AF-Q9H598-F1-model_v6.pdb
OR10R2,Q8NGX6,c:\Users\Longer\Documents\自写生信论文\data\structures\AF-Q8NGX6-F1-model_v6.pdb
OR5M11,Q96RB7,c:\Users\Longer\Documents\自写生信论文\data\structures\AF-Q96RB7-F1-model_v6.pdb
LRTM1,Q9HBL6,c:\Users\Longer\Documents\自写生信论文\data\structures\AF-Q9HBL6-F1-model_v6.pdb
OR2T35,Q8NGX2,c:\Users\Longer\Documents\自写生信论文\data\structures\AF-Q8NGX2-F1-model_v6.pdb
CD59,P13987,c:\Users\Longer\Documents\自写生信论文\data\structures\AF-P13987-F1-model_v6.pdb
MRGPRD,Q8TDS7,c:\Users\Longer\Documents\自写生信论文\data\structures\AF-Q8TDS7-F1-model_v6.pdb
PLET1,Q6UQ28,c:\Users\Longer\Documents\自写生信论文\data\structures\AF-Q6UQ28-F1-model_v6.pdb
OR13J1,Q8NGT2,c:\Users\Longer\Documents\自写生信论文\data\structures\AF-Q8NGT2-F1-model_v6.pdb
OR10AD1,Q8NGE0,c:\Users\Longer\Documents\自写生信论文\data\structures\AF-Q8NGE0-F1-model_v6.pdb
SLC6A19,Q695T7,c:\Users\Longer\Documents\自写生信论文\data\structures\AF-Q695T7-F1-model_v6.pdb
OR9G1,Q8NH87,c:\Users\Longer\Documents\自写生信论文\data\structures\AF-Q8NH87-F1-model_v6.pdb
CMKLR1,Q99788,c:\Users\Longer\Documents\自写生信论文\data\structures\AF-Q99788-F1-model_v6.pdb
SLC34A3,Q8N130,c:\Users\Longer\Documents\自写生信论文\data\structures\AF-Q8N130-F1-model_v6.pdb
CDH15,P55291,c:\Users\Longer\Documents\自写生信论文\data\structures\AF-P55291-F1-model_v6.pdb
OR51G1,Q8NGK1,c:\Users\Longer\Documents\自写生信论文\data\structures\AF-Q8NGK1-F1-model_v6.pdb
UNC5D,Q6UXZ4,c:\Users\Longer\Documents\自写生信论文\data\structures\AF-Q6UXZ4-F1-model_v6.pdb
SPRN,Q5BIV9,c:\Users\Longer\Documents\自写生信论文\data\structures\AF-Q5BIV9-F1-model_v6.pdb
MC2R,Q01718,c:\Users\Longer\Documents\自写生信论文\data\structures\AF-Q01718-F1-model_v6.pdb
OR4D11,Q8NGI4,c:\Users\Longer\Documents\自写生信论文\data\structures\AF-Q8NGI4-F1-model_v6.pdb
VSTM5,A8MXK1,c:\Users\Longer\Documents\自写生信论文\data\structures\AF-A8MXK1-F1-model_v6.pdb
SLCO1B1,Q9Y6L6,c:\Users\Longer\Documents\自写生信论文\data\structures\AF-Q9Y6L6-F1-model_v6.pdb
CFC1,P0CG37,c:\Users\Longer\Documents\自写生信论文\data\structures\AF-P0CG37-F1-model_v6.pdb
OR4A47,Q6IF82,c:\Users\Longer\Documents\自写生信论文\data\structures\AF-Q6IF82-F1-model_v6.pdb
DPEP3,Q9H4B8,c:\Users\Longer\Documents\自写生信论文\data\structures\AF-Q9H4B8-F1-model_v6.pdb
OR5K2,Q8NHB8,c:\Users\Longer\Documents\自写生信论文\data\structures\AF-Q8NHB8-F1-model_v6.pdb
PRLHR,P49683,c:\Users\Longer\Documents\自写生信论文\data\structures\AF-P49683-F1-model_v6.pdb
OR56A3,Q8NH54,c:\Users\Longer\Documents\自写生信论文\data\structures\AF-Q8NH54-F1-model_v6.pdb
OR4C11,Q6IEV9,c:\Users\Longer\Documents\自写生信论文\data\structures\AF-Q6IEV9-F1-model_v6.pdb
C11orf87,Q6NUJ2,c:\Users\Longer\Documents\自写生信论文\data\structures\AF-Q6NUJ2-F1-model_v6.pdb
ADCY7,P51828,c:\Users\Longer\Documents\自写生信论文\data\structures\AF-P51828-F1-model_v6.pdb
OR13G1,Q8NGZ3,c:\Users\Longer\Documents\自写生信论文\data\structures\AF-Q8NGZ3-F1-model_v6.pdb
OR2T6,Q8NHC8,c:\Users\Longer\Documents\自写生信论文\data\structures\AF-Q8NHC8-F1-model_v6.pdb
OR4S2,Q8NH73,c:\Users\Longer\Documents\自写生信论文\data\structures\AF-Q8NH73-F1-model_v6.pdb
OR9I1,Q8NGQ6,c:\Users\Longer\Documents\自写生信论文\data\structures\AF-Q8NGQ6-F1-model_v6.pdb
SLC22A4,Q9H015,c:\Users\Longer\Documents\自写生信论文\data\structures\AF-Q9H015-F1-model_v6.pdb
OR52B4,Q8NGK2,c:\Users\Longer\Documents\自写生信论文\data\structures\AF-Q8NGK2-F1-model_v6.pdb
OR52Z1,P0C646,c:\Users\Longer\Documents\自写生信论文\data\structures\AF-P0C646-F1-model_v6.pdb
TMEM245,Q9H330,c:\Users\Longer\Documents\自写生信论文\data\structures\AF-Q9H330-F1-model_v6.pdb
OR10AG1,Q8NH19,c:\Users\Longer\Documents\自写生信论文\data\structures\AF-Q8NH19-F1-model_v6.pdb
OR11H7,Q8NGC8,c:\Users\Longer\Documents\自写生信论文\data\structures\AF-Q8NGC8-F1-model_v6.pdb
PCDHB13,Q9Y5F0,c:\Users\Longer\Documents\自写生信论文\data\structures\AF-Q9Y5F0-F1-model_v6.pdb
OR6C3,Q9NZP0,c:\Users\Longer\Documents\自写生信论文\data\structures\AF-Q9NZP0-F1-model_v6.pdb
MC3R,P41968,c:\Users\Longer\Documents\自写生信论文\data\structures\AF-P41968-F1-model_v6.pdb
DYNAP,Q8N1N2,c:\Users\Longer\Documents\自写生信论文\data\structures\AF-Q8N1N2-F1-model_v6.pdb
OR5L2,Q8NGL0,c:\Users\Longer\Documents\自写生信论文\data\structures\AF-Q8NGL0-F1-model_v6.pdb
OR11H1,Q8NG94,c:\Users\Longer\Documents\自写生信论文\data\structures\AF-Q8NG94-F1-model_v6.pdb
OR2AJ1,Q8NGZ0,c:\Users\Longer\Documents\自写生信论文\data\structures\AF-Q8NGZ0-F1-model_v6.pdb
OR6B3,Q8NGW1,c:\Users\Longer\Documents\自写生信论文\data\structures\AF-Q8NGW1-F1-model_v6.pdb
OR6J1,Q8NGC5,c:\Users\Longer\Documents\自写生信论文\data\structures\AF-Q8NGC5-F1-model_v6.pdb
ASGR2,P07307,c:\Users\Longer\Documents\自写生信论文\data\structures\AF-P07307-F1-model_v6.pdb
KIR3DL3,Q8N743,c:\Users\Longer\Documents\自写生信论文\data\structures\AF-Q8N743-F1-model_v6.pdb
OR5AR1,Q8NGP9,c:\Users\Longer\Documents\自写生信论文\data\structures\AF-Q8NGP9-F1-model_v6.pdb
OR11G2,Q8NGC1,c:\Users\Longer\Documents\自写生信论文\data\structures\AF-Q8NGC1-F1-model_v6.pdb
HRH4,Q9H3N8,c:\Users\Longer\Documents\自写生信论文\data\structures\AF-Q9H3N8-F1-model_v6.pdb
TMEM225,Q6GV28,c:\Users\Longer\Documents\自写生信论文\data\structures\AF-Q6GV28-F1-model_v6.pdb
GPR33,Q49SQ1,c:\Users\Longer\Documents\自写生信论文\data\structures\AF-Q49SQ1-F1-model_v6.pdb
SV2C,Q496J9,c:\Users\Longer\Documents\自写生信论文\data\structures\AF-Q496J9-F1-model_v6.pdb
PCDHA9,Q9Y5H5,c:\Users\Longer\Documents\自写生信论文\data\structures\AF-Q9Y5H5-F1-model_v6.pdb
GPR176,Q14439,c:\Users\Longer\Documents\自写生信论文\data\structures\AF-Q14439-F1-model_v6.pdb
TMIGD1,Q6UXZ0,c:\Users\Longer\Documents\自写生信论文\data\structures\AF-Q6UXZ0-F1-model_v6.pdb
GALR2,O43603,c:\Users\Longer\Documents\自写生信论文\data\structures\AF-O43603-F1-model_v6.pdb
ZP2,Q05996,c:\Users\Longer\Documents\自写生信论文\data\structures\AF-Q05996-F1-model_v6.pdb
OR5H14,A6NHG9,c:\Users\Longer\Documents\自写生信论文\data\structures\AF-A6NHG9-F1-model_v6.pdb
OR5AN1,Q8NGI8,c:\Users\Longer\Documents\自写生信论文\data\structures\AF-Q8NGI8-F1-model_v6.pdb
CATSPERG,Q6ZRH7,c:\Users\Longer\Documents\自写生信论文\data\structures\AF-Q6ZRH7-F1-model_v6.pdb
SLC36A1,Q7Z2H8,c:\Users\Longer\Documents\自写生信论文\data\structures\AF-Q7Z2H8-F1-model_v6.pdb
SLC38A5,Q8WUX1,c:\Users\Longer\Documents\自写生信论文\data\structures\AF-Q8WUX1-F1-model_v6.pdb
KCNG4,Q8TDN1,c:\Users\Longer\Documents\自写生信论文\data\structures\AF-Q8TDN1-F1-model_v6.pdb
NAGPA,Q9UK23,c:\Users\Longer\Documents\自写生信论文\data\structures\AF-Q9UK23-F1-model_v6.pdb
OR4F15,Q8NGB8,c:\Users\Longer\Documents\自写生信论文\data\structures\AF-Q8NGB8-F1-model_v6.pdb
CHRNG,P07510,c:\Users\Longer\Documents\自写生信论文\data\structures\AF-P07510-F1-model_v6.pdb
LRIT3,Q3SXY7,c:\Users\Longer\Documents\自写生信论文\data\structures\AF-Q3SXY7-F1-model_v6.pdb
MRGPRX1,Q96LB2,c:\Users\Longer\Documents\自写生信论文\data\structures\AF-Q96LB2-F1-model_v6.pdb
OR52D1,Q9H346,c:\Users\Longer\Documents\自写生信论文\data\structures\AF-Q9H346-F1-model_v6.pdb
OR6C74,A6NCV1,c:\Users\Longer\Documents\自写生信论文\data\structures\AF-A6NCV1-F1-model_v6.pdb
NMBR,P28336,c:\Users\Longer\Documents\自写生信论文\data\structures\AF-P28336-F1-model_v6.pdb
GLRA1,P23415,c:\Users\Longer\Documents\自写生信论文\data\structures\AF-P23415-F1-model_v6.pdb
OR13C6P,Q8NH95,c:\Users\Longer\Documents\自写生信论文\data\structures\AF-Q8NH95-F1-model_v6.pdb
MTNR1B,P49286,c:\Users\Longer\Documents\自写生信论文\data\structures\AF-P49286-F1-model_v6.pdb
OR1E3,Q8WZA6,c:\Users\Longer\Documents\自写生信论文\data\structures\AF-Q8WZA6-F1-model_v6.pdb
OR1G1,P47890,c:\Users\Longer\Documents\自写生信论文\data\structures\AF-P47890-F1-model_v6.pdb
SLC20A2,Q08357,c:\Users\Longer\Documents\自写生信论文\data\structures\AF-Q08357-F1-model_v6.pdb
PCDHA7,Q9UN72,c:\Users\Longer\Documents\自写生信论文\data\structures\AF-Q9UN72-F1-model_v6.pdb
GNRHR,P30968,c:\Users\Longer\Documents\自写生信论文\data\structures\AF-P30968-F1-model_v6.pdb
OR8K1,Q8NGG5,c:\Users\Longer\Documents\自写生信论文\data\structures\AF-Q8NGG5-F1-model_v6.pdb
MAS1L,P35410,c:\Users\Longer\Documents\自写生信论文\data\structures\AF-P35410-F1-model_v6.pdb
TAS2R16,Q9NYV7,c:\Users\Longer\Documents\自写生信论文\data\structures\AF-Q9NYV7-F1-model_v6.pdb
OR51B6,Q9H340,c:\Users\Longer\Documents\自写生信论文\data\structures\AF-Q9H340-F1-model_v6.pdb
OR2C3,Q8N628,c:\Users\Longer\Documents\自写生信论文\data\structures\AF-Q8N628-F1-model_v6.pdb
OR4A4P,Q8NGN8,c:\Users\Longer\Documents\自写生信论文\data\structures\AF-Q8NGN8-F1-model_v6.pdb
OR14C36,Q8NHC7,c:\Users\Longer\Documents\自写生信论文\data\structures\AF-Q8NHC7-F1-model_v6.pdb
OR2J1,Q9GZK6,c:\Users\Longer\Documents\自写生信论文\data\structures\AF-Q9GZK6-F1-model_v6.pdb
OR1N2,Q8NGR9,c:\Users\Longer\Documents\自写生信论文\data\structures\AF-Q8NGR9-F1-model_v6.pdb
OR4C15,Q8NGM1,c:\Users\Longer\Documents\自写生信论文\data\structures\AF-Q8NGM1-F1-model_v6.pdb
CLDN20,P56880,c:\Users\Longer\Documents\自写生信论文\data\structures\AF-P56880-F1-model_v6.pdb
CD69,Q07108,c:\Users\Longer\Documents\自写生信论文\data\structures\AF-Q07108-F1-model_v6.pdb
OR5T1,Q8NG75,c:\Users\Longer\Documents\自写生信论文\data\structures\AF-Q8NG75-F1-model_v6.pdb
OR2J2,O76002,c:\Users\Longer\Documents\自写生信论文\data\structures\AF-O76002-F1-model_v6.pdb
GABRA6,Q16445,c:\Users\Longer\Documents\自写生信论文\data\structures\AF-Q16445-F1-model_v6.pdb
OR4F21,O95013,c:\Users\Longer\Documents\自写生信论文\data\structures\AF-O95013-F1-model_v6.pdb
OR2F2,O95006,c:\Users\Longer\Documents\自写生信论文\data\structures\AF-O95006-F1-model_v6.pdb
OR5V1,Q9UGF6,c:\Users\Longer\Documents\自写生信论文\data\structures\AF-Q9UGF6-F1-model_v6.pdb
OR2Y1,Q8NGV0,c:\Users\Longer\Documents\自写生信论文\data\structures\AF-Q8NGV0-F1-model_v6.pdb
OR1D4,P47884,c:\Users\Longer\Documents\自写生信论文\data\structures\AF-P47884-F1-model_v6.pdb
ATP1B4,Q9UN42,c:\Users\Longer\Documents\自写生信论文\data\structures\AF-Q9UN42-F1-model_v6.pdb
ALPI,P09923,c:\Users\Longer\Documents\自写生信论文\data\structures\AF-P09923-F1-model_v6.pdb
CD40,P25942,c:\Users\Longer\Documents\自写生信论文\data\structures\AF-P25942-F1-model_v6.pdb
OR56A5,P0C7T3,c:\Users\Longer\Documents\自写生信论文\data\structures\AF-P0C7T3-F1-model_v6.pdb
OR6K2,Q8NGY2,c:\Users\Longer\Documents\自写生信论文\data\structures\AF-Q8NGY2-F1-model_v6.pdb
OR6X1,Q8NH79,c:\Users\Longer\Documents\自写生信论文\data\structures\AF-Q8NH79-F1-model_v6.pdb
OR10C1,Q96KK4,c:\Users\Longer\Documents\自写生信论文\data\structures\AF-Q96KK4-F1-model_v6.pdb
OR52E2,Q8NGJ4,c:\Users\Longer\Documents\自写生信论文\data\structures\AF-Q8NGJ4-F1-model_v6.pdb
ECE1,P42892,c:\Users\Longer\Documents\自写生信论文\data\structures\AF-P42892-F1-model_v6.pdb
OR5H1,A6NKK0,c:\Users\Longer\Documents\自写生信论文\data\structures\AF-A6NKK0-F1-model_v6.pdb
OR7A17,O14581,c:\Users\Longer\Documents\自写生信论文\data\structures\AF-O14581-F1-model_v6.pdb
OR5L1,Q8NGL2,c:\Users\Longer\Documents\自写生信论文\data\structures\AF-Q8NGL2-F1-model_v6.pdb
OR52L2P,Q8NGH6,c:\Users\Longer\Documents\自写生信论文\data\structures\AF-Q8NGH6-F1-model_v6.pdb
OR51A2,Q8NGJ7,c:\Users\Longer\Documents\自写生信论文\data\structures\AF-Q8NGJ7-F1-model_v6.pdb
OR5C1,Q8NGR4,c:\Users\Longer\Documents\自写生信论文\data\structures\AF-Q8NGR4-F1-model_v6.pdb
OR52E4,Q8NGH9,c:\Users\Longer\Documents\自写生信论文\data\structures\AF-Q8NGH9-F1-model_v6.pdb
LY6G6D,O95868,c:\Users\Longer\Documents\自写生信论文\data\structures\AF-O95868-F1-model_v6.pdb
OR4K3,Q96R72,c:\Users\Longer\Documents\自写生信论文\data\structures\AF-Q96R72-F1-model_v6.pdb
VN1R3,Q9BXE9,c:\Users\Longer\Documents\自写生信论文\data\structures\AF-Q9BXE9-F1-model_v6.pdb
HCRTR2,O43614,c:\Users\Longer\Documents\自写生信论文\data\structures\AF-O43614-F1-model_v6.pdb
TMEM114,B3SHH9,c:\Users\Longer\Documents\自写生信论文\data\structures\AF-B3SHH9-F1-model_v6.pdb
OR6P1,Q8NGX9,c:\Users\Longer\Documents\自写生信论文\data\structures\AF-Q8NGX9-F1-model_v6.pdb
OR10G8,Q8NGN5,c:\Users\Longer\Documents\自写生信论文\data\structures\AF-Q8NGN5-F1-model_v6.pdb
OR10J6P,Q8NGY7,c:\Users\Longer\Documents\自写生信论文\data\structures\AF-Q8NGY7-F1-model_v6.pdb
PROCR,Q9UNN8,c:\Users\Longer\Documents\自写生信论文\data\structures\AF-Q9UNN8-F1-model_v6.pdb
RAET1E,Q8TD07,c:\Users\Longer\Documents\自写生信论文\data\structures\AF-Q8TD07-F1-model_v6.pdb
OR51F2,Q8NH61,c:\Users\Longer\Documents\自写生信论文\data\structures\AF-Q8NH61-F1-model_v6.pdb
OR10K1,Q8NGX5,c:\Users\Longer\Documents\自写生信论文\data\structures\AF-Q8NGX5-F1-model_v6.pdb
OR2A5,Q96R48,c:\Users\Longer\Documents\自写生信论文\data\structures\AF-Q96R48-F1-model_v6.pdb
OR8K5,Q8NH50,c:\Users\Longer\Documents\自写生信论文\data\structures\AF-Q8NH50-F1-model_v6.pdb
PCDHA8,Q9Y5H6,c:\Users\Longer\Documents\自写生信论文\data\structures\AF-Q9Y5H6-F1-model_v6.pdb
OR5M3,Q8NGP4,c:\Users\Longer\Documents\自写生信论文\data\structures\AF-Q8NGP4-F1-model_v6.pdb
THSD7B,Q9C0I4,c:\Users\Longer\Documents\自写生信论文\data\structures\AF-Q9C0I4-F1-model_v6.pdb
PCDHA13,Q9Y5I0,c:\Users\Longer\Documents\自写生信论文\data\structures\AF-Q9Y5I0-F1-model_v6.pdb
OR2T4,Q8NH00,c:\Users\Longer\Documents\自写生信论文\data\structures\AF-Q8NH00-F1-model_v6.pdb
ZNRF4,Q8WWF5,c:\Users\Longer\Documents\自写生信论文\data\structures\AF-Q8WWF5-F1-model_v6.pdb
OR2L2,Q8NH16,c:\Users\Longer\Documents\自写生信论文\data\structures\AF-Q8NH16-F1-model_v6.pdb
OR6C68,A6NDL8,c:\Users\Longer\Documents\自写生信论文\data\structures\AF-A6NDL8-F1-model_v6.pdb
OPRM1,P35372,c:\Users\Longer\Documents\自写生信论文\data\structures\AF-P35372-F1-model_v6.pdb
OR8B12,Q8NGG6,c:\Users\Longer\Documents\自写生信论文\data\structures\AF-Q8NGG6-F1-model_v6.pdb
OR2M7,Q8NG81,c:\Users\Longer\Documents\自写生信论文\data\structures\AF-Q8NG81-F1-model_v6.pdb
TAS1R3,Q7RTX0,c:\Users\Longer\Documents\自写生信论文\data\structures\AF-Q7RTX0-F1-model_v6.pdb
GHSR,Q92847,c:\Users\Longer\Documents\自写生信论文\data\structures\AF-Q92847-F1-model_v6.pdb
OR4A16,Q8NH70,c:\Users\Longer\Documents\自写生信论文\data\structures\AF-Q8NH70-F1-model_v6.pdb
OR51J1,Q9H342,c:\Users\Longer\Documents\自写生信论文\data\structures\AF-Q9H342-F1-model_v6.pdb
OR4E2,Q8NGC2,c:\Users\Longer\Documents\自写生信论文\data\structures\AF-Q8NGC2-F1-model_v6.pdb
OR52A1,Q9UKL2,c:\Users\Longer\Documents\自写生信论文\data\structures\AF-Q9UKL2-F1-model_v6.pdb
OR9Q1,Q8NGQ5,c:\Users\Longer\Documents\自写生信论文\data\structures\AF-Q8NGQ5-F1-model_v6.pdb
DSCAM,O60469,c:\Users\Longer\Documents\自写生信论文\data\structures\AF-O60469-F1-model_v6.pdb
TYR,P14679,c:\Users\Longer\Documents\自写生信论文\data\structures\AF-P14679-F1-model_v6.pdb
OR1D2,P34982,c:\Users\Longer\Documents\自写生信论文\data\structures\AF-P34982-F1-model_v6.pdb
GRIN3A,Q8TCU5,c:\Users\Longer\Documents\自写生信论文\data\structures\AF-Q8TCU5-F1-model_v6.pdb
PRTG,Q2VWP7,c:\Users\Longer\Documents\自写生信论文\data\structures\AF-Q2VWP7-F1-model_v6.pdb
CCR9,P51686,c:\Users\Longer\Documents\自写生信论文\data\structures\AF-P51686-F1-model_v6.pdb
OR10A4,Q9H209,c:\Users\Longer\Documents\自写生信论文\data\structures\AF-Q9H209-F1-model_v6.pdb
SLC5A2,P31639,c:\Users\Longer\Documents\自写生信论文\data\structures\AF-P31639-F1-model_v6.pdb
ADAM29,Q9UKF5,c:\Users\Longer\Documents\自写生信论文\data\structures\AF-Q9UKF5-F1-model_v6.pdb
GPR142,Q7Z601,c:\Users\Longer\Documents\自写生信论文\data\structures\AF-Q7Z601-F1-model_v6.pdb
KDR,P35968,c:\Users\Longer\Documents\自写生信论文\data\structures\AF-P35968-F1-model_v6.pdb
RELL1,Q8IUW5,c:\Users\Longer\Documents\自写生信论文\data\structures\AF-Q8IUW5-F1-model_v6.pdb
OR4C3,Q8NH37,c:\Users\Longer\Documents\自写生信论文\data\structures\AF-Q8NH37-F1-model_v6.pdb
TAS2R10,Q9NYW0,c:\Users\Longer\Documents\自写生信论文\data\structures\AF-Q9NYW0-F1-model_v6.pdb
OR4C46,A6NHA9,c:\Users\Longer\Documents\自写生信论文\data\structures\AF-A6NHA9-F1-model_v6.pdb
LRRC52,Q8N7C0,c:\Users\Longer\Documents\自写生信论文\data\structures\AF-Q8N7C0-F1-model_v6.pdb
PRSS41,Q7RTY9,c:\Users\Longer\Documents\自写生信论文\data\structures\AF-Q7RTY9-F1-model_v6.pdb
OR2G3,Q8NGZ4,c:\Users\Longer\Documents\自写生信论文\data\structures\AF-Q8NGZ4-F1-model_v6.pdb
KLRC3,Q07444,c:\Users\Longer\Documents\自写生信论文\data\structures\AF-Q07444-F1-model_v6.pdb
OR2AG2,A6NM03,c:\Users\Longer\Documents\自写生信论文\data\structures\AF-A6NM03-F1-model_v6.pdb
OR1S1,Q8NH92,c:\Users\Longer\Documents\自写生信论文\data\structures\AF-Q8NH92-F1-model_v6.pdb
OR2J3,O76001,c:\Users\Longer\Documents\自写生信论文\data\structures\AF-O76001-F1-model_v6.pdb
LIM2,P55344,c:\Users\Longer\Documents\自写生信论文\data\structures\AF-P55344-F1-model_v6.pdb
OR52E5,Q8NH55,c:\Users\Longer\Documents\自写生信论文\data\structures\AF-Q8NH55-F1-model_v6.pdb
ROS1,P08922,c:\Users\Longer\Documents\自写生信论文\data\structures\AF-P08922-F1-model_v6.pdb
OR8D2,Q9GZM6,c:\Users\Longer\Documents\自写生信论文\data\structures\AF-Q9GZM6-F1-model_v6.pdb
LRTM2,Q8N967,c:\Users\Longer\Documents\自写生信论文\data\structures\AF-Q8N967-F1-model_v6.pdb
OR10J5,Q8NHC4,c:\Users\Longer\Documents\自写生信论文\data\structures\AF-Q8NHC4-F1-model_v6.pdb
OR2L3,Q8NG85,c:\Users\Longer\Documents\自写生信论文\data\structures\AF-Q8NG85-F1-model_v6.pdb
OR51B2,Q9Y5P1,c:\Users\Longer\Documents\自写生信论文\data\structures\AF-Q9Y5P1-F1-model_v6.pdb
RRH,O14718,c:\Users\Longer\Documents\自写生信论文\data\structures\AF-O14718-F1-model_v6.pdb
PCDHA6,Q9UN73,c:\Users\Longer\Documents\自写生信论文\data\structures\AF-Q9UN73-F1-model_v6.pdb
OR6B1,O95007,c:\Users\Longer\Documents\自写生信论文\data\structures\AF-O95007-F1-model_v6.pdb
SLC16A5,O15375,c:\Users\Longer\Documents\自写生信论文\data\structures\AF-O15375-F1-model_v6.pdb
OR5AP2,Q8NGF4,c:\Users\Longer\Documents\自写生信论文\data\structures\AF-Q8NGF4-F1-model_v6.pdb
KIR2DL1,P43626,c:\Users\Longer\Documents\自写生信论文\data\structures\AF-P43626-F1-model_v6.pdb
CLDN22,Q8N7P3,c:\Users\Longer\Documents\自写生信论文\data\structures\AF-Q8N7P3-F1-model_v6.pdb
OR9A4,Q8NGU2,c:\Users\Longer\Documents\自写生信论文\data\structures\AF-Q8NGU2-F1-model_v6.pdb
IL5RA,Q01344,c:\Users\Longer\Documents\自写生信论文\data\structures\AF-Q01344-F1-model_v6.pdb
HCRTR1,O43613,c:\Users\Longer\Documents\自写生信论文\data\structures\AF-O43613-F1-model_v6.pdb
OR51I2,Q9H344,c:\Users\Longer\Documents\自写生信论文\data\structures\AF-Q9H344-F1-model_v6.pdb
SSTR4,P31391,c:\Users\Longer\Documents\自写生信论文\data\structures\AF-P31391-F1-model_v6.pdb
OR4K15,Q8NH41,c:\Users\Longer\Documents\自写生信论文\data\structures\AF-Q8NH41-F1-model_v6.pdb
OR4D10,Q8NGI6,c:\Users\Longer\Documents\自写生信论文\data\structures\AF-Q8NGI6-F1-model_v6.pdb
OR52J3,Q8NH60,c:\Users\Longer\Documents\自写生信论文\data\structures\AF-Q8NH60-F1-model_v6.pdb
CLRN2,A0PK11,c:\Users\Longer\Documents\自写生信论文\data\structures\AF-A0PK11-F1-model_v6.pdb
BTN1A1,Q13410,c:\Users\Longer\Documents\自写生信论文\data\structures\AF-Q13410-F1-model_v6.pdb
FPR2,P25090,c:\Users\Longer\Documents\自写生信论文\data\structures\AF-P25090-F1-model_v6.pdb
HTR6,P50406,c:\Users\Longer\Documents\自写生信论文\data\structures\AF-P50406-F1-model_v6.pdb
OR2B3,O76000,c:\Users\Longer\Documents\自写生信论文\data\structures\AF-O76000-F1-model_v6.pdb
MSLNL,Q96KJ4,c:\Users\Longer\Documents\自写生信论文\data\structures\AF-Q96KJ4-F1-model_v6.pdb
SLCO2B1,O94956,c:\Users\Longer\Documents\自写生信论文\data\structures\AF-O94956-F1-model_v6.pdb
TSHR,P16473,c:\Users\Longer\Documents\自写生信论文\data\structures\AF-P16473-F1-model_v6.pdb
OR6M1,Q8NGM8,c:\Users\Longer\Documents\自写生信论文\data\structures\AF-Q8NGM8-F1-model_v6.pdb
OR52W1,Q6IF63,c:\Users\Longer\Documents\自写生信论文\data\structures\AF-Q6IF63-F1-model_v6.pdb
OR6S1,Q8NH40,c:\Users\Longer\Documents\自写生信论文\data\structures\AF-Q8NH40-F1-model_v6.pdb
OR10G3,Q8NGC4,c:\Users\Longer\Documents\自写生信论文\data\structures\AF-Q8NGC4-F1-model_v6.pdb
OR7G2,Q8NG99,c:\Users\Longer\Documents\自写生信论文\data\structures\AF-Q8NG99-F1-model_v6.pdb
OR9A2,Q8NGT5,c:\Users\Longer\Documents\自写生信论文\data\structures\AF-Q8NGT5-F1-model_v6.pdb
OR4D2,P58180,c:\Users\Longer\Documents\自写生信论文\data\structures\AF-P58180-F1-model_v6.pdb
OR4N4,Q8N0Y3,c:\Users\Longer\Documents\自写生信论文\data\structures\AF-Q8N0Y3-F1-model_v6.pdb
OR51F1,A6NGY5,c:\Users\Longer\Documents\自写生信论文\data\structures\AF-A6NGY5-F1-model_v6.pdb
OR2L5,Q8NG80,c:\Users\Longer\Documents\自写生信论文\data\structures\AF-Q8NG80-F1-model_v6.pdb
EQTN,Q9NQ60,c:\Users\Longer\Documents\自写生信论文\data\structures\AF-Q9NQ60-F1-model_v6.pdb
SLC37A3,Q8NCC5,c:\Users\Longer\Documents\自写生信论文\data\structures\AF-Q8NCC5-F1-model_v6.pdb
OR3A2,P47893,c:\Users\Longer\Documents\自写生信论文\data\structures\AF-P47893-F1-model_v6.pdb
OR5A1,Q8NGJ0,c:\Users\Longer\Documents\自写生信论文\data\structures\AF-Q8NGJ0-F1-model_v6.pdb
SIGLEC5,O15389,c:\Users\Longer\Documents\自写生信论文\data\structures\AF-O15389-F1-model_v6.pdb
NPSR1,Q6W5P4,c:\Users\Longer\Documents\自写生信论文\data\structures\AF-Q6W5P4-F1-model_v6.pdb
RXFP2,Q8WXD0,c:\Users\Longer\Documents\自写生信论文\data\structures\AF-Q8WXD0-F1-model_v6.pdb
OR52N1,Q8NH53,c:\Users\Longer\Documents\自写生信论文\data\structures\AF-Q8NH53-F1-model_v6.pdb
OR10D4P,Q8NGN7,c:\Users\Longer\Documents\自写生信论文\data\structures\AF-Q8NGN7-F1-model_v6.pdb
SLC22A25,Q6T423,c:\Users\Longer\Documents\自写生信论文\data\structures\AF-Q6T423-F1-model_v6.pdb
OR7C2,O60412,c:\Users\Longer\Documents\自写生信论文\data\structures\AF-O60412-F1-model_v6.pdb
OR2W6P,Q8NHA6,c:\Users\Longer\Documents\自写生信论文\data\structures\AF-Q8NHA6-F1-model_v6.pdb
OR4N5,Q8IXE1,c:\Users\Longer\Documents\自写生信论文\data\structures\AF-Q8IXE1-F1-model_v6.pdb
OR7A10,O76100,c:\Users\Longer\Documents\自写生信论文\data\structures\AF-O76100-F1-model_v6.pdb
AQP10,Q96PS8,c:\Users\Longer\Documents\自写生信论文\data\structures\AF-Q96PS8-F1-model_v6.pdb
JAG2,Q9Y219,c:\Users\Longer\Documents\自写生信论文\data\structures\AF-Q9Y219-F1-model_v6.pdb
OR2L8,Q8NGY9,c:\Users\Longer\Documents\自写生信论文\data\structures\AF-Q8NGY9-F1-model_v6.pdb
OR10Z1,Q8NGY1,c:\Users\Longer\Documents\自写生信论文\data\structures\AF-Q8NGY1-F1-model_v6.pdb
SLC6A6,P31641,c:\Users\Longer\Documents\自写生信论文\data\structures\AF-P31641-F1-model_v6.pdb
OR13C5,Q8NGS8,c:\Users\Longer\Documents\自写生信论文\data\structures\AF-Q8NGS8-F1-model_v6.pdb
OR1K1,Q8NGR3,c:\Users\Longer\Documents\自写生信论文\data\structures\AF-Q8NGR3-F1-model_v6.pdb
OR8B4,Q96RC9,c:\Users\Longer\Documents\自写生信论文\data\structures\AF-Q96RC9-F1-model_v6.pdb
ENPP1,P22413,c:\Users\Longer\Documents\自写生信论文\data\structures\AF-P22413-F1-model_v6.pdb
FSHR,P23945,c:\Users\Longer\Documents\自写生信论文\data\structures\AF-P23945-F1-model_v6.pdb
ABCB4,P21439,c:\Users\Longer\Documents\自写生信论文\data\structures\AF-P21439-F1-model_v6.pdb
GPR15,P49685,c:\Users\Longer\Documents\自写生信论文\data\structures\AF-P49685-F1-model_v6.pdb
OR4K5,Q8NGD3,c:\Users\Longer\Documents\自写生信论文\data\structures\AF-Q8NGD3-F1-model_v6.pdb
SLC6A8,P48029,c:\Users\Longer\Documents\自写生信论文\data\structures\AF-P48029-F1-model_v6.pdb
OR10A6,Q8NH74,c:\Users\Longer\Documents\自写生信论文\data\structures\AF-Q8NH74-F1-model_v6.pdb
OR51D1,Q8NGF3,c:\Users\Longer\Documents\自写生信论文\data\structures\AF-Q8NGF3-F1-model_v6.pdb
OR6T1,Q8NGN1,c:\Users\Longer\Documents\自写生信论文\data\structures\AF-Q8NGN1-F1-model_v6.pdb
OR2AP1,Q8NGE2,c:\Users\Longer\Documents\自写生信论文\data\structures\AF-Q8NGE2-F1-model_v6.pdb
OR2L13,Q8N349,c:\Users\Longer\Documents\自写生信论文\data\structures\AF-Q8N349-F1-model_v6.pdb
SLCO6A1,Q86UG4,c:\Users\Longer\Documents\自写生信论文\data\structures\AF-Q86UG4-F1-model_v6.pdb
HTR3D,Q70Z44,c:\Users\Longer\Documents\自写生信论文\data\structures\AF-Q70Z44-F1-model_v6.pdb
OR5A2,Q8NGI9,c:\Users\Longer\Documents\自写生信论文\data\structures\AF-Q8NGI9-F1-model_v6.pdb
XKR3,Q5GH77,c:\Users\Longer\Documents\自写生信论文\data\structures\AF-Q5GH77-F1-model_v6.pdb
OR6V1,Q8N148,c:\Users\Longer\Documents\自写生信论文\data\structures\AF-Q8N148-F1-model_v6.pdb
OR4C6,Q8NH72,c:\Users\Longer\Documents\自写生信论文\data\structures\AF-Q8NH72-F1-model_v6.pdb
LRP6,O75581,c:\Users\Longer\Documents\自写生信论文\data\structures\AF-O75581-F1-model_v6.pdb
ERVV-2,B6SEH9,c:\Users\Longer\Documents\自写生信论文\data\structures\AF-B6SEH9-F1-model_v6.pdb
TAAR8,Q969N4,c:\Users\Longer\Documents\自写生信论文\data\structures\AF-Q969N4-F1-model_v6.pdb
OR9Q2,Q8NGE9,c:\Users\Longer\Documents\自写生信论文\data\structures\AF-Q8NGE9-F1-model_v6.pdb
OR10A5,Q9H207,c:\Users\Longer\Documents\自写生信论文\data\structures\AF-Q9H207-F1-model_v6.pdb
OR1L6,Q8NGR2,c:\Users\Longer\Documents\自写生信论文\data\structures\AF-Q8NGR2-F1-model_v6.pdb
SLC17A1,Q14916,c:\Users\Longer\Documents\自写生信论文\data\structures\AF-Q14916-F1-model_v6.pdb
IMPG2,Q9BZV3,c:\Users\Longer\Documents\自写生信论文\data\structures\AF-Q9BZV3-F1-model_v6.pdb
OR5M9,Q8NGP3,c:\Users\Longer\Documents\自写生信论文\data\structures\AF-Q8NGP3-F1-model_v6.pdb
MANSC4,A6NHS7,c:\Users\Longer\Documents\自写生信论文\data\structures\AF-A6NHS7-F1-model_v6.pdb
FAM187B,Q17R55,c:\Users\Longer\Documents\自写生信论文\data\structures\AF-Q17R55-F1-model_v6.pdb
PCDHB14,Q9Y5E9,c:\Users\Longer\Documents\自写生信论文\data\structures\AF-Q9Y5E9-F1-model_v6.pdb
MAS1,P04201,c:\Users\Longer\Documents\自写生信论文\data\structures\AF-P04201-F1-model_v6.pdb
OR8H3,Q8N146,c:\Users\Longer\Documents\自写生信论文\data\structures\AF-Q8N146-F1-model_v6.pdb
OTOP1,Q7RTM1,c:\Users\Longer\Documents\自写生信论文\data\structures\AF-Q7RTM1-F1-model_v6.pdb
OR14K1,Q8NGZ2,c:\Users\Longer\Documents\自写生信论文\data\structures\AF-Q8NGZ2-F1-model_v6.pdb
OR10G2,Q8NGC3,c:\Users\Longer\Documents\自写生信论文\data\structures\AF-Q8NGC3-F1-model_v6.pdb
OR5H15,A6NDH6,c:\Users\Longer\Documents\自写生信论文\data\structures\AF-A6NDH6-F1-model_v6.pdb
TP53I13,Q8NBR0,c:\Users\Longer\Documents\自写生信论文\data\structures\AF-Q8NBR0-F1-model_v6.pdb
OR2AK2,Q8NG84,c:\Users\Longer\Documents\自写生信论文\data\structures\AF-Q8NG84-F1-model_v6.pdb
PKD1L3,Q7Z443,c:\Users\Longer\Documents\自写生信论文\data\structures\AF-Q7Z443-F1-model_v6.pdb
NTSR1,P30989,c:\Users\Longer\Documents\自写生信论文\data\structures\AF-P30989-F1-model_v6.pdb
CLEC12B,Q2HXU8,c:\Users\Longer\Documents\自写生信论文\data\structures\AF-Q2HXU8-F1-model_v6.pdb
OR5W2,Q8NH69,c:\Users\Longer\Documents\自写生信论文\data\structures\AF-Q8NH69-F1-model_v6.pdb
CDH6,P55285,c:\Users\Longer\Documents\自写生信论文\data\structures\AF-P55285-F1-model_v6.pdb
OR2T7,P0C7T2,c:\Users\Longer\Documents\自写生信论文\data\structures\AF-P0C7T2-F1-model_v6.pdb
GLRB,P48167,c:\Users\Longer\Documents\自写生信论文\data\structures\AF-P48167-F1-model_v6.pdb
OR52I1,Q8NGK6,c:\Users\Longer\Documents\自写生信论文\data\structures\AF-Q8NGK6-F1-model_v6.pdb
OR4D6,Q8NGJ1,c:\Users\Longer\Documents\自写生信论文\data\structures\AF-Q8NGJ1-F1-model_v6.pdb
OR5M8,Q8NGP6,c:\Users\Longer\Documents\自写生信论文\data\structures\AF-Q8NGP6-F1-model_v6.pdb
MIP,P30301,c:\Users\Longer\Documents\自写生信论文\data\structures\AF-P30301-F1-model_v6.pdb
TRPV5,Q9NQA5,c:\Users\Longer\Documents\自写生信论文\data\structures\AF-Q9NQA5-F1-model_v6.pdb
OR2T2,Q6IF00,c:\Users\Longer\Documents\自写生信论文\data\structures\AF-Q6IF00-F1-model_v6.pdb
GPR21,Q99679,c:\Users\Longer\Documents\自写生信论文\data\structures\AF-Q99679-F1-model_v6.pdb
GP6,Q9HCN6,c:\Users\Longer\Documents\自写生信论文\data\structures\AF-Q9HCN6-F1-model_v6.pdb
SPAM1,P38567,c:\Users\Longer\Documents\自写生信论文\data\structures\AF-P38567-F1-model_v6.pdb
GPR139,Q6DWJ6,c:\Users\Longer\Documents\自写生信论文\data\structures\AF-Q6DWJ6-F1-model_v6.pdb
OR4L1,Q8NH43,c:\Users\Longer\Documents\自写生信论文\data\structures\AF-Q8NH43-F1-model_v6.pdb
SGCZ,Q96LD1,c:\Users\Longer\Documents\自写生信论文\data\structures\AF-Q96LD1-F1-model_v6.pdb
OR4D9,Q8NGE8,c:\Users\Longer\Documents\自写生信论文\data\structures\AF-Q8NGE8-F1-model_v6.pdb
GPR42,O15529,c:\Users\Longer\Documents\自写生信论文\data\structures\AF-O15529-F1-model_v6.pdb
CLEC1B,Q9P126,c:\Users\Longer\Documents\自写生信论文\data\structures\AF-Q9P126-F1-model_v6.pdb
OR10H1,Q9Y4A9,c:\Users\Longer\Documents\自写生信论文\data\structures\AF-Q9Y4A9-F1-model_v6.pdb
RHO,P08100,c:\Users\Longer\Documents\自写生信论文\data\structures\AF-P08100-F1-model_v6.pdb
OPN5,Q6U736,c:\Users\Longer\Documents\自写生信论文\data\structures\AF-Q6U736-F1-model_v6.pdb
OR4F3,Q6IEY1,c:\Users\Longer\Documents\自写生信论文\data\structures\AF-Q6IEY1-F1-model_v6.pdb
OR52E6,Q96RD3,c:\Users\Longer\Documents\自写生信论文\data\structures\AF-Q96RD3-F1-model_v6.pdb
CEACAM20,Q6UY09,c:\Users\Longer\Documents\自写生信论文\data\structures\AF-Q6UY09-F1-model_v6.pdb
OR56A4,Q8NGH8,c:\Users\Longer\Documents\自写生信论文\data\structures\AF-Q8NGH8-F1-model_v6.pdb
OR10H4,Q8NGA5,c:\Users\Longer\Documents\自写生信论文\data\structures\AF-Q8NGA5-F1-model_v6.pdb
CNTNAP5,Q8WYK1,c:\Users\Longer\Documents\自写生信论文\data\structures\AF-Q8WYK1-F1-model_v6.pdb
OR52L1,Q8NGH7,c:\Users\Longer\Documents\自写生信论文\data\structures\AF-Q8NGH7-F1-model_v6.pdb
OR4K17,Q8NGC6,c:\Users\Longer\Documents\自写生信论文\data\structures\AF-Q8NGC6-F1-model_v6.pdb
GYPA,P02724,c:\Users\Longer\Documents\自写生信论文\data\structures\AF-P02724-F1-model_v6.pdb
SLC22A8,Q8TCC7,c:\Users\Longer\Documents\自写生信论文\data\structures\AF-Q8TCC7-F1-model_v6.pdb
IL12RB2,Q99665,c:\Users\Longer\Documents\自写生信论文\data\structures\AF-Q99665-F1-model_v6.pdb
GML,Q99445,c:\Users\Longer\Documents\自写生信论文\data\structures\AF-Q99445-F1-model_v6.pdb
ABCC12,Q96J65,c:\Users\Longer\Documents\自写生信论文\data\structures\AF-Q96J65-F1-model_v6.pdb
GRM6,O15303,c:\Users\Longer\Documents\自写生信论文\data\structures\AF-O15303-F1-model_v6.pdb
OR4K14,Q8NGD5,c:\Users\Longer\Documents\自写生信论文\data\structures\AF-Q8NGD5-F1-model_v6.pdb
TRPV2,Q9Y5S1,c:\Users\Longer\Documents\自写生信论文\data\structures\AF-Q9Y5S1-F1-model_v6.pdb
OR13H1,Q8NG92,c:\Users\Longer\Documents\自写生信论文\data\structures\AF-Q8NG92-F1-model_v6.pdb
OR2M5,A3KFT3,c:\Users\Longer\Documents\自写生信论文\data\structures\AF-A3KFT3-F1-model_v6.pdb
SLC22A14,Q9Y267,c:\Users\Longer\Documents\自写生信论文\data\structures\AF-Q9Y267-F1-model_v6.pdb
OR8J2,Q8NGG1,c:\Users\Longer\Documents\自写生信论文\data\structures\AF-Q8NGG1-F1-model_v6.pdb
TAAR1,Q96RJ0,c:\Users\Longer\Documents\自写生信论文\data\structures\AF-Q96RJ0-F1-model_v6.pdb
OR5P3,Q8WZ94,c:\Users\Longer\Documents\自写生信论文\data\structures\AF-Q8WZ94-F1-model_v6.pdb
OR52M1,Q8NGK5,c:\Users\Longer\Documents\自写生信论文\data\structures\AF-Q8NGK5-F1-model_v6.pdb
TAS2R8,Q9NYW2,c:\Users\Longer\Documents\自写生信论文\data\structures\AF-Q9NYW2-F1-model_v6.pdb
OR3A1,P47881,c:\Users\Longer\Documents\自写生信论文\data\structures\AF-P47881-F1-model_v6.pdb
ITGAM,P11215,c:\Users\Longer\Documents\自写生信论文\data\structures\AF-P11215-F1-model_v6.pdb
OR1S2,Q8NGQ3,c:\Users\Longer\Documents\自写生信论文\data\structures\AF-Q8NGQ3-F1-model_v6.pdb
OR52E1,Q8NGJ3,c:\Users\Longer\Documents\自写生信论文\data\structures\AF-Q8NGJ3-F1-model_v6.pdb
OR1A1,Q9P1Q5,c:\Users\Longer\Documents\自写生信论文\data\structures\AF-Q9P1Q5-F1-model_v6.pdb
IL17RA,Q96F46,c:\Users\Longer\Documents\自写生信论文\data\structures\AF-Q96F46-F1-model_v6.pdb
OTOP2,Q7RTS6,c:\Users\Longer\Documents\自写生信论文\data\structures\AF-Q7RTS6-F1-model_v6.pdb
CHRM5,P08912,c:\Users\Longer\Documents\自写生信论文\data\structures\AF-P08912-F1-model_v6.pdb
GRM1,Q13255,c:\Users\Longer\Documents\自写生信论文\data\structures\AF-Q13255-F1-model_v6.pdb
SLC18A3,Q16572,c:\Users\Longer\Documents\自写生信论文\data\structures\AF-Q16572-F1-model_v6.pdb
CD160,O95971,c:\Users\Longer\Documents\自写生信论文\data\structures\AF-O95971-F1-model_v6.pdb
OR9K2,Q8NGE7,c:\Users\Longer\Documents\自写生信论文\data\structures\AF-Q8NGE7-F1-model_v6.pdb
KLRF2,D3W0D1,c:\Users\Longer\Documents\自写生信论文\data\structures\AF-D3W0D1-F1-model_v6.pdb
OR13D1,Q8NGV5,c:\Users\Longer\Documents\自写生信论文\data\structures\AF-Q8NGV5-F1-model_v6.pdb
OR2B2,Q9GZK3,c:\Users\Longer\Documents\自写生信论文\data\structures\AF-Q9GZK3-F1-model_v6.pdb
AREG,P15514,c:\Users\Longer\Documents\自写生信论文\data\structures\AF-P15514-F1-model_v6.pdb
PTCHD3,Q3KNS1,c:\Users\Longer\Documents\自写生信论文\data\structures\AF-Q3KNS1-F1-model_v6.pdb
MPL,P40238,c:\Users\Longer\Documents\自写生信论文\data\structures\AF-P40238-F1-model_v6.pdb
SLC13A1,Q9BZW2,c:\Users\Longer\Documents\自写生信论文\data\structures\AF-Q9BZW2-F1-model_v6.pdb
OR51I1,Q9H343,c:\Users\Longer\Documents\自写生信论文\data\structures\AF-Q9H343-F1-model_v6.pdb
TAS2R3,Q9NYW6,c:\Users\Longer\Documents\自写生信论文\data\structures\AF-Q9NYW6-F1-model_v6.pdb
OR5AK2,Q8NH90,c:\Users\Longer\Documents\自写生信论文\data\structures\AF-Q8NH90-F1-model_v6.pdb
OR2A14,Q96R47,c:\Users\Longer\Documents\自写生信论文\data\structures\AF-Q96R47-F1-model_v6.pdb
SLC15A5,A6NIM6,c:\Users\Longer\Documents\自写生信论文\data\structures\AF-A6NIM6-F1-model_v6.pdb
CHRM4,P08173,c:\Users\Longer\Documents\自写生信论文\data\structures\AF-P08173-F1-model_v6.pdb
OR4N2,Q8NGD1,c:\Users\Longer\Documents\自写生信论文\data\structures\AF-Q8NGD1-F1-model_v6.pdb
OR4B1,Q8NGF8,c:\Users\Longer\Documents\自写生信论文\data\structures\AF-Q8NGF8-F1-model_v6.pdb
IZUMO3,Q5VZ72,c:\Users\Longer\Documents\自写生信论文\data\structures\AF-Q5VZ72-F1-model_v6.pdb
OR12D2,P58182,c:\Users\Longer\Documents\自写生信论文\data\structures\AF-P58182-F1-model_v6.pdb
OR1J1,Q8NGS3,c:\Users\Longer\Documents\自写生信论文\data\structures\AF-Q8NGS3-F1-model_v6.pdb
OR9G4,Q8NGQ1,c:\Users\Longer\Documents\自写生信论文\data\structures\AF-Q8NGQ1-F1-model_v6.pdb
CLDN24,A6NM45,c:\Users\Longer\Documents\自写生信论文\data\structures\AF-A6NM45-F1-model_v6.pdb
MCHR2,Q969V1,c:\Users\Longer\Documents\自写生信论文\data\structures\AF-Q969V1-F1-model_v6.pdb
OR2T11,Q8NH01,c:\Users\Longer\Documents\自写生信论文\data\structures\AF-Q8NH01-F1-model_v6.pdb
KLRK1,P26718,c:\Users\Longer\Documents\自写生信论文\data\structures\AF-P26718-F1-model_v6.pdb
TAAR2,Q9P1P5,c:\Users\Longer\Documents\自写生信论文\data\structures\AF-Q9P1P5-F1-model_v6.pdb
NCR1,O76036,c:\Users\Longer\Documents\自写生信论文\data\structures\AF-O76036-F1-model_v6.pdb
OR2A4,O95047,c:\Users\Longer\Documents\自写生信论文\data\structures\AF-O95047-F1-model_v6.pdb
OR2V2,Q96R30,c:\Users\Longer\Documents\自写生信论文\data\structures\AF-Q96R30-F1-model_v6.pdb
OR4S1,Q8NGB4,c:\Users\Longer\Documents\自写生信论文\data\structures\AF-Q8NGB4-F1-model_v6.pdb
ADAM20,O43506,c:\Users\Longer\Documents\自写生信论文\data\structures\AF-O43506-F1-model_v6.pdb
OR2B11,Q5JQS5,c:\Users\Longer\Documents\自写生信论文\data\structures\AF-Q5JQS5-F1-model_v6.pdb
OR51Q1,Q8NH59,c:\Users\Longer\Documents\自写生信论文\data\structures\AF-Q8NH59-F1-model_v6.pdb
CXCR2,P25025,c:\Users\Longer\Documents\自写生信论文\data\structures\AF-P25025-F1-model_v6.pdb
AMIGO3,Q86WK7,c:\Users\Longer\Documents\自写生信论文\data\structures\AF-Q86WK7-F1-model_v6.pdb
OR7E24,Q6IFN5,c:\Users\Longer\Documents\自写生信论文\data\structures\AF-Q6IFN5-F1-model_v6.pdb
OR51V1,Q9H2C8,c:\Users\Longer\Documents\自写生信论文\data\structures\AF-Q9H2C8-F1-model_v6.pdb
OR5B17,Q8NGF7,c:\Users\Longer\Documents\自写生信论文\data\structures\AF-Q8NGF7-F1-model_v6.pdb
OR1E2,P47887,c:\Users\Longer\Documents\自写生信论文\data\structures\AF-P47887-F1-model_v6.pdb
OR2H2,O95918,c:\Users\Longer\Documents\自写生信论文\data\structures\AF-O95918-F1-model_v6.pdb
OR10X1,Q8NGY0,c:\Users\Longer\Documents\自写生信论文\data\structures\AF-Q8NGY0-F1-model_v6.pdb
OR8I2,Q8N0Y5,c:\Users\Longer\Documents\自写生信论文\data\structures\AF-Q8N0Y5-F1-model_v6.pdb
OR51G2,Q8NGK0,c:\Users\Longer\Documents\自写生信论文\data\structures\AF-Q8NGK0-F1-model_v6.pdb
ASIC5,Q9NY37,c:\Users\Longer\Documents\自写生信论文\data\structures\AF-Q9NY37-F1-model_v6.pdb
OR5AS1,Q8N127,c:\Users\Longer\Documents\自写生信论文\data\structures\AF-Q8N127-F1-model_v6.pdb
OR2T8,A6NH00,c:\Users\Longer\Documents\自写生信论文\data\structures\AF-A6NH00-F1-model_v6.pdb
INSR,P06213,c:\Users\Longer\Documents\自写生信论文\data\structures\AF-P06213-F1-model_v6.pdb
OR2A1,Q8NGT9,c:\Users\Longer\Documents\自写生信论文\data\structures\AF-Q8NGT9-F1-model_v6.pdb
SLC17A6,Q9P2U8,c:\Users\Longer\Documents\自写生信论文\data\structures\AF-Q9P2U8-F1-model_v6.pdb
SPACA1,Q9HBV2,c:\Users\Longer\Documents\自写生信论文\data\structures\AF-Q9HBV2-F1-model_v6.pdb
OR5B2,Q96R09,c:\Users\Longer\Documents\自写生信论文\data\structures\AF-Q96R09-F1-model_v6.pdb
OR10K2,Q6IF99,c:\Users\Longer\Documents\自写生信论文\data\structures\AF-Q6IF99-F1-model_v6.pdb
OR5AK3P,Q8NH89,c:\Users\Longer\Documents\自写生信论文\data\structures\AF-Q8NH89-F1-model_v6.pdb
GPR101,Q96P66,c:\Users\Longer\Documents\自写生信论文\data\structures\AF-Q96P66-F1-model_v6.pdb
OR1J4,Q8NGS1,c:\Users\Longer\Documents\自写生信论文\data\structures\AF-Q8NGS1-F1-model_v6.pdb
OR8A1,Q8NGG7,c:\Users\Longer\Documents\自写生信论文\data\structures\AF-Q8NGG7-F1-model_v6.pdb
GPR156,Q8NFN8,c:\Users\Longer\Documents\自写生信论文\data\structures\AF-Q8NFN8-F1-model_v6.pdb
OR4K1,Q8NGD4,c:\Users\Longer\Documents\自写生信论文\data\structures\AF-Q8NGD4-F1-model_v6.pdb
CCKAR,P32238,c:\Users\Longer\Documents\自写生信论文\data\structures\AF-P32238-F1-model_v6.pdb
HTR1A,P08908,c:\Users\Longer\Documents\自写生信论文\data\structures\AF-P08908-F1-model_v6.pdb
OR5AU1,Q8NGC0,c:\Users\Longer\Documents\自写生信论文\data\structures\AF-Q8NGC0-F1-model_v6.pdb
OR14A2,Q96R54,c:\Users\Longer\Documents\自写生信论文\data\structures\AF-Q96R54-F1-model_v6.pdb
OR2T3,Q8NH03,c:\Users\Longer\Documents\自写生信论文\data\structures\AF-Q8NH03-F1-model_v6.pdb
OR4D1,Q15615,c:\Users\Longer\Documents\自写生信论文\data\structures\AF-Q15615-F1-model_v6.pdb
OR5D13,Q8NGL4,c:\Users\Longer\Documents\自写生信论文\data\structures\AF-Q8NGL4-F1-model_v6.pdb
OR13C3,Q8NGS6,c:\Users\Longer\Documents\自写生信论文\data\structures\AF-Q8NGS6-F1-model_v6.pdb
OR2A12,Q8NGT7,c:\Users\Longer\Documents\自写生信论文\data\structures\AF-Q8NGT7-F1-model_v6.pdb
NRG1,Q02297,c:\Users\Longer\Documents\自写生信论文\data\structures\AF-Q02297-F1-model_v6.pdb
SIGLECL1,Q8N7X8,c:\Users\Longer\Documents\自写生信论文\data\structures\AF-Q8N7X8-F1-model_v6.pdb
GPRC6A,Q5T6X5,c:\Users\Longer\Documents\自写生信论文\data\structures\AF-Q5T6X5-F1-model_v6.pdb
ADAM18,Q9Y3Q7,c:\Users\Longer\Documents\自写生信论文\data\structures\AF-Q9Y3Q7-F1-model_v6.pdb
OR2F1,Q13607,c:\Users\Longer\Documents\自写生信论文\data\structures\AF-Q13607-F1-model_v6.pdb
GABRR1,P24046,c:\Users\Longer\Documents\自写生信论文\data\structures\AF-P24046-F1-model_v6.pdb
OR7D4,Q8NG98,c:\Users\Longer\Documents\自写生信论文\data\structures\AF-Q8NG98-F1-model_v6.pdb
OR2T1,O43869,c:\Users\Longer\Documents\自写生信论文\data\structures\AF-O43869-F1-model_v6.pdb
SLC10A2,Q12908,c:\Users\Longer\Documents\自写生信论文\data\structures\AF-Q12908-F1-model_v6.pdb
SLC24A5,Q71RS6,c:\Users\Longer\Documents\自写生信论文\data\structures\AF-Q71RS6-F1-model_v6.pdb
OR14I1,A6ND48,c:\Users\Longer\Documents\自写生信论文\data\structures\AF-A6ND48-F1-model_v6.pdb
OR14A16,Q8NHC5,c:\Users\Longer\Documents\自写生信论文\data\structures\AF-Q8NHC5-F1-model_v6.pdb
TAS2R7,Q9NYW3,c:\Users\Longer\Documents\自写生信论文\data\structures\AF-Q9NYW3-F1-model_v6.pdb
GPR32P1,Q8NGA4,c:\Users\Longer\Documents\自写生信论文\data\structures\AF-Q8NGA4-F1-model_v6.pdb
OR1F2P,Q96R84,c:\Users\Longer\Documents\自写生信论文\data\structures\AF-Q96R84-F1-model_v6.pdb
TAS1R2,Q8TE23,c:\Users\Longer\Documents\自写生信论文\data\structures\AF-Q8TE23-F1-model_v6.pdb
OR2G6,Q5TZ20,c:\Users\Longer\Documents\自写生信论文\data\structures\AF-Q5TZ20-F1-model_v6.pdb
OR2C1,O95371,c:\Users\Longer\Documents\自写生信论文\data\structures\AF-O95371-F1-model_v6.pdb
OR8J3,Q8NGG0,c:\Users\Longer\Documents\自写生信论文\data\structures\AF-Q8NGG0-F1-model_v6.pdb
ADRB3,P13945,c:\Users\Longer\Documents\自写生信论文\data\structures\AF-P13945-F1-model_v6.pdb
OR11H12,B2RN74,c:\Users\Longer\Documents\自写生信论文\data\structures\AF-B2RN74-F1-model_v6.pdb
GABRR2,P28476,c:\Users\Longer\Documents\自写生信论文\data\structures\AF-P28476-F1-model_v6.pdb
OR4F4,Q96R69,c:\Users\Longer\Documents\自写生信论文\data\structures\AF-Q96R69-F1-model_v6.pdb
OR5I1,Q13606,c:\Users\Longer\Documents\自写生信论文\data\structures\AF-Q13606-F1-model_v6.pdb
OR5P2,Q8WZ92,c:\Users\Longer\Documents\自写生信论文\data\structures\AF-Q8WZ92-F1-model_v6.pdb
OR10H5,Q8NGA6,c:\Users\Longer\Documents\自写生信论文\data\structures\AF-Q8NGA6-F1-model_v6.pdb
GLP1R,P43220,c:\Users\Longer\Documents\自写生信论文\data\structures\AF-P43220-F1-model_v6.pdb
DSG3,P32926,c:\Users\Longer\Documents\自写生信论文\data\structures\AF-P32926-F1-model_v6.pdb
OR1A2,Q9Y585,c:\Users\Longer\Documents\自写生信论文\data\structures\AF-Q9Y585-F1-model_v6.pdb
CLEC9A,Q6UXN8,c:\Users\Longer\Documents\自写生信论文\data\structures\AF-Q6UXN8-F1-model_v6.pdb
CD200,P41217,c:\Users\Longer\Documents\自写生信论文\data\structures\AF-P41217-F1-model_v6.pdb
UMOD,P07911,c:\Users\Longer\Documents\自写生信论文\data\structures\AF-P07911-F1-model_v6.pdb
OR5AL1,P0C617,c:\Users\Longer\Documents\自写生信论文\data\structures\AF-P0C617-F1-model_v6.pdb
OR13A1,Q8NGR1,c:\Users\Longer\Documents\自写生信论文\data\structures\AF-Q8NGR1-F1-model_v6.pdb
OR5J2,Q8NH18,c:\Users\Longer\Documents\自写生信论文\data\structures\AF-Q8NH18-F1-model_v6.pdb
OPN1MW,P04001,c:\Users\Longer\Documents\自写生信论文\data\structures\AF-P04001-F1-model_v6.pdb
OR1D5,P58170,c:\Users\Longer\Documents\自写生信论文\data\structures\AF-P58170-F1-model_v6.pdb
MRGPRX3,Q96LB0,c:\Users\Longer\Documents\自写生信论文\data\structures\AF-Q96LB0-F1-model_v6.pdb
HTR1F,P30939,c:\Users\Longer\Documents\自写生信论文\data\structures\AF-P30939-F1-model_v6.pdb
OR2D2,Q9H210,c:\Users\Longer\Documents\自写生信论文\data\structures\AF-Q9H210-F1-model_v6.pdb
OR2T27,Q8NH04,c:\Users\Longer\Documents\自写生信论文\data\structures\AF-Q8NH04-F1-model_v6.pdb
ADAM7,Q9H2U9,c:\Users\Longer\Documents\自写生信论文\data\structures\AF-Q9H2U9-F1-model_v6.pdb
OR56B4,Q8NH76,c:\Users\Longer\Documents\自写生信论文\data\structures\AF-Q8NH76-F1-model_v6.pdb
SIGLEC1,Q9BZZ2,c:\Users\Longer\Documents\自写生信论文\data\structures\AF-Q9BZZ2-F1-model_v6.pdb
GPR55,Q9Y2T6,c:\Users\Longer\Documents\自写生信论文\data\structures\AF-Q9Y2T6-F1-model_v6.pdb
AGTR2,P50052,c:\Users\Longer\Documents\自写生信论文\data\structures\AF-P50052-F1-model_v6.pdb
SLCO1B7,G3V0H7,c:\Users\Longer\Documents\自写生信论文\data\structures\AF-G3V0H7-F1-model_v6.pdb
HTR3C,Q8WXA8,c:\Users\Longer\Documents\自写生信论文\data\structures\AF-Q8WXA8-F1-model_v6.pdb
PKDREJ,Q9NTG1,c:\Users\Longer\Documents\自写生信论文\data\structures\AF-Q9NTG1-F1-model_v6.pdb
EPGN,Q6UW88,c:\Users\Longer\Documents\自写生信论文\data\structures\AF-Q6UW88-F1-model_v6.pdb
CACNG3,O60359,c:\Users\Longer\Documents\自写生信论文\data\structures\AF-O60359-F1-model_v6.pdb
OR52N5,Q8NH56,c:\Users\Longer\Documents\自写生信论文\data\structures\AF-Q8NH56-F1-model_v6.pdb
OR2W1,Q9Y3N9,c:\Users\Longer\Documents\自写生信论文\data\structures\AF-Q9Y3N9-F1-model_v6.pdb
ERVFRD-1,P60508,c:\Users\Longer\Documents\自写生信论文\data\structures\AF-P60508-F1-model_v6.pdb
OR10G4,Q8NGN3,c:\Users\Longer\Documents\自写生信论文\data\structures\AF-Q8NGN3-F1-model_v6.pdb
OR56A1,Q8NGH5,c:\Users\Longer\Documents\自写生信论文\data\structures\AF-Q8NGH5-F1-model_v6.pdb
SLC6A18,Q96N87,c:\Users\Longer\Documents\自写生信论文\data\structures\AF-Q96N87-F1-model_v6.pdb
OR5T3,Q8NGG3,c:\Users\Longer\Documents\自写生信论文\data\structures\AF-Q8NGG3-F1-model_v6.pdb
OR5F1,O95221,c:\Users\Longer\Documents\自写生信论文\data\structures\AF-O95221-F1-model_v6.pdb
OR5M10,Q6IEU7,c:\Users\Longer\Documents\自写生信论文\data\structures\AF-Q6IEU7-F1-model_v6.pdb
OR8G1,Q15617,c:\Users\Longer\Documents\自写生信论文\data\structures\AF-Q15617-F1-model_v6.pdb
OR4F5,Q8NH21,c:\Users\Longer\Documents\自写生信论文\data\structures\AF-Q8NH21-F1-model_v6.pdb
OR7G1,Q8NGA0,c:\Users\Longer\Documents\自写生信论文\data\structures\AF-Q8NGA0-F1-model_v6.pdb
OR5D14,Q8NGL3,c:\Users\Longer\Documents\自写生信论文\data\structures\AF-Q8NGL3-F1-model_v6.pdb
GLRA3,O75311,c:\Users\Longer\Documents\自写生信论文\data\structures\AF-O75311-F1-model_v6.pdb
OR10G9,Q8NGN4,c:\Users\Longer\Documents\自写生信论文\data\structures\AF-Q8NGN4-F1-model_v6.pdb
SLC2A7,Q6PXP3,c:\Users\Longer\Documents\自写生信论文\data\structures\AF-Q6PXP3-F1-model_v6.pdb
OR4Q2,P0C623,c:\Users\Longer\Documents\自写生信论文\data\structures\AF-P0C623-F1-model_v6.pdb
OR4F6,Q8NGB9,c:\Users\Longer\Documents\自写生信论文\data\structures\AF-Q8NGB9-F1-model_v6.pdb
OR10W1,Q8NGF6,c:\Users\Longer\Documents\自写生信论文\data\structures\AF-Q8NGF6-F1-model_v6.pdb
TLR9,Q9NR96,c:\Users\Longer\Documents\自写生信论文\data\structures\AF-Q9NR96-F1-model_v6.pdb
GP1BA,P07359,c:\Users\Longer\Documents\自写生信论文\data\structures\AF-P07359-F1-model_v6.pdb
ALK,Q9UM73,c:\Users\Longer\Documents\自写生信论文\data\structures\AF-Q9UM73-F1-model_v6.pdb
OR5AC2,Q9NZP5,c:\Users\Longer\Documents\自写生信论文\data\structures\AF-Q9NZP5-F1-model_v6.pdb
OR6Q1,Q8NGQ2,c:\Users\Longer\Documents\自写生信论文\data\structures\AF-Q8NGQ2-F1-model_v6.pdb
GJD2,Q9UKL4,c:\Users\Longer\Documents\自写生信论文\data\structures\AF-Q9UKL4-F1-model_v6.pdb
HTR3B,O95264,c:\Users\Longer\Documents\自写生信论文\data\structures\AF-O95264-F1-model_v6.pdb
OR1J2,Q8NGS2,c:\Users\Longer\Documents\自写生信论文\data\structures\AF-Q8NGS2-F1-model_v6.pdb
ABCB5,Q2M3G0,c:\Users\Longer\Documents\自写生信论文\data\structures\AF-Q2M3G0-F1-model_v6.pdb
LPAR4,Q99677,c:\Users\Longer\Documents\自写生信论文\data\structures\AF-Q99677-F1-model_v6.pdb
OR2V1,Q8NHB1,c:\Users\Longer\Documents\自写生信论文\data\structures\AF-Q8NHB1-F1-model_v6.pdb
OR2H1,Q9GZK4,c:\Users\Longer\Documents\自写生信论文\data\structures\AF-Q9GZK4-F1-model_v6.pdb
TRPV6,Q9H1D0,c:\Users\Longer\Documents\自写生信论文\data\structures\AF-Q9H1D0-F1-model_v6.pdb
OR5K4,A6NMS3,c:\Users\Longer\Documents\自写生信论文\data\structures\AF-A6NMS3-F1-model_v6.pdb
OR5G3,P0C626,c:\Users\Longer\Documents\自写生信论文\data\structures\AF-P0C626-F1-model_v6.pdb
ART1,P52961,c:\Users\Longer\Documents\自写生信论文\data\structures\AF-P52961-F1-model_v6.pdb
OR1L8,Q8NGR8,c:\Users\Longer\Documents\自写生信论文\data\structures\AF-Q8NGR8-F1-model_v6.pdb
OR11H2,Q8NH07,c:\Users\Longer\Documents\自写生信论文\data\structures\AF-Q8NH07-F1-model_v6.pdb
KCNV2,Q8TDN2,c:\Users\Longer\Documents\自写生信论文\data\structures\AF-Q8TDN2-F1-model_v6.pdb
SLC26A8,Q96RN1,c:\Users\Longer\Documents\自写生信论文\data\structures\AF-Q96RN1-F1-model_v6.pdb
LY6G6F,Q5SQ64,c:\Users\Longer\Documents\自写生信论文\data\structures\AF-Q5SQ64-F1-model_v6.pdb
OR2T33,Q8NG76,c:\Users\Longer\Documents\自写生信论文\data\structures\AF-Q8NG76-F1-model_v6.pdb
OR51M1,Q9H341,c:\Users\Longer\Documents\自写生信论文\data\structures\AF-Q9H341-F1-model_v6.pdb
SLC6A5,Q9Y345,c:\Users\Longer\Documents\自写生信论文\data\structures\AF-Q9Y345-F1-model_v6.pdb
GPR50,Q13585,c:\Users\Longer\Documents\自写生信论文\data\structures\AF-Q13585-F1-model_v6.pdb
TMEM95,Q3KNT9,c:\Users\Longer\Documents\自写生信论文\data\structures\AF-Q3KNT9-F1-model_v6.pdb
OR10G7,Q8NGN6,c:\Users\Longer\Documents\自写生信论文\data\structures\AF-Q8NGN6-F1-model_v6.pdb
MEP1B,Q16820,c:\Users\Longer\Documents\自写生信论文\data\structures\AF-Q16820-F1-model_v6.pdb
OR6K6,Q8NGW6,c:\Users\Longer\Documents\自写生信论文\data\structures\AF-Q8NGW6-F1-model_v6.pdb
OR2G2,Q8NGZ5,c:\Users\Longer\Documents\自写生信论文\data\structures\AF-Q8NGZ5-F1-model_v6.pdb
OR8D4,Q8NGM9,c:\Users\Longer\Documents\自写生信论文\data\structures\AF-Q8NGM9-F1-model_v6.pdb
OR2A25,A4D2G3,c:\Users\Longer\Documents\自写生信论文\data\structures\AF-A4D2G3-F1-model_v6.pdb
VN1R2,Q8NFZ6,c:\Users\Longer\Documents\自写生信论文\data\structures\AF-Q8NFZ6-F1-model_v6.pdb
CD33,P20138,c:\Users\Longer\Documents\自写生信论文\data\structures\AF-P20138-F1-model_v6.pdb
FGFRL1,Q8N441,c:\Users\Longer\Documents\自写生信论文\data\structures\AF-Q8N441-F1-model_v6.pdb
OR11L1,Q8NGX0,c:\Users\Longer\Documents\自写生信论文\data\structures\AF-Q8NGX0-F1-model_v6.pdb
OR10J4,P0C629,c:\Users\Longer\Documents\自写生信论文\data\structures\AF-P0C629-F1-model_v6.pdb
OR6C6,A6NF89,c:\Users\Longer\Documents\自写生信论文\data\structures\AF-A6NF89-F1-model_v6.pdb
HTR1E,P28566,c:\Users\Longer\Documents\自写生信论文\data\structures\AF-P28566-F1-model_v6.pdb
SDC2,P34741,c:\Users\Longer\Documents\自写生信论文\data\structures\AF-P34741-F1-model_v6.pdb
CDH24,Q86UP0,c:\Users\Longer\Documents\自写生信论文\data\structures\AF-Q86UP0-F1-model_v6.pdb
DSG4,Q86SJ6,c:\Users\Longer\Documents\自写生信论文\data\structures\AF-Q86SJ6-F1-model_v6.pdb
VN1R4,Q7Z5H5,c:\Users\Longer\Documents\自写生信论文\data\structures\AF-Q7Z5H5-F1-model_v6.pdb
OR5D16,Q8NGK9,c:\Users\Longer\Documents\自写生信论文\data\structures\AF-Q8NGK9-F1-model_v6.pdb
OR2M3,Q8NG83,c:\Users\Longer\Documents\自写生信论文\data\structures\AF-Q8NG83-F1-model_v6.pdb
SLC9A6,Q92581,c:\Users\Longer\Documents\自写生信论文\data\structures\AF-Q92581-F1-model_v6.pdb
OR1Q1,Q15612,c:\Users\Longer\Documents\自写生信论文\data\structures\AF-Q15612-F1-model_v6.pdb
OR10J3,Q5JRS4,c:\Users\Longer\Documents\自写生信论文\data\structures\AF-Q5JRS4-F1-model_v6.pdb
OR1C1,Q15619,c:\Users\Longer\Documents\自写生信论文\data\structures\AF-Q15619-F1-model_v6.pdb
KCNMB2,Q9Y691,c:\Users\Longer\Documents\自写生信论文\data\structures\AF-Q9Y691-F1-model_v6.pdb
OR10P1,Q8NGE3,c:\Users\Longer\Documents\自写生信论文\data\structures\AF-Q8NGE3-F1-model_v6.pdb
SLC13A3,Q8WWT9,c:\Users\Longer\Documents\自写生信论文\data\structures\AF-Q8WWT9-F1-model_v6.pdb
LRIT1,Q9P2V4,c:\Users\Longer\Documents\自写生信论文\data\structures\AF-Q9P2V4-F1-model_v6.pdb
IGSF5,Q9NSI5,c:\Users\Longer\Documents\自写生信论文\data\structures\AF-Q9NSI5-F1-model_v6.pdb
OR8K3,Q8NH51,c:\Users\Longer\Documents\自写生信论文\data\structures\AF-Q8NH51-F1-model_v6.pdb
GPR149,Q86SP6,c:\Users\Longer\Documents\自写生信论文\data\structures\AF-Q86SP6-F1-model_v6.pdb
GUCY2C,P25092,c:\Users\Longer\Documents\自写生信论文\data\structures\AF-P25092-F1-model_v6.pdb
SLC4A10,Q6U841,c:\Users\Longer\Documents\自写生信论文\data\structures\AF-Q6U841-F1-model_v6.pdb
SPPL2C,Q8IUH8,c:\Users\Longer\Documents\自写生信论文\data\structures\AF-Q8IUH8-F1-model_v6.pdb
KIR2DS4,P43632,c:\Users\Longer\Documents\自写生信论文\data\structures\AF-P43632-F1-model_v6.pdb
OR10G6,Q8NH81,c:\Users\Longer\Documents\自写生信论文\data\structures\AF-Q8NH81-F1-model_v6.pdb
OR2AE1,Q8NHA4,c:\Users\Longer\Documents\自写生信论文\data\structures\AF-Q8NHA4-F1-model_v6.pdb
OR4E1,P0C645,c:\Users\Longer\Documents\自写生信论文\data\structures\AF-P0C645-F1-model_v6.pdb
OR7G3,Q8NG95,c:\Users\Longer\Documents\自写生信论文\data\structures\AF-Q8NG95-F1-model_v6.pdb
TARM1,B6A8C7,c:\Users\Longer\Documents\自写生信论文\data\structures\AF-B6A8C7-F1-model_v6.pdb
KIR3DL1,P43629,c:\Users\Longer\Documents\自写生信论文\data\structures\AF-P43629-F1-model_v6.pdb
VSIG2,Q96IQ7,c:\Users\Longer\Documents\自写生信论文\data\structures\AF-Q96IQ7-F1-model_v6.pdb
OR2T10,Q8NGZ9,c:\Users\Longer\Documents\自写生信论文\data\structures\AF-Q8NGZ9-F1-model_v6.pdb
OR52R1,Q8NGF1,c:\Users\Longer\Documents\自写生信论文\data\structures\AF-Q8NGF1-F1-model_v6.pdb
OR8D1,Q8WZ84,c:\Users\Longer\Documents\自写生信论文\data\structures\AF-Q8WZ84-F1-model_v6.pdb
OR6N2,Q8NGY6,c:\Users\Longer\Documents\自写生信论文\data\structures\AF-Q8NGY6-F1-model_v6.pdb
LYPD4,Q6UWN0,c:\Users\Longer\Documents\自写生信论文\data\structures\AF-Q6UWN0-F1-model_v6.pdb
OR2M4,Q96R27,c:\Users\Longer\Documents\自写生信论文\data\structures\AF-Q96R27-F1-model_v6.pdb
CHRNA7,P36544,c:\Users\Longer\Documents\自写生信论文\data\structures\AF-P36544-F1-model_v6.pdb
AQP2,P41181,c:\Users\Longer\Documents\自写生信论文\data\structures\AF-P41181-F1-model_v6.pdb
OR2AT4,A6NND4,c:\Users\Longer\Documents\自写生信论文\data\structures\AF-A6NND4-F1-model_v6.pdb
UPK1A,O00322,c:\Users\Longer\Documents\自写生信论文\data\structures\AF-O00322-F1-model_v6.pdb
OR52N2,Q8NGI0,c:\Users\Longer\Documents\自写生信论文\data\structures\AF-Q8NGI0-F1-model_v6.pdb
OR52N4,Q8NGI2,c:\Users\Longer\Documents\自写生信论文\data\structures\AF-Q8NGI2-F1-model_v6.pdb
CD200R1L,Q6Q8B3,c:\Users\Longer\Documents\自写生信论文\data\structures\AF-Q6Q8B3-F1-model_v6.pdb
OR5D18,Q8NGL1,c:\Users\Longer\Documents\自写生信论文\data\structures\AF-Q8NGL1-F1-model_v6.pdb
PTPRG,P23470,c:\Users\Longer\Documents\自写生信论文\data\structures\AF-P23470-F1-model_v6.pdb
RXFP3,Q9NSD7,c:\Users\Longer\Documents\自写生信论文\data\structures\AF-Q9NSD7-F1-model_v6.pdb
OR4C45,A6NMZ5,c:\Users\Longer\Documents\自写生信论文\data\structures\AF-A6NMZ5-F1-model_v6.pdb
HTR2C,P28335,c:\Users\Longer\Documents\自写生信论文\data\structures\AF-P28335-F1-model_v6.pdb
OR51L1,Q8NGJ5,c:\Users\Longer\Documents\自写生信论文\data\structures\AF-Q8NGJ5-F1-model_v6.pdb
OR10V1,Q8NGI7,c:\Users\Longer\Documents\自写生信论文\data\structures\AF-Q8NGI7-F1-model_v6.pdb
OR2AG1,Q9H205,c:\Users\Longer\Documents\自写生信论文\data\structures\AF-Q9H205-F1-model_v6.pdb
ENTPD3,O75355,c:\Users\Longer\Documents\自写生信论文\data\structures\AF-O75355-F1-model_v6.pdb
OR7A2P,Q8NGA2,c:\Users\Longer\Documents\自写生信论文\data\structures\AF-Q8NGA2-F1-model_v6.pdb
OR13C2,Q8NGS9,c:\Users\Longer\Documents\自写生信论文\data\structures\AF-Q8NGS9-F1-model_v6.pdb
OR12D3,Q9UGF7,c:\Users\Longer\Documents\自写生信论文\data\structures\AF-Q9UGF7-F1-model_v6.pdb
OR4M1,Q8NGD0,c:\Users\Longer\Documents\自写生信论文\data\structures\AF-Q8NGD0-F1-model_v6.pdb
DISP1,Q96F81,c:\Users\Longer\Documents\自写生信论文\data\structures\AF-Q96F81-F1-model_v6.pdb
IZUMO1R,A6ND01,c:\Users\Longer\Documents\自写生信论文\data\structures\AF-A6ND01-F1-model_v6.pdb
OR4Q3,Q8NH05,c:\Users\Longer\Documents\自写生信论文\data\structures\AF-Q8NH05-F1-model_v6.pdb
EMP1,P54849,c:\Users\Longer\Documents\自写生信论文\data\structures\AF-P54849-F1-model_v6.pdb
OR4F17,Q8NGA8,c:\Users\Longer\Documents\自写生信论文\data\structures\AF-Q8NGA8-F1-model_v6.pdb
ADAM2,Q99965,c:\Users\Longer\Documents\自写生信论文\data\structures\AF-Q99965-F1-model_v6.pdb
TAS2R9,Q9NYW1,c:\Users\Longer\Documents\自写生信论文\data\structures\AF-Q9NYW1-F1-model_v6.pdb
MDGA2,Q7Z553,c:\Users\Longer\Documents\自写生信论文\data\structures\AF-Q7Z553-F1-model_v6.pdb
OR52I2,Q8NH67,c:\Users\Longer\Documents\自写生信论文\data\structures\AF-Q8NH67-F1-model_v6.pdb
OR4M2,Q8NGB6,c:\Users\Longer\Documents\自写生信论文\data\structures\AF-Q8NGB6-F1-model_v6.pdb
OR56B1,Q8NGI3,c:\Users\Longer\Documents\自写生信论文\data\structures\AF-Q8NGI3-F1-model_v6.pdb
OR2K2,Q8NGT1,c:\Users\Longer\Documents\自写生信论文\data\structures\AF-Q8NGT1-F1-model_v6.pdb
TAAR9,Q96RI9,c:\Users\Longer\Documents\自写生信论文\data\structures\AF-Q96RI9-F1-model_v6.pdb
CATSPERD,Q86XM0,c:\Users\Longer\Documents\自写生信论文\data\structures\AF-Q86XM0-F1-model_v6.pdb
OPN1SW,P03999,c:\Users\Longer\Documents\自写生信论文\data\structures\AF-P03999-F1-model_v6.pdb
MYADML2,A6NDP7,c:\Users\Longer\Documents\自写生信论文\data\structures\AF-A6NDP7-F1-model_v6.pdb
PCDHGA8,Q9Y5G5,c:\Users\Longer\Documents\自写生信论文\data\structures\AF-Q9Y5G5-F1-model_v6.pdb
OR13C8,Q8NGS7,c:\Users\Longer\Documents\自写生信论文\data\structures\AF-Q8NGS7-F1-model_v6.pdb
OR51A7,Q8NH64,c:\Users\Longer\Documents\自写生信论文\data\structures\AF-Q8NH64-F1-model_v6.pdb
OR4D5,Q8NGN0,c:\Users\Longer\Documents\自写生信论文\data\structures\AF-Q8NGN0-F1-model_v6.pdb
OR4C13,Q8NGP0,c:\Users\Longer\Documents\自写生信论文\data\structures\AF-Q8NGP0-F1-model_v6.pdb
GPR32,O75388,c:\Users\Longer\Documents\自写生信论文\data\structures\AF-O75388-F1-model_v6.pdb
NCR2,O95944,c:\Users\Longer\Documents\自写生信论文\data\structures\AF-O95944-F1-model_v6.pdb
OR6N1,Q8NGY5,c:\Users\Longer\Documents\自写生信论文\data\structures\AF-Q8NGY5-F1-model_v6.pdb
TM4SF5,O14894,c:\Users\Longer\Documents\自写生信论文\data\structures\AF-O14894-F1-model_v6.pdb
OR3A3,P47888,c:\Users\Longer\Documents\自写生信论文\data\structures\AF-P47888-F1-model_v6.pdb
CACNG5,Q9UF02,c:\Users\Longer\Documents\自写生信论文\data\structures\AF-Q9UF02-F1-model_v6.pdb
OR8B8,Q15620,c:\Users\Longer\Documents\自写生信论文\data\structures\AF-Q15620-F1-model_v6.pdb
OR11H4,Q8NGC9,c:\Users\Longer\Documents\自写生信论文\data\structures\AF-Q8NGC9-F1-model_v6.pdb
SCN10A,Q9Y5Y9,c:\Users\Longer\Documents\自写生信论文\data\structures\AF-Q9Y5Y9-F1-model_v6.pdb
TAS2R19,P59542,c:\Users\Longer\Documents\自写生信论文\data\structures\AF-P59542-F1-model_v6.pdb
P2RY4,P51582,c:\Users\Longer\Documents\自写生信论文\data\structures\AF-P51582-F1-model_v6.pdb
OR6C4,Q8NGE1,c:\Users\Longer\Documents\自写生信论文\data\structures\AF-Q8NGE1-F1-model_v6.pdb
OR1F1,O43749,c:\Users\Longer\Documents\自写生信论文\data\structures\AF-O43749-F1-model_v6.pdb
OR10H2,O60403,c:\Users\Longer\Documents\自写生信论文\data\structures\AF-O60403-F1-model_v6.pdb
GRIK4,Q16099,c:\Users\Longer\Documents\自写生信论文\data\structures\AF-Q16099-F1-model_v6.pdb
OR3A4P,P47883,c:\Users\Longer\Documents\自写生信论文\data\structures\AF-P47883-F1-model_v6.pdb
OR13F1,Q8NGS4,c:\Users\Longer\Documents\自写生信论文\data\structures\AF-Q8NGS4-F1-model_v6.pdb
GPR45,Q9Y5Y3,c:\Users\Longer\Documents\自写生信论文\data\structures\AF-Q9Y5Y3-F1-model_v6.pdb
OR4P4,Q8NGL7,c:\Users\Longer\Documents\自写生信论文\data\structures\AF-Q8NGL7-F1-model_v6.pdb
CDH2,P19022,c:\Users\Longer\Documents\自写生信论文\data\structures\AF-P19022-F1-model_v6.pdb
TEX101,Q9BY14,c:\Users\Longer\Documents\自写生信论文\data\structures\AF-Q9BY14-F1-model_v6.pdb
LRRN2,O75325,c:\Users\Longer\Documents\自写生信论文\data\structures\AF-O75325-F1-model_v6.pdb
OR1P1,Q8NH06,c:\Users\Longer\Documents\自写生信论文\data\structures\AF-Q8NH06-F1-model_v6.pdb
OR1I1,O60431,c:\Users\Longer\Documents\自写生信论文\data\structures\AF-O60431-F1-model_v6.pdb
OR6C2,Q9NZP2,c:\Users\Longer\Documents\自写生信论文\data\structures\AF-Q9NZP2-F1-model_v6.pdb
OPN4,Q9UHM6,c:\Users\Longer\Documents\自写生信论文\data\structures\AF-Q9UHM6-F1-model_v6.pdb
OR51S1,Q8NGJ8,c:\Users\Longer\Documents\自写生信论文\data\structures\AF-Q8NGJ8-F1-model_v6.pdb
OR51T1,Q8NGJ9,c:\Users\Longer\Documents\自写生信论文\data\structures\AF-Q8NGJ9-F1-model_v6.pdb
OR11A1,Q9GZK7,c:\Users\Longer\Documents\自写生信论文\data\structures\AF-Q9GZK7-F1-model_v6.pdb
OR4K13,Q8NH42,c:\Users\Longer\Documents\自写生信论文\data\structures\AF-Q8NH42-F1-model_v6.pdb
SIGLEC16,A6NMB1,c:\Users\Longer\Documents\自写生信论文\data\structures\AF-A6NMB1-F1-model_v6.pdb
SLC2A2,P11168,c:\Users\Longer\Documents\自写生信论文\data\structures\AF-P11168-F1-model_v6.pdb
TRHR,P34981,c:\Users\Longer\Documents\自写生信论文\data\structures\AF-P34981-F1-model_v6.pdb
OR8J1,Q8NGP2,c:\Users\Longer\Documents\自写生信论文\data\structures\AF-Q8NGP2-F1-model_v6.pdb
OR6K3,Q8NGY3,c:\Users\Longer\Documents\自写生信论文\data\structures\AF-Q8NGY3-F1-model_v6.pdb
OR2D3,Q8NGH3,c:\Users\Longer\Documents\自写生信论文\data\structures\AF-Q8NGH3-F1-model_v6.pdb
MC5R,P33032,c:\Users\Longer\Documents\自写生信论文\data\structures\AF-P33032-F1-model_v6.pdb
CACNG2,Q9Y698,c:\Users\Longer\Documents\自写生信论文\data\structures\AF-Q9Y698-F1-model_v6.pdb
OR8G5,Q8NG78,c:\Users\Longer\Documents\自写生信论文\data\structures\AF-Q8NG78-F1-model_v6.pdb
GPR179,Q6PRD1,c:\Users\Longer\Documents\自写生信论文\data\structures\AF-Q6PRD1-F1-model_v6.pdb
OR10A2,Q9H208,c:\Users\Longer\Documents\自写生信论文\data\structures\AF-Q9H208-F1-model_v6.pdb
OR13C4,Q8NGS5,c:\Users\Longer\Documents\自写生信论文\data\structures\AF-Q8NGS5-F1-model_v6.pdb
OR4C12,Q96R67,c:\Users\Longer\Documents\自写生信论文\data\structures\AF-Q96R67-F1-model_v6.pdb
OR5T2,Q8NGG2,c:\Users\Longer\Documents\自写生信论文\data\structures\AF-Q8NGG2-F1-model_v6.pdb
OR51B4,Q9Y5P0,c:\Users\Longer\Documents\自写生信论文\data\structures\AF-Q9Y5P0-F1-model_v6.pdb
OR2S2,Q9NQN1,c:\Users\Longer\Documents\自写生信论文\data\structures\AF-Q9NQN1-F1-model_v6.pdb
TACR3,P29371,c:\Users\Longer\Documents\自写生信论文\data\structures\AF-P29371-F1-model_v6.pdb
GDPD2,Q9HCC8,c:\Users\Longer\Documents\自写生信论文\data\structures\AF-Q9HCC8-F1-model_v6.pdb
OR6C1,Q96RD1,c:\Users\Longer\Documents\自写生信论文\data\structures\AF-Q96RD1-F1-model_v6.pdb
TMPRSS15,P98073,c:\Users\Longer\Documents\自写生信论文\data\structures\AF-P98073-F1-model_v6.pdb
NPBWR2,P48146,c:\Users\Longer\Documents\自写生信论文\data\structures\AF-P48146-F1-model_v6.pdb
OR6F1,Q8NGZ6,c:\Users\Longer\Documents\自写生信论文\data\structures\AF-Q8NGZ6-F1-model_v6.pdb
GPR6,P46095,c:\Users\Longer\Documents\自写生信论文\data\structures\AF-P46095-F1-model_v6.pdb
OR52H1,Q8NGJ2,c:\Users\Longer\Documents\自写生信论文\data\structures\AF-Q8NGJ2-F1-model_v6.pdb
OR6C76,A6NM76,c:\Users\Longer\Documents\自写生信论文\data\structures\AF-A6NM76-F1-model_v6.pdb
MMP16,P51512,c:\Users\Longer\Documents\自写生信论文\data\structures\AF-P51512-F1-model_v6.pdb
OR6Y1,Q8NGX8,c:\Users\Longer\Documents\自写生信论文\data\structures\AF-Q8NGX8-F1-model_v6.pdb
KCNK18,Q7Z418,c:\Users\Longer\Documents\自写生信论文\data\structures\AF-Q7Z418-F1-model_v6.pdb
ERVFC1,P60507,c:\Users\Longer\Documents\自写生信论文\data\structures\AF-P60507-F1-model_v6.pdb
MFRP,Q9BY79,c:\Users\Longer\Documents\自写生信论文\data\structures\AF-Q9BY79-F1-model_v6.pdb
PCDHA5,Q9Y5H7,c:\Users\Longer\Documents\自写生信论文\data\structures\AF-Q9Y5H7-F1-model_v6.pdb
OR5M1,Q8NGP8,c:\Users\Longer\Documents\自写生信论文\data\structures\AF-Q8NGP8-F1-model_v6.pdb
PCDHGA1,Q9Y5H4,c:\Users\Longer\Documents\自写生信论文\data\structures\AF-Q9Y5H4-F1-model_v6.pdb
OR6C70,A6NIJ9,c:\Users\Longer\Documents\自写生信论文\data\structures\AF-A6NIJ9-F1-model_v6.pdb
SLC22A16,Q86VW1,c:\Users\Longer\Documents\自写生信论文\data\structures\AF-Q86VW1-F1-model_v6.pdb
PCDHB11,Q9Y5F2,c:\Users\Longer\Documents\自写生信论文\data\structures\AF-Q9Y5F2-F1-model_v6.pdb
OR1M1,Q8NGA1,c:\Users\Longer\Documents\自写生信论文\data\structures\AF-Q8NGA1-F1-model_v6.pdb
OR4C16,Q8NGL9,c:\Users\Longer\Documents\自写生信论文\data\structures\AF-Q8NGL9-F1-model_v6.pdb
OR2T34,Q8NGX1,c:\Users\Longer\Documents\自写生信论文\data\structures\AF-Q8NGX1-F1-model_v6.pdb
OR11H6,Q8NGC7,c:\Users\Longer\Documents\自写生信论文\data\structures\AF-Q8NGC7-F1-model_v6.pdb
OR1L3,Q8NH93,c:\Users\Longer\Documents\自写生信论文\data\structures\AF-Q8NH93-F1-model_v6.pdb
GLRA2,P23416,c:\Users\Longer\Documents\自写生信论文\data\structures\AF-P23416-F1-model_v6.pdb
OR1L1,Q8NH94,c:\Users\Longer\Documents\自写生信论文\data\structures\AF-Q8NH94-F1-model_v6.pdb
GPR150,Q8NGU9,c:\Users\Longer\Documents\自写生信论文\data\structures\AF-Q8NGU9-F1-model_v6.pdb
OR5B12,Q96R08,c:\Users\Longer\Documents\自写生信论文\data\structures\AF-Q96R08-F1-model_v6.pdb
OR52B2,Q96RD2,c:\Users\Longer\Documents\自写生信论文\data\structures\AF-Q96RD2-F1-model_v6.pdb
FFAR3,O14843,c:\Users\Longer\Documents\自写生信论文\data\structures\AF-O14843-F1-model_v6.pdb
OR52B6,Q8NGF0,c:\Users\Longer\Documents\自写生信论文\data\structures\AF-Q8NGF0-F1-model_v6.pdb
OR2Z1,Q8NG97,c:\Users\Longer\Documents\自写生信论文\data\structures\AF-Q8NG97-F1-model_v6.pdb
RAMP2,O60895,c:\Users\Longer\Documents\自写生信论文\data\structures\AF-O60895-F1-model_v6.pdb
OR5B21,A6NL26,c:\Users\Longer\Documents\自写生信论文\data\structures\AF-A6NL26-F1-model_v6.pdb
OR6B2,Q6IFH4,c:\Users\Longer\Documents\自写生信论文\data\structures\AF-Q6IFH4-F1-model_v6.pdb
CLRN1,P58418,c:\Users\Longer\Documents\自写生信论文\data\structures\AF-P58418-F1-model_v6.pdb
SLC39A14,Q15043,c:\Users\Longer\Documents\自写生信论文\data\structures\AF-Q15043-F1-model_v6.pdb
OR10A3,P58181,c:\Users\Longer\Documents\自写生信论文\data\structures\AF-P58181-F1-model_v6.pdb
MRGPRG,Q86SM5,c:\Users\Longer\Documents\自写生信论文\data\structures\AF-Q86SM5-F1-model_v6.pdb
OR2T5,Q6IEZ7,c:\Users\Longer\Documents\自写生信论文\data\structures\AF-Q6IEZ7-F1-model_v6.pdb
TAS2R38,P59533,c:\Users\Longer\Documents\自写生信论文\data\structures\AF-P59533-F1-model_v6.pdb
TMX4,Q9H1E5,c:\Users\Longer\Documents\自写生信论文\data\structures\AF-Q9H1E5-F1-model_v6.pdb
OR8H2,Q8N162,c:\Users\Longer\Documents\自写生信论文\data\structures\AF-Q8N162-F1-model_v6.pdb
HTR5A,P47898,c:\Users\Longer\Documents\自写生信论文\data\structures\AF-P47898-F1-model_v6.pdb
DAGLA,Q9Y4D2,c:\Users\Longer\Documents\自写生信论文\data\structures\AF-Q9Y4D2-F1-model_v6.pdb
SLC35F4,A4IF30,c:\Users\Longer\Documents\自写生信论文\data\structures\AF-A4IF30-F1-model_v6.pdb
MRGPRX4,Q96LA9,c:\Users\Longer\Documents\自写生信论文\data\structures\AF-Q96LA9-F1-model_v6.pdb
HTR3E,A5X5Y0,c:\Users\Longer\Documents\自写生信论文\data\structures\AF-A5X5Y0-F1-model_v6.pdb
OR4X2,Q8NGF9,c:\Users\Longer\Documents\自写生信论文\data\structures\AF-Q8NGF9-F1-model_v6.pdb
OR8U1,Q8NH10,c:\Users\Longer\Documents\自写生信论文\data\structures\AF-Q8NH10-F1-model_v6.pdb
OR1L4,Q8NGR5,c:\Users\Longer\Documents\自写生信论文\data\structures\AF-Q8NGR5-F1-model_v6.pdb
CEACAM3,P40198,c:\Users\Longer\Documents\自写生信论文\data\structures\AF-P40198-F1-model_v6.pdb
TAS2R39,P59534,c:\Users\Longer\Documents\自写生信论文\data\structures\AF-P59534-F1-model_v6.pdb
TAAR6,Q96RI8,c:\Users\Longer\Documents\自写生信论文\data\structures\AF-Q96RI8-F1-model_v6.pdb
OR5K3,A6NET4,c:\Users\Longer\Documents\自写生信论文\data\structures\AF-A6NET4-F1-model_v6.pdb
TMEM132E,Q6IEE7,c:\Users\Longer\Documents\自写生信论文\data\structures\AF-Q6IEE7-F1-model_v6.pdb
SCAP,Q12770,c:\Users\Longer\Documents\自写生信论文\data\structures\AF-Q12770-F1-model_v6.pdb
OR8H1,Q8NGG4,c:\Users\Longer\Documents\自写生信论文\data\structures\AF-Q8NGG4-F1-model_v6.pdb
SLC45A2,Q9UMX9,c:\Users\Longer\Documents\自写生信论文\data\structures\AF-Q9UMX9-F1-model_v6.pdb
SERINC4,A6NH21,c:\Users\Longer\Documents\自写生信论文\data\structures\AF-A6NH21-F1-model_v6.pdb
LRRC4,Q9HBW1,c:\Users\Longer\Documents\自写生信论文\data\structures\AF-Q9HBW1-F1-model_v6.pdb
KIR2DL3,P43628,c:\Users\Longer\Documents\自写生信论文\data\structures\AF-P43628-F1-model_v6.pdb
OR10T2,Q8NGX3,c:\Users\Longer\Documents\自写生信论文\data\structures\AF-Q8NGX3-F1-model_v6.pdb
DRD3,P35462,c:\Users\Longer\Documents\自写生信论文\data\structures\AF-P35462-F1-model_v6.pdb
OR6C65,A6NJZ3,c:\Users\Longer\Documents\自写生信论文\data\structures\AF-A6NJZ3-F1-model_v6.pdb
SLC22A12,Q96S37,c:\Users\Longer\Documents\自写生信论文\data\structures\AF-Q96S37-F1-model_v6.pdb
OR13C9,Q8NGT0,c:\Users\Longer\Documents\自写生信论文\data\structures\AF-Q8NGT0-F1-model_v6.pdb
BRS3,P32247,c:\Users\Longer\Documents\自写生信论文\data\structures\AF-P32247-F1-model_v6.pdb
LCT,P09848,c:\Users\Longer\Documents\自写生信论文\data\structures\AF-P09848-F1-model_v6.pdb
GFRA4,Q9GZZ7,c:\Users\Longer\Documents\自写生信论文\data\structures\AF-Q9GZZ7-F1-model_v6.pdb
OR4A5,Q8NH83,c:\Users\Longer\Documents\自写生信论文\data\structures\AF-Q8NH83-F1-model_v6.pdb
GABRR3,A8MPY1,c:\Users\Longer\Documents\自写生信论文\data\structures\AF-A8MPY1-F1-model_v6.pdb
PCDHB1,Q9Y5F3,c:\Users\Longer\Documents\自写生信论文\data\structures\AF-Q9Y5F3-F1-model_v6.pdb
PCDHA2,Q9Y5H9,c:\Users\Longer\Documents\自写生信论文\data\structures\AF-Q9Y5H9-F1-model_v6.pdb
CHRM3,P20309,c:\Users\Longer\Documents\自写生信论文\data\structures\AF-P20309-F1-model_v6.pdb
TAS2R1,Q9NYW7,c:\Users\Longer\Documents\自写生信论文\data\structures\AF-Q9NYW7-F1-model_v6.pdb
HTR7,P34969,c:\Users\Longer\Documents\自写生信论文\data\structures\AF-P34969-F1-model_v6.pdb
OR2A2,Q6IF42,c:\Users\Longer\Documents\自写生信论文\data\structures\AF-Q6IF42-F1-model_v6.pdb
OR10J1,P30954,c:\Users\Longer\Documents\自写生信论文\data\structures\AF-P30954-F1-model_v6.pdb
SHISA8,B8ZZ34,c:\Users\Longer\Documents\自写生信论文\data\structures\AF-B8ZZ34-F1-model_v6.pdb
CD300LD,Q6UXZ3,c:\Users\Longer\Documents\自写生信论文\data\structures\AF-Q6UXZ3-F1-model_v6.pdb
TECTB,Q96PL2,c:\Users\Longer\Documents\自写生信论文\data\structures\AF-Q96PL2-F1-model_v6.pdb
MTNR1A,P48039,c:\Users\Longer\Documents\自写生信论文\data\structures\AF-P48039-F1-model_v6.pdb
OR10Q1,Q8NGQ4,c:\Users\Longer\Documents\自写生信论文\data\structures\AF-Q8NGQ4-F1-model_v6.pdb
MFSD2B,A6NFX1,c:\Users\Longer\Documents\自写生信论文\data\structures\AF-A6NFX1-F1-model_v6.pdb
GPR148,Q8TDV2,c:\Users\Longer\Documents\自写生信论文\data\structures\AF-Q8TDV2-F1-model_v6.pdb
OR10S1,Q8NGN2,c:\Users\Longer\Documents\自写生信论文\data\structures\AF-Q8NGN2-F1-model_v6.pdb
OR52K1,Q8NGK4,c:\Users\Longer\Documents\自写生信论文\data\structures\AF-Q8NGK4-F1-model_v6.pdb
OR52K2,Q8NGK3,c:\Users\Longer\Documents\自写生信论文\data\structures\AF-Q8NGK3-F1-model_v6.pdb
SLC22A9,Q8IVM8,c:\Users\Longer\Documents\自写生信论文\data\structures\AF-Q8IVM8-F1-model_v6.pdb
GPR78,Q96P69,c:\Users\Longer\Documents\自写生信论文\data\structures\AF-Q96P69-F1-model_v6.pdb
ATP13A1,Q9HD20,c:\Users\Longer\Documents\自写生信论文\data\structures\AF-Q9HD20-F1-model_v6.pdb
ADAM21,Q9UKJ8,c:\Users\Longer\Documents\自写生信论文\data\structures\AF-Q9UKJ8-F1-model_v6.pdb
ADAM30,Q9UKF2,c:\Users\Longer\Documents\自写生信论文\data\structures\AF-Q9UKF2-F1-model_v6.pdb
SLC22A6,Q4U2R8,c:\Users\Longer\Documents\自写生信论文\data\structures\AF-Q4U2R8-F1-model_v6.pdb
OR51A4,Q8NGJ6,c:\Users\Longer\Documents\自写生信论文\data\structures\AF-Q8NGJ6-F1-model_v6.pdb
DCC,P43146,c:\Users\Longer\Documents\自写生信论文\data\structures\AF-P43146-F1-model_v6.pdb
OR1B1,Q8NGR6,c:\Users\Longer\Documents\自写生信论文\data\structures\AF-Q8NGR6-F1-model_v6.pdb
OR52E8,Q6IFG1,c:\Users\Longer\Documents\自写生信论文\data\structures\AF-Q6IFG1-F1-model_v6.pdb
OR2T12,Q8NG77,c:\Users\Longer\Documents\自写生信论文\data\structures\AF-Q8NG77-F1-model_v6.pdb
GFY,I3L273,c:\Users\Longer\Documents\自写生信论文\data\structures\AF-I3L273-F1-model_v6.pdb
OR4C5,Q8NGB2,c:\Users\Longer\Documents\自写生信论文\data\structures\AF-Q8NGB2-F1-model_v6.pdb
OR5K1,Q8NHB7,c:\Users\Longer\Documents\自写生信论文\data\structures\AF-Q8NHB7-F1-model_v6.pdb
OR9A1P,Q8NGU1,c:\Users\Longer\Documents\自写生信论文\data\structures\AF-Q8NGU1-F1-model_v6.pdb
SLC38A4,Q969I6,c:\Users\Longer\Documents\自写生信论文\data\structures\AF-Q969I6-F1-model_v6.pdb
SLC36A3,Q495N2,c:\Users\Longer\Documents\自写生信论文\data\structures\AF-Q495N2-F1-model_v6.pdb
OR4A15,Q8NGL6,c:\Users\Longer\Documents\自写生信论文\data\structures\AF-Q8NGL6-F1-model_v6.pdb
OR1N1,Q8NGS0,c:\Users\Longer\Documents\自写生信论文\data\structures\AF-Q8NGS0-F1-model_v6.pdb
MRGPRX2,Q96LB1,c:\Users\Longer\Documents\自写生信论文\data\structures\AF-Q96LB1-F1-model_v6.pdb
OR4X1,Q8NH49,c:\Users\Longer\Documents\自写生信论文\data\structures\AF-Q8NH49-F1-model_v6.pdb
OR4K2,Q8NGD2,c:\Users\Longer\Documents\自写生信论文\data\structures\AF-Q8NGD2-F1-model_v6.pdb
TAS2R46,P59540,c:\Users\Longer\Documents\自写生信论文\data\structures\AF-P59540-F1-model_v6.pdb
TAAR5,O14804,c:\Users\Longer\Documents\自写生信论文\data\structures\AF-O14804-F1-model_v6.pdb
ROBO1,Q9Y6N7,c:\Users\Longer\Documents\自写生信论文\data\structures\AF-Q9Y6N7-F1-model_v6.pdb
OR6C75,A6NL08,c:\Users\Longer\Documents\自写生信论文\data\structures\AF-A6NL08-F1-model_v6.pdb
SCN11A,Q9UI33,c:\Users\Longer\Documents\自写生信论文\data\structures\AF-Q9UI33-F1-model_v6.pdb
OR52A5,Q9H2C5,c:\Users\Longer\Documents\自写生信论文\data\structures\AF-Q9H2C5-F1-model_v6.pdb
MUC22,E2RYF6,c:\Users\Longer\Documents\自写生信论文\data\structures\AF-E2RYF6-F1-model_v6.pdb
OR2M2,Q96R28,c:\Users\Longer\Documents\自写生信论文\data\structures\AF-Q96R28-F1-model_v6.pdb
OR5AC1,P0C628,c:\Users\Longer\Documents\自写生信论文\data\structures\AF-P0C628-F1-model_v6.pdb
OR7D2,Q96RA2,c:\Users\Longer\Documents\自写生信论文\data\structures\AF-Q96RA2-F1-model_v6.pdb
SLC5A8,Q8N695,c:\Users\Longer\Documents\自写生信论文\data\structures\AF-Q8N695-F1-model_v6.pdb
GPR152,Q8TDT2,c:\Users\Longer\Documents\自写生信论文\data\structures\AF-Q8TDT2-F1-model_v6.pdb
OR5H2,Q8NGV7,c:\Users\Longer\Documents\自写生信论文\data\structures\AF-Q8NGV7-F1-model_v6.pdb
OR10H3,O60404,c:\Users\Longer\Documents\自写生信论文\data\structures\AF-O60404-F1-model_v6.pdb
GFRAL,Q6UXV0,c:\Users\Longer\Documents\自写生信论文\data\structures\AF-Q6UXV0-F1-model_v6.pdb
OR10A7,Q8NGE5,c:\Users\Longer\Documents\自写生信论文\data\structures\AF-Q8NGE5-F1-model_v6.pdb
OR6A2,O95222,c:\Users\Longer\Documents\自写生信论文\data\structures\AF-O95222-F1-model_v6.pdb
OR2T29,Q8NH02,c:\Users\Longer\Documents\自写生信论文\data\structures\AF-Q8NH02-F1-model_v6.pdb
OR5H6,Q8NGV6,c:\Users\Longer\Documents\自写生信论文\data\structures\AF-Q8NGV6-F1-model_v6.pdb
SLC10A5,Q5PT55,c:\Users\Longer\Documents\自写生信论文\data\structures\AF-Q5PT55-F1-model_v6.pdb
OR10D3,Q8NH80,c:\Users\Longer\Documents\自写生信论文\data\structures\AF-Q8NH80-F1-model_v6.pdb
CHRNA3,P32297,c:\Users\Longer\Documents\自写生信论文\data\structures\AF-P32297-F1-model_v6.pdb
OPN1LW,P04000,c:\Users\Longer\Documents\自写生信论文\data\structures\AF-P04000-F1-model_v6.pdb
ZP4,Q12836,c:\Users\Longer\Documents\自写生信论文\data\structures\AF-Q12836-F1-model_v6.pdb
OR14J1,Q9UGF5,c:\Users\Longer\Documents\自写生信论文\data\structures\AF-Q9UGF5-F1-model_v6.pdb
GPR151,Q8TDV0,c:\Users\Longer\Documents\自写生信论文\data\structures\AF-Q8TDV0-F1-model_v6.pdb
GP5,P40197,c:\Users\Longer\Documents\自写生信论文\data\structures\AF-P40197-F1-model_v6.pdb
KIRREL3,Q8IZU9,c:\Users\Longer\Documents\自写生信论文\data\structures\AF-Q8IZU9-F1-model_v6.pdb
SLC22A13,Q9Y226,c:\Users\Longer\Documents\自写生信论文\data\structures\AF-Q9Y226-F1-model_v6.pdb
AMHR2,Q16671,c:\Users\Longer\Documents\自写生信论文\data\structures\AF-Q16671-F1-model_v6.pdb
APLP1,P51693,c:\Users\Longer\Documents\自写生信论文\data\structures\AF-P51693-F1-model_v6.pdb
SLC10A1,Q14973,c:\Users\Longer\Documents\自写生信论文\data\structures\AF-Q14973-F1-model_v6.pdb
GPC2,Q8N158,c:\Users\Longer\Documents\自写生信论文\data\structures\AF-Q8N158-F1-model_v6.pdb
SLC2A14,Q8TDB8,c:\Users\Longer\Documents\自写生信论文\data\structures\AF-Q8TDB8-F1-model_v6.pdb
LRIT2,A6NDA9,c:\Users\Longer\Documents\自写生信论文\data\structures\AF-A6NDA9-F1-model_v6.pdb
LDLRAD4,O15165,c:\Users\Longer\Documents\自写生信论文\data\structures\AF-O15165-F1-model_v6.pdb
SLC14A2,Q15849,c:\Users\Longer\Documents\自写生信论文\data\structures\AF-Q15849-F1-model_v6.pdb
SUSD2,Q9UGT4,c:\Users\Longer\Documents\自写生信论文\data\structures\AF-Q9UGT4-F1-model_v6.pdb
PCDHB12,Q9Y5F1,c:\Users\Longer\Documents\自写生信论文\data\structures\AF-Q9Y5F1-F1-model_v6.pdb
PIEZO1,Q92508,c:\Users\Longer\Documents\自写生信论文\data\structures\AF-Q92508-F1-model_v6.pdb
SIGLEC11,Q96RL6,c:\Users\Longer\Documents\自写生信论文\data\structures\AF-Q96RL6-F1-model_v6.pdb
MMP25,Q9NPA2,c:\Users\Longer\Documents\自写生信论文\data\structures\AF-Q9NPA2-F1-model_v6.pdb
CLDN19,Q8N6F1,c:\Users\Longer\Documents\自写生信论文\data\structures\AF-Q8N6F1-F1-model_v6.pdb
IL18RAP,O95256,c:\Users\Longer\Documents\自写生信论文\data\structures\AF-O95256-F1-model_v6.pdb
SELE,P16581,c:\Users\Longer\Documents\自写生信论文\data\structures\AF-P16581-F1-model_v6.pdb
LINGO2,Q7L985,c:\Users\Longer\Documents\自写生信论文\data\structures\AF-Q7L985-F1-model_v6.pdb
ADAM22,Q9P0K1,c:\Users\Longer\Documents\自写生信论文\data\structures\AF-Q9P0K1-F1-model_v6.pdb
SLC5A11,Q8WWX8,c:\Users\Longer\Documents\自写生信论文\data\structures\AF-Q8WWX8-F1-model_v6.pdb
NUP210L,Q5VU65,c:\Users\Longer\Documents\自写生信论文\data\structures\AF-Q5VU65-F1-model_v6.pdb
CUZD1,Q86UP6,c:\Users\Longer\Documents\自写生信论文\data\structures\AF-Q86UP6-F1-model_v6.pdb
MEGF9,Q9H1U4,c:\Users\Longer\Documents\自写生信论文\data\structures\AF-Q9H1U4-F1-model_v6.pdb
GPR61,Q9BZJ8,c:\Users\Longer\Documents\自写生信论文\data\structures\AF-Q9BZJ8-F1-model_v6.pdb
IZUMO1,Q8IYV9,c:\Users\Longer\Documents\自写生信论文\data\structures\AF-Q8IYV9-F1-model_v6.pdb
HAVCR1,Q96D42,c:\Users\Longer\Documents\自写生信论文\data\structures\AF-Q96D42-F1-model_v6.pdb
PCDHA3,Q9Y5H8,c:\Users\Longer\Documents\自写生信论文\data\structures\AF-Q9Y5H8-F1-model_v6.pdb
SIGLEC6,O43699,c:\Users\Longer\Documents\自写生信论文\data\structures\AF-O43699-F1-model_v6.pdb
TREH,O43280,c:\Users\Longer\Documents\自写生信论文\data\structures\AF-O43280-F1-model_v6.pdb
CRHR2,Q13324,c:\Users\Longer\Documents\自写生信论文\data\structures\AF-Q13324-F1-model_v6.pdb
SLC39A12,Q504Y0,c:\Users\Longer\Documents\自写生信论文\data\structures\AF-Q504Y0-F1-model_v6.pdb
SCN2A,Q99250,c:\Users\Longer\Documents\自写生信论文\data\structures\AF-Q99250-F1-model_v6.pdb
GABRA5,P31644,c:\Users\Longer\Documents\自写生信论文\data\structures\AF-P31644-F1-model_v6.pdb
SLC36A2,Q495M3,c:\Users\Longer\Documents\自写生信论文\data\structures\AF-Q495M3-F1-model_v6.pdb
SIRPB2,Q5JXA9,c:\Users\Longer\Documents\自写生信论文\data\structures\AF-Q5JXA9-F1-model_v6.pdb
PCDHGB3,Q9Y5G1,c:\Users\Longer\Documents\自写生信论文\data\structures\AF-Q9Y5G1-F1-model_v6.pdb
GABRB2,P47870,c:\Users\Longer\Documents\自写生信论文\data\structures\AF-P47870-F1-model_v6.pdb
PTGDR,Q13258,c:\Users\Longer\Documents\自写生信论文\data\structures\AF-Q13258-F1-model_v6.pdb
CA14,Q9ULX7,c:\Users\Longer\Documents\自写生信论文\data\structures\AF-Q9ULX7-F1-model_v6.pdb
SLC7A9,P82251,c:\Users\Longer\Documents\自写生信论文\data\structures\AF-P82251-F1-model_v6.pdb
TNFRSF8,P28908,c:\Users\Longer\Documents\自写生信论文\data\structures\AF-P28908-F1-model_v6.pdb
CD177,Q8N6Q3,c:\Users\Longer\Documents\自写生信论文\data\structures\AF-Q8N6Q3-F1-model_v6.pdb
SLITRK5,O94991,c:\Users\Longer\Documents\自写生信论文\data\structures\AF-O94991-F1-model_v6.pdb
OSMR,Q99650,c:\Users\Longer\Documents\自写生信论文\data\structures\AF-Q99650-F1-model_v6.pdb
BEST4,Q8NFU0,c:\Users\Longer\Documents\自写生信论文\data\structures\AF-Q8NFU0-F1-model_v6.pdb
HTR1B,P28222,c:\Users\Longer\Documents\自写生信论文\data\structures\AF-P28222-F1-model_v6.pdb
TYRP1,P17643,c:\Users\Longer\Documents\自写生信论文\data\structures\AF-P17643-F1-model_v6.pdb
TAS2R30,P59541,c:\Users\Longer\Documents\自写生信论文\data\structures\AF-P59541-F1-model_v6.pdb
NETO1,Q8TDF5,c:\Users\Longer\Documents\自写生信论文\data\structures\AF-Q8TDF5-F1-model_v6.pdb
SLC28A2,O43868,c:\Users\Longer\Documents\自写生信论文\data\structures\AF-O43868-F1-model_v6.pdb
ERMAP,Q96PL5,c:\Users\Longer\Documents\自写生信论文\data\structures\AF-Q96PL5-F1-model_v6.pdb
SLC10A4,Q96EP9,c:\Users\Longer\Documents\自写生信论文\data\structures\AF-Q96EP9-F1-model_v6.pdb
TAS2R4,Q9NYW5,c:\Users\Longer\Documents\自写生信论文\data\structures\AF-Q9NYW5-F1-model_v6.pdb
OPCML,Q14982,c:\Users\Longer\Documents\自写生信论文\data\structures\AF-Q14982-F1-model_v6.pdb
ISLR2,Q6UXK2,c:\Users\Longer\Documents\自写生信论文\data\structures\AF-Q6UXK2-F1-model_v6.pdb
NTRK1,P04629,c:\Users\Longer\Documents\自写生信论文\data\structures\AF-P04629-F1-model_v6.pdb
OR51E2,Q9H255,c:\Users\Longer\Documents\自写生信论文\data\structures\AF-Q9H255-F1-model_v6.pdb
UTS2R,Q9UKP6,c:\Users\Longer\Documents\自写生信论文\data\structures\AF-Q9UKP6-F1-model_v6.pdb
FZD9,O00144,c:\Users\Longer\Documents\自写生信论文\data\structures\AF-O00144-F1-model_v6.pdb
HTR4,Q13639,c:\Users\Longer\Documents\自写生信论文\data\structures\AF-Q13639-F1-model_v6.pdb
PROKR1,Q8TCW9,c:\Users\Longer\Documents\自写生信论文\data\structures\AF-Q8TCW9-F1-model_v6.pdb
CEACAM8,P31997,c:\Users\Longer\Documents\自写生信论文\data\structures\AF-P31997-F1-model_v6.pdb
GRM2,Q14416,c:\Users\Longer\Documents\自写生信论文\data\structures\AF-Q14416-F1-model_v6.pdb
SLC5A4,Q9NY91,c:\Users\Longer\Documents\自写生信论文\data\structures\AF-Q9NY91-F1-model_v6.pdb
CORIN,Q9Y5Q5,c:\Users\Longer\Documents\自写生信论文\data\structures\AF-Q9Y5Q5-F1-model_v6.pdb
PCDH8,O95206,c:\Users\Longer\Documents\自写生信论文\data\structures\AF-O95206-F1-model_v6.pdb
DRD1,P21728,c:\Users\Longer\Documents\自写生信论文\data\structures\AF-P21728-F1-model_v6.pdb
PTPRT,O14522,c:\Users\Longer\Documents\自写生信论文\data\structures\AF-O14522-F1-model_v6.pdb
TMEM231,Q9H6L2,c:\Users\Longer\Documents\自写生信论文\data\structures\AF-Q9H6L2-F1-model_v6.pdb
ABCB11,O95342,c:\Users\Longer\Documents\自写生信论文\data\structures\AF-O95342-F1-model_v6.pdb
ATP1B3,P54709,c:\Users\Longer\Documents\自写生信论文\data\structures\AF-P54709-F1-model_v6.pdb
SLC4A4,Q9Y6R1,c:\Users\Longer\Documents\自写生信论文\data\structures\AF-Q9Y6R1-F1-model_v6.pdb
CDHR1,Q96JP9,c:\Users\Longer\Documents\自写生信论文\data\structures\AF-Q96JP9-F1-model_v6.pdb
KCNJ4,P48050,c:\Users\Longer\Documents\自写生信论文\data\structures\AF-P48050-F1-model_v6.pdb
CEACAM4,O75871,c:\Users\Longer\Documents\自写生信论文\data\structures\AF-O75871-F1-model_v6.pdb
P2RY12,Q9H244,c:\Users\Longer\Documents\自写生信论文\data\structures\AF-Q9H244-F1-model_v6.pdb
SLC6A7,Q99884,c:\Users\Longer\Documents\自写生信论文\data\structures\AF-Q99884-F1-model_v6.pdb
SLC15A4,Q8N697,c:\Users\Longer\Documents\自写生信论文\data\structures\AF-Q8N697-F1-model_v6.pdb
CLEC4M,Q9H2X3,c:\Users\Longer\Documents\自写生信论文\data\structures\AF-Q9H2X3-F1-model_v6.pdb
SLC4A1,P02730,c:\Users\Longer\Documents\自写生信论文\data\structures\AF-P02730-F1-model_v6.pdb
VN1R1,Q9GZP7,c:\Users\Longer\Documents\自写生信论文\data\structures\AF-Q9GZP7-F1-model_v6.pdb
CACNG6,Q9BXT2,c:\Users\Longer\Documents\自写生信论文\data\structures\AF-Q9BXT2-F1-model_v6.pdb
TECTA,O75443,c:\Users\Longer\Documents\自写生信论文\data\structures\AF-O75443-F1-model_v6.pdb
IL15RA,Q13261,c:\Users\Longer\Documents\自写生信论文\data\structures\AF-Q13261-F1-model_v6.pdb
SORCS2,Q96PQ0,c:\Users\Longer\Documents\自写生信论文\data\structures\AF-Q96PQ0-F1-model_v6.pdb
IL20RB,Q6UXL0,c:\Users\Longer\Documents\自写生信论文\data\structures\AF-Q6UXL0-F1-model_v6.pdb
GJC3,Q8NFK1,c:\Users\Longer\Documents\自写生信论文\data\structures\AF-Q8NFK1-F1-model_v6.pdb
FLT3,P36888,c:\Users\Longer\Documents\自写生信论文\data\structures\AF-P36888-F1-model_v6.pdb
SCTR,P47872,c:\Users\Longer\Documents\自写生信论文\data\structures\AF-P47872-F1-model_v6.pdb
SLC26A5,P58743,c:\Users\Longer\Documents\自写生信论文\data\structures\AF-P58743-F1-model_v6.pdb
EGFR,P00533,c:\Users\Longer\Documents\自写生信论文\data\structures\AF-P00533-F1-model_v6.pdb
CD1D,P15813,c:\Users\Longer\Documents\自写生信论文\data\structures\AF-P15813-F1-model_v6.pdb
MRGPRE,Q86SM8,c:\Users\Longer\Documents\自写生信论文\data\structures\AF-Q86SM8-F1-model_v6.pdb
CR1,P17927,c:\Users\Longer\Documents\自写生信论文\data\structures\AF-P17927-F1-model_v6.pdb
GPR20,Q99678,c:\Users\Longer\Documents\自写生信论文\data\structures\AF-Q99678-F1-model_v6.pdb
LINGO3,P0C6S8,c:\Users\Longer\Documents\自写生信论文\data\structures\AF-P0C6S8-F1-model_v6.pdb
SEMA4C,Q9C0C4,c:\Users\Longer\Documents\自写生信论文\data\structures\AF-Q9C0C4-F1-model_v6.pdb
AQP8,O94778,c:\Users\Longer\Documents\自写生信论文\data\structures\AF-O94778-F1-model_v6.pdb
SLC22A1,O15245,c:\Users\Longer\Documents\自写生信论文\data\structures\AF-O15245-F1-model_v6.pdb
LNPEP,Q9UIQ6,c:\Users\Longer\Documents\自写生信论文\data\structures\AF-Q9UIQ6-F1-model_v6.pdb
TAS2R20,P59543,c:\Users\Longer\Documents\自写生信论文\data\structures\AF-P59543-F1-model_v6.pdb
LAYN,Q6UX15,c:\Users\Longer\Documents\自写生信论文\data\structures\AF-Q6UX15-F1-model_v6.pdb
ATG9A,Q7Z3C6,c:\Users\Longer\Documents\自写生信论文\data\structures\AF-Q7Z3C6-F1-model_v6.pdb
CXCR1,P25024,c:\Users\Longer\Documents\自写生信论文\data\structures\AF-P25024-F1-model_v6.pdb
SLC5A6,Q9Y289,c:\Users\Longer\Documents\自写生信论文\data\structures\AF-Q9Y289-F1-model_v6.pdb
ABCC10,Q5T3U5,c:\Users\Longer\Documents\自写生信论文\data\structures\AF-Q5T3U5-F1-model_v6.pdb
GPR83,Q9NYM4,c:\Users\Longer\Documents\自写生信论文\data\structures\AF-Q9NYM4-F1-model_v6.pdb
EPHA6,Q9UF33,c:\Users\Longer\Documents\自写生信论文\data\structures\AF-Q9UF33-F1-model_v6.pdb
INSRR,P14616,c:\Users\Longer\Documents\自写生信论文\data\structures\AF-P14616-F1-model_v6.pdb
IL1RAPL1,Q9NZN1,c:\Users\Longer\Documents\自写生信论文\data\structures\AF-Q9NZN1-F1-model_v6.pdb
CCKBR,P32239,c:\Users\Longer\Documents\自写生信论文\data\structures\AF-P32239-F1-model_v6.pdb
CHRNA10,Q9GZZ6,c:\Users\Longer\Documents\自写生信论文\data\structures\AF-Q9GZZ6-F1-model_v6.pdb
GRIN3B,O60391,c:\Users\Longer\Documents\自写生信论文\data\structures\AF-O60391-F1-model_v6.pdb
BDKRB1,P46663,c:\Users\Longer\Documents\自写生信论文\data\structures\AF-P46663-F1-model_v6.pdb
MUSK,O15146,c:\Users\Longer\Documents\自写生信论文\data\structures\AF-O15146-F1-model_v6.pdb
GSG1,Q2KHT4,c:\Users\Longer\Documents\自写生信论文\data\structures\AF-Q2KHT4-F1-model_v6.pdb
ABCG4,Q9H172,c:\Users\Longer\Documents\自写生信论文\data\structures\AF-Q9H172-F1-model_v6.pdb
CDH12,P55289,c:\Users\Longer\Documents\自写生信论文\data\structures\AF-P55289-F1-model_v6.pdb
SSTR5,P35346,c:\Users\Longer\Documents\自写生信论文\data\structures\AF-P35346-F1-model_v6.pdb
TSPAN5,P62079,c:\Users\Longer\Documents\自写生信论文\data\structures\AF-P62079-F1-model_v6.pdb
KEL,P23276,c:\Users\Longer\Documents\自写生信论文\data\structures\AF-P23276-F1-model_v6.pdb
ABCG2,Q9UNQ0,c:\Users\Longer\Documents\自写生信论文\data\structures\AF-Q9UNQ0-F1-model_v6.pdb
BEST2,Q8NFU1,c:\Users\Longer\Documents\自写生信论文\data\structures\AF-Q8NFU1-F1-model_v6.pdb
SLC24A4,Q8NFF2,c:\Users\Longer\Documents\自写生信论文\data\structures\AF-Q8NFF2-F1-model_v6.pdb
ZP1,P60852,c:\Users\Longer\Documents\自写生信论文\data\structures\AF-P60852-F1-model_v6.pdb
MFAP3L,O75121,c:\Users\Longer\Documents\自写生信论文\data\structures\AF-O75121-F1-model_v6.pdb
TAS1R1,Q7RTX1,c:\Users\Longer\Documents\自写生信论文\data\structures\AF-Q7RTX1-F1-model_v6.pdb
GPR62,Q9BZJ7,c:\Users\Longer\Documents\自写生信论文\data\structures\AF-Q9BZJ7-F1-model_v6.pdb
GPR63,Q9BZJ6,c:\Users\Longer\Documents\自写生信论文\data\structures\AF-Q9BZJ6-F1-model_v6.pdb
SLC2A8,Q9NY64,c:\Users\Longer\Documents\自写生信论文\data\structures\AF-Q9NY64-F1-model_v6.pdb
GPR88,Q9GZN0,c:\Users\Longer\Documents\自写生信论文\data\structures\AF-Q9GZN0-F1-model_v6.pdb
CRB1,P82279,c:\Users\Longer\Documents\自写生信论文\data\structures\AF-P82279-F1-model_v6.pdb
PCDHGB2,Q9Y5G2,c:\Users\Longer\Documents\自写生信论文\data\structures\AF-Q9Y5G2-F1-model_v6.pdb
PILRA,Q9UKJ1,c:\Users\Longer\Documents\自写生信论文\data\structures\AF-Q9UKJ1-F1-model_v6.pdb
CACNG8,Q8WXS5,c:\Users\Longer\Documents\自写生信论文\data\structures\AF-Q8WXS5-F1-model_v6.pdb
GPR52,Q9Y2T5,c:\Users\Longer\Documents\自写生信论文\data\structures\AF-Q9Y2T5-F1-model_v6.pdb
CRHR1,P34998,c:\Users\Longer\Documents\自写生信论文\data\structures\AF-P34998-F1-model_v6.pdb
OSTM1,Q86WC4,c:\Users\Longer\Documents\自写生信论文\data\structures\AF-Q86WC4-F1-model_v6.pdb
TNFRSF1A,P19438,c:\Users\Longer\Documents\自写生信论文\data\structures\AF-P19438-F1-model_v6.pdb
CHRND,Q07001,c:\Users\Longer\Documents\自写生信论文\data\structures\AF-Q07001-F1-model_v6.pdb
ATP4B,P51164,c:\Users\Longer\Documents\自写生信论文\data\structures\AF-P51164-F1-model_v6.pdb
GRIN2A,Q12879,c:\Users\Longer\Documents\自写生信论文\data\structures\AF-Q12879-F1-model_v6.pdb
DLL4,Q9NR61,c:\Users\Longer\Documents\自写生信论文\data\structures\AF-Q9NR61-F1-model_v6.pdb
CD79B,P40259,c:\Users\Longer\Documents\自写生信论文\data\structures\AF-P40259-F1-model_v6.pdb
STAB2,Q8WWQ8,c:\Users\Longer\Documents\自写生信论文\data\structures\AF-Q8WWQ8-F1-model_v6.pdb
PCDHB3,Q9Y5E6,c:\Users\Longer\Documents\自写生信论文\data\structures\AF-Q9Y5E6-F1-model_v6.pdb
FNDC9,Q8TBE3,c:\Users\Longer\Documents\自写生信论文\data\structures\AF-Q8TBE3-F1-model_v6.pdb
CTNS,O60931,c:\Users\Longer\Documents\自写生信论文\data\structures\AF-O60931-F1-model_v6.pdb
ADAM19,Q9H013,c:\Users\Longer\Documents\自写生信论文\data\structures\AF-Q9H013-F1-model_v6.pdb
KREMEN1,Q96MU8,c:\Users\Longer\Documents\自写生信论文\data\structures\AF-Q96MU8-F1-model_v6.pdb
ACVR1C,Q8NER5,c:\Users\Longer\Documents\自写生信论文\data\structures\AF-Q8NER5-F1-model_v6.pdb
GRM7,Q14831,c:\Users\Longer\Documents\自写生信论文\data\structures\AF-Q14831-F1-model_v6.pdb
KLRF1,Q9NZS2,c:\Users\Longer\Documents\自写生信论文\data\structures\AF-Q9NZS2-F1-model_v6.pdb
CLCNKB,P51801,c:\Users\Longer\Documents\自写生信论文\data\structures\AF-P51801-F1-model_v6.pdb
SLC10A6,Q3KNW5,c:\Users\Longer\Documents\自写生信论文\data\structures\AF-Q3KNW5-F1-model_v6.pdb
PCDHGA10,Q9Y5H3,c:\Users\Longer\Documents\自写生信论文\data\structures\AF-Q9Y5H3-F1-model_v6.pdb
ITGAE,P38570,c:\Users\Longer\Documents\自写生信论文\data\structures\AF-P38570-F1-model_v6.pdb
SLC26A4,O43511,c:\Users\Longer\Documents\自写生信论文\data\structures\AF-O43511-F1-model_v6.pdb
RHAG,Q02094,c:\Users\Longer\Documents\自写生信论文\data\structures\AF-Q02094-F1-model_v6.pdb
SLC5A10,A0PJK1,c:\Users\Longer\Documents\自写生信论文\data\structures\AF-A0PJK1-F1-model_v6.pdb
NPC1,O15118,c:\Users\Longer\Documents\自写生信论文\data\structures\AF-O15118-F1-model_v6.pdb
PTGER1,P34995,c:\Users\Longer\Documents\自写生信论文\data\structures\AF-P34995-F1-model_v6.pdb
SCN5A,Q14524,c:\Users\Longer\Documents\自写生信论文\data\structures\AF-Q14524-F1-model_v6.pdb
FCAR,P24071,c:\Users\Longer\Documents\自写生信论文\data\structures\AF-P24071-F1-model_v6.pdb
CDON,Q4KMG0,c:\Users\Longer\Documents\自写生信论文\data\structures\AF-Q4KMG0-F1-model_v6.pdb
SHISA9,B4DS77,c:\Users\Longer\Documents\自写生信论文\data\structures\AF-B4DS77-F1-model_v6.pdb
NOTCH2,Q04721,c:\Users\Longer\Documents\自写生信论文\data\structures\AF-Q04721-F1-model_v6.pdb
S1PR3,Q99500,c:\Users\Longer\Documents\自写生信论文\data\structures\AF-Q99500-F1-model_v6.pdb
GINM1,Q9NU53,c:\Users\Longer\Documents\自写生信论文\data\structures\AF-Q9NU53-F1-model_v6.pdb
ERVW-1,Q9UQF0,c:\Users\Longer\Documents\自写生信论文\data\structures\AF-Q9UQF0-F1-model_v6.pdb
FFAR1,O14842,c:\Users\Longer\Documents\自写生信论文\data\structures\AF-O14842-F1-model_v6.pdb
ABCA1,O95477,c:\Users\Longer\Documents\自写生信论文\data\structures\AF-O95477-F1-model_v6.pdb
MCOLN1,Q9GZU1,c:\Users\Longer\Documents\自写生信论文\data\structures\AF-Q9GZU1-F1-model_v6.pdb
CDHR4,A6H8M9,c:\Users\Longer\Documents\自写生信论文\data\structures\AF-A6H8M9-F1-model_v6.pdb
P2RX2,Q9UBL9,c:\Users\Longer\Documents\自写生信论文\data\structures\AF-Q9UBL9-F1-model_v6.pdb
SLC8A1,P32418,c:\Users\Longer\Documents\自写生信论文\data\structures\AF-P32418-F1-model_v6.pdb
PCDH19,Q8TAB3,c:\Users\Longer\Documents\自写生信论文\data\structures\AF-Q8TAB3-F1-model_v6.pdb
PCDHGA5,Q9Y5G8,c:\Users\Longer\Documents\自写生信论文\data\structures\AF-Q9Y5G8-F1-model_v6.pdb
ICAM5,Q9UMF0,c:\Users\Longer\Documents\自写生信论文\data\structures\AF-Q9UMF0-F1-model_v6.pdb
VSIG10L,Q86VR7,c:\Users\Longer\Documents\自写生信论文\data\structures\AF-Q86VR7-F1-model_v6.pdb
PTPRN2,Q92932,c:\Users\Longer\Documents\自写生信论文\data\structures\AF-Q92932-F1-model_v6.pdb
TSPAN2,O60636,c:\Users\Longer\Documents\自写生信论文\data\structures\AF-O60636-F1-model_v6.pdb
PCDHGC4,Q9Y5F7,c:\Users\Longer\Documents\自写生信论文\data\structures\AF-Q9Y5F7-F1-model_v6.pdb
GRM3,Q14832,c:\Users\Longer\Documents\自写生信论文\data\structures\AF-Q14832-F1-model_v6.pdb
NTNG2,Q96CW9,c:\Users\Longer\Documents\自写生信论文\data\structures\AF-Q96CW9-F1-model_v6.pdb
MEGF11,A6BM72,c:\Users\Longer\Documents\自写生信论文\data\structures\AF-A6BM72-F1-model_v6.pdb
PTGDR2,Q9Y5Y4,c:\Users\Longer\Documents\自写生信论文\data\structures\AF-Q9Y5Y4-F1-model_v6.pdb
ABCA2,Q9BZC7,c:\Users\Longer\Documents\自写生信论文\data\structures\AF-Q9BZC7-F1-model_v6.pdb
SLC6A17,Q9H1V8,c:\Users\Longer\Documents\自写生信论文\data\structures\AF-Q9H1V8-F1-model_v6.pdb
RTN4RL1,Q86UN2,c:\Users\Longer\Documents\自写生信论文\data\structures\AF-Q86UN2-F1-model_v6.pdb
PCDHB6,Q9Y5E3,c:\Users\Longer\Documents\自写生信论文\data\structures\AF-Q9Y5E3-F1-model_v6.pdb
SLC46A3,Q7Z3Q1,c:\Users\Longer\Documents\自写生信论文\data\structures\AF-Q7Z3Q1-F1-model_v6.pdb
CASD1,Q96PB1,c:\Users\Longer\Documents\自写生信论文\data\structures\AF-Q96PB1-F1-model_v6.pdb
TMEM132D,Q14C87,c:\Users\Longer\Documents\自写生信论文\data\structures\AF-Q14C87-F1-model_v6.pdb
JAG1,P78504,c:\Users\Longer\Documents\自写生信论文\data\structures\AF-P78504-F1-model_v6.pdb
SLC2A12,Q8TD20,c:\Users\Longer\Documents\自写生信论文\data\structures\AF-Q8TD20-F1-model_v6.pdb
GHRHR,Q02643,c:\Users\Longer\Documents\自写生信论文\data\structures\AF-Q02643-F1-model_v6.pdb
AVPR1A,P37288,c:\Users\Longer\Documents\自写生信论文\data\structures\AF-P37288-F1-model_v6.pdb
ASGR1,P07306,c:\Users\Longer\Documents\自写生信论文\data\structures\AF-P07306-F1-model_v6.pdb
CNTN6,Q9UQ52,c:\Users\Longer\Documents\自写生信论文\data\structures\AF-Q9UQ52-F1-model_v6.pdb
ANTXRL,A6NF34,c:\Users\Longer\Documents\自写生信论文\data\structures\AF-A6NF34-F1-model_v6.pdb
LHCGR,P22888,c:\Users\Longer\Documents\自写生信论文\data\structures\AF-P22888-F1-model_v6.pdb
TYRO3,Q06418,c:\Users\Longer\Documents\自写生信论文\data\structures\AF-Q06418-F1-model_v6.pdb
LRRTM2,O43300,c:\Users\Longer\Documents\自写生信论文\data\structures\AF-O43300-F1-model_v6.pdb
PCDHGA11,Q9Y5H2,c:\Users\Longer\Documents\自写生信论文\data\structures\AF-Q9Y5H2-F1-model_v6.pdb
GPR75,O95800,c:\Users\Longer\Documents\自写生信论文\data\structures\AF-O95800-F1-model_v6.pdb
PCDH11Y,Q9BZA8,c:\Users\Longer\Documents\自写生信论文\data\structures\AF-Q9BZA8-F1-model_v6.pdb
DRD4,P21917,c:\Users\Longer\Documents\自写生信论文\data\structures\AF-P21917-F1-model_v6.pdb
DRD2,P14416,c:\Users\Longer\Documents\自写生信论文\data\structures\AF-P14416-F1-model_v6.pdb
DSC1,Q08554,c:\Users\Longer\Documents\自写生信论文\data\structures\AF-Q08554-F1-model_v6.pdb
ATP6V0A2,Q9Y487,c:\Users\Longer\Documents\自写生信论文\data\structures\AF-Q9Y487-F1-model_v6.pdb
PRNP,P04156,c:\Users\Longer\Documents\自写生信论文\data\structures\AF-P04156-F1-model_v6.pdb
CSF3R,Q99062,c:\Users\Longer\Documents\自写生信论文\data\structures\AF-Q99062-F1-model_v6.pdb
CHPT1,Q8WUD6,c:\Users\Longer\Documents\自写生信论文\data\structures\AF-Q8WUD6-F1-model_v6.pdb
SLC39A5,Q6ZMH5,c:\Users\Longer\Documents\自写生信论文\data\structures\AF-Q6ZMH5-F1-model_v6.pdb
SLC6A2,P23975,c:\Users\Longer\Documents\自写生信论文\data\structures\AF-P23975-F1-model_v6.pdb
SLC8B1,Q6J4K2,c:\Users\Longer\Documents\自写生信论文\data\structures\AF-Q6J4K2-F1-model_v6.pdb
SLC6A4,P31645,c:\Users\Longer\Documents\自写生信论文\data\structures\AF-P31645-F1-model_v6.pdb
TMEM255A,Q5JRV8,c:\Users\Longer\Documents\自写生信论文\data\structures\AF-Q5JRV8-F1-model_v6.pdb
SSTR2,P30874,c:\Users\Longer\Documents\自写生信论文\data\structures\AF-P30874-F1-model_v6.pdb
ANO3,Q9BYT9,c:\Users\Longer\Documents\自写生信论文\data\structures\AF-Q9BYT9-F1-model_v6.pdb
PTGER2,P43116,c:\Users\Longer\Documents\自写生信论文\data\structures\AF-P43116-F1-model_v6.pdb
TSPAN11,A1L157,c:\Users\Longer\Documents\自写生信论文\data\structures\AF-A1L157-F1-model_v6.pdb
SLC18A2,Q05940,c:\Users\Longer\Documents\自写生信论文\data\structures\AF-Q05940-F1-model_v6.pdb
SLC16A8,O95907,c:\Users\Longer\Documents\自写生信论文\data\structures\AF-O95907-F1-model_v6.pdb
OPRK1,P41145,c:\Users\Longer\Documents\自写生信论文\data\structures\AF-P41145-F1-model_v6.pdb
LY6D,Q14210,c:\Users\Longer\Documents\自写生信论文\data\structures\AF-Q14210-F1-model_v6.pdb
KCNMB3,Q9NPA1,c:\Users\Longer\Documents\自写生信论文\data\structures\AF-Q9NPA1-F1-model_v6.pdb
GPR22,Q99680,c:\Users\Longer\Documents\自写生信论文\data\structures\AF-Q99680-F1-model_v6.pdb
SLC8A2,Q9UPR5,c:\Users\Longer\Documents\自写生信论文\data\structures\AF-Q9UPR5-F1-model_v6.pdb
DCT,P40126,c:\Users\Longer\Documents\自写生信论文\data\structures\AF-P40126-F1-model_v6.pdb
TENM3,Q9P273,c:\Users\Longer\Documents\自写生信论文\data\structures\AF-Q9P273-F1-model_v6.pdb
GPC5,P78333,c:\Users\Longer\Documents\自写生信论文\data\structures\AF-P78333-F1-model_v6.pdb
SLC9A3,P48764,c:\Users\Longer\Documents\自写生信论文\data\structures\AF-P48764-F1-model_v6.pdb
SLC13A4,Q9UKG4,c:\Users\Longer\Documents\自写生信论文\data\structures\AF-Q9UKG4-F1-model_v6.pdb
CLEC4G,Q6UXB4,c:\Users\Longer\Documents\自写生信论文\data\structures\AF-Q6UXB4-F1-model_v6.pdb
PCDHB7,Q9Y5E2,c:\Users\Longer\Documents\自写生信论文\data\structures\AF-Q9Y5E2-F1-model_v6.pdb
HTR2A,P28223,c:\Users\Longer\Documents\自写生信论文\data\structures\AF-P28223-F1-model_v6.pdb
C5AR2,Q9P296,c:\Users\Longer\Documents\自写生信论文\data\structures\AF-Q9P296-F1-model_v6.pdb
CACNA1G,O43497,c:\Users\Longer\Documents\自写生信论文\data\structures\AF-O43497-F1-model_v6.pdb
NIPAL4,Q0D2K0,c:\Users\Longer\Documents\自写生信论文\data\structures\AF-Q0D2K0-F1-model_v6.pdb
ATRNL1,Q5VV63,c:\Users\Longer\Documents\自写生信论文\data\structures\AF-Q5VV63-F1-model_v6.pdb
CACNA1I,Q9P0X4,c:\Users\Longer\Documents\自写生信论文\data\structures\AF-Q9P0X4-F1-model_v6.pdb
LRRC38,Q5VT99,c:\Users\Longer\Documents\自写生信论文\data\structures\AF-Q5VT99-F1-model_v6.pdb
SLC1A6,P48664,c:\Users\Longer\Documents\自写生信论文\data\structures\AF-P48664-F1-model_v6.pdb
LRP10,Q7Z4F1,c:\Users\Longer\Documents\自写生信论文\data\structures\AF-Q7Z4F1-F1-model_v6.pdb
LRRTM4,Q86VH4,c:\Users\Longer\Documents\自写生信论文\data\structures\AF-Q86VH4-F1-model_v6.pdb
CACNG1,Q06432,c:\Users\Longer\Documents\自写生信论文\data\structures\AF-Q06432-F1-model_v6.pdb
OR2W3,Q7Z3T1,c:\Users\Longer\Documents\自写生信论文\data\structures\AF-Q7Z3T1-F1-model_v6.pdb
LRRC37A3,O60309,c:\Users\Longer\Documents\自写生信论文\data\structures\AF-O60309-F1-model_v6.pdb
MRC1,P22897,c:\Users\Longer\Documents\自写生信论文\data\structures\AF-P22897-F1-model_v6.pdb
FAS,P25445,c:\Users\Longer\Documents\自写生信论文\data\structures\AF-P25445-F1-model_v6.pdb
HRH3,Q9Y5N1,c:\Users\Longer\Documents\自写生信论文\data\structures\AF-Q9Y5N1-F1-model_v6.pdb
KLRG1,Q96E93,c:\Users\Longer\Documents\自写生信论文\data\structures\AF-Q96E93-F1-model_v6.pdb
CEACAM7,Q14002,c:\Users\Longer\Documents\自写生信论文\data\structures\AF-Q14002-F1-model_v6.pdb
PCDHGA4,Q9Y5G9,c:\Users\Longer\Documents\自写生信论文\data\structures\AF-Q9Y5G9-F1-model_v6.pdb
CHRNA2,Q15822,c:\Users\Longer\Documents\自写生信论文\data\structures\AF-Q15822-F1-model_v6.pdb
LILRA6,Q6PI73,c:\Users\Longer\Documents\自写生信论文\data\structures\AF-Q6PI73-F1-model_v6.pdb
SLC7A10,Q9NS82,c:\Users\Longer\Documents\自写生信论文\data\structures\AF-Q9NS82-F1-model_v6.pdb
ADRA1D,P25100,c:\Users\Longer\Documents\自写生信论文\data\structures\AF-P25100-F1-model_v6.pdb
PCDHGA7,Q9Y5G6,c:\Users\Longer\Documents\自写生信论文\data\structures\AF-Q9Y5G6-F1-model_v6.pdb
SLC51B,Q86UW2,c:\Users\Longer\Documents\自写生信论文\data\structures\AF-Q86UW2-F1-model_v6.pdb
SLC7A3,Q8WY07,c:\Users\Longer\Documents\自写生信论文\data\structures\AF-Q8WY07-F1-model_v6.pdb
ENPP4,Q9Y6X5,c:\Users\Longer\Documents\自写生信论文\data\structures\AF-Q9Y6X5-F1-model_v6.pdb
LY6K,Q17RY6,c:\Users\Longer\Documents\自写生信论文\data\structures\AF-Q17RY6-F1-model_v6.pdb
CHRNE,Q04844,c:\Users\Longer\Documents\自写生信论文\data\structures\AF-Q04844-F1-model_v6.pdb
MEGF10,Q96KG7,c:\Users\Longer\Documents\自写生信论文\data\structures\AF-Q96KG7-F1-model_v6.pdb
ADAM32,Q8TC27,c:\Users\Longer\Documents\自写生信论文\data\structures\AF-Q8TC27-F1-model_v6.pdb
LY6G6C,O95867,c:\Users\Longer\Documents\自写生信论文\data\structures\AF-O95867-F1-model_v6.pdb
ATP13A5,Q4VNC0,c:\Users\Longer\Documents\自写生信论文\data\structures\AF-Q4VNC0-F1-model_v6.pdb
NPC1L1,Q9UHC9,c:\Users\Longer\Documents\自写生信论文\data\structures\AF-Q9UHC9-F1-model_v6.pdb
IL3RA,P26951,c:\Users\Longer\Documents\自写生信论文\data\structures\AF-P26951-F1-model_v6.pdb
MALRD1,Q5VYJ5,c:\Users\Longer\Documents\自写生信论文\data\structures\AF-Q5VYJ5-F1-model_v6.pdb
CD93,Q9NPY3,c:\Users\Longer\Documents\自写生信论文\data\structures\AF-Q9NPY3-F1-model_v6.pdb
PCDHGC5,Q9Y5F6,c:\Users\Longer\Documents\自写生信论文\data\structures\AF-Q9Y5F6-F1-model_v6.pdb
TMEM150A,Q86TG1,c:\Users\Longer\Documents\自写生信论文\data\structures\AF-Q86TG1-F1-model_v6.pdb
P2RY1,P47900,c:\Users\Longer\Documents\自写生信论文\data\structures\AF-P47900-F1-model_v6.pdb
SEZ6,Q53EL9,c:\Users\Longer\Documents\自写生信论文\data\structures\AF-Q53EL9-F1-model_v6.pdb
NMUR1,Q9HB89,c:\Users\Longer\Documents\自写生信论文\data\structures\AF-Q9HB89-F1-model_v6.pdb
AJAP1,Q9UKB5,c:\Users\Longer\Documents\自写生信论文\data\structures\AF-Q9UKB5-F1-model_v6.pdb
GLP2R,O95838,c:\Users\Longer\Documents\自写生信论文\data\structures\AF-O95838-F1-model_v6.pdb
P2RY11,Q96G91,c:\Users\Longer\Documents\自写生信论文\data\structures\AF-Q96G91-F1-model_v6.pdb
GPR26,Q8NDV2,c:\Users\Longer\Documents\自写生信论文\data\structures\AF-Q8NDV2-F1-model_v6.pdb
NKAIN2,Q5VXU1,c:\Users\Longer\Documents\自写生信论文\data\structures\AF-Q5VXU1-F1-model_v6.pdb
SLC12A1,Q13621,c:\Users\Longer\Documents\自写生信论文\data\structures\AF-Q13621-F1-model_v6.pdb
ATP1A4,Q13733,c:\Users\Longer\Documents\自写生信论文\data\structures\AF-Q13733-F1-model_v6.pdb
CHODL,Q9H9P2,c:\Users\Longer\Documents\自写生信论文\data\structures\AF-Q9H9P2-F1-model_v6.pdb
SLC6A3,Q01959,c:\Users\Longer\Documents\自写生信论文\data\structures\AF-Q01959-F1-model_v6.pdb
TBXA2R,P21731,c:\Users\Longer\Documents\自写生信论文\data\structures\AF-P21731-F1-model_v6.pdb
EPHA3,P29320,c:\Users\Longer\Documents\自写生信论文\data\structures\AF-P29320-F1-model_v6.pdb
PRPH2,P23942,c:\Users\Longer\Documents\自写生信论文\data\structures\AF-P23942-F1-model_v6.pdb
GCGR,P47871,c:\Users\Longer\Documents\自写生信论文\data\structures\AF-P47871-F1-model_v6.pdb
TACR2,P21452,c:\Users\Longer\Documents\自写生信论文\data\structures\AF-P21452-F1-model_v6.pdb
ENPP6,Q6UWR7,c:\Users\Longer\Documents\自写生信论文\data\structures\AF-Q6UWR7-F1-model_v6.pdb
PCDH11X,Q9BZA7,c:\Users\Longer\Documents\自写生信论文\data\structures\AF-Q9BZA7-F1-model_v6.pdb
SLC1A2,P43004,c:\Users\Longer\Documents\自写生信论文\data\structures\AF-P43004-F1-model_v6.pdb
THSD7A,Q9UPZ6,c:\Users\Longer\Documents\自写生信论文\data\structures\AF-Q9UPZ6-F1-model_v6.pdb
NCR3LG1,Q68D85,c:\Users\Longer\Documents\自写生信论文\data\structures\AF-Q68D85-F1-model_v6.pdb
UPK3B,Q9BT76,c:\Users\Longer\Documents\自写生信论文\data\structures\AF-Q9BT76-F1-model_v6.pdb
ASIC4,Q96FT7,c:\Users\Longer\Documents\自写生信论文\data\structures\AF-Q96FT7-F1-model_v6.pdb
ITLN1,Q8WWA0,c:\Users\Longer\Documents\自写生信论文\data\structures\AF-Q8WWA0-F1-model_v6.pdb
SLITRK4,Q8IW52,c:\Users\Longer\Documents\自写生信论文\data\structures\AF-Q8IW52-F1-model_v6.pdb
TPSG1,Q9NRR2,c:\Users\Longer\Documents\自写生信论文\data\structures\AF-Q9NRR2-F1-model_v6.pdb
TAS2R14,Q9NYV8,c:\Users\Longer\Documents\自写生信论文\data\structures\AF-Q9NYV8-F1-model_v6.pdb
TACR1,P25103,c:\Users\Longer\Documents\自写生信论文\data\structures\AF-P25103-F1-model_v6.pdb
PCDHGA6,Q9Y5G7,c:\Users\Longer\Documents\自写生信论文\data\structures\AF-Q9Y5G7-F1-model_v6.pdb
LRP3,O75074,c:\Users\Longer\Documents\自写生信论文\data\structures\AF-O75074-F1-model_v6.pdb
ROR1,Q01973,c:\Users\Longer\Documents\自写生信论文\data\structures\AF-Q01973-F1-model_v6.pdb
HRH2,P25021,c:\Users\Longer\Documents\自写生信论文\data\structures\AF-P25021-F1-model_v6.pdb
SLC26A1,Q9H2B4,c:\Users\Longer\Documents\自写生信论文\data\structures\AF-Q9H2B4-F1-model_v6.pdb
GRIN2C,Q14957,c:\Users\Longer\Documents\自写生信论文\data\structures\AF-Q14957-F1-model_v6.pdb
PGAP1,Q75T13,c:\Users\Longer\Documents\自写生信论文\data\structures\AF-Q75T13-F1-model_v6.pdb
IL1R2,P27930,c:\Users\Longer\Documents\自写生信论文\data\structures\AF-P27930-F1-model_v6.pdb
ABCC2,Q92887,c:\Users\Longer\Documents\自写生信论文\data\structures\AF-Q92887-F1-model_v6.pdb
PTCHD1,Q96NR3,c:\Users\Longer\Documents\自写生信论文\data\structures\AF-Q96NR3-F1-model_v6.pdb
TMEM108,Q6UXF1,c:\Users\Longer\Documents\自写生信论文\data\structures\AF-Q6UXF1-F1-model_v6.pdb
GRID2,O43424,c:\Users\Longer\Documents\自写生信论文\data\structures\AF-O43424-F1-model_v6.pdb
PLXNA3,P51805,c:\Users\Longer\Documents\自写生信论文\data\structures\AF-P51805-F1-model_v6.pdb
PAM,P19021,c:\Users\Longer\Documents\自写生信论文\data\structures\AF-P19021-F1-model_v6.pdb
ART4,Q93070,c:\Users\Longer\Documents\自写生信论文\data\structures\AF-Q93070-F1-model_v6.pdb
CHRM1,P11229,c:\Users\Longer\Documents\自写生信论文\data\structures\AF-P11229-F1-model_v6.pdb
LRRC4C,Q9HCJ2,c:\Users\Longer\Documents\自写生信论文\data\structures\AF-Q9HCJ2-F1-model_v6.pdb
GPBAR1,Q8TDU6,c:\Users\Longer\Documents\自写生信论文\data\structures\AF-Q8TDU6-F1-model_v6.pdb
ADORA2A,P29274,c:\Users\Longer\Documents\自写生信论文\data\structures\AF-P29274-F1-model_v6.pdb
ADAM11,O75078,c:\Users\Longer\Documents\自写生信论文\data\structures\AF-O75078-F1-model_v6.pdb
PIK3IP1,Q96FE7,c:\Users\Longer\Documents\自写生信论文\data\structures\AF-Q96FE7-F1-model_v6.pdb
PECAM1,P16284,c:\Users\Longer\Documents\自写生信论文\data\structures\AF-P16284-F1-model_v6.pdb
SLC4A5,Q9BY07,c:\Users\Longer\Documents\自写生信论文\data\structures\AF-Q9BY07-F1-model_v6.pdb
RPRML,Q8N4K4,c:\Users\Longer\Documents\自写生信论文\data\structures\AF-Q8N4K4-F1-model_v6.pdb
CD163,Q86VB7,c:\Users\Longer\Documents\自写生信论文\data\structures\AF-Q86VB7-F1-model_v6.pdb
CHRM2,P08172,c:\Users\Longer\Documents\自写生信论文\data\structures\AF-P08172-F1-model_v6.pdb
SLC6A13,Q9NSD5,c:\Users\Longer\Documents\自写生信论文\data\structures\AF-Q9NSD5-F1-model_v6.pdb
KCNJ12,Q14500,c:\Users\Longer\Documents\自写生信论文\data\structures\AF-Q14500-F1-model_v6.pdb
PTPRQ,Q9UMZ3,c:\Users\Longer\Documents\自写生信论文\data\structures\AF-Q9UMZ3-F1-model_v6.pdb
NIPAL2,Q9H841,c:\Users\Longer\Documents\自写生信论文\data\structures\AF-Q9H841-F1-model_v6.pdb
IGDCC4,Q8TDY8,c:\Users\Longer\Documents\自写生信论文\data\structures\AF-Q8TDY8-F1-model_v6.pdb
CNTN2,Q02246,c:\Users\Longer\Documents\自写生信论文\data\structures\AF-Q02246-F1-model_v6.pdb
SLCO1C1,Q9NYB5,c:\Users\Longer\Documents\自写生信论文\data\structures\AF-Q9NYB5-F1-model_v6.pdb
NALCN,Q8IZF0,c:\Users\Longer\Documents\自写生信论文\data\structures\AF-Q8IZF0-F1-model_v6.pdb
ACKR4,Q9NPB9,c:\Users\Longer\Documents\自写生信论文\data\structures\AF-Q9NPB9-F1-model_v6.pdb
LTK,P29376,c:\Users\Longer\Documents\自写生信论文\data\structures\AF-P29376-F1-model_v6.pdb
TM4SF20,Q53R12,c:\Users\Longer\Documents\自写生信论文\data\structures\AF-Q53R12-F1-model_v6.pdb
NRG4,Q8WWG1,c:\Users\Longer\Documents\自写生信论文\data\structures\AF-Q8WWG1-F1-model_v6.pdb
SORT1,Q99523,c:\Users\Longer\Documents\自写生信论文\data\structures\AF-Q99523-F1-model_v6.pdb
TSPAN18,Q96SJ8,c:\Users\Longer\Documents\自写生信论文\data\structures\AF-Q96SJ8-F1-model_v6.pdb
SLC2A11,Q9BYW1,c:\Users\Longer\Documents\自写生信论文\data\structures\AF-Q9BYW1-F1-model_v6.pdb
CD248,Q9HCU0,c:\Users\Longer\Documents\自写生信论文\data\structures\AF-Q9HCU0-F1-model_v6.pdb
FLRT1,Q9NZU1,c:\Users\Longer\Documents\自写生信论文\data\structures\AF-Q9NZU1-F1-model_v6.pdb
SV2A,Q7L0J3,c:\Users\Longer\Documents\自写生信论文\data\structures\AF-Q7L0J3-F1-model_v6.pdb
TMPRSS5,Q9H3S3,c:\Users\Longer\Documents\自写生信论文\data\structures\AF-Q9H3S3-F1-model_v6.pdb
CLEC2D,Q9UHP7,c:\Users\Longer\Documents\自写生信论文\data\structures\AF-Q9UHP7-F1-model_v6.pdb
SLC4A7,Q9Y6M7,c:\Users\Longer\Documents\自写生信论文\data\structures\AF-Q9Y6M7-F1-model_v6.pdb
SLC8A3,P57103,c:\Users\Longer\Documents\自写生信论文\data\structures\AF-P57103-F1-model_v6.pdb
OXGR1,Q96P68,c:\Users\Longer\Documents\自写生信论文\data\structures\AF-Q96P68-F1-model_v6.pdb
C19orf18,Q8NEA5,c:\Users\Longer\Documents\自写生信论文\data\structures\AF-Q8NEA5-F1-model_v6.pdb
EREG,O14944,c:\Users\Longer\Documents\自写生信论文\data\structures\AF-O14944-F1-model_v6.pdb
HBEGF,Q99075,c:\Users\Longer\Documents\自写生信论文\data\structures\AF-Q99075-F1-model_v6.pdb
FLT1,P17948,c:\Users\Longer\Documents\自写生信论文\data\structures\AF-P17948-F1-model_v6.pdb
AQP4,P55087,c:\Users\Longer\Documents\自写生信论文\data\structures\AF-P55087-F1-model_v6.pdb
IGSF1,Q8N6C5,c:\Users\Longer\Documents\自写生信论文\data\structures\AF-Q8N6C5-F1-model_v6.pdb
SLC22A7,Q9Y694,c:\Users\Longer\Documents\自写生信论文\data\structures\AF-Q9Y694-F1-model_v6.pdb
CDH20,Q9HBT6,c:\Users\Longer\Documents\自写生信论文\data\structures\AF-Q9HBT6-F1-model_v6.pdb
TMEM132B,Q14DG7,c:\Users\Longer\Documents\自写生信论文\data\structures\AF-Q14DG7-F1-model_v6.pdb
SCN9A,Q15858,c:\Users\Longer\Documents\自写生信论文\data\structures\AF-Q15858-F1-model_v6.pdb
SLC2A13,Q96QE2,c:\Users\Longer\Documents\自写生信论文\data\structures\AF-Q96QE2-F1-model_v6.pdb
CD22,P20273,c:\Users\Longer\Documents\自写生信论文\data\structures\AF-P20273-F1-model_v6.pdb
RGMB,Q6NW40,c:\Users\Longer\Documents\自写生信论文\data\structures\AF-Q6NW40-F1-model_v6.pdb
ASTN1,O14525,c:\Users\Longer\Documents\自写生信论文\data\structures\AF-O14525-F1-model_v6.pdb
TMPRSS11D,O60235,c:\Users\Longer\Documents\自写生信论文\data\structures\AF-O60235-F1-model_v6.pdb
CDH4,P55283,c:\Users\Longer\Documents\自写生信论文\data\structures\AF-P55283-F1-model_v6.pdb
BCAN,Q96GW7,c:\Users\Longer\Documents\自写生信论文\data\structures\AF-Q96GW7-F1-model_v6.pdb
CLDN18,P56856,c:\Users\Longer\Documents\自写生信论文\data\structures\AF-P56856-F1-model_v6.pdb
NRXN2,Q9P2S2,c:\Users\Longer\Documents\自写生信论文\data\structures\AF-Q9P2S2-F1-model_v6.pdb
SLC51A,Q86UW1,c:\Users\Longer\Documents\自写生信论文\data\structures\AF-Q86UW1-F1-model_v6.pdb
SLC43A3,Q8NBI5,c:\Users\Longer\Documents\自写生信论文\data\structures\AF-Q8NBI5-F1-model_v6.pdb
LYPD2,Q6UXB3,c:\Users\Longer\Documents\自写生信论文\data\structures\AF-Q6UXB3-F1-model_v6.pdb
UNC5C,O95185,c:\Users\Longer\Documents\自写生信论文\data\structures\AF-O95185-F1-model_v6.pdb
GABRB3,P28472,c:\Users\Longer\Documents\自写生信论文\data\structures\AF-P28472-F1-model_v6.pdb
PTGER4,P35408,c:\Users\Longer\Documents\自写生信论文\data\structures\AF-P35408-F1-model_v6.pdb
LRRC3B,Q96PB8,c:\Users\Longer\Documents\自写生信论文\data\structures\AF-Q96PB8-F1-model_v6.pdb
KL,Q9UEF7,c:\Users\Longer\Documents\自写生信论文\data\structures\AF-Q9UEF7-F1-model_v6.pdb
TMX3,Q96JJ7,c:\Users\Longer\Documents\自写生信论文\data\structures\AF-Q96JJ7-F1-model_v6.pdb
EPHA7,Q15375,c:\Users\Longer\Documents\自写生信论文\data\structures\AF-Q15375-F1-model_v6.pdb
PCDH18,Q9HCL0,c:\Users\Longer\Documents\自写生信论文\data\structures\AF-Q9HCL0-F1-model_v6.pdb
SSPN,Q14714,c:\Users\Longer\Documents\自写生信论文\data\structures\AF-Q14714-F1-model_v6.pdb
NRXN3,Q9Y4C0,c:\Users\Longer\Documents\自写生信论文\data\structures\AF-Q9Y4C0-F1-model_v6.pdb
SCN4A,P35499,c:\Users\Longer\Documents\自写生信论文\data\structures\AF-P35499-F1-model_v6.pdb
CSF1,P09603,c:\Users\Longer\Documents\自写生信论文\data\structures\AF-P09603-F1-model_v6.pdb
NPY2R,P49146,c:\Users\Longer\Documents\自写生信论文\data\structures\AF-P49146-F1-model_v6.pdb
DSG1,Q02413,c:\Users\Longer\Documents\自写生信论文\data\structures\AF-Q02413-F1-model_v6.pdb
EDA2R,Q9HAV5,c:\Users\Longer\Documents\自写生信论文\data\structures\AF-Q9HAV5-F1-model_v6.pdb
EPHA5,P54756,c:\Users\Longer\Documents\自写生信论文\data\structures\AF-P54756-F1-model_v6.pdb
NPY5R,Q15761,c:\Users\Longer\Documents\自写生信论文\data\structures\AF-Q15761-F1-model_v6.pdb
GPR4,P46093,c:\Users\Longer\Documents\自写生信论文\data\structures\AF-P46093-F1-model_v6.pdb
ITGA2B,P08514,c:\Users\Longer\Documents\自写生信论文\data\structures\AF-P08514-F1-model_v6.pdb
NCAM2,O15394,c:\Users\Longer\Documents\自写生信论文\data\structures\AF-O15394-F1-model_v6.pdb
PCDHGA3,Q9Y5H0,c:\Users\Longer\Documents\自写生信论文\data\structures\AF-Q9Y5H0-F1-model_v6.pdb
GRIK1,P39086,c:\Users\Longer\Documents\自写生信论文\data\structures\AF-P39086-F1-model_v6.pdb
SHISA7,A6NL88,c:\Users\Longer\Documents\自写生信论文\data\structures\AF-A6NL88-F1-model_v6.pdb
CDH26,Q8IXH8,c:\Users\Longer\Documents\自写生信论文\data\structures\AF-Q8IXH8-F1-model_v6.pdb
LRIG1,Q96JA1,c:\Users\Longer\Documents\自写生信论文\data\structures\AF-Q96JA1-F1-model_v6.pdb
PCDH20,Q8N6Y1,c:\Users\Longer\Documents\自写生信论文\data\structures\AF-Q8N6Y1-F1-model_v6.pdb
SIRPA,P78324,c:\Users\Longer\Documents\自写生信论文\data\structures\AF-P78324-F1-model_v6.pdb
ACKR2,O00590,c:\Users\Longer\Documents\自写生信论文\data\structures\AF-O00590-F1-model_v6.pdb
GSG1L,Q6UXU4,c:\Users\Longer\Documents\自写生信论文\data\structures\AF-Q6UXU4-F1-model_v6.pdb
LGR5,O75473,c:\Users\Longer\Documents\自写生信论文\data\structures\AF-O75473-F1-model_v6.pdb
SEMA4D,Q92854,c:\Users\Longer\Documents\自写生信论文\data\structures\AF-Q92854-F1-model_v6.pdb
GJA1,P17302,c:\Users\Longer\Documents\自写生信论文\data\structures\AF-P17302-F1-model_v6.pdb
IL4R,P24394,c:\Users\Longer\Documents\自写生信论文\data\structures\AF-P24394-F1-model_v6.pdb
ADCY9,O60503,c:\Users\Longer\Documents\自写生信论文\data\structures\AF-O60503-F1-model_v6.pdb
KCNMB1,Q16558,c:\Users\Longer\Documents\自写生信论文\data\structures\AF-Q16558-F1-model_v6.pdb
LGR6,Q9HBX8,c:\Users\Longer\Documents\自写生信论文\data\structures\AF-Q9HBX8-F1-model_v6.pdb
LSAMP,Q13449,c:\Users\Longer\Documents\自写生信论文\data\structures\AF-Q13449-F1-model_v6.pdb
NLGN4X,Q8N0W4,c:\Users\Longer\Documents\自写生信论文\data\structures\AF-Q8N0W4-F1-model_v6.pdb
DPP10,Q8N608,c:\Users\Longer\Documents\自写生信论文\data\structures\AF-Q8N608-F1-model_v6.pdb
PLB1,Q6P1J6,c:\Users\Longer\Documents\自写生信论文\data\structures\AF-Q6P1J6-F1-model_v6.pdb
ACKR3,P25106,c:\Users\Longer\Documents\自写生信论文\data\structures\AF-P25106-F1-model_v6.pdb
ADRB1,P08588,c:\Users\Longer\Documents\自写生信论文\data\structures\AF-P08588-F1-model_v6.pdb
NRN1L,Q496H8,c:\Users\Longer\Documents\自写生信论文\data\structures\AF-Q496H8-F1-model_v6.pdb
SLC38A11,Q08AI6,c:\Users\Longer\Documents\自写生信论文\data\structures\AF-Q08AI6-F1-model_v6.pdb
GIPR,P48546,c:\Users\Longer\Documents\自写生信论文\data\structures\AF-P48546-F1-model_v6.pdb
NLGN3,Q9NZ94,c:\Users\Longer\Documents\自写生信论文\data\structures\AF-Q9NZ94-F1-model_v6.pdb
LRP4,O75096,c:\Users\Longer\Documents\自写生信论文\data\structures\AF-O75096-F1-model_v6.pdb
SLC47A1,Q96FL8,c:\Users\Longer\Documents\自写生信论文\data\structures\AF-Q96FL8-F1-model_v6.pdb
PLD5,Q8N7P1,c:\Users\Longer\Documents\自写生信论文\data\structures\AF-Q8N7P1-F1-model_v6.pdb
CNTNAP4,Q9C0A0,c:\Users\Longer\Documents\自写生信论文\data\structures\AF-Q9C0A0-F1-model_v6.pdb
ATP2B4,P23634,c:\Users\Longer\Documents\自写生信论文\data\structures\AF-P23634-F1-model_v6.pdb
GJC2,Q5T442,c:\Users\Longer\Documents\自写生信论文\data\structures\AF-Q5T442-F1-model_v6.pdb
OMG,P23515,c:\Users\Longer\Documents\自写生信论文\data\structures\AF-P23515-F1-model_v6.pdb
NPY6R,Q99463,c:\Users\Longer\Documents\自写生信论文\data\structures\AF-Q99463-F1-model_v6.pdb
CALY,Q9NYX4,c:\Users\Longer\Documents\自写生信论文\data\structures\AF-Q9NYX4-F1-model_v6.pdb
BACE1,P56817,c:\Users\Longer\Documents\自写生信论文\data\structures\AF-P56817-F1-model_v6.pdb
GNRHR2,Q96P88,c:\Users\Longer\Documents\自写生信论文\data\structures\AF-Q96P88-F1-model_v6.pdb
LRIG2,O94898,c:\Users\Longer\Documents\自写生信论文\data\structures\AF-O94898-F1-model_v6.pdb
OPALIN,Q96PE5,c:\Users\Longer\Documents\自写生信论文\data\structures\AF-Q96PE5-F1-model_v6.pdb
IL6ST,P40189,c:\Users\Longer\Documents\自写生信论文\data\structures\AF-P40189-F1-model_v6.pdb
ACVR2A,P27037,c:\Users\Longer\Documents\自写生信论文\data\structures\AF-P27037-F1-model_v6.pdb
SLC19A3,Q9BZV2,c:\Users\Longer\Documents\自写生信论文\data\structures\AF-Q9BZV2-F1-model_v6.pdb
VASN,Q6EMK4,c:\Users\Longer\Documents\自写生信论文\data\structures\AF-Q6EMK4-F1-model_v6.pdb
SCN3A,Q9NY46,c:\Users\Longer\Documents\自写生信论文\data\structures\AF-Q9NY46-F1-model_v6.pdb
PCDHGB4,Q9UN71,c:\Users\Longer\Documents\自写生信论文\data\structures\AF-Q9UN71-F1-model_v6.pdb
KCNMB4,Q86W47,c:\Users\Longer\Documents\自写生信论文\data\structures\AF-Q86W47-F1-model_v6.pdb
TRHDE,Q9UKU6,c:\Users\Longer\Documents\自写生信论文\data\structures\AF-Q9UKU6-F1-model_v6.pdb
SLC17A7,Q9P2U7,c:\Users\Longer\Documents\自写生信论文\data\structures\AF-Q9P2U7-F1-model_v6.pdb
ATP2B3,Q16720,c:\Users\Longer\Documents\自写生信论文\data\structures\AF-Q16720-F1-model_v6.pdb
SLC3A1,Q07837,c:\Users\Longer\Documents\自写生信论文\data\structures\AF-Q07837-F1-model_v6.pdb
ITGA9,Q13797,c:\Users\Longer\Documents\自写生信论文\data\structures\AF-Q13797-F1-model_v6.pdb
LRIG3,Q6UXM1,c:\Users\Longer\Documents\自写生信论文\data\structures\AF-Q6UXM1-F1-model_v6.pdb
LRFN5,Q96NI6,c:\Users\Longer\Documents\自写生信论文\data\structures\AF-Q96NI6-F1-model_v6.pdb
SV2B,Q7L1I2,c:\Users\Longer\Documents\自写生信论文\data\structures\AF-Q7L1I2-F1-model_v6.pdb
PCDHGB5,Q9Y5G0,c:\Users\Longer\Documents\自写生信论文\data\structures\AF-Q9Y5G0-F1-model_v6.pdb
EPHB1,P54762,c:\Users\Longer\Documents\自写生信论文\data\structures\AF-P54762-F1-model_v6.pdb
SLCO3A1,Q9UIG8,c:\Users\Longer\Documents\自写生信论文\data\structures\AF-Q9UIG8-F1-model_v6.pdb
SCNN1B,P51168,c:\Users\Longer\Documents\自写生信论文\data\structures\AF-P51168-F1-model_v6.pdb
MC1R,Q01726,c:\Users\Longer\Documents\自写生信论文\data\structures\AF-Q01726-F1-model_v6.pdb
ADRA2B,P18089,c:\Users\Longer\Documents\自写生信论文\data\structures\AF-P18089-F1-model_v6.pdb
GRIK2,Q13002,c:\Users\Longer\Documents\自写生信论文\data\structures\AF-Q13002-F1-model_v6.pdb
GABRA4,P48169,c:\Users\Longer\Documents\自写生信论文\data\structures\AF-P48169-F1-model_v6.pdb
CDH10,Q9Y6N8,c:\Users\Longer\Documents\自写生信论文\data\structures\AF-Q9Y6N8-F1-model_v6.pdb
SCN2B,O60939,c:\Users\Longer\Documents\自写生信论文\data\structures\AF-O60939-F1-model_v6.pdb
SLC5A7,Q9GZV3,c:\Users\Longer\Documents\自写生信论文\data\structures\AF-Q9GZV3-F1-model_v6.pdb
GRIK3,Q13003,c:\Users\Longer\Documents\自写生信论文\data\structures\AF-Q13003-F1-model_v6.pdb
VLDLR,P98155,c:\Users\Longer\Documents\自写生信论文\data\structures\AF-P98155-F1-model_v6.pdb
TNFRSF10D,Q9UBN6,c:\Users\Longer\Documents\自写生信论文\data\structures\AF-Q9UBN6-F1-model_v6.pdb
ICAM2,P13598,c:\Users\Longer\Documents\自写生信论文\data\structures\AF-P13598-F1-model_v6.pdb
EMP3,P54852,c:\Users\Longer\Documents\自写生信论文\data\structures\AF-P54852-F1-model_v6.pdb
FKRP,Q9H9S5,c:\Users\Longer\Documents\自写生信论文\data\structures\AF-Q9H9S5-F1-model_v6.pdb
P2RX7,Q99572,c:\Users\Longer\Documents\自写生信论文\data\structures\AF-Q99572-F1-model_v6.pdb
P2RY14,Q15391,c:\Users\Longer\Documents\自写生信论文\data\structures\AF-Q15391-F1-model_v6.pdb
CDH22,Q9UJ99,c:\Users\Longer\Documents\自写生信论文\data\structures\AF-Q9UJ99-F1-model_v6.pdb
DSCAML1,Q8TD84,c:\Users\Longer\Documents\自写生信论文\data\structures\AF-Q8TD84-F1-model_v6.pdb
RPRM,Q9NS64,c:\Users\Longer\Documents\自写生信论文\data\structures\AF-Q9NS64-F1-model_v6.pdb
LRRN3,Q9H3W5,c:\Users\Longer\Documents\自写生信论文\data\structures\AF-Q9H3W5-F1-model_v6.pdb
GRIA4,P48058,c:\Users\Longer\Documents\自写生信论文\data\structures\AF-P48058-F1-model_v6.pdb
AVPR2,P30518,c:\Users\Longer\Documents\自写生信论文\data\structures\AF-P30518-F1-model_v6.pdb
CRIM1,Q9NZV1,c:\Users\Longer\Documents\自写生信论文\data\structures\AF-Q9NZV1-F1-model_v6.pdb
LHFPL4,Q7Z7J7,c:\Users\Longer\Documents\自写生信论文\data\structures\AF-Q7Z7J7-F1-model_v6.pdb
SLC41A1,Q8IVJ1,c:\Users\Longer\Documents\自写生信论文\data\structures\AF-Q8IVJ1-F1-model_v6.pdb
SORCS3,Q9UPU3,c:\Users\Longer\Documents\自写生信论文\data\structures\AF-Q9UPU3-F1-model_v6.pdb
CHRNA4,P43681,c:\Users\Longer\Documents\自写生信论文\data\structures\AF-P43681-F1-model_v6.pdb
LRRC37A,A6NMS7,c:\Users\Longer\Documents\自写生信论文\data\structures\AF-A6NMS7-F1-model_v6.pdb
ABCA7,Q8IZY2,c:\Users\Longer\Documents\自写生信论文\data\structures\AF-Q8IZY2-F1-model_v6.pdb
ESYT3,A0FGR9,c:\Users\Longer\Documents\自写生信论文\data\structures\AF-A0FGR9-F1-model_v6.pdb
SLC36A4,Q6YBV0,c:\Users\Longer\Documents\自写生信论文\data\structures\AF-Q6YBV0-F1-model_v6.pdb
CDHR5,Q9HBB8,c:\Users\Longer\Documents\自写生信论文\data\structures\AF-Q9HBB8-F1-model_v6.pdb
SLC5A9,Q2M3M2,c:\Users\Longer\Documents\自写生信论文\data\structures\AF-Q2M3M2-F1-model_v6.pdb
GABRG1,Q8N1C3,c:\Users\Longer\Documents\自写生信论文\data\structures\AF-Q8N1C3-F1-model_v6.pdb
SUSD5,O60279,c:\Users\Longer\Documents\自写生信论文\data\structures\AF-O60279-F1-model_v6.pdb
PCDHGA9,Q9Y5G4,c:\Users\Longer\Documents\自写生信论文\data\structures\AF-Q9Y5G4-F1-model_v6.pdb
CDH18,Q13634,c:\Users\Longer\Documents\自写生信论文\data\structures\AF-Q13634-F1-model_v6.pdb
PCDHB5,Q9Y5E4,c:\Users\Longer\Documents\自写生信论文\data\structures\AF-Q9Y5E4-F1-model_v6.pdb
GRIN2B,Q13224,c:\Users\Longer\Documents\自写生信论文\data\structures\AF-Q13224-F1-model_v6.pdb
ACHE,P22303,c:\Users\Longer\Documents\自写生信论文\data\structures\AF-P22303-F1-model_v6.pdb
GPR35,Q9HC97,c:\Users\Longer\Documents\自写生信论文\data\structures\AF-Q9HC97-F1-model_v6.pdb
MAG,P20916,c:\Users\Longer\Documents\自写生信论文\data\structures\AF-P20916-F1-model_v6.pdb
GPC1,P35052,c:\Users\Longer\Documents\自写生信论文\data\structures\AF-P35052-F1-model_v6.pdb
NOTCH1,P46531,c:\Users\Longer\Documents\自写生信论文\data\structures\AF-P46531-F1-model_v6.pdb
PKD1L2,Q7Z442,c:\Users\Longer\Documents\自写生信论文\data\structures\AF-Q7Z442-F1-model_v6.pdb
PTGFR,P43088,c:\Users\Longer\Documents\自写生信论文\data\structures\AF-P43088-F1-model_v6.pdb
PCDH10,Q9P2E7,c:\Users\Longer\Documents\自写生信论文\data\structures\AF-Q9P2E7-F1-model_v6.pdb
SLC23A2,Q9UGH3,c:\Users\Longer\Documents\自写生信论文\data\structures\AF-Q9UGH3-F1-model_v6.pdb
TSPAN4,O14817,c:\Users\Longer\Documents\自写生信论文\data\structures\AF-O14817-F1-model_v6.pdb
PCDHGA12,O60330,c:\Users\Longer\Documents\自写生信论文\data\structures\AF-O60330-F1-model_v6.pdb
GFRA2,O00451,c:\Users\Longer\Documents\自写生信论文\data\structures\AF-O00451-F1-model_v6.pdb
SERINC1,Q9NRX5,c:\Users\Longer\Documents\自写生信论文\data\structures\AF-Q9NRX5-F1-model_v6.pdb
PCDHB15,Q9Y5E8,c:\Users\Longer\Documents\自写生信论文\data\structures\AF-Q9Y5E8-F1-model_v6.pdb
SCN3B,Q9NY72,c:\Users\Longer\Documents\自写生信论文\data\structures\AF-Q9NY72-F1-model_v6.pdb
ZFYVE27,Q5T4F4,c:\Users\Longer\Documents\自写生信论文\data\structures\AF-Q5T4F4-F1-model_v6.pdb
MFSD8,Q8NHS3,c:\Users\Longer\Documents\自写生信论文\data\structures\AF-Q8NHS3-F1-model_v6.pdb
RHCG,Q9UBD6,c:\Users\Longer\Documents\自写生信论文\data\structures\AF-Q9UBD6-F1-model_v6.pdb
PTGER3,P43115,c:\Users\Longer\Documents\自写生信论文\data\structures\AF-P43115-F1-model_v6.pdb
LRRC24,Q50LG9,c:\Users\Longer\Documents\自写生信论文\data\structures\AF-Q50LG9-F1-model_v6.pdb
SSTR1,P30872,c:\Users\Longer\Documents\自写生信论文\data\structures\AF-P30872-F1-model_v6.pdb
ATP2B2,Q01814,c:\Users\Longer\Documents\自写生信论文\data\structures\AF-Q01814-F1-model_v6.pdb
IGSF11,Q5DX21,c:\Users\Longer\Documents\自写生信论文\data\structures\AF-Q5DX21-F1-model_v6.pdb
EDA,Q92838,c:\Users\Longer\Documents\自写生信论文\data\structures\AF-Q92838-F1-model_v6.pdb
ADRA1B,P35368,c:\Users\Longer\Documents\自写生信论文\data\structures\AF-P35368-F1-model_v6.pdb
ANPEP,P15144,c:\Users\Longer\Documents\自写生信论文\data\structures\AF-P15144-F1-model_v6.pdb
PTPRD,P23468,c:\Users\Longer\Documents\自写生信论文\data\structures\AF-P23468-F1-model_v6.pdb
BST1,Q10588,c:\Users\Longer\Documents\自写生信论文\data\structures\AF-Q10588-F1-model_v6.pdb
HEPACAM,Q14CZ8,c:\Users\Longer\Documents\自写生信论文\data\structures\AF-Q14CZ8-F1-model_v6.pdb
SLC6A1,P30531,c:\Users\Longer\Documents\自写生信论文\data\structures\AF-P30531-F1-model_v6.pdb
SLITRK3,O94933,c:\Users\Longer\Documents\自写生信论文\data\structures\AF-O94933-F1-model_v6.pdb
PCDHGA2,Q9Y5H1,c:\Users\Longer\Documents\自写生信论文\data\structures\AF-Q9Y5H1-F1-model_v6.pdb
ERBB4,Q15303,c:\Users\Longer\Documents\自写生信论文\data\structures\AF-Q15303-F1-model_v6.pdb
GALR1,P47211,c:\Users\Longer\Documents\自写生信论文\data\structures\AF-P47211-F1-model_v6.pdb
ADRA1A,P35348,c:\Users\Longer\Documents\自写生信论文\data\structures\AF-P35348-F1-model_v6.pdb
SLC17A9,Q9BYT1,c:\Users\Longer\Documents\自写生信论文\data\structures\AF-Q9BYT1-F1-model_v6.pdb
MICA,Q29983,c:\Users\Longer\Documents\自写生信论文\data\structures\AF-Q29983-F1-model_v6.pdb
CLSTN2,Q9H4D0,c:\Users\Longer\Documents\自写生信论文\data\structures\AF-Q9H4D0-F1-model_v6.pdb
SLC26A3,P40879,c:\Users\Longer\Documents\自写生信论文\data\structures\AF-P40879-F1-model_v6.pdb
PCDH9,Q9HC56,c:\Users\Longer\Documents\自写生信论文\data\structures\AF-Q9HC56-F1-model_v6.pdb
TLR4,O00206,c:\Users\Longer\Documents\自写生信论文\data\structures\AF-O00206-F1-model_v6.pdb
GRIA1,P42261,c:\Users\Longer\Documents\自写生信论文\data\structures\AF-P42261-F1-model_v6.pdb
AMIGO1,Q86WK6,c:\Users\Longer\Documents\自写生信论文\data\structures\AF-Q86WK6-F1-model_v6.pdb
SEMA6B,Q9H3T3,c:\Users\Longer\Documents\自写生信论文\data\structures\AF-Q9H3T3-F1-model_v6.pdb
GABRA1,P14867,c:\Users\Longer\Documents\自写生信论文\data\structures\AF-P14867-F1-model_v6.pdb
C1orf159,Q96HA4,c:\Users\Longer\Documents\自写生信论文\data\structures\AF-Q96HA4-F1-model_v6.pdb
MDGA1,Q8NFP4,c:\Users\Longer\Documents\自写生信论文\data\structures\AF-Q8NFP4-F1-model_v6.pdb
CLCA4,Q14CN2,c:\Users\Longer\Documents\自写生信论文\data\structures\AF-Q14CN2-F1-model_v6.pdb
NPR3,P17342,c:\Users\Longer\Documents\自写生信论文\data\structures\AF-P17342-F1-model_v6.pdb
LILRB3,O75022,c:\Users\Longer\Documents\自写生信论文\data\structures\AF-O75022-F1-model_v6.pdb
ADAM23,O75077,c:\Users\Longer\Documents\自写生信论文\data\structures\AF-O75077-F1-model_v6.pdb
GABRA2,P47869,c:\Users\Longer\Documents\自写生信论文\data\structures\AF-P47869-F1-model_v6.pdb
IL17RC,Q8NAC3,c:\Users\Longer\Documents\自写生信论文\data\structures\AF-Q8NAC3-F1-model_v6.pdb
PCDHGB6,Q9Y5F9,c:\Users\Longer\Documents\自写生信论文\data\structures\AF-Q9Y5F9-F1-model_v6.pdb
GRIA3,P42263,c:\Users\Longer\Documents\自写生信论文\data\structures\AF-P42263-F1-model_v6.pdb
TMPRSS11B,Q86T26,c:\Users\Longer\Documents\自写生信论文\data\structures\AF-Q86T26-F1-model_v6.pdb
AXL,P30530,c:\Users\Longer\Documents\自写生信论文\data\structures\AF-P30530-F1-model_v6.pdb
GRID1,Q9ULK0,c:\Users\Longer\Documents\自写生信论文\data\structures\AF-Q9ULK0-F1-model_v6.pdb
ANO2,Q9NQ90,c:\Users\Longer\Documents\自写生信论文\data\structures\AF-Q9NQ90-F1-model_v6.pdb
EVC2,Q86UK5,c:\Users\Longer\Documents\自写生信论文\data\structures\AF-Q86UK5-F1-model_v6.pdb
SHISA6,Q6ZSJ9,c:\Users\Longer\Documents\自写生信论文\data\structures\AF-Q6ZSJ9-F1-model_v6.pdb
SLC1A3,P43003,c:\Users\Longer\Documents\自写生信论文\data\structures\AF-P43003-F1-model_v6.pdb
KCNJ3,P48549,c:\Users\Longer\Documents\自写生信论文\data\structures\AF-P48549-F1-model_v6.pdb
SGCD,Q92629,c:\Users\Longer\Documents\自写生信论文\data\structures\AF-Q92629-F1-model_v6.pdb
GFRA3,O60609,c:\Users\Longer\Documents\自写生信论文\data\structures\AF-O60609-F1-model_v6.pdb
OXER1,Q8TDS5,c:\Users\Longer\Documents\自写生信论文\data\structures\AF-Q8TDS5-F1-model_v6.pdb
FLT3LG,P49771,c:\Users\Longer\Documents\自写生信论文\data\structures\AF-P49771-F1-model_v6.pdb
SCARF2,Q96GP6,c:\Users\Longer\Documents\自写生信论文\data\structures\AF-Q96GP6-F1-model_v6.pdb
SLC1A7,O00341,c:\Users\Longer\Documents\自写生信论文\data\structures\AF-O00341-F1-model_v6.pdb
BTN2A3P,Q96KV6,c:\Users\Longer\Documents\自写生信论文\data\structures\AF-Q96KV6-F1-model_v6.pdb
ADRB2,P07550,c:\Users\Longer\Documents\自写生信论文\data\structures\AF-P07550-F1-model_v6.pdb
ART3,Q13508,c:\Users\Longer\Documents\自写生信论文\data\structures\AF-Q13508-F1-model_v6.pdb
ITGA1,P56199,c:\Users\Longer\Documents\自写生信论文\data\structures\AF-P56199-F1-model_v6.pdb
PLXNA4,Q9HCM2,c:\Users\Longer\Documents\自写生信论文\data\structures\AF-Q9HCM2-F1-model_v6.pdb
P2RX6,O15547,c:\Users\Longer\Documents\自写生信论文\data\structures\AF-O15547-F1-model_v6.pdb
CDH13,P55290,c:\Users\Longer\Documents\自写生信论文\data\structures\AF-P55290-F1-model_v6.pdb
IL1R1,P14778,c:\Users\Longer\Documents\自写生信论文\data\structures\AF-P14778-F1-model_v6.pdb
GPRC5B,Q9NZH0,c:\Users\Longer\Documents\自写生信论文\data\structures\AF-Q9NZH0-F1-model_v6.pdb
SLC12A6,Q9UHW9,c:\Users\Longer\Documents\自写生信论文\data\structures\AF-Q9UHW9-F1-model_v6.pdb
EPOR,P19235,c:\Users\Longer\Documents\自写生信论文\data\structures\AF-P19235-F1-model_v6.pdb
ENG,P17813,c:\Users\Longer\Documents\自写生信论文\data\structures\AF-P17813-F1-model_v6.pdb
CNTN1,Q12860,c:\Users\Longer\Documents\自写生信论文\data\structures\AF-Q12860-F1-model_v6.pdb
SLC6A15,Q9H2J7,c:\Users\Longer\Documents\自写生信论文\data\structures\AF-Q9H2J7-F1-model_v6.pdb
SGCB,Q16585,c:\Users\Longer\Documents\自写生信论文\data\structures\AF-Q16585-F1-model_v6.pdb
GGT7,Q9UJ14,c:\Users\Longer\Documents\自写生信论文\data\structures\AF-Q9UJ14-F1-model_v6.pdb
GPR17,Q13304,c:\Users\Longer\Documents\自写生信论文\data\structures\AF-Q13304-F1-model_v6.pdb
TTYH1,Q9H313,c:\Users\Longer\Documents\自写生信论文\data\structures\AF-Q9H313-F1-model_v6.pdb
PLA2R1,Q13018,c:\Users\Longer\Documents\自写生信论文\data\structures\AF-Q13018-F1-model_v6.pdb
FAIM2,Q9BWQ8,c:\Users\Longer\Documents\自写生信论文\data\structures\AF-Q9BWQ8-F1-model_v6.pdb
ANO5,Q75V66,c:\Users\Longer\Documents\自写生信论文\data\structures\AF-Q75V66-F1-model_v6.pdb
TMEM8B,A6NDV4,c:\Users\Longer\Documents\自写生信论文\data\structures\AF-A6NDV4-F1-model_v6.pdb
SLC14A1,Q13336,c:\Users\Longer\Documents\自写生信论文\data\structures\AF-Q13336-F1-model_v6.pdb
XPNPEP2,O43895,c:\Users\Longer\Documents\自写生信论文\data\structures\AF-O43895-F1-model_v6.pdb
PTPRS,Q13332,c:\Users\Longer\Documents\自写生信论文\data\structures\AF-Q13332-F1-model_v6.pdb
TRABD2B,A6NFA1,c:\Users\Longer\Documents\自写生信论文\data\structures\AF-A6NFA1-F1-model_v6.pdb
NTNG1,Q9Y2I2,c:\Users\Longer\Documents\自写生信论文\data\structures\AF-Q9Y2I2-F1-model_v6.pdb
ABCB1,P08183,c:\Users\Longer\Documents\自写生信论文\data\structures\AF-P08183-F1-model_v6.pdb
SLC16A12,Q6ZSM3,c:\Users\Longer\Documents\自写生信论文\data\structures\AF-Q6ZSM3-F1-model_v6.pdb
BTN2A1,Q7KYR7,c:\Users\Longer\Documents\自写生信论文\data\structures\AF-Q7KYR7-F1-model_v6.pdb
NRXN1,Q9ULB1,c:\Users\Longer\Documents\自写生信论文\data\structures\AF-Q9ULB1-F1-model_v6.pdb
EPHA4,P54764,c:\Users\Longer\Documents\自写生信论文\data\structures\AF-P54764-F1-model_v6.pdb
NLGN1,Q8N2Q7,c:\Users\Longer\Documents\自写生信论文\data\structures\AF-Q8N2Q7-F1-model_v6.pdb
GPR12,P47775,c:\Users\Longer\Documents\自写生信论文\data\structures\AF-P47775-F1-model_v6.pdb
CNTN4,Q8IWV2,c:\Users\Longer\Documents\自写生信论文\data\structures\AF-Q8IWV2-F1-model_v6.pdb
PCDHB4,Q9Y5E5,c:\Users\Longer\Documents\自写生信论文\data\structures\AF-Q9Y5E5-F1-model_v6.pdb
MCAM,P43121,c:\Users\Longer\Documents\自写生信论文\data\structures\AF-P43121-F1-model_v6.pdb
ABCC5,O15440,c:\Users\Longer\Documents\自写生信论文\data\structures\AF-O15440-F1-model_v6.pdb
TPO,P07202,c:\Users\Longer\Documents\自写生信论文\data\structures\AF-P07202-F1-model_v6.pdb
SLC6A16,Q9GZN6,c:\Users\Longer\Documents\自写生信论文\data\structures\AF-Q9GZN6-F1-model_v6.pdb
IL6R,P08887,c:\Users\Longer\Documents\自写生信论文\data\structures\AF-P08887-F1-model_v6.pdb
LTB4R2,Q9NPC1,c:\Users\Longer\Documents\自写生信论文\data\structures\AF-Q9NPC1-F1-model_v6.pdb
SLC38A2,Q96QD8,c:\Users\Longer\Documents\自写生信论文\data\structures\AF-Q96QD8-F1-model_v6.pdb
IL18R1,Q13478,c:\Users\Longer\Documents\自写生信论文\data\structures\AF-Q13478-F1-model_v6.pdb
GPR155,Q7Z3F1,c:\Users\Longer\Documents\自写生信论文\data\structures\AF-Q7Z3F1-F1-model_v6.pdb
ESAM,Q96AP7,c:\Users\Longer\Documents\自写生信论文\data\structures\AF-Q96AP7-F1-model_v6.pdb
CDH5,P33151,c:\Users\Longer\Documents\自写生信论文\data\structures\AF-P33151-F1-model_v6.pdb
PCDHGC3,Q9UN70,c:\Users\Longer\Documents\自写生信论文\data\structures\AF-Q9UN70-F1-model_v6.pdb
PLXDC1,Q8IUK5,c:\Users\Longer\Documents\自写生信论文\data\structures\AF-Q8IUK5-F1-model_v6.pdb
SLC19A2,O60779,c:\Users\Longer\Documents\自写生信论文\data\structures\AF-O60779-F1-model_v6.pdb
ADCYAP1R1,P41586,c:\Users\Longer\Documents\自写生信论文\data\structures\AF-P41586-F1-model_v6.pdb
SLC29A1,Q99808,c:\Users\Longer\Documents\自写生信论文\data\structures\AF-Q99808-F1-model_v6.pdb
CDH19,Q9H159,c:\Users\Longer\Documents\自写生信论文\data\structures\AF-Q9H159-F1-model_v6.pdb
PCSK5,Q92824,c:\Users\Longer\Documents\自写生信论文\data\structures\AF-Q92824-F1-model_v6.pdb
TMEM63A,O94886,c:\Users\Longer\Documents\自写生信论文\data\structures\AF-O94886-F1-model_v6.pdb
SLITRK1,Q96PX8,c:\Users\Longer\Documents\自写生信论文\data\structures\AF-Q96PX8-F1-model_v6.pdb
APCDD1,Q8J025,c:\Users\Longer\Documents\自写生信论文\data\structures\AF-Q8J025-F1-model_v6.pdb
SELP,P16109,c:\Users\Longer\Documents\自写生信论文\data\structures\AF-P16109-F1-model_v6.pdb
CD302,Q8IX05,c:\Users\Longer\Documents\自写生信论文\data\structures\AF-Q8IX05-F1-model_v6.pdb
SHISA4,Q96DD7,c:\Users\Longer\Documents\自写生信论文\data\structures\AF-Q96DD7-F1-model_v6.pdb
PTPRB,P23467,c:\Users\Longer\Documents\自写生信论文\data\structures\AF-P23467-F1-model_v6.pdb
GRIA2,P42262,c:\Users\Longer\Documents\自写生信论文\data\structures\AF-P42262-F1-model_v6.pdb
SLC22A15,Q8IZD6,c:\Users\Longer\Documents\自写生信论文\data\structures\AF-Q8IZD6-F1-model_v6.pdb
TNFRSF14,Q92956,c:\Users\Longer\Documents\自写生信论文\data\structures\AF-Q92956-F1-model_v6.pdb
CCR10,P46092,c:\Users\Longer\Documents\自写生信论文\data\structures\AF-P46092-F1-model_v6.pdb
SORCS1,Q8WY21,c:\Users\Longer\Documents\自写生信论文\data\structures\AF-Q8WY21-F1-model_v6.pdb
STIM1,Q13586,c:\Users\Longer\Documents\自写生信论文\data\structures\AF-Q13586-F1-model_v6.pdb
CDHR3,Q6ZTQ4,c:\Users\Longer\Documents\自写生信论文\data\structures\AF-Q6ZTQ4-F1-model_v6.pdb
GPC3,P51654,c:\Users\Longer\Documents\自写生信论文\data\structures\AF-P51654-F1-model_v6.pdb
CD300LG,Q6UXG3,c:\Users\Longer\Documents\自写生信论文\data\structures\AF-Q6UXG3-F1-model_v6.pdb
SLITRK2,Q9H156,c:\Users\Longer\Documents\自写生信论文\data\structures\AF-Q9H156-F1-model_v6.pdb
ADRA2A,P08913,c:\Users\Longer\Documents\自写生信论文\data\structures\AF-P08913-F1-model_v6.pdb
ECSCR,Q19T08,c:\Users\Longer\Documents\自写生信论文\data\structures\AF-Q19T08-F1-model_v6.pdb
LRRC4B,Q9NT99,c:\Users\Longer\Documents\自写生信论文\data\structures\AF-Q9NT99-F1-model_v6.pdb
ADRA2C,P18825,c:\Users\Longer\Documents\自写生信论文\data\structures\AF-P18825-F1-model_v6.pdb
SGCE,O43556,c:\Users\Longer\Documents\自写生信论文\data\structures\AF-O43556-F1-model_v6.pdb
MERTK,Q12866,c:\Users\Longer\Documents\自写生信论文\data\structures\AF-Q12866-F1-model_v6.pdb
CACHD1,Q5VU97,c:\Users\Longer\Documents\自写生信论文\data\structures\AF-Q5VU97-F1-model_v6.pdb
THSD1,Q9NS62,c:\Users\Longer\Documents\自写生信论文\data\structures\AF-Q9NS62-F1-model_v6.pdb
EMCN,Q9ULC0,c:\Users\Longer\Documents\自写生信论文\data\structures\AF-Q9ULC0-F1-model_v6.pdb
GPR173,Q9NS66,c:\Users\Longer\Documents\自写生信论文\data\structures\AF-Q9NS66-F1-model_v6.pdb
CADM2,Q8N3J6,c:\Users\Longer\Documents\自写生信论文\data\structures\AF-Q8N3J6-F1-model_v6.pdb
SPPL2B,Q8TCT7,c:\Users\Longer\Documents\自写生信论文\data\structures\AF-Q8TCT7-F1-model_v6.pdb
DNER,Q8NFT8,c:\Users\Longer\Documents\自写生信论文\data\structures\AF-Q8NFT8-F1-model_v6.pdb
ITGB3,P05106,c:\Users\Longer\Documents\自写生信论文\data\structures\AF-P05106-F1-model_v6.pdb
ITGA8,P53708,c:\Users\Longer\Documents\自写生信论文\data\structures\AF-P53708-F1-model_v6.pdb
DPP6,P42658,c:\Users\Longer\Documents\自写生信论文\data\structures\AF-P42658-F1-model_v6.pdb
CLEC14A,Q86T13,c:\Users\Longer\Documents\自写生信论文\data\structures\AF-Q86T13-F1-model_v6.pdb
SLCO2A1,Q92959,c:\Users\Longer\Documents\自写生信论文\data\structures\AF-Q92959-F1-model_v6.pdb
EVA1C,P58658,c:\Users\Longer\Documents\自写生信论文\data\structures\AF-P58658-F1-model_v6.pdb
CNTNAP3,Q9BZ76,c:\Users\Longer\Documents\自写生信论文\data\structures\AF-Q9BZ76-F1-model_v6.pdb
GLDN,Q6ZMI3,c:\Users\Longer\Documents\自写生信论文\data\structures\AF-Q6ZMI3-F1-model_v6.pdb
SEMA6A,Q9H2E6,c:\Users\Longer\Documents\自写生信论文\data\structures\AF-Q9H2E6-F1-model_v6.pdb
GABRB1,P18505,c:\Users\Longer\Documents\自写生信论文\data\structures\AF-P18505-F1-model_v6.pdb
VIPR2,P41587,c:\Users\Longer\Documents\自写生信论文\data\structures\AF-P41587-F1-model_v6.pdb
MXRA8,Q9BRK3,c:\Users\Longer\Documents\自写生信论文\data\structures\AF-Q9BRK3-F1-model_v6.pdb
FNDC5,Q8NAU1,c:\Users\Longer\Documents\自写生信论文\data\structures\AF-Q8NAU1-F1-model_v6.pdb
LRRTM3,Q86VH5,c:\Users\Longer\Documents\自写生信论文\data\structures\AF-Q86VH5-F1-model_v6.pdb
SCN1A,P35498,c:\Users\Longer\Documents\自写生信论文\data\structures\AF-P35498-F1-model_v6.pdb
ANTXR2,P58335,c:\Users\Longer\Documents\自写生信论文\data\structures\AF-P58335-F1-model_v6.pdb
TCIRG1,Q13488,c:\Users\Longer\Documents\自写生信论文\data\structures\AF-Q13488-F1-model_v6.pdb
SLC11A1,P49279,c:\Users\Longer\Documents\自写生信论文\data\structures\AF-P49279-F1-model_v6.pdb
CLDND1,Q9NY35,c:\Users\Longer\Documents\自写生信论文\data\structures\AF-Q9NY35-F1-model_v6.pdb
NTSR2,O95665,c:\Users\Longer\Documents\自写生信论文\data\structures\AF-O95665-F1-model_v6.pdb
SLC24A3,Q9HC58,c:\Users\Longer\Documents\自写生信论文\data\structures\AF-Q9HC58-F1-model_v6.pdb
BTNL3,Q6UXE8,c:\Users\Longer\Documents\自写生信论文\data\structures\AF-Q6UXE8-F1-model_v6.pdb
ABCA9,Q8IUA7,c:\Users\Longer\Documents\自写生信论文\data\structures\AF-Q8IUA7-F1-model_v6.pdb
P2RX1,P51575,c:\Users\Longer\Documents\自写生信论文\data\structures\AF-P51575-F1-model_v6.pdb
ADCY3,O60266,c:\Users\Longer\Documents\自写生信论文\data\structures\AF-O60266-F1-model_v6.pdb
CSPG4,Q6UVK1,c:\Users\Longer\Documents\自写生信论文\data\structures\AF-Q6UVK1-F1-model_v6.pdb
MMP17,Q9ULZ9,c:\Users\Longer\Documents\自写生信论文\data\structures\AF-Q9ULZ9-F1-model_v6.pdb
L1CAM,P32004,c:\Users\Longer\Documents\自写生信论文\data\structures\AF-P32004-F1-model_v6.pdb
RNF150,Q9ULK6,c:\Users\Longer\Documents\自写生信论文\data\structures\AF-Q9ULK6-F1-model_v6.pdb
SCN7A,Q01118,c:\Users\Longer\Documents\自写生信论文\data\structures\AF-Q01118-F1-model_v6.pdb
SLC7A14,Q8TBB6,c:\Users\Longer\Documents\自写生信论文\data\structures\AF-Q8TBB6-F1-model_v6.pdb
GPM6A,P51674,c:\Users\Longer\Documents\自写生信论文\data\structures\AF-P51674-F1-model_v6.pdb
PLXNB3,Q9ULL4,c:\Users\Longer\Documents\自写生信论文\data\structures\AF-Q9ULL4-F1-model_v6.pdb
CNTN3,Q9P232,c:\Users\Longer\Documents\自写生信论文\data\structures\AF-Q9P232-F1-model_v6.pdb
MUC21,Q5SSG8,c:\Users\Longer\Documents\自写生信论文\data\structures\AF-Q5SSG8-F1-model_v6.pdb
CLEC1A,Q8NC01,c:\Users\Longer\Documents\自写生信论文\data\structures\AF-Q8NC01-F1-model_v6.pdb
IL1RL1,Q01638,c:\Users\Longer\Documents\自写生信论文\data\structures\AF-Q01638-F1-model_v6.pdb
SYP,P08247,c:\Users\Longer\Documents\自写生信论文\data\structures\AF-P08247-F1-model_v6.pdb
PCDHGB7,Q9Y5F8,c:\Users\Longer\Documents\自写生信论文\data\structures\AF-Q9Y5F8-F1-model_v6.pdb
ZDHHC11,Q9H8X9,c:\Users\Longer\Documents\自写生信论文\data\structures\AF-Q9H8X9-F1-model_v6.pdb
HEPH,Q9BQS7,c:\Users\Longer\Documents\自写生信论文\data\structures\AF-Q9BQS7-F1-model_v6.pdb
IGSF9B,Q9UPX0,c:\Users\Longer\Documents\自写生信论文\data\structures\AF-Q9UPX0-F1-model_v6.pdb
SLC16A7,O60669,c:\Users\Longer\Documents\自写生信论文\data\structures\AF-O60669-F1-model_v6.pdb
PKD2,Q13563,c:\Users\Longer\Documents\自写生信论文\data\structures\AF-Q13563-F1-model_v6.pdb
PTCH1,Q13635,c:\Users\Longer\Documents\自写生信论文\data\structures\AF-Q13635-F1-model_v6.pdb
RAMP3,O60896,c:\Users\Longer\Documents\自写生信论文\data\structures\AF-O60896-F1-model_v6.pdb
NRG2,O14511,c:\Users\Longer\Documents\自写生信论文\data\structures\AF-O14511-F1-model_v6.pdb
LSMEM1,Q8N8F7,c:\Users\Longer\Documents\自写生信论文\data\structures\AF-Q8N8F7-F1-model_v6.pdb
LILRB5,O75023,c:\Users\Longer\Documents\自写生信论文\data\structures\AF-O75023-F1-model_v6.pdb
TEK,Q02763,c:\Users\Longer\Documents\自写生信论文\data\structures\AF-Q02763-F1-model_v6.pdb
FLT4,P35916,c:\Users\Longer\Documents\自写生信论文\data\structures\AF-P35916-F1-model_v6.pdb
LRRC37B,Q96QE4,c:\Users\Longer\Documents\自写生信论文\data\structures\AF-Q96QE4-F1-model_v6.pdb
TIE1,P35590,c:\Users\Longer\Documents\自写生信论文\data\structures\AF-P35590-F1-model_v6.pdb
DLL1,O00548,c:\Users\Longer\Documents\自写生信论文\data\structures\AF-O00548-F1-model_v6.pdb
TMEM204,Q9BSN7,c:\Users\Longer\Documents\自写生信论文\data\structures\AF-Q9BSN7-F1-model_v6.pdb
VSTM4,Q8IW00,c:\Users\Longer\Documents\自写生信论文\data\structures\AF-Q8IW00-F1-model_v6.pdb
CALHM2,Q9HA72,c:\Users\Longer\Documents\自写生信论文\data\structures\AF-Q9HA72-F1-model_v6.pdb
TTYH2,Q9BSA4,c:\Users\Longer\Documents\自写生信论文\data\structures\AF-Q9BSA4-F1-model_v6.pdb
CNR1,P21554,c:\Users\Longer\Documents\自写生信论文\data\structures\AF-P21554-F1-model_v6.pdb
PTGIR,P43119,c:\Users\Longer\Documents\自写生信论文\data\structures\AF-P43119-F1-model_v6.pdb
FNDC4,Q9H6D8,c:\Users\Longer\Documents\自写生信论文\data\structures\AF-Q9H6D8-F1-model_v6.pdb
LEPR,P48357,c:\Users\Longer\Documents\自写生信论文\data\structures\AF-P48357-F1-model_v6.pdb
SLC12A4,Q9UP95,c:\Users\Longer\Documents\自写生信论文\data\structures\AF-Q9UP95-F1-model_v6.pdb
PLXNA2,O75051,c:\Users\Longer\Documents\自写生信论文\data\structures\AF-O75051-F1-model_v6.pdb
KIT,P10721,c:\Users\Longer\Documents\自写生信论文\data\structures\AF-P10721-F1-model_v6.pdb
GABRG2,P18507,c:\Users\Longer\Documents\自写生信论文\data\structures\AF-P18507-F1-model_v6.pdb
ITGA10,O75578,c:\Users\Longer\Documents\自写生信论文\data\structures\AF-O75578-F1-model_v6.pdb
CLDN15,P56746,c:\Users\Longer\Documents\自写生信论文\data\structures\AF-P56746-F1-model_v6.pdb
MAMDC4,Q6UXC1,c:\Users\Longer\Documents\自写生信论文\data\structures\AF-Q6UXC1-F1-model_v6.pdb
TMEFF2,Q9UIK5,c:\Users\Longer\Documents\自写生信论文\data\structures\AF-Q9UIK5-F1-model_v6.pdb
MOG,Q16653,c:\Users\Longer\Documents\自写生信论文\data\structures\AF-Q16653-F1-model_v6.pdb
SCN4B,Q8IWT1,c:\Users\Longer\Documents\自写生信论文\data\structures\AF-Q8IWT1-F1-model_v6.pdb
GAS1,P54826,c:\Users\Longer\Documents\自写生信论文\data\structures\AF-P54826-F1-model_v6.pdb
TNFRSF25,Q93038,c:\Users\Longer\Documents\自写生信论文\data\structures\AF-Q93038-F1-model_v6.pdb
SLC7A2,P52569,c:\Users\Longer\Documents\自写生信论文\data\structures\AF-P52569-F1-model_v6.pdb
LTB4R,Q15722,c:\Users\Longer\Documents\自写生信论文\data\structures\AF-Q15722-F1-model_v6.pdb
NKAIN3,Q8N8D7,c:\Users\Longer\Documents\自写生信论文\data\structures\AF-Q8N8D7-F1-model_v6.pdb
RECK,O95980,c:\Users\Longer\Documents\自写生信论文\data\structures\AF-O95980-F1-model_v6.pdb
PLXNB1,O43157,c:\Users\Longer\Documents\自写生信论文\data\structures\AF-O43157-F1-model_v6.pdb
DLK1,P80370,c:\Users\Longer\Documents\自写生信论文\data\structures\AF-P80370-F1-model_v6.pdb
