gene,confidence_tier,source_surfy,source_go,uniprot_id,description,length
PKD2,Tier2_SURFY_only,True,False,Q13563,Polycystin-2,968
TMEM158,Tier2_SURFY_only,True,False,Q8WZ71,Transmembrane protein 158,300
GJA4,Tier2_SURFY_only,True,False,P35212,Gap junction alpha-4 protein,333
PRRT3,Tier2_SURFY_only,True,False,Q5FWE3,Proline-rich transmembrane protein 3,981
LMAN2L,Tier2_SURFY_only,True,False,Q9H0V9,VIP36-like protein,348
ZDHHC11B,Tier2_SURFY_only,True,False,P0C7U3,Probable palmitoyltransferase ZDHHC11B,371
IL10RA,Tier2_SURFY_only,True,False,Q13651,Interleukin-10 receptor subunit alpha,578
APCDD1,Tier2_SURFY_only,True,False,Q8J025,Protein APCDD1,514
PCDHGB7,Tier2_SURFY_only,True,False,Q9Y5F8,Protocadherin gamma-B7,929
FFAR1,Tier2_SURFY_only,True,False,O14842,Free fatty acid receptor 1,300
OR10H3,Tier2_SURFY_only,True,False,O60404,Olfactory receptor 10H3,316
SELP,Tier2_SURFY_only,True,False,P16109,P-selectin,830
OR5H2,Tier2_SURFY_only,True,False,Q8NGV7,Olfactory receptor 5H2,314
ABCA1,Tier2_SURFY_only,True,False,O95477,ATP-binding cassette sub-family A member 1,2261
MCOLN1,Tier2_SURFY_only,True,False,Q9GZU1,Mucolipin-1,580
FREM2,Tier2_SURFY_only,True,False,Q5SZK8,FRAS1-related extracellular matrix protein 2,3169
AQP5,Tier2_SURFY_only,True,False,P55064,Aquaporin-5,265
KCNK5,Tier2_SURFY_only,True,False,O95279,Potassium channel subfamily K member 5,499
SLC12A8,Tier2_SURFY_only,True,False,A0AV02,Solute carrier family 12 member 8,714
GPR39,Tier2_SURFY_only,True,False,O43194,G-protein coupled receptor 39,453
GPR152,Tier2_SURFY_only,True,False,Q8TDT2,Probable G-protein coupled receptor 152,470
CA4,Tier2_SURFY_only,True,False,P22748,Carbonic anhydrase 4,312
PTGER4,Tier2_SURFY_only,True,False,P35408,Prostaglandin E2 receptor EP4 subtype,488
NRCAM,Tier2_SURFY_only,True,False,Q92823,Neuronal cell adhesion molecule,1304
TAAR5,Tier2_SURFY_only,True,False,O14804,Trace amine-associated receptor 5,337
OR5AC1,Tier2_SURFY_only,True,False,P0C628,Olfactory receptor 5AC1,307
NRG2,Tier2_SURFY_only,True,False,O14511,"Pro-neuregulin-2, membrane-bound isoform",850
EFNB2,Tier2_SURFY_only,True,False,P52799,Ephrin-B2,333
GRM7,Tier2_SURFY_only,True,False,Q14831,Metabotropic glutamate receptor 7,915
OR2M2,Tier2_SURFY_only,True,False,Q96R28,Olfactory receptor 2M2,347
KLRF1,Tier2_SURFY_only,True,False,Q9NZS2,Killer cell lectin-like receptor subfamily F member 1,232
MUC22,Tier2_SURFY_only,True,False,E2RYF6,Mucin-22,1773
OR4A47,Tier2_SURFY_only,True,False,Q6IF82,Olfactory receptor 4A47,309
FAM171A2,Tier2_SURFY_only,True,False,A8MVW0,Protein FAM171A2,826
CXCR5,Tier2_SURFY_only,True,False,P32302,C-X-C chemokine receptor type 5,372
CFC1,Tier2_SURFY_only,True,False,P0CG37,Cryptic protein,223
IL10RB,Tier2_SURFY_only,True,False,Q08334,Interleukin-10 receptor subunit beta,325
SLCO1B1,Tier2_SURFY_only,True,False,Q9Y6L6,Solute carrier organic anion transporter family member 1B1,691
GABRD,Tier2_SURFY_only,True,False,O14764,Gamma-aminobutyric acid receptor subunit delta,452
CD55,Tier2_SURFY_only,True,False,P08174,Complement decay-accelerating factor,381
PCDHGA10,Tier2_SURFY_only,True,False,Q9Y5H3,Protocadherin gamma-A10,936
GFRA2,Tier2_SURFY_only,True,False,O00451,GDNF family receptor alpha-2,464
MLNR,Tier2_SURFY_only,True,False,O43193,Motilin receptor,412
NRXN2,Tier2_SURFY_only,True,False,P58401,Neurexin-2-beta,666
ICOS,Tier2_SURFY_only,True,False,Q9Y6W8,Inducible T-cell costimulator,199
SLC38A9,Tier2_SURFY_only,True,False,Q8NBW4,Putative sodium-coupled neutral amino acid transporter 9,561
OR5M1,Tier2_SURFY_only,True,False,Q8NGP8,Olfactory receptor 5M1,315
SLC2A4,Tier2_SURFY_only,True,False,P14672,"Solute carrier family 2, facilitated glucose transporter member 4",509
PCDHA5,Tier2_SURFY_only,True,False,Q9Y5H7,Protocadherin alpha-5,936
GRIN2B,Tier2_SURFY_only,True,False,Q13224,"Glutamate receptor ionotropic, NMDA 2B",1484
TNFRSF9,Tier2_SURFY_only,True,False,Q07011,Tumor necrosis factor receptor superfamily member 9,255
UGT8,Tier2_SURFY_only,True,False,Q16880,2-hydroxyacylsphingosine 1-beta-galactosyltransferase,541
GPR56,Tier2_SURFY_only,True,False,Q9Y653,G-protein coupled receptor 56,693
FAM171B,Tier2_SURFY_only,True,False,Q6P995,Protein FAM171B,826
TNFRSF4,Tier2_SURFY_only,True,False,P43489,Tumor necrosis factor receptor superfamily member 4,277
SEZ6L2,Tier2_SURFY_only,True,False,Q6UXD5,Seizure 6-like protein 2,910
ITGAE,Tier2_SURFY_only,True,False,P38570,Integrin alpha-E,1179
PCDHB15,Tier2_SURFY_only,True,False,Q9Y5E8,Protocadherin beta-15,787
KIR2DL4,Tier2_SURFY_only,True,False,Q99706,Killer cell immunoglobulin-like receptor 2DL4,377
CHRNA7,Tier2_SURFY_only,True,False,P36544,Neuronal acetylcholine receptor subunit alpha-7,502
OR2M4,Tier2_SURFY_only,True,False,Q96R27,Olfactory receptor 2M4,311
SERINC1,Tier2_SURFY_only,True,False,Q9NRX5,Serine incorporator 1,453
PCDHB5,Tier2_SURFY_only,True,False,Q9Y5E4,Protocadherin beta-5,795
UNC5C,Tier2_SURFY_only,True,False,O95185,Netrin receptor UNC5C,931
HLA-DOB,Tier2_SURFY_only,True,False,P13765,"HLA class II histocompatibility antigen, DO beta chain",273
NPFFR2,Tier2_SURFY_only,True,False,Q9Y5X5,Neuropeptide FF receptor 2,522
ICAM5,Tier2_SURFY_only,True,False,Q9UMF0,Intercellular adhesion molecule 5,924
PLET1,Tier2_SURFY_only,True,False,Q6UQ28,Placenta-expressed transcript 1 protein,207
GPA33,Tier2_SURFY_only,True,False,Q99795,Cell surface A33 antigen,319
SLC10A6,Tier2_SURFY_only,True,False,Q3KNW5,Solute carrier family 10 member 6,377
EMP1,Tier2_SURFY_only,True,False,P54849,Epithelial membrane protein 1,157
CD84,Tier2_SURFY_only,True,False,Q9UIB8,SLAM family member 5,345
SEMA4B,Tier2_SURFY_only,True,False,Q9NPR2,Semaphorin-4B,832
QSOX1,Tier2_SURFY_only,True,False,O00391,Sulfhydryl oxidase 1,747
SLC22A15,Tier2_SURFY_only,True,False,Q8IZD6,Solute carrier family 22 member 15,547
MFRP,Tier2_SURFY_only,True,False,Q9BY79,Membrane frizzled-related protein,579
BSG,Tier2_SURFY_only,True,False,P35613,Basigin,385
OR8H2,Tier2_SURFY_only,True,False,Q8N162,Olfactory receptor 8H2,312
SUCNR1,Tier2_SURFY_only,True,False,Q9BXA5,Succinate receptor 1,334
ELTD1,Tier2_SURFY_only,True,False,Q9HBW9,"EGF, latrophilin and seven transmembrane domain-containing protein 1",690
TLR8,Tier2_SURFY_only,True,False,Q9NR97,Toll-like receptor 8,1041
RAMP3,Tier2_SURFY_only,True,False,O60896,Receptor activity-modifying protein 3,148
EBP,Tier2_SURFY_only,True,False,Q15125,"3-beta-hydroxysteroid-Delta(8),Delta(7)-isomerase",230
GPR115,Tier2_SURFY_only,True,False,Q8IZF3,Probable G-protein coupled receptor 115,695
MRGPRG,Tier2_SURFY_only,True,False,Q86SM5,Mas-related G-protein coupled receptor member G,289
ATP1A3,Tier2_SURFY_only,True,False,P13637,Sodium/potassium-transporting ATPase subunit alpha-3,1013
GGT3P,Tier2_SURFY_only,True,False,A6NGU5,Putative gamma-glutamyltranspeptidase 3,568
PTAFR,Tier2_SURFY_only,True,False,P25105,Platelet-activating factor receptor,342
IL7R,Tier2_SURFY_only,True,False,P16871,Interleukin-7 receptor subunit alpha,459
TMEM110,Tier2_SURFY_only,True,False,Q86TL2,Transmembrane protein 110,294
SLAMF6,Tier2_SURFY_only,True,False,Q96DU3,SLAM family member 6,332
MEGF8,Tier2_SURFY_only,True,False,Q7Z7M0,Multiple epidermal growth factor-like domains protein 8,2845
CR2,Tier2_SURFY_only,True,False,P20023,Complement receptor type 2,1033
HLA-DMB,Tier2_SURFY_only,True,False,P28068,"HLA class II histocompatibility antigen, DM beta chain",263
SLC15A3,Tier2_SURFY_only,True,False,Q8IY34,Solute carrier family 15 member 3,581
MFSD5,Tier2_SURFY_only,True,False,Q6N075,Molybdate-anion transporter,450
CNTNAP1,Tier2_SURFY_only,True,False,P78357,Contactin-associated protein 1,1384
FCER1A,Tier2_SURFY_only,True,False,P12319,High affinity immunoglobulin epsilon receptor subunit alpha,257
SLC37A4,Tier2_SURFY_only,True,False,O43826,Glucose-6-phosphate translocase,429
LILRB2,Tier2_SURFY_only,True,False,Q8N423,Leukocyte immunoglobulin-like receptor subfamily B member 2,598
DAGLB,Tier2_SURFY_only,True,False,Q8NCG7,Sn1-specific diacylglycerol lipase beta,672
OR6K6,Tier2_SURFY_only,True,False,Q8NGW6,Olfactory receptor 6K6,343
MEP1B,Tier2_SURFY_only,True,False,Q16820,Meprin A subunit beta,701
OR10G7,Tier2_SURFY_only,True,False,Q8NGN6,Olfactory receptor 10G7,311
TMEM95,Tier2_SURFY_only,True,False,Q3KNT9,Transmembrane protein 95,176
SLC40A1,Tier2_SURFY_only,True,False,Q9NP59,Solute carrier family 40 member 1,571
PCDH19,Tier2_SURFY_only,True,False,Q8TAB3,Protocadherin-19,1148
MUC12,Tier2_SURFY_only,True,False,Q9UKN1,Mucin-12,5478
ASIC4,Tier2_SURFY_only,True,False,Q96FT7,Acid-sensing ion channel 4,647
OR5AL1,Tier2_SURFY_only,True,False,P0C617,Olfactory receptor 5AL1,328
VTCN1,Tier2_SURFY_only,True,False,Q7Z7D3,V-set domain-containing T-cell activation inhibitor 1,282
UMOD,Tier2_SURFY_only,True,False,P07911,Uromodulin,640
PTPRM,Tier2_SURFY_only,True,False,P28827,Receptor-type tyrosine-protein phosphatase mu,1452
CD200,Tier2_SURFY_only,True,False,P41217,OX-2 membrane glycoprotein,278
C14orf132,Tier2_SURFY_only,True,False,Q9NPU4,Putative uncharacterized protein C14orf132,173
MST1R,Tier2_SURFY_only,True,False,Q04912,Macrophage-stimulating protein receptor,1400
FCGR3B,Tier2_SURFY_only,True,False,O75015,Low affinity immunoglobulin gamma Fc region receptor III-B,233
CLEC9A,Tier2_SURFY_only,True,False,Q6UXN8,C-type lectin domain family 9 member A,241
UPK3B,Tier2_SURFY_only,True,False,Q9BT76,Uroplakin-3b,320
CD46,Tier2_SURFY_only,True,False,P15529,Membrane cofactor protein,392
AMHR2,Tier2_SURFY_only,True,False,Q16671,Anti-Muellerian hormone type-2 receptor,573
NCR3LG1,Tier2_SURFY_only,True,False,Q68D85,Natural cytotoxicity triggering receptor 3 ligand 1,454
PCDH11X,Tier2_SURFY_only,True,False,Q9BZA7,Protocadherin-11 X-linked,1347
GPC2,Tier2_SURFY_only,True,False,Q8N158,Glypican-2,579
TPBG,Tier2_SURFY_only,True,False,Q13641,Trophoblast glycoprotein,420
SLITRK4,Tier2_SURFY_only,True,False,Q8IW52,SLIT and NTRK-like protein 4,837
ITGB4,Tier2_SURFY_only,True,False,P16144,Integrin beta-4,1822
DSC3,Tier2_SURFY_only,True,False,Q14574,Desmocollin-3,896
SLAMF9,Tier2_SURFY_only,True,False,Q96A28,SLAM family member 9,289
ITM2C,Tier2_SURFY_only,True,False,Q9NQX7,Integral membrane protein 2C,267
CLEC12B,Tier2_SURFY_only,True,False,Q2HXU8,C-type lectin domain family 12 member B,276
NTSR1,Tier2_SURFY_only,True,False,P30989,Neurotensin receptor type 1,418
GPR107,Tier2_SURFY_only,True,False,Q5VW38,Protein GPR107,600
ENPP6,Tier2_SURFY_only,True,False,Q6UWR7,Ectonucleotide pyrophosphatase/phosphodiesterase family member 6,440
PKD1L3,Tier2_SURFY_only,True,False,Q7Z443,Polycystic kidney disease protein 1-like 3,1732
PCSK5,Tier2_SURFY_only,True,False,Q92824,Proprotein convertase subtilisin/kexin type 5,1860
SLC5A10,Tier2_SURFY_only,True,False,A0PJK1,Sodium/glucose cotransporter 5,596
SLC26A6,Tier2_SURFY_only,True,False,Q9BXS9,Solute carrier family 26 member 6,759
TAS2R14,Tier2_SURFY_only,True,False,Q9NYV8,Taste receptor type 2 member 14,317
OR4D9,Tier2_SURFY_only,True,False,Q8NGE8,Olfactory receptor 4D9,314
TLR1,Tier2_SURFY_only,True,False,Q15399,Toll-like receptor 1,786
ECE1,Tier2_SURFY_only,True,False,P42892,Endothelin-converting enzyme 1,770
GRIA2,Tier2_SURFY_only,True,False,P42262,Glutamate receptor 2,883
TMEM9B,Tier2_SURFY_only,True,False,Q9NQ34,Transmembrane protein 9B,198
LRIT2,Tier2_SURFY_only,True,False,A6NDA9,"Leucine-rich repeat, immunoglobulin-like domain and transmembrane domain-containing protein 2",550
PRSS8,Tier2_SURFY_only,True,False,Q16651,Prostasin,343
SLITRK1,Tier2_SURFY_only,True,False,Q96PX8,SLIT and NTRK-like protein 1,696
GFRA1,Tier2_SURFY_only,True,False,P56159,GDNF family receptor alpha-1,465
ITGAX,Tier2_SURFY_only,True,False,P20702,Integrin alpha-X,1163
SHISA4,Tier2_SURFY_only,True,False,Q96DD7,Protein shisa-4,197
TPSG1,Tier2_SURFY_only,True,False,Q9NRR2,Tryptase gamma,321
P2RY13,Tier2_SURFY_only,True,False,Q9BPV8,P2Y purinoceptor 13,354
PTPRU,Tier2_SURFY_only,True,False,Q92729,Receptor-type tyrosine-protein phosphatase U,1446
S1PR2,Tier2_SURFY_only,True,False,O95136,Sphingosine 1-phosphate receptor 2,353
PTGFRN,Tier2_SURFY_only,True,False,Q9P2B2,Prostaglandin F2 receptor negative regulator,879
ATP1B4,Tier2_SURFY_only,True,False,Q9UN42,Protein ATP1B4,357
ASGR2,Tier2_SURFY_only,True,False,P07307,Asialoglycoprotein receptor 2,311
TACR2,Tier2_SURFY_only,True,False,P21452,Substance-K receptor,398
OR6J1,Tier2_SURFY_only,True,False,Q8NGC5,Olfactory receptor 6J1,347
PCDHB14,Tier2_SURFY_only,True,False,Q9Y5E9,Protocadherin beta-14,798
SLC7A1,Tier2_SURFY_only,True,False,P30825,High affinity cationic amino acid transporter 1,629
TM4SF4,Tier2_SURFY_only,True,False,P48230,Transmembrane 4 L6 family member 4,202
TSPAN17,Tier2_SURFY_only,True,False,Q96FV3,Tetraspanin-17,270
FAM187B,Tier2_SURFY_only,True,False,Q17R55,Protein FAM187B,369
SLC2A14,Tier2_SURFY_only,True,False,Q8TDB8,"Solute carrier family 2, facilitated glucose transporter member 14",520
NPHS1,Tier2_SURFY_only,True,False,O60500,Nephrin,1241
CRB2,Tier2_SURFY_only,True,False,Q5IJ48,Protein crumbs homolog 2,1285
OR5M9,Tier2_SURFY_only,True,False,Q8NGP3,Olfactory receptor 5M9,310
TREM2,Tier2_SURFY_only,True,False,Q9NZC2,Triggering receptor expressed on myeloid cells 2,230
OR2B8P,Tier2_SURFY_only,True,False,P59922,Putative olfactory receptor 2B8,312
ADCY5,Tier2_SURFY_only,True,False,O95622,Adenylate cyclase type 5,1261
HLA-DQA2,Tier2_SURFY_only,True,False,P01906,"HLA class II histocompatibility antigen, DQ alpha 2 chain",255
HLA-DRB5,Tier2_SURFY_only,True,False,Q30154,"HLA class II histocompatibility antigen, DR beta 5 chain",266
OR13C6P,Tier2_SURFY_only,True,False,Q8NH95,Putative olfactory receptor 13C6,151
TLR4,Tier2_SURFY_only,True,False,O00206,Toll-like receptor 4,839
GDPD5,Tier2_SURFY_only,True,False,Q8WTR4,Glycerophosphodiester phosphodiesterase domain-containing protein 5,605
GLRA1,Tier2_SURFY_only,True,False,P23415,Glycine receptor subunit alpha-1,457
P2RX3,Tier2_SURFY_only,True,False,P56373,P2X purinoceptor 3,397
TMC7,Tier2_SURFY_only,True,False,Q7Z402,Transmembrane channel-like protein 7,723
FZD4,Tier2_SURFY_only,True,False,Q9ULV1,Frizzled-4,537
SGCD,Tier2_SURFY_only,True,False,Q92629,Delta-sarcoglycan,289
PTPRC,Tier2_SURFY_only,True,False,P08575,Receptor-type tyrosine-protein phosphatase C,1304
PSEN2,Tier2_SURFY_only,True,False,P49810,Presenilin-2,448
OR56A5,Tier2_SURFY_only,True,False,P0C7T3,Olfactory receptor 56A5,313
CD40,Tier2_SURFY_only,True,False,P25942,Tumor necrosis factor receptor superfamily member 5,277
CD5,Tier2_SURFY_only,True,False,P06127,T-cell surface glycoprotein CD5,495
ALPI,Tier2_SURFY_only,True,False,P09923,Intestinal-type alkaline phosphatase,528
OR2B11,Tier2_SURFY_only,True,False,Q5JQS5,Olfactory receptor 2B11,317
BTC,Tier2_SURFY_only,True,False,P35070,Probetacellulin,178
PTGFR,Tier2_SURFY_only,True,False,P43088,Prostaglandin F2-alpha receptor,359
ITGA6,Tier2_SURFY_only,True,False,P23229,Integrin alpha-6,1130
CDH1,Tier2_SURFY_only,True,False,P12830,Cadherin-1,882
SLC34A2,Tier2_SURFY_only,True,False,O95436,Sodium-dependent phosphate transport protein 2B,690
LAMP2,Tier2_SURFY_only,True,False,P13473,Lysosome-associated membrane glycoprotein 2,410
ADAM20,Tier2_SURFY_only,True,False,O43506,Disintegrin and metalloproteinase domain-containing protein 20,726
TMEFF2,Tier2_SURFY_only,True,False,Q9UIK5,Tomoregulin-2,374
MOG,Tier2_SURFY_only,True,False,Q16653,Myelin-oligodendrocyte glycoprotein,247
OR4S1,Tier2_SURFY_only,True,False,Q8NGB4,Olfactory receptor 4S1,309
SLC5A11,Tier2_SURFY_only,True,False,Q8WWX8,Sodium/myo-inositol cotransporter 2,675
PCDH10,Tier2_SURFY_only,True,False,Q9P2E7,Protocadherin-10,1040
TACR1,Tier2_SURFY_only,True,False,P25103,Substance-P receptor,407
PODXL,Tier2_SURFY_only,True,False,O00592,Podocalyxin,558
OR6B3,Tier2_SURFY_only,True,False,Q8NGW1,Olfactory receptor 6B3,331
HIDE1,Tier2_SURFY_only,True,False,A8MVS5,Protein HIDE1,230
IL1RL2,Tier2_SURFY_only,True,False,Q9HB29,Interleukin-1 receptor-like 2,575
TLR7,Tier2_SURFY_only,True,False,Q9NYK1,Toll-like receptor 7,1049
NAGPA,Tier2_SURFY_only,True,False,Q9UK23,N-acetylglucosamine-1-phosphodiester alpha-N-acetylglucosaminidase,515
FZD1,Tier2_SURFY_only,True,False,Q9UP38,Frizzled-1,647
KCNG4,Tier2_SURFY_only,True,False,Q8TDN1,Potassium voltage-gated channel subfamily G member 4,519
TREML2,Tier2_SURFY_only,True,False,Q5T2D2,Trem-like transcript 2 protein,321
NPR2,Tier2_SURFY_only,True,False,P20594,Atrial natriuretic peptide receptor 2,1047
CSMD2,Tier2_SURFY_only,True,False,Q7Z408,CUB and sushi domain-containing protein 2,3487
NRN1,Tier2_SURFY_only,True,False,Q9NPD7,Neuritin,142
GGT7,Tier2_SURFY_only,True,False,Q9UJ14,Gamma-glutamyltransferase 7,662
SLC43A2,Tier2_SURFY_only,True,False,Q8N370,Large neutral amino acids transporter small subunit 4,569
GPR26,Tier2_SURFY_only,True,False,Q8NDV2,G-protein coupled receptor 26,337
HTR2C,Tier2_SURFY_only,True,False,P28335,5-hydroxytryptamine receptor 2C,458
IGF1R,Tier2_SURFY_only,True,False,P08069,Insulin-like growth factor 1 receptor,1367
PGAP1,Tier2_SURFY_only,True,False,Q75T13,GPI inositol-deacylase,922
SLC23A2,Tier2_SURFY_only,True,False,Q9UGH3,Solute carrier family 23 member 2,650
LRRN4CL,Tier2_SURFY_only,True,False,Q8ND94,LRRN4 C-terminal-like protein,238
NMUR2,Tier2_SURFY_only,True,False,Q9GZQ4,Neuromedin-U receptor 2,415
STAB1,Tier2_SURFY_only,True,False,Q9NY15,Stabilin-1,2570
NUP210L,Tier2_SURFY_only,True,False,Q5VU65,Nuclear pore membrane glycoprotein 210-like,1888
NRP1,Tier2_SURFY_only,True,False,O14786,Neuropilin-1,923
PCDHGA12,Tier2_SURFY_only,True,False,O60330,Protocadherin gamma-A12,932
OR4E1,Tier2_SURFY_only,True,False,P0C645,Olfactory receptor 4E1,316
ACKR3,Tier2_SURFY_only,True,False,P25106,Atypical chemokine receptor 3,362
PRIMA1,Tier2_SURFY_only,True,False,Q86XR5,Proline-rich membrane anchor 1,153
RNF43,Tier2_SURFY_only,True,False,Q68DV7,E3 ubiquitin-protein ligase RNF43,783
CDH23,Tier2_SURFY_only,True,False,Q9H251,Cadherin-23,3354
DISP1,Tier2_SURFY_only,True,False,Q96F81,Protein dispatched homolog 1,1524
CNNM3,Tier2_SURFY_only,True,False,Q8NE01,Metal transporter CNNM3,707
SLC6A14,Tier2_SURFY_only,True,False,Q9UN76,Sodium- and chloride-dependent neutral and basic amino acid transporter B(0+),642
PROCR,Tier2_SURFY_only,True,False,Q9UNN8,Endothelial protein C receptor,238
OR10J6P,Tier2_SURFY_only,True,False,Q8NGY7,Putative olfactory receptor 10J6,276
OR5A1,Tier2_SURFY_only,True,False,Q8NGJ0,Olfactory receptor 5A1,315
GPR65,Tier2_SURFY_only,True,False,Q8IYL9,Psychosine receptor,337
TNFRSF11A,Tier2_SURFY_only,True,False,Q9Y6Q6,Tumor necrosis factor receptor superfamily member 11A,616
OR1S1,Tier2_SURFY_only,True,False,Q8NH92,Olfactory receptor 1S1,325
TNFRSF10C,Tier2_SURFY_only,True,False,O14798,Tumor necrosis factor receptor superfamily member 10C,259
OR2AG2,Tier2_SURFY_only,True,False,A6NM03,Olfactory receptor 2AG2,316
CSF2RB,Tier2_SURFY_only,True,False,P32927,Cytokine receptor common subunit beta,897
MEGF9,Tier2_SURFY_only,True,False,Q9H1U4,Multiple epidermal growth factor-like domains protein 9,602
MERTK,Tier2_SURFY_only,True,False,Q12866,Tyrosine-protein kinase Mer,999
RHCG,Tier2_SURFY_only,True,False,Q9UBD6,Ammonium transporter Rh type C,479
MFSD2A,Tier2_SURFY_only,True,False,Q8NA29,Sodium-dependent lysophosphatidylcholine symporter 1,543
TSPAN15,Tier2_SURFY_only,True,False,O95858,Tetraspanin-15,294
P2RY11,Tier2_SURFY_only,True,False,Q96G91,P2Y purinoceptor 11,374
SLC38A5,Tier2_SURFY_only,True,False,Q8WUX1,Sodium-coupled neutral amino acid transporter 5,472
EDNRB,Tier2_SURFY_only,True,False,P24530,Endothelin B receptor,442
SLC52A1,Tier2_SURFY_only,True,False,Q9NWF4,"Solute carrier family 52, riboflavin transporter, member 1",448
SLC12A9,Tier2_SURFY_only,True,False,Q9BXP2,Solute carrier family 12 member 9,914
OR8J3,Tier2_SURFY_only,True,False,Q8NGG0,Olfactory receptor 8J3,315
CD6,Tier2_SURFY_only,True,False,P30203,T-cell differentiation antigen CD6,668
RET,Tier2_SURFY_only,True,False,P07949,Proto-oncogene tyrosine-protein kinase receptor Ret,1114
SLC28A3,Tier2_SURFY_only,True,False,Q9HAS3,Solute carrier family 28 member 3,691
OR2V2,Tier2_SURFY_only,True,False,Q96R30,Olfactory receptor 2V2,315
KLRB1,Tier2_SURFY_only,True,False,Q12918,Killer cell lectin-like receptor subfamily B member 1,225
HTR1F,Tier2_SURFY_only,True,False,P30939,5-hydroxytryptamine receptor 1F,366
FAP,Tier2_SURFY_only,True,False,Q12884,Prolyl endopeptidase FAP,760
CUZD1,Tier2_SURFY_only,True,False,Q86UP6,CUB and zona pellucida-like domain-containing protein 1,607
ADCY2,Tier2_SURFY_only,True,False,Q08462,Adenylate cyclase type 2,1091
NOTCH4,Tier2_SURFY_only,True,False,Q99466,Neurogenic locus notch homolog protein 4,2003
NMUR1,Tier2_SURFY_only,True,False,Q9HB89,Neuromedin-U receptor 1,426
SEZ6,Tier2_SURFY_only,True,False,Q53EL9,Seizure protein 6 homolog,994
LY9,Tier2_SURFY_only,True,False,Q9HBG7,T-lymphocyte surface antigen Ly-9,655
SIGLEC5,Tier2_SURFY_only,True,False,O15389,Sialic acid-binding Ig-like lectin 5,551
ADRB1,Tier2_SURFY_only,True,False,P08588,Beta-1 adrenergic receptor,477
SLC39A12,Tier2_SURFY_only,True,False,Q504Y0,Zinc transporter ZIP12,691
LY6K,Tier2_SURFY_only,True,False,Q17RY6,Lymphocyte antigen 6K,165
PEAR1,Tier2_SURFY_only,True,False,Q5VY43,Platelet endothelial aggregation receptor 1,1037
RNF13,Tier2_SURFY_only,True,False,O43567,E3 ubiquitin-protein ligase RNF13,381
OR4F4,Tier2_SURFY_only,True,False,Q96R69,Olfactory receptor 4F4,305
SCNN1A,Tier2_SURFY_only,True,False,P37088,Amiloride-sensitive sodium channel subunit alpha,669
TIMD4,Tier2_SURFY_only,True,False,Q96H15,T-cell immunoglobulin and mucin domain-containing protein 4,378
LAMP3,Tier2_SURFY_only,True,False,Q9UQV4,Lysosome-associated membrane glycoprotein 3,416
LILRB5,Tier2_SURFY_only,True,False,O75023,Leukocyte immunoglobulin-like receptor subfamily B member 5,590
GJB7,Tier2_SURFY_only,True,False,Q6PEY0,Gap junction beta-7 protein,223
GPR61,Tier2_SURFY_only,True,False,Q9BZJ8,Probable G-protein coupled receptor 61,451
LPHN2,Tier2_SURFY_only,True,False,O95490,Latrophilin-2,1459
OR11H12,Tier2_SURFY_only,True,False,B2RN74,Olfactory receptor 11H12,326
GRIN2C,Tier2_SURFY_only,True,False,Q14957,"Glutamate receptor ionotropic, NMDA 2C",1233
ADRB3,Tier2_SURFY_only,True,False,P13945,Beta-3 adrenergic receptor,408
BMPR2,Tier2_SURFY_only,True,False,Q13873,Bone morphogenetic protein receptor type-2,1038
GLDN,Tier2_SURFY_only,True,False,Q6ZMI3,Gliomedin,551
PVRL2,Tier2_SURFY_only,True,False,Q92692,Nectin-2,538
OR8U1,Tier2_SURFY_only,True,False,Q8NH10,Olfactory receptor 8U1,309
IL1R2,Tier2_SURFY_only,True,False,P27930,Interleukin-1 receptor type 2,398
L1CAM,Tier2_SURFY_only,True,False,P32004,Neural cell adhesion molecule L1,1257
PLB1,Tier2_SURFY_only,True,False,Q6P1J6,"Phospholipase B1, membrane-associated",1458
OR4X2,Tier2_SURFY_only,True,False,Q8NGF9,Olfactory receptor 4X2,303
LRRC37B,Tier2_SURFY_only,True,False,Q96QE4,Leucine-rich repeat-containing protein 37B,947
ASIC1,Tier2_SURFY_only,True,False,P78348,Acid-sensing ion channel 1,528
SLC35F4,Tier2_SURFY_only,True,False,A4IF30,Solute carrier family 35 member F4,521
FZD8,Tier2_SURFY_only,True,False,Q9H461,Frizzled-8,694
PCDHA12,Tier2_SURFY_only,True,False,Q9UN75,Protocadherin alpha-12,941
DAGLA,Tier2_SURFY_only,True,False,Q9Y4D2,Sn1-specific diacylglycerol lipase alpha,1042
ADAM10,Tier2_SURFY_only,True,False,O14672,Disintegrin and metalloproteinase domain-containing protein 10,748
SLC26A1,Tier2_SURFY_only,True,False,Q9H2B4,Sulfate anion transporter 1,701
HRH2,Tier2_SURFY_only,True,False,P25021,Histamine H2 receptor,359
HTR5A,Tier2_SURFY_only,True,False,P47898,5-hydroxytryptamine receptor 5A,357
HTR2B,Tier2_SURFY_only,True,False,P41595,5-hydroxytryptamine receptor 2B,481
EFNA4,Tier2_SURFY_only,True,False,P52798,Ephrin-A4,201
BOC,Tier2_SURFY_only,True,False,Q9BWV1,Brother of CDO,1114
FLVCR1,Tier2_SURFY_only,True,False,Q9Y5Y0,Feline leukemia virus subgroup C receptor-related protein 1,555
PLD5,Tier2_SURFY_only,True,False,Q8N7P1,Inactive phospholipase D5,536
PLXNA3,Tier2_SURFY_only,True,False,P51805,Plexin-A3,1871
CX3CR1,Tier2_SURFY_only,True,False,P49238,CX3C chemokine receptor 1,355
PAM,Tier2_SURFY_only,True,False,P19021,Peptidyl-glycine alpha-amidating monooxygenase,973
PVRL3,Tier2_SURFY_only,True,False,Q9NQS3,Nectin-3,549
ABCA13,Tier2_SURFY_only,True,False,Q86UQ4,ATP-binding cassette sub-family A member 13,5058
ART4,Tier2_SURFY_only,True,False,Q93070,Ecto-ADP-ribosyltransferase 4,314
PCDHB10,Tier2_SURFY_only,True,False,Q9UN67,Protocadherin beta-10,800
RPN1,Tier2_SURFY_only,True,False,P04843,Dolichyl-diphosphooligosaccharide--protein glycosyltransferase subunit 1,607
UPK1A,Tier2_SURFY_only,True,False,O00322,Uroplakin-1a,258
LPHN1,Tier2_SURFY_only,True,False,O94910,Latrophilin-1,1474
ADORA1,Tier2_SURFY_only,True,False,P30542,Adenosine receptor A1,326
LPHN3,Tier2_SURFY_only,True,False,Q9HAR2,Latrophilin-3,1447
SEMA5B,Tier2_SURFY_only,True,False,Q9P283,Semaphorin-5B,1151
SLC5A3,Tier2_SURFY_only,True,False,P53794,Sodium/myo-inositol cotransporter,718
PCDHA2,Tier2_SURFY_only,True,False,Q9Y5H9,Protocadherin alpha-2,948
SSTR1,Tier2_SURFY_only,True,False,P30872,Somatostatin receptor type 1,391
OR6C1,Tier2_SURFY_only,True,False,Q96RD1,Olfactory receptor 6C1,312
TNFRSF1B,Tier2_SURFY_only,True,False,P20333,Tumor necrosis factor receptor superfamily member 1B,461
SLC6A20,Tier2_SURFY_only,True,False,Q9NP91,Sodium- and chloride-dependent transporter XTRP3,592
TPCN1,Tier2_SURFY_only,True,False,Q9ULQ1,Two pore calcium channel protein 1,816
CASR,Tier2_SURFY_only,True,False,P41180,Extracellular calcium-sensing receptor,1078
CLDN11,Tier2_SURFY_only,True,False,O75508,Claudin-11,207
MMP17,Tier2_SURFY_only,True,False,Q9ULZ9,Matrix metalloproteinase-17,603
ENPP4,Tier2_SURFY_only,True,False,Q9Y6X5,Bis(5'-adenosyl)-triphosphatase ENPP4,453
GPR157,Tier2_SURFY_only,True,False,Q5UAW9,Probable G-protein coupled receptor 157,335
OR52A4,Tier2_SURFY_only,True,False,A6NMU1,Putative olfactory receptor 52A4,304
ZFYVE27,Tier2_SURFY_only,True,False,Q5T4F4,Protrudin,411
GPR151,Tier2_SURFY_only,True,False,Q8TDV0,Probable G-protein coupled receptor 151,419
RNF150,Tier2_SURFY_only,True,False,Q9ULK6,RING finger protein 150,438
SLC46A2,Tier2_SURFY_only,True,False,Q9BY10,Thymic stromal cotransporter homolog,475
TMEM213,Tier2_SURFY_only,True,False,A2RRL7,Transmembrane protein 213,107
DCC,Tier2_SURFY_only,True,False,P43146,Netrin receptor DCC,1447
FGFR4,Tier2_SURFY_only,True,False,P22455,Fibroblast growth factor receptor 4,802
ADORA3,Tier2_SURFY_only,True,False,P33765,Adenosine receptor A3,318
CSPG4,Tier2_SURFY_only,True,False,Q6UVK1,Chondroitin sulfate proteoglycan 4,2322
ABCC2,Tier2_SURFY_only,True,False,Q92887,Canalicular multispecific organic anion transporter 1,1545
HLA-DPA1,Tier2_SURFY_only,True,False,P20036,"HLA class II histocompatibility antigen, DP alpha 1 chain",260
ZP3,Tier2_SURFY_only,True,False,P21754,Zona pellucida sperm-binding protein 3,424
PTGER3,Tier2_SURFY_only,True,False,P43115,Prostaglandin E2 receptor EP3 subtype,390
OMG,Tier2_SURFY_only,True,False,P23515,Oligodendrocyte-myelin glycoprotein,440
OR51A4,Tier2_SURFY_only,True,False,Q8NGJ6,Olfactory receptor 51A4,313
SLC22A6,Tier2_SURFY_only,True,False,Q4U2R8,Solute carrier family 22 member 6,563
LRRC24,Tier2_SURFY_only,True,False,Q50LG9,Leucine-rich repeat-containing protein 24,513
FCRL1,Tier2_SURFY_only,True,False,Q96LA6,Fc receptor-like protein 1,429
XPNPEP2,Tier2_SURFY_only,True,False,O43895,Xaa-Pro aminopeptidase 2,674
GPR119,Tier2_SURFY_only,True,False,Q8TDV5,Glucose-dependent insulinotropic receptor,335
LRP4,Tier2_SURFY_only,True,False,O75096,Low-density lipoprotein receptor-related protein 4,1905
NEO1,Tier2_SURFY_only,True,False,Q92859,Neogenin,1461
OR10J1,Tier2_SURFY_only,True,False,P30954,Olfactory receptor 10J1,320
OR2A2,Tier2_SURFY_only,True,False,Q6IF42,Olfactory receptor 2A2,318
OR9A1P,Tier2_SURFY_only,True,False,Q8NGU1,Putative olfactory receptor 9A1,263
EMCN,Tier2_SURFY_only,True,False,Q9ULC0,Endomucin,261
CD164L2,Tier2_SURFY_only,True,False,Q6UWJ8,CD164 sialomucin-like 2 protein,174
IGDCC4,Tier2_SURFY_only,True,False,Q8TDY8,Immunoglobulin superfamily DCC subclass member 4,1250
CLDN6,Tier2_SURFY_only,True,False,P56747,Claudin-6,220
NPY6R,Tier2_SURFY_only,True,False,Q99463,Putative neuropeptide Y receptor type 6,290
OR5K1,Tier2_SURFY_only,True,False,Q8NHB7,Olfactory receptor 5K1,308
PTPRS,Tier2_SURFY_only,True,False,Q13332,Receptor-type tyrosine-protein phosphatase S,1948
GPR27,Tier2_SURFY_only,True,False,Q9NS67,Probable G-protein coupled receptor 27,375
GABRA5,Tier2_SURFY_only,True,False,P31644,Gamma-aminobutyric acid receptor subunit alpha-5,462
MUC4,Tier2_SURFY_only,True,False,Q99102,Mucin-4,2169
PTCHD1,Tier2_SURFY_only,True,False,Q96NR3,Patched domain-containing protein 1,888
OR1B1,Tier2_SURFY_only,True,False,Q8NGR6,Olfactory receptor 1B1,318
SLC51B,Tier2_SURFY_only,True,False,Q86UW2,Organic solute transporter subunit beta,128
OR1L4,Tier2_SURFY_only,True,False,Q8NGR5,Olfactory receptor 1L4,311
PCDHGA7,Tier2_SURFY_only,True,False,Q9Y5G6,Protocadherin gamma-A7,932
GABRP,Tier2_SURFY_only,True,False,O00591,Gamma-aminobutyric acid receptor subunit pi,440
GPR162,Tier2_SURFY_only,True,False,Q16538,Probable G-protein coupled receptor 162,588
PCDHGB3,Tier2_SURFY_only,True,False,Q9Y5G1,Protocadherin gamma-B3,929
ADRA1D,Tier2_SURFY_only,True,False,P25100,Alpha-1D adrenergic receptor,572
SLC4A8,Tier2_SURFY_only,True,False,Q2Y0W8,Electroneutral sodium bicarbonate exchanger 1,1093
SLCO4C1,Tier2_SURFY_only,True,False,Q6ZQN7,Solute carrier organic anion transporter family member 4C1,724
CADM2,Tier2_SURFY_only,True,False,Q8N3J6,Cell adhesion molecule 2,435
AQP1,Tier2_SURFY_only,True,False,P29972,Aquaporin-1,269
AGTR1,Tier2_SURFY_only,True,False,P30556,Type-1 angiotensin II receptor,359
IL6ST,Tier2_SURFY_only,True,False,P40189,Interleukin-6 receptor subunit beta,918
TLR3,Tier2_SURFY_only,True,False,O15455,Toll-like receptor 3,904
IFNGR2,Tier2_SURFY_only,True,False,P38484,Interferon gamma receptor 2,337
SLC22A16,Tier2_SURFY_only,True,False,Q86VW1,Solute carrier family 22 member 16,577
SLC19A1,Tier2_SURFY_only,True,False,P41440,Folate transporter 1,591
OR51T1,Tier2_SURFY_only,True,False,Q8NGJ9,Olfactory receptor 51T1,327
IL2RG,Tier2_SURFY_only,True,False,P31785,Cytokine receptor common subunit gamma,369
TMIGD2,Tier2_SURFY_only,True,False,Q96BF3,Transmembrane and immunoglobulin domain-containing protein 2,282
ATP1A2,Tier2_SURFY_only,True,False,P50993,Sodium/potassium-transporting ATPase subunit alpha-2,1020
NPY4R,Tier2_SURFY_only,True,False,P50391,Neuropeptide Y receptor type 4,375
SLITRK3,Tier2_SURFY_only,True,False,O94933,SLIT and NTRK-like protein 3,977
SPPL2B,Tier2_SURFY_only,True,False,Q8TCT7,Signal peptide peptidase-like 2B,592
FFAR2,Tier2_SURFY_only,True,False,O15552,Free fatty acid receptor 2,330
HTR7,Tier2_SURFY_only,True,False,P34969,5-hydroxytryptamine receptor 7,479
HTR1D,Tier2_SURFY_only,True,False,P28221,5-hydroxytryptamine receptor 1D,377
ATP2B4,Tier2_SURFY_only,True,False,P23634,Plasma membrane calcium-transporting ATPase 4,1241
RPRML,Tier2_SURFY_only,True,False,Q8N4K4,Reprimo-like protein,120
SLC29A3,Tier2_SURFY_only,True,False,Q9BZD2,Equilibrative nucleoside transporter 3,475
TAS2R1,Tier2_SURFY_only,True,False,Q9NYW7,Taste receptor type 2 member 1,299
CEACAM3,Tier2_SURFY_only,True,False,P40198,Carcinoembryonic antigen-related cell adhesion molecule 3,252
IGFLR1,Tier2_SURFY_only,True,False,Q9H665,IGF-like family receptor 1,355
DGCR2,Tier2_SURFY_only,True,False,P98153,Integral membrane protein DGCR2/IDD,550
GPR108,Tier2_SURFY_only,True,False,Q9NPR9,Protein GPR108,543
VSTM1,Tier2_SURFY_only,True,False,Q6UX27,V-set and transmembrane domain-containing protein 1,236
OR6C70,Tier2_SURFY_only,True,False,A6NIJ9,Olfactory receptor 6C70,312
TMEM182,Tier2_SURFY_only,True,False,Q6ZP80,Transmembrane protein 182,229
PCDHB8,Tier2_SURFY_only,True,False,Q9UN66,Protocadherin beta-8,801
PCDHGA1,Tier2_SURFY_only,True,False,Q9Y5H4,Protocadherin gamma-A1,931
OPRD1,Tier2_SURFY_only,True,False,P41143,Delta-type opioid receptor,372
SLC26A9,Tier2_SURFY_only,True,False,Q7LBE3,Solute carrier family 26 member 9,791
EDA,Tier2_SURFY_only,True,False,Q92838,Ectodysplasin-A,391
TAAR6,Tier2_SURFY_only,True,False,Q96RI8,Trace amine-associated receptor 6,345
MRC2,Tier2_SURFY_only,True,False,Q9UBG0,C-type mannose receptor 2,1479
SLC6A1,Tier2_SURFY_only,True,False,P30531,Sodium- and chloride-dependent GABA transporter 1,599
TAS2R39,Tier2_SURFY_only,True,False,P59534,Taste receptor type 2 member 39,338
FAM174A,Tier2_SURFY_only,True,False,Q8TBP5,Membrane protein FAM174A,190
SUSD3,Tier2_SURFY_only,True,False,Q96L08,Sushi domain-containing protein 3,255
CHRM2,Tier2_SURFY_only,True,False,P08172,Muscarinic acetylcholine receptor M2,466
GPR179,Tier2_SURFY_only,True,False,Q6PRD1,Probable G-protein coupled receptor 179,2367
SPNS3,Tier2_SURFY_only,True,False,Q6ZMD2,Protein spinster homolog 3,512
IL22RA1,Tier2_SURFY_only,True,False,Q8N6P7,Interleukin-22 receptor subunit alpha-1,574
OR8G5,Tier2_SURFY_only,True,False,Q8NG78,Olfactory receptor 8G5,346
FLRT3,Tier2_SURFY_only,True,False,Q9NZU0,Leucine-rich repeat transmembrane protein FLRT3,649
FRRS1,Tier2_SURFY_only,True,False,Q6ZNA5,Ferric-chelate reductase 1,592
TRHR,Tier2_SURFY_only,True,False,P34981,Thyrotropin-releasing hormone receptor,398
SLC2A2,Tier2_SURFY_only,True,False,P11168,"Solute carrier family 2, facilitated glucose transporter member 2",524
CDH13,Tier2_SURFY_only,True,False,P55290,Cadherin-13,713
SIGLEC16,Tier2_SURFY_only,True,False,A6NMB1,Sialic acid-binding Ig-like lectin 16,481
OR4K13,Tier2_SURFY_only,True,False,Q8NH42,Olfactory receptor 4K13,304
GABRB2,Tier2_SURFY_only,True,False,P47870,Gamma-aminobutyric acid receptor subunit beta-2,512
GPC6,Tier2_SURFY_only,True,False,Q9Y625,Glypican-6,555
SLC6A13,Tier2_SURFY_only,True,False,Q9NSD5,Sodium- and chloride-dependent GABA transporter 2,602
FZD9,Tier2_SURFY_only,True,False,O00144,Frizzled-9,591
TEX101,Tier2_SURFY_only,True,False,Q9BY14,Testis-expressed sequence 101 protein,249
CDH17,Tier2_SURFY_only,True,False,Q12864,Cadherin-17,832
LRRTM4,Tier2_SURFY_only,True,False,Q86VH4,Leucine-rich repeat transmembrane neuronal protein 4,590
CCR6,Tier2_SURFY_only,True,False,P51684,C-C chemokine receptor type 6,374
ERVK-7,Tier2_SURFY_only,True,False,P61567,Endogenous retrovirus group K member 7 Env polyprotein,588
TFPI,Tier2_SURFY_only,True,False,P10646,Tissue factor pathway inhibitor,304
CLSTN2,Tier2_SURFY_only,True,False,Q9H4D0,Calsyntenin-2,955
MMP14,Tier2_SURFY_only,True,False,P50281,Matrix metalloproteinase-14,582
LRP10,Tier2_SURFY_only,True,False,Q7Z4F1,Low-density lipoprotein receptor-related protein 10,713
OR4Q3,Tier2_SURFY_only,True,False,Q8NH05,Olfactory receptor 4Q3,313
IZUMO1R,Tier2_SURFY_only,True,False,A6ND01,Sperm-egg fusion protein Juno,250
ATP13A2,Tier2_SURFY_only,True,False,Q9NQ11,Probable cation-transporting ATPase 13A2,1180
NLGN4X,Tier2_SURFY_only,True,False,Q8N0W4,"Neuroligin-4, X-linked",816
KIAA1324L,Tier2_SURFY_only,True,False,A8MWY0,UPF0577 protein KIAA1324-like,1029
IL1R1,Tier2_SURFY_only,True,False,P14778,Interleukin-1 receptor type 1,569
GPR124,Tier2_SURFY_only,True,False,Q96PE1,G-protein coupled receptor 124,1338
OR13C4,Tier2_SURFY_only,True,False,Q8NGS5,Olfactory receptor 13C4,318
OR10A2,Tier2_SURFY_only,True,False,Q9H208,Olfactory receptor 10A2,303
CD79A,Tier2_SURFY_only,True,False,P11912,B-cell antigen receptor complex-associated protein alpha chain,226
TNFSF13B,Tier2_SURFY_only,True,False,Q9Y275,Tumor necrosis factor ligand superfamily member 13B,285
CD163,Tier2_SURFY_only,True,False,Q86VB7,Scavenger receptor cysteine-rich type 1 protein M130,1156
SEMA4F,Tier2_SURFY_only,True,False,O95754,Semaphorin-4F,770
FZD5,Tier2_SURFY_only,True,False,Q13467,Frizzled-5,585
CD97,Tier2_SURFY_only,True,False,P48960,CD97 antigen,835
OR2AT4,Tier2_SURFY_only,True,False,A6NND4,Olfactory receptor 2AT4,320
AQP2,Tier2_SURFY_only,True,False,P41181,Aquaporin-2,271
LRRC19,Tier2_SURFY_only,True,False,Q9H756,Leucine-rich repeat-containing protein 19,370
HFE,Tier2_SURFY_only,True,False,Q30201,Hereditary hemochromatosis protein,348
SLC17A9,Tier2_SURFY_only,True,False,Q9BYT1,Solute carrier family 17 member 9,436
OR11A1,Tier2_SURFY_only,True,False,Q9GZK7,Olfactory receptor 11A1,315
OR1I1,Tier2_SURFY_only,True,False,O60431,Olfactory receptor 1I1,355
PTGDR,Tier2_SURFY_only,True,False,Q13258,Prostaglandin D2 receptor,359
OR1P1,Tier2_SURFY_only,True,False,Q8NH06,Olfactory receptor 1P1,330
LRRN2,Tier2_SURFY_only,True,False,O75325,Leucine-rich repeat neuronal protein 2,713
CA14,Tier2_SURFY_only,True,False,Q9ULX7,Carbonic anhydrase 14,337
IL13RA1,Tier2_SURFY_only,True,False,P78552,Interleukin-13 receptor subunit alpha-1,427
GUCY2C,Tier2_SURFY_only,True,False,P25092,Heat-stable enterotoxin receptor,1073
TMEM211,Tier2_SURFY_only,True,False,Q6ICI0,Transmembrane protein 211,200
GPR149,Tier2_SURFY_only,True,False,Q86SP6,Probable G-protein coupled receptor 149,731
PMEPA1,Tier2_SURFY_only,True,False,Q969W9,Protein TMEPAI,287
OR8K3,Tier2_SURFY_only,True,False,Q8NH51,Olfactory receptor 8K3,312
GRAMD1B,Tier2_SURFY_only,True,False,Q3KR37,GRAM domain-containing protein 1B,738
IGSF5,Tier2_SURFY_only,True,False,Q9NSI5,Immunoglobulin superfamily member 5,407
TSPAN6,Tier2_SURFY_only,True,False,O43657,Tetraspanin-6,245
HEG1,Tier2_SURFY_only,True,False,Q9ULI3,Protein HEG homolog 1,1381
SLCO1A2,Tier2_SURFY_only,True,False,P46721,Solute carrier organic anion transporter family member 1A2,670
HTR4,Tier2_SURFY_only,True,False,Q13639,5-hydroxytryptamine receptor 4,388
RXFP3,Tier2_SURFY_only,True,False,Q9NSD7,Relaxin-3 receptor 1,469
ATP1B1,Tier2_SURFY_only,True,False,P05026,Sodium/potassium-transporting ATPase subunit beta-1,303
CD9,Tier2_SURFY_only,True,False,P21926,CD9 antigen,228
ATRNL1,Tier2_SURFY_only,True,False,Q5VV63,Attractin-like protein 1,1379
GRIN2D,Tier2_SURFY_only,True,False,O15399,"Glutamate receptor ionotropic, NMDA 2D",1336
CACNG7,Tier2_SURFY_only,True,False,P62955,Voltage-dependent calcium channel gamma-7 subunit,275
OR1Q1,Tier2_SURFY_only,True,False,Q15612,Olfactory receptor 1Q1,314
MFSD11,Tier2_SURFY_only,True,False,O43934,UNC93-like protein MFSD11,449
OR52N2,Tier2_SURFY_only,True,False,Q8NGI0,Olfactory receptor 52N2,321
ITGAL,Tier2_SURFY_only,True,False,P20701,Integrin alpha-L,1170
KCNV2,Tier2_SURFY_only,True,False,Q8TDN2,Potassium voltage-gated channel subfamily V member 2,545
VSIG2,Tier2_SURFY_only,True,False,Q96IQ7,V-set and immunoglobulin domain-containing protein 2,327
SLC9A7,Tier2_SURFY_only,True,False,Q96T83,Sodium/hydrogen exchanger 7,725
GABRG2,Tier2_SURFY_only,True,False,P18507,Gamma-aminobutyric acid receptor subunit gamma-2,467
TNFRSF18,Tier2_SURFY_only,True,False,Q9Y5U5,Tumor necrosis factor receptor superfamily member 18,241
KISS1R,Tier2_SURFY_only,True,False,Q969F8,KiSS-1 receptor,398
KIR3DL1,Tier2_SURFY_only,True,False,P43629,Killer cell immunoglobulin-like receptor 3DL1,444
TARM1,Tier2_SURFY_only,True,False,B6A8C7,"T-cell-interacting, activating receptor on myeloid cells protein 1",271
OR7G3,Tier2_SURFY_only,True,False,Q8NG95,Olfactory receptor 7G3,312
STS,Tier2_SURFY_only,True,False,P08842,Steryl-sulfatase,583
CD70,Tier2_SURFY_only,True,False,P32970,CD70 antigen,193
SPPL2C,Tier2_SURFY_only,True,False,Q8IUH8,Signal peptide peptidase-like 2C,684
OR1L8,Tier2_SURFY_only,True,False,Q8NGR8,Olfactory receptor 1L8,309
OPALIN,Tier2_SURFY_only,True,False,Q96PE5,Opalin,141
ART1,Tier2_SURFY_only,True,False,P52961,GPI-linked NAD(P)(+)--arginine ADP-ribosyltransferase 1,327
OR5G3,Tier2_SURFY_only,True,False,P0C626,Olfactory receptor 5G3,314
IL1RL1,Tier2_SURFY_only,True,False,Q01638,Interleukin-1 receptor-like 1,556
SLC9A6,Tier2_SURFY_only,True,False,Q92581,Sodium/hydrogen exchanger 6,669
GPM6A,Tier2_SURFY_only,True,False,P51674,Neuronal membrane glycoprotein M6-a,278
ACKR4,Tier2_SURFY_only,True,False,Q9NPB9,Atypical chemokine receptor 4,350
BTN3A1,Tier2_SURFY_only,True,False,O00481,Butyrophilin subfamily 3 member A1,513
SDC1,Tier2_SURFY_only,True,False,P18827,Syndecan-1,310
HRH1,Tier2_SURFY_only,True,False,P35367,Histamine H1 receptor,487
OR1C1,Tier2_SURFY_only,True,False,Q15619,Olfactory receptor 1C1,314
CLDN7,Tier2_SURFY_only,True,False,O95471,Claudin-7,211
PROKR1,Tier2_SURFY_only,True,False,Q8TCW9,Prokineticin receptor 1,393
OR10J3,Tier2_SURFY_only,True,False,Q5JRS4,Olfactory receptor 10J3,329
TCTN3,Tier2_SURFY_only,True,False,Q6NUS6,Tectonic-3,607
OR56B4,Tier2_SURFY_only,True,False,Q8NH76,Olfactory receptor 56B4,319
ADAM7,Tier2_SURFY_only,True,False,Q9H2U9,Disintegrin and metalloproteinase domain-containing protein 7,754
TSPAN8,Tier2_SURFY_only,True,False,P19075,Tetraspanin-8,237
OR2T27,Tier2_SURFY_only,True,False,Q8NH04,Olfactory receptor 2T27,317
CRB3,Tier2_SURFY_only,True,False,Q9BUF7,Protein crumbs homolog 3,120
SORL1,Tier2_SURFY_only,True,False,Q92673,Sortilin-related receptor,2214
OR8B2,Tier2_SURFY_only,True,False,Q96RD0,Olfactory receptor 8B2,313
SLAMF8,Tier2_SURFY_only,True,False,Q9P0V8,SLAM family member 8,285
OR2D2,Tier2_SURFY_only,True,False,Q9H210,Olfactory receptor 2D2,308
IL2RB,Tier2_SURFY_only,True,False,P14784,Interleukin-2 receptor subunit beta,551
LHFPL5,Tier2_SURFY_only,True,False,Q8TAF8,Tetraspan membrane protein of hair cell stereocilia,219
TMEM123,Tier2_SURFY_only,True,False,Q8N131,Porimin,208
CEACAM8,Tier2_SURFY_only,True,False,P31997,Carcinoembryonic antigen-related cell adhesion molecule 8,349
KCNA3,Tier2_SURFY_only,True,False,P22001,Potassium voltage-gated channel subfamily A member 3,575
CYSLTR2,Tier2_SURFY_only,True,False,Q9NS75,Cysteinyl leukotriene receptor 2,346
OR11H2,Tier2_SURFY_only,True,False,Q8NH07,Olfactory receptor 11H2,326
GPR55,Tier2_SURFY_only,True,False,Q9Y2T6,G-protein coupled receptor 55,319
SIGLEC1,Tier2_SURFY_only,True,False,Q9BZZ2,Sialoadhesin,1709
ATP2B2,Tier2_SURFY_only,True,False,Q01814,Plasma membrane calcium-transporting ATPase 2,1243
SEMA6D,Tier2_SURFY_only,True,False,Q8NFY4,Semaphorin-6D,1073
GRM2,Tier2_SURFY_only,True,False,Q14416,Metabotropic glutamate receptor 2,872
OR2T1,Tier2_SURFY_only,True,False,O43869,Olfactory receptor 2T1,369
SLC44A3,Tier2_SURFY_only,True,False,Q8N4M1,Choline transporter-like protein 3,653
SLCO5A1,Tier2_SURFY_only,True,False,Q9H2Y9,Solute carrier organic anion transporter family member 5A1,848
CD300LF,Tier2_SURFY_only,True,False,Q8TDQ1,CMRF35-like molecule 1,290
PIK3IP1,Tier2_SURFY_only,True,False,Q96FE7,Phosphoinositide-3-kinase-interacting protein 1,263
OR7D4,Tier2_SURFY_only,True,False,Q8NG98,Olfactory receptor 7D4,312
GABRR1,Tier2_SURFY_only,True,False,P24046,Gamma-aminobutyric acid receptor subunit rho-1,479
OR1D5,Tier2_SURFY_only,True,False,P58170,Olfactory receptor 1D5,312
SLC44A1,Tier2_SURFY_only,True,False,Q8WWI5,Choline transporter-like protein 1,657
SLC4A10,Tier2_SURFY_only,True,False,Q6U841,Sodium-driven chloride bicarbonate exchanger,1118
SLC5A5,Tier2_SURFY_only,True,False,Q92911,Sodium/iodide cotransporter,643
OR10H5,Tier2_SURFY_only,True,False,Q8NGA6,Olfactory receptor 10H5,315
OR5P2,Tier2_SURFY_only,True,False,Q8WZ92,Olfactory receptor 5P2,322
OR2C1,Tier2_SURFY_only,True,False,O95371,Olfactory receptor 2C1,312
EFNA2,Tier2_SURFY_only,True,False,O43921,Ephrin-A2,213
EVA1C,Tier2_SURFY_only,True,False,P58658,Protein eva-1 homolog C,441
IGSF11,Tier2_SURFY_only,True,False,Q5DX21,Immunoglobulin superfamily member 11,431
IL1RAP,Tier2_SURFY_only,True,False,Q9NPH3,Interleukin-1 receptor accessory protein,570
FNDC4,Tier2_SURFY_only,True,False,Q9H6D8,Fibronectin type III domain-containing protein 4,234
M6PR,Tier2_SURFY_only,True,False,P20645,Cation-dependent mannose-6-phosphate receptor,277
PCDH1,Tier2_SURFY_only,True,False,Q08174,Protocadherin-1,1060
NALCN,Tier2_SURFY_only,True,False,Q8IZF0,Sodium leak channel non-selective protein,1738
TLR9,Tier2_SURFY_only,True,False,Q9NR96,Toll-like receptor 9,1032
SLCO1B7,Tier2_SURFY_only,True,False,G3V0H7,Putative solute carrier organic anion transporter family member 1B7,640
BACE1,Tier2_SURFY_only,True,False,P56817,Beta-secretase 1,501
ITGA5,Tier2_SURFY_only,True,False,P08648,Integrin alpha-5,1049
AGTR2,Tier2_SURFY_only,True,False,P50052,Type-2 angiotensin II receptor,363
GRM4,Tier2_SURFY_only,True,False,Q14833,Metabotropic glutamate receptor 4,912
LRIG3,Tier2_SURFY_only,True,False,Q6UXM1,Leucine-rich repeats and immunoglobulin-like domains protein 3,1119
CLEC14A,Tier2_SURFY_only,True,False,Q86T13,C-type lectin domain family 14 member A,490
FPR1,Tier2_SURFY_only,True,False,P21462,fMet-Leu-Phe receptor,350
CD7,Tier2_SURFY_only,True,False,P09564,T-cell antigen CD7,240
SHISA6,Tier2_SURFY_only,True,False,Q6ZSJ9,Protein shisa-6 homolog,500
TNFSF11,Tier2_SURFY_only,True,False,O14788,Tumor necrosis factor ligand superfamily member 11,317
ITGA9,Tier2_SURFY_only,True,False,Q13797,Integrin alpha-9,1035
PVRL4,Tier2_SURFY_only,True,False,Q96NY8,Nectin-4,510
CDH20,Tier2_SURFY_only,True,False,Q9HBT6,Cadherin-20,801
NCR3,Tier2_SURFY_only,True,False,O14931,Natural cytotoxicity triggering receptor 3,201
OR13C3,Tier2_SURFY_only,True,False,Q8NGS6,Olfactory receptor 13C3,347
LY6D,Tier2_SURFY_only,True,False,Q14210,Lymphocyte antigen 6D,128
OR5D13,Tier2_SURFY_only,True,False,Q8NGL4,Olfactory receptor 5D13,314
LRFN5,Tier2_SURFY_only,True,False,Q96NI6,Leucine-rich repeat and fibronectin type-III domain-containing protein 5,719
TMEM132A,Tier2_SURFY_only,True,False,Q24JP5,Transmembrane protein 132A,1023
SLC22A7,Tier2_SURFY_only,True,False,Q9Y694,Solute carrier family 22 member 7,548
TAAR2,Tier2_SURFY_only,True,False,Q9P1P5,Trace amine-associated receptor 2,351
NRG1,Tier2_SURFY_only,True,False,Q02297,"Pro-neuregulin-1, membrane-bound isoform",640
TMEM132B,Tier2_SURFY_only,True,False,Q14DG7,Transmembrane protein 132B,1078
SIRPB1,Tier2_SURFY_only,True,False,O00241,Signal-regulatory protein beta-1,398
CD109,Tier2_SURFY_only,True,False,Q6YHK3,CD109 antigen,1445
HLA-DQA1,Tier2_SURFY_only,True,False,P01909,"HLA class II histocompatibility antigen, DQ alpha 1 chain",254
DCSTAMP,Tier2_SURFY_only,True,False,Q9H295,Dendritic cell-specific transmembrane protein,470
TENM1,Tier2_SURFY_only,True,False,Q9UKZ4,Teneurin-1,2725
EVC2,Tier2_SURFY_only,True,False,Q86UK5,Limbin,1308
OR14I1,Tier2_SURFY_only,True,False,A6ND48,Olfactory receptor 14I1,311
SLC24A5,Tier2_SURFY_only,True,False,Q71RS6,Sodium/potassium/calcium exchanger 5,500
SLC22A3,Tier2_SURFY_only,True,False,O75751,Solute carrier family 22 member 3,556
IGSF1,Tier2_SURFY_only,True,False,Q8N6C5,Immunoglobulin superfamily member 1,1336
SLC2A3,Tier2_SURFY_only,True,False,P11169,"Solute carrier family 2, facilitated glucose transporter member 3",496
TMEM9,Tier2_SURFY_only,True,False,Q9P0T7,Transmembrane protein 9,183
SLC10A2,Tier2_SURFY_only,True,False,Q12908,Ileal sodium/bile acid cotransporter,348
OPRK1,Tier2_SURFY_only,True,False,P41145,Kappa-type opioid receptor,380
TMEM161A,Tier2_SURFY_only,True,False,Q9NX61,Transmembrane protein 161A,479
ITGA4,Tier2_SURFY_only,True,False,P13612,Integrin alpha-4,1032
OTOP2,Tier2_SURFY_only,True,False,Q7RTS6,Otopetrin-2,562
IL17RA,Tier2_SURFY_only,True,False,Q96F46,Interleukin-17 receptor A,866
OR1A1,Tier2_SURFY_only,True,False,Q9P1Q5,Olfactory receptor 1A1,309
LDLR,Tier2_SURFY_only,True,False,P01130,Low-density lipoprotein receptor,860
OR52E1,Tier2_SURFY_only,True,False,Q8NGJ3,Olfactory receptor 52E1,308
OR1S2,Tier2_SURFY_only,True,False,Q8NGQ3,Olfactory receptor 1S2,325
LRRC32,Tier2_SURFY_only,True,False,Q14392,Leucine-rich repeat-containing protein 32,662
OR2T11,Tier2_SURFY_only,True,False,Q8NH01,Olfactory receptor 2T11,316
SIT1,Tier2_SURFY_only,True,False,Q9Y3P8,Signaling threshold-regulating transmembrane adapter 1,196
NPBWR1,Tier2_SURFY_only,True,False,P48145,Neuropeptides B/W receptor type 1,328
LILRA5,Tier2_SURFY_only,True,False,A6NI73,Leukocyte immunoglobulin-like receptor subfamily A member 5,299
SGCE,Tier2_SURFY_only,True,False,O43556,Epsilon-sarcoglycan,437
CCRL2,Tier2_SURFY_only,True,False,O00421,C-C chemokine receptor-like 2,344
ITGB6,Tier2_SURFY_only,True,False,P18564,Integrin beta-6,788
STT3B,Tier2_SURFY_only,True,False,Q8TCJ2,Dolichyl-diphosphooligosaccharide--protein glycosyltransferase subunit STT3B,826
P2RY12,Tier2_SURFY_only,True,False,Q9H244,P2Y purinoceptor 12,342
EDNRA,Tier2_SURFY_only,True,False,P25101,Endothelin-1 receptor,427
SLC6A7,Tier2_SURFY_only,True,False,Q99884,Sodium-dependent proline transporter,636
PANX1,Tier2_SURFY_only,True,False,Q96RD7,Pannexin-1,426
ELFN1,Tier2_SURFY_only,True,False,P0C7U0,Protein ELFN1,828
OR5P3,Tier2_SURFY_only,True,False,Q8WZ94,Olfactory receptor 5P3,311
TAAR1,Tier2_SURFY_only,True,False,Q96RJ0,Trace amine-associated receptor 1,339
HBEGF,Tier2_SURFY_only,True,False,Q99075,Proheparin-binding EGF-like growth factor,208
GABRA2,Tier2_SURFY_only,True,False,P47869,Gamma-aminobutyric acid receptor subunit alpha-2,451
OR2A12,Tier2_SURFY_only,True,False,Q8NGT7,Olfactory receptor 2A12,310
PKD2L1,Tier2_SURFY_only,True,False,Q9P0L9,Polycystic kidney disease 2-like 1 protein,805
SYP,Tier2_SURFY_only,True,False,P08247,Synaptophysin,313
EDAR,Tier2_SURFY_only,True,False,Q9UNE0,Tumor necrosis factor receptor superfamily member EDAR,448
SEMA6C,Tier2_SURFY_only,True,False,Q9H3T2,Semaphorin-6C,930
PLP1,Tier2_SURFY_only,True,False,P60201,Myelin proteolipid protein,277
GABBR2,Tier2_SURFY_only,True,False,O75899,Gamma-aminobutyric acid type B receptor subunit 2,941
OR2T2,Tier2_SURFY_only,True,False,Q6IF00,Olfactory receptor 2T2,324
BACE2,Tier2_SURFY_only,True,False,Q9Y5Z0,Beta-secretase 2,518
CLN3,Tier2_SURFY_only,True,False,Q13286,Battenin,438
SLC12A2,Tier2_SURFY_only,True,False,P55011,Solute carrier family 12 member 2,1212
TRPV5,Tier2_SURFY_only,True,False,Q9NQA5,Transient receptor potential cation channel subfamily V member 5,729
PVRL1,Tier2_SURFY_only,True,False,Q15223,Nectin-1,517
OR4B1,Tier2_SURFY_only,True,False,Q8NGF8,Olfactory receptor 4B1,309
OR4N2,Tier2_SURFY_only,True,False,Q8NGD1,Olfactory receptor 4N2,307
CHRM4,Tier2_SURFY_only,True,False,P08173,Muscarinic acetylcholine receptor M4,479
RNF167,Tier2_SURFY_only,True,False,Q9H6Y7,E3 ubiquitin-protein ligase RNF167,350
SLC15A5,Tier2_SURFY_only,True,False,A6NIM6,Solute carrier family 15 member 5,579
ENPEP,Tier2_SURFY_only,True,False,Q07075,Glutamyl aminopeptidase,957
ADAM23,Tier2_SURFY_only,True,False,O75077,Disintegrin and metalloproteinase domain-containing protein 23,832
HLA-DRA,Tier2_SURFY_only,True,False,P01903,"HLA class II histocompatibility antigen, DR alpha chain",254
OR52M1,Tier2_SURFY_only,True,False,Q8NGK5,Olfactory receptor 52M1,317
CDHR3,Tier2_SURFY_only,True,False,Q6ZTQ4,Cadherin-related family member 3,885
RGMA,Tier2_SURFY_only,True,False,Q96B86,Repulsive guidance molecule A,450
IL13RA2,Tier2_SURFY_only,True,False,Q14627,Interleukin-13 receptor subunit alpha-2,380
OTOP1,Tier2_SURFY_only,True,False,Q7RTM1,Otopetrin-1,612
C3AR1,Tier2_SURFY_only,True,False,Q16581,C3a anaphylatoxin chemotactic receptor,482
PTPRH,Tier2_SURFY_only,True,False,Q9HD43,Receptor-type tyrosine-protein phosphatase H,1115
HCAR1,Tier2_SURFY_only,True,False,Q9BXC0,Hydroxycarboxylic acid receptor 1,346
OR8J2,Tier2_SURFY_only,True,False,Q8NGG1,Olfactory receptor 8J2,315
LYNX1,Tier2_SURFY_only,True,False,Q9BZG9,Ly-6/neurotoxin-like protein 1,131
LRP8,Tier2_SURFY_only,True,False,Q14114,Low-density lipoprotein receptor-related protein 8,963
KIR3DL2,Tier2_SURFY_only,True,False,P43630,Killer cell immunoglobulin-like receptor 3DL2,455
SPPL2A,Tier2_SURFY_only,True,False,Q8TCT8,Signal peptide peptidase-like 2A,520
C5AR1,Tier2_SURFY_only,True,False,P21730,C5a anaphylatoxin chemotactic receptor 1,350
TMEM116,Tier2_SURFY_only,True,False,Q8NCL8,Transmembrane protein 116,245
CHRM5,Tier2_SURFY_only,True,False,P08912,Muscarinic acetylcholine receptor M5,532
TMEM140,Tier2_SURFY_only,True,False,Q9NV12,Transmembrane protein 140,185
EPHB6,Tier2_SURFY_only,True,False,O15197,Ephrin type-B receptor 6,1021
GPR160,Tier2_SURFY_only,True,False,Q9UJ42,Probable G-protein coupled receptor 160,338
OR8H3,Tier2_SURFY_only,True,False,Q8N146,Olfactory receptor 8H3,312
TENM4,Tier2_SURFY_only,True,False,Q6N022,Teneurin-4,2769
TMEM25,Tier2_SURFY_only,True,False,Q86YD3,Transmembrane protein 25,366
FLRT1,Tier2_SURFY_only,True,False,Q9NZU1,Leucine-rich repeat transmembrane protein FLRT1,646
CLSTN3,Tier2_SURFY_only,True,False,Q9BQT9,Calsyntenin-3,956
GPR12,Tier2_SURFY_only,True,False,P47775,G-protein coupled receptor 12,334
SLC4A1,Tier2_SURFY_only,True,False,P02730,Band 3 anion transport protein,911
MYOF,Tier2_SURFY_only,True,False,Q9NZM1,Myoferlin,2061
SLC16A8,Tier2_SURFY_only,True,False,O95907,Monocarboxylate transporter 3,504
MAS1,Tier2_SURFY_only,True,False,P04201,Proto-oncogene Mas,325
CHRNB4,Tier2_SURFY_only,True,False,P30926,Neuronal acetylcholine receptor subunit beta-4,498
SLC18A2,Tier2_SURFY_only,True,False,Q05940,Synaptic vesicular amine transporter,514
GPR139,Tier2_SURFY_only,True,False,Q6DWJ6,Probable G-protein coupled receptor 139,353
ITGB7,Tier2_SURFY_only,True,False,P26010,Integrin beta-7,798
SPAM1,Tier2_SURFY_only,True,False,P38567,Hyaluronidase PH-20,509
XKR3,Tier2_SURFY_only,True,False,Q5GH77,XK-related protein 3,459
MXRA8,Tier2_SURFY_only,True,False,Q9BRK3,Matrix-remodeling-associated protein 8,442
CACNG6,Tier2_SURFY_only,True,False,Q9BXT2,Voltage-dependent calcium channel gamma-6 subunit,260
AQP4,Tier2_SURFY_only,True,False,P55087,Aquaporin-4,323
OR5A2,Tier2_SURFY_only,True,False,Q8NGI9,Olfactory receptor 5A2,324
VIPR2,Tier2_SURFY_only,True,False,P41587,Vasoactive intestinal polypeptide receptor 2,438
NLGN1,Tier2_SURFY_only,True,False,Q8N2Q7,Neuroligin-1,840
HTR3D,Tier2_SURFY_only,True,False,Q70Z44,5-hydroxytryptamine receptor 3D,454
SLC7A2,Tier2_SURFY_only,True,False,P52569,Cationic amino acid transporter 2,658
GPR171,Tier2_SURFY_only,True,False,O14626,Probable G-protein coupled receptor 171,319
SLCO6A1,Tier2_SURFY_only,True,False,Q86UG4,Solute carrier organic anion transporter family member 6A1,719
CCR5,Tier2_SURFY_only,True,False,P51681,C-C chemokine receptor type 5,352
FNDC5,Tier2_SURFY_only,True,False,Q8NAU1,Fibronectin type III domain-containing protein 5,212
GYPC,Tier2_SURFY_only,True,False,P04921,Glycophorin-C,128
OR2AK2,Tier2_SURFY_only,True,False,Q8NG84,Olfactory receptor 2AK2,335
TP53I13,Tier2_SURFY_only,True,False,Q8NBR0,Tumor protein p53-inducible protein 13,393
LTBR,Tier2_SURFY_only,True,False,P36941,Tumor necrosis factor receptor superfamily member 3,435
TMEM104,Tier2_SURFY_only,True,False,Q8NE00,Transmembrane protein 104,496
ABCB4,Tier2_SURFY_only,True,False,P21439,Multidrug resistance protein 3,1286
TMEM184A,Tier2_SURFY_only,True,False,Q6ZMB5,Transmembrane protein 184A,413
FSHR,Tier2_SURFY_only,True,False,P23945,Follicle-stimulating hormone receptor,695
ENPP1,Tier2_SURFY_only,True,False,P22413,Ectonucleotide pyrophosphatase/phosphodiesterase family member 1,925
DLK2,Tier2_SURFY_only,True,False,Q6UY11,Protein delta homolog 2,383
OR4N4,Tier2_SURFY_only,True,False,Q8N0Y3,Olfactory receptor 4N4,316
GLIPR1,Tier2_SURFY_only,True,False,P48060,Glioma pathogenesis-related protein 1,266
OR4D2,Tier2_SURFY_only,True,False,P58180,Olfactory receptor 4D2,307
VN1R1,Tier2_SURFY_only,True,False,Q9GZP7,Vomeronasal type-1 receptor 1,353
OR8B4,Tier2_SURFY_only,True,False,Q96RC9,Olfactory receptor 8B4,309
OR1K1,Tier2_SURFY_only,True,False,Q8NGR3,Olfactory receptor 1K1,316
GPR141,Tier2_SURFY_only,True,False,Q7Z602,Probable G-protein coupled receptor 141,305
OR13C5,Tier2_SURFY_only,True,False,Q8NGS8,Olfactory receptor 13C5,318
ATP2B3,Tier2_SURFY_only,True,False,Q16720,Plasma membrane calcium-transporting ATPase 3,1220
NETO2,Tier2_SURFY_only,True,False,Q8NC67,Neuropilin and tolloid-like protein 2,525
GPR20,Tier2_SURFY_only,True,False,Q99678,G-protein coupled receptor 20,358
LHFPL1,Tier2_SURFY_only,True,False,Q86WI0,Lipoma HMGIC fusion partner-like 1 protein,220
TCIRG1,Tier2_SURFY_only,True,False,Q13488,V-type proton ATPase 116 kDa subunit a isoform 3,830
TMPRSS5,Tier2_SURFY_only,True,False,Q9H3S3,Transmembrane protease serine 5,457
PCDHA6,Tier2_SURFY_only,True,False,Q9UN73,Protocadherin alpha-6,950
NOTCH3,Tier2_SURFY_only,True,False,Q9UM47,Neurogenic locus notch homolog protein 3,2321
HLA-G,Tier2_SURFY_only,True,False,P17693,"HLA class I histocompatibility antigen, alpha chain G",338
RRH,Tier2_SURFY_only,True,False,O14718,Visual pigment-like receptor peropsin,337
OR51F1,Tier2_SURFY_only,True,False,A6NGY5,Olfactory receptor 51F1,319
OR51D1,Tier2_SURFY_only,True,False,Q8NGF3,Olfactory receptor 51D1,324
PTPRF,Tier2_SURFY_only,True,False,P10586,Receptor-type tyrosine-protein phosphatase F,1907
FOLH1,Tier2_SURFY_only,True,False,Q04609,Glutamate carboxypeptidase 2,750
OR10A6,Tier2_SURFY_only,True,False,Q8NH74,Olfactory receptor 10A6,314
CEACAM1,Tier2_SURFY_only,True,False,P13688,Carcinoembryonic antigen-related cell adhesion molecule 1,526
GPR15,Tier2_SURFY_only,True,False,P49685,G-protein coupled receptor 15,360
GPR25,Tier2_SURFY_only,True,False,O00155,Probable G-protein coupled receptor 25,361
SEMA4C,Tier2_SURFY_only,True,False,Q9C0C4,Semaphorin-4C,833
OR5M3,Tier2_SURFY_only,True,False,Q8NGP4,Olfactory receptor 5M3,307
AQP8,Tier2_SURFY_only,True,False,O94778,Aquaporin-8,261
CLDN4,Tier2_SURFY_only,True,False,O14493,Claudin-4,209
OR9A2,Tier2_SURFY_only,True,False,Q8NGT5,Olfactory receptor 9A2,310
DPEP1,Tier2_SURFY_only,True,False,P16444,Dipeptidase 1,411
TAS2R10,Tier2_SURFY_only,True,False,Q9NYW0,Taste receptor type 2 member 10,307
SEMA6A,Tier2_SURFY_only,True,False,Q9H2E6,Semaphorin-6A,1030
MFSD6,Tier2_SURFY_only,True,False,Q6ZSS7,Major facilitator superfamily domain-containing protein 6,791
UNC5B,Tier2_SURFY_only,True,False,Q8IZJ1,Netrin receptor UNC5B,945
TMEM255B,Tier2_SURFY_only,True,False,Q8WV15,Transmembrane protein 255B,326
SLC8B1,Tier2_SURFY_only,True,False,Q6J4K2,"Sodium/potassium/calcium exchanger 6, mitochondrial",584
TMEM106A,Tier2_SURFY_only,True,False,Q96A25,Transmembrane protein 106A,262
OR4C3,Tier2_SURFY_only,True,False,Q8NH37,Olfactory receptor 4C3,302
OR14L1P,Tier2_SURFY_only,True,False,Q8NHC6,Putative olfactory receptor 14L1,308
IGSF6,Tier2_SURFY_only,True,False,O95976,Immunoglobulin superfamily member 6,241
EPHA4,Tier2_SURFY_only,True,False,P54764,Ephrin type-A receptor 4,986
LIM2,Tier2_SURFY_only,True,False,P55344,Lens fiber membrane intrinsic protein,173
OR2J3,Tier2_SURFY_only,True,False,O76001,Olfactory receptor 2J3,311
F2R,Tier2_SURFY_only,True,False,P25116,Proteinase-activated receptor 1,425
IL1RAPL2,Tier2_SURFY_only,True,False,Q9NP60,X-linked interleukin-1 receptor accessory protein-like 2,686
SV2A,Tier2_SURFY_only,True,False,Q7L0J3,Synaptic vesicle glycoprotein 2A,742
VNN2,Tier2_SURFY_only,True,False,O95498,Vascular non-inflammatory molecule 2,520
SPN,Tier2_SURFY_only,True,False,P16150,Leukosialin,400
LRFN2,Tier2_SURFY_only,True,False,Q9ULH4,Leucine-rich repeat and fibronectin type-III domain-containing protein 2,789
OR2C3,Tier2_SURFY_only,True,False,Q8N628,Olfactory receptor 2C3,320
OR51B6,Tier2_SURFY_only,True,False,Q9H340,Olfactory receptor 51B6,312
SLC22A1,Tier2_SURFY_only,True,False,O15245,Solute carrier family 22 member 1,554
BTNL3,Tier2_SURFY_only,True,False,Q6UXE8,Butyrophilin-like protein 3,466
VSTM4,Tier2_SURFY_only,True,False,Q8IW00,V-set and transmembrane domain-containing protein 4,320
LNPEP,Tier2_SURFY_only,True,False,Q9UIQ6,Leucyl-cystinyl aminopeptidase,1025
IL18R1,Tier2_SURFY_only,True,False,Q13478,Interleukin-18 receptor 1,541
LGR4,Tier2_SURFY_only,True,False,Q9BXB1,Leucine-rich repeat-containing G-protein coupled receptor 4,951
TAS2R20,Tier2_SURFY_only,True,False,P59543,Taste receptor type 2 member 20,309
OR2L2,Tier2_SURFY_only,True,False,Q8NH16,Olfactory receptor 2L2,312
AOC3,Tier2_SURFY_only,True,False,Q16853,Membrane primary amine oxidase,763
LAYN,Tier2_SURFY_only,True,False,Q6UX15,Layilin,382
ATG9A,Tier2_SURFY_only,True,False,Q7Z3C6,Autophagy-related protein 9A,839
NEGR1,Tier2_SURFY_only,True,False,Q7Z3B1,Neuronal growth regulator 1,354
OR7A5,Tier2_SURFY_only,True,False,Q15622,Olfactory receptor 7A5,319
MR1,Tier2_SURFY_only,True,False,Q95460,Major histocompatibility complex class I-related gene protein,341
IL2RA,Tier2_SURFY_only,True,False,P01589,Interleukin-2 receptor subunit alpha,272
TGFBR2,Tier2_SURFY_only,True,False,P37173,TGF-beta receptor type-2,567
CD2,Tier2_SURFY_only,True,False,P06729,T-cell surface antigen CD2,351
SLC11A1,Tier2_SURFY_only,True,False,P49279,Natural resistance-associated macrophage protein 1,550
PCDHA8,Tier2_SURFY_only,True,False,Q9Y5H6,Protocadherin alpha-8,950
PCDH7,Tier2_SURFY_only,True,False,O60245,Protocadherin-7,1069
SSTR3,Tier2_SURFY_only,True,False,P32745,Somatostatin receptor type 3,418
OR52E5,Tier2_SURFY_only,True,False,Q8NH55,Olfactory receptor 52E5,327
PTPRO,Tier2_SURFY_only,True,False,Q16827,Receptor-type tyrosine-protein phosphatase O,1216
SLC16A12,Tier2_SURFY_only,True,False,Q6ZSM3,Monocarboxylate transporter 12,486
OR5T1,Tier2_SURFY_only,True,False,Q8NG75,Olfactory receptor 5T1,326
GRM5,Tier2_SURFY_only,True,False,P41594,Metabotropic glutamate receptor 5,1212
BEST2,Tier2_SURFY_only,True,False,Q8NFU1,Bestrophin-2,509
CD69,Tier2_SURFY_only,True,False,Q07108,Early activation antigen CD69,199
GPR183,Tier2_SURFY_only,True,False,P32249,G-protein coupled receptor 183,361
CD52,Tier2_SURFY_only,True,False,P31358,CAMPATH-1 antigen,61
SLC16A6,Tier2_SURFY_only,True,False,O15403,Monocarboxylate transporter 7,523
OR51A2,Tier2_SURFY_only,True,False,Q8NGJ7,Olfactory receptor 51A2,313
OR52L2P,Tier2_SURFY_only,True,False,Q8NGH6,Putative olfactory receptor 52L2,319
HLA-F,Tier2_SURFY_only,True,False,P30511,"HLA class I histocompatibility antigen, alpha chain F",346
OR5L1,Tier2_SURFY_only,True,False,Q8NGL2,Olfactory receptor 5L1,311
CLEC2D,Tier2_SURFY_only,True,False,Q9UHP7,C-type lectin domain family 2 member D,191
LMBR1,Tier2_SURFY_only,True,False,Q8WVP7,Limb region 1 protein homolog,490
OR6C68,Tier2_SURFY_only,True,False,A6NDL8,Olfactory receptor 6C68,312
GHRHR,Tier2_SURFY_only,True,False,Q02643,Growth hormone-releasing hormone receptor,423
EVI2A,Tier2_SURFY_only,True,False,P22794,Protein EVI2A,236
ZNRF4,Tier2_SURFY_only,True,False,Q8WWF5,Zinc/RING finger protein 4,429
UPK2,Tier2_SURFY_only,True,False,O00526,Uroplakin-2,184
CXCR1,Tier2_SURFY_only,True,False,P25024,C-X-C chemokine receptor type 1,350
SLC3A1,Tier2_SURFY_only,True,False,Q07837,Neutral and basic amino acid transport protein rBAT,685
CHPT1,Tier2_SURFY_only,True,False,Q8WUD6,Cholinephosphotransferase 1,406
PCDHGC3,Tier2_SURFY_only,True,False,Q9UN70,Protocadherin gamma-C3,934
OR2F2,Tier2_SURFY_only,True,False,O95006,Olfactory receptor 2F2,317
GABRB1,Tier2_SURFY_only,True,False,P18505,Gamma-aminobutyric acid receptor subunit beta-1,474
CNTN6,Tier2_SURFY_only,True,False,Q9UQ52,Contactin-6,1028
JAM3,Tier2_SURFY_only,True,False,Q9BX67,Junctional adhesion molecule C,310
OR4F21,Tier2_SURFY_only,True,False,O95013,Olfactory receptor 4F21,312
F2RL3,Tier2_SURFY_only,True,False,Q96RI0,Proteinase-activated receptor 4,385
GABRA6,Tier2_SURFY_only,True,False,Q16445,Gamma-aminobutyric acid receptor subunit alpha-6,453
OR2J2,Tier2_SURFY_only,True,False,O76002,Olfactory receptor 2J2,312
EPHB3,Tier2_SURFY_only,True,False,P54753,Ephrin type-B receptor 3,998
PRLHR,Tier2_SURFY_only,True,False,P49683,Prolactin-releasing peptide receptor,370
GPR62,Tier2_SURFY_only,True,False,Q9BZJ7,Probable G-protein coupled receptor 62,368
OR5K2,Tier2_SURFY_only,True,False,Q8NHB8,Olfactory receptor 5K2,316
OR2Y1,Tier2_SURFY_only,True,False,Q8NGV0,Olfactory receptor 2Y1,311
OXER1,Tier2_SURFY_only,True,False,Q8TDS5,Oxoeicosanoid receptor 1,423
OR8K5,Tier2_SURFY_only,True,False,Q8NH50,Olfactory receptor 8K5,307
SCARF2,Tier2_SURFY_only,True,False,Q96GP6,Scavenger receptor class F member 2,870
CD163L1,Tier2_SURFY_only,True,False,Q9NR16,Scavenger receptor cysteine-rich type 1 protein M160,1453
ADRA2B,Tier2_SURFY_only,True,False,P18089,Alpha-2B adrenergic receptor,447
TNFSF18,Tier2_SURFY_only,True,False,Q9UNG2,Tumor necrosis factor ligand superfamily member 18,199
OR2A5,Tier2_SURFY_only,True,False,Q96R48,Olfactory receptor 2A5,311
SLC2A12,Tier2_SURFY_only,True,False,Q8TD20,"Solute carrier family 2, facilitated glucose transporter member 12",617
IFNGR1,Tier2_SURFY_only,True,False,P15260,Interferon gamma receptor 1,489
CNR1,Tier2_SURFY_only,True,False,P21554,Cannabinoid receptor 1,472
SLC24A4,Tier2_SURFY_only,True,False,Q8NFF2,Sodium/potassium/calcium exchanger 4,622
SLC6A6,Tier2_SURFY_only,True,False,P31641,Sodium- and chloride-dependent taurine transporter,620
SORT1,Tier2_SURFY_only,True,False,Q99523,Sortilin,831
ESAM,Tier2_SURFY_only,True,False,Q96AP7,Endothelial cell-selective adhesion molecule,390
SPINT2,Tier2_SURFY_only,True,False,O43291,Kunitz-type protease inhibitor 2,252
CALCRL,Tier2_SURFY_only,True,False,Q16602,Calcitonin gene-related peptide type 1 receptor,461
SLC39A4,Tier2_SURFY_only,True,False,Q6P5W5,Zinc transporter ZIP4,647
LTK,Tier2_SURFY_only,True,False,P29376,Leukocyte tyrosine kinase receptor,864
ZDHHC11,Tier2_SURFY_only,True,False,Q9H8X9,Probable palmitoyltransferase ZDHHC11,412
CLSTN1,Tier2_SURFY_only,True,False,O94985,Calsyntenin-1,981
ACPT,Tier2_SURFY_only,True,False,Q9BZG2,Testicular acid phosphatase,426
OR4C11,Tier2_SURFY_only,True,False,Q6IEV9,Olfactory receptor 4C11,310
ADAM15,Tier2_SURFY_only,True,False,Q13444,Disintegrin and metalloproteinase domain-containing protein 15,863
OR56A3,Tier2_SURFY_only,True,False,Q8NH54,Olfactory receptor 56A3,315
GABRG3,Tier2_SURFY_only,True,False,Q99928,Gamma-aminobutyric acid receptor subunit gamma-3,467
MC1R,Tier2_SURFY_only,True,False,Q01726,Melanocyte-stimulating hormone receptor,317
SLC19A2,Tier2_SURFY_only,True,False,O60779,Thiamine transporter 1,497
ALPP,Tier2_SURFY_only,True,False,P05187,"Alkaline phosphatase, placental type",535
NRG4,Tier2_SURFY_only,True,False,Q8WWG1,"Pro-neuregulin-4, membrane-bound isoform",115
ERVK-18,Tier2_SURFY_only,True,False,O42043,Endogenous retrovirus group K member 18 Env polyprotein,560
ERMP1,Tier2_SURFY_only,True,False,Q7Z2K6,Endoplasmic reticulum metallopeptidase 1,904
KLRC1,Tier2_SURFY_only,True,False,P26715,NKG2-A/NKG2-B type II integral membrane protein,233
TMEM67,Tier2_SURFY_only,True,False,Q5HYA8,Meckelin,995
DLL1,Tier2_SURFY_only,True,False,O00548,Delta-like protein 1,723
CHL1,Tier2_SURFY_only,True,False,O00533,Neural cell adhesion molecule L1-like protein,1208
CCR10,Tier2_SURFY_only,True,False,P46092,C-C chemokine receptor type 10,362
JAG1,Tier2_SURFY_only,True,False,P78504,Protein jagged-1,1218
DAG1,Tier2_SURFY_only,True,False,Q14118,Dystroglycan,895
TREM1,Tier2_SURFY_only,True,False,Q9NP99,Triggering receptor expressed on myeloid cells 1,234
ERVV-2,Tier2_SURFY_only,True,False,B6SEH9,Endogenous retrovirus group V member 2 Env polyprotein,535
GPR137C,Tier2_SURFY_only,True,False,Q8N3F9,Integral membrane protein GPR137C,429
GPR88,Tier2_SURFY_only,True,False,Q9GZN0,Probable G-protein coupled receptor 88,384
LRP6,Tier2_SURFY_only,True,False,O75581,Low-density lipoprotein receptor-related protein 6,1613
OLR1,Tier2_SURFY_only,True,False,P78380,Oxidized low-density lipoprotein receptor 1,273
SVOPL,Tier2_SURFY_only,True,False,Q8N434,Putative transporter SVOPL,492
RNF130,Tier2_SURFY_only,True,False,Q86XS8,E3 ubiquitin-protein ligase RNF130,419
SLC33A1,Tier2_SURFY_only,True,False,O00400,Acetyl-coenzyme A transporter 1,549
MUC15,Tier2_SURFY_only,True,False,Q8N387,Mucin-15,334
OR8G1,Tier2_SURFY_only,True,False,Q15617,Olfactory receptor 8G1,311
PKHD1L1,Tier2_SURFY_only,True,False,Q86WI1,Fibrocystin-L,4243
GPR31,Tier2_SURFY_only,True,False,O00270,"12-(S)-hydroxy-5,8,10,14-eicosatetraenoic acid receptor",319
CD68,Tier2_SURFY_only,True,False,P34810,Macrosialin,354
F2RL2,Tier2_SURFY_only,True,False,O00254,Proteinase-activated receptor 3,374
OR5M10,Tier2_SURFY_only,True,False,Q6IEU7,Olfactory receptor 5M10,315
OR2A14,Tier2_SURFY_only,True,False,Q96R47,Olfactory receptor 2A14,310
IL27RA,Tier2_SURFY_only,True,False,Q6UWB1,Interleukin-27 receptor subunit alpha,636
OR5AK2,Tier2_SURFY_only,True,False,Q8NH90,Olfactory receptor 5AK2,309
CLMP,Tier2_SURFY_only,True,False,Q9H6B4,CXADR-like membrane protein,373
OR10Z1,Tier2_SURFY_only,True,False,Q8NGY1,Olfactory receptor 10Z1,313
MS4A1,Tier2_SURFY_only,True,False,P11836,B-lymphocyte antigen CD20,297
OR2L8,Tier2_SURFY_only,True,False,Q8NGY9,Olfactory receptor 2L8,312
PRLR,Tier2_SURFY_only,True,False,P16471,Prolactin receptor,622
OR10A7,Tier2_SURFY_only,True,False,Q8NGE5,Olfactory receptor 10A7,316
CD248,Tier2_SURFY_only,True,False,Q9HCU0,Endosialin,757
ADAM30,Tier2_SURFY_only,True,False,Q9UKF2,Disintegrin and metalloproteinase domain-containing protein 30,790
ADAM21,Tier2_SURFY_only,True,False,Q9UKJ8,Disintegrin and metalloproteinase domain-containing protein 21,722
OR2T34,Tier2_SURFY_only,True,False,Q8NGX1,Olfactory receptor 2T34,318
OR4C16,Tier2_SURFY_only,True,False,Q8NGL9,Olfactory receptor 4C16,310
ATRN,Tier2_SURFY_only,True,False,O75882,Attractin,1429
OR1M1,Tier2_SURFY_only,True,False,Q8NGA1,Olfactory receptor 1M1,313
TNFRSF14,Tier2_SURFY_only,True,False,Q92956,Tumor necrosis factor receptor superfamily member 14,283
PIGT,Tier2_SURFY_only,True,False,Q969N2,GPI transamidase component PIG-T,578
GPR180,Tier2_SURFY_only,True,False,Q86V85,Integral membrane protein GPR180,440
OR4M1,Tier2_SURFY_only,True,False,Q8NGD0,Olfactory receptor 4M1,313
SLC15A2,Tier2_SURFY_only,True,False,Q16348,Solute carrier family 15 member 2,729
GRIN2A,Tier2_SURFY_only,True,False,Q12879,"Glutamate receptor ionotropic, NMDA 2A",1464
PTGDR2,Tier2_SURFY_only,True,False,Q9Y5Y4,Prostaglandin D2 receptor 2,395
SDK2,Tier2_SURFY_only,True,False,Q58EX2,Protein sidekick-2,2172
NTNG2,Tier2_SURFY_only,True,False,Q96CW9,Netrin-G2,530
CD63,Tier2_SURFY_only,True,False,P08962,CD63 antigen,238
GPR68,Tier2_SURFY_only,True,False,Q15743,Ovarian cancer G-protein coupled receptor 1,365
GRM3,Tier2_SURFY_only,True,False,Q14832,Metabotropic glutamate receptor 3,879
TAS2R3,Tier2_SURFY_only,True,False,Q9NYW6,Taste receptor type 2 member 3,316
TM4SF20,Tier2_SURFY_only,True,False,Q53R12,Transmembrane 4 L6 family member 20,229
ADCYAP1R1,Tier2_SURFY_only,True,False,P41586,Pituitary adenylate cyclase-activating polypeptide type I receptor,468
FZD7,Tier2_SURFY_only,True,False,O75084,Frizzled-7,574
PCDH9,Tier2_SURFY_only,True,False,Q9HC56,Protocadherin-9,1237
AGER,Tier2_SURFY_only,True,False,Q15109,Advanced glycosylation end product-specific receptor,404
OR2T29,Tier2_SURFY_only,True,False,Q8NH02,Olfactory receptor 2T29,315
QRFPR,Tier2_SURFY_only,True,False,Q96P65,Pyroglutamylated RFamide peptide receptor,431
OR6A2,Tier2_SURFY_only,True,False,O95222,Olfactory receptor 6A2,327
TNFRSF21,Tier2_SURFY_only,True,False,O75509,Tumor necrosis factor receptor superfamily member 21,655
OR51H1P,Tier2_SURFY_only,True,False,Q8NH63,Putative olfactory receptor 51H1,302
OR51B5,Tier2_SURFY_only,True,False,Q9H339,Olfactory receptor 51B5,312
MEGF11,Tier2_SURFY_only,True,False,A6BM72,Multiple epidermal growth factor-like domains protein 11,1044
PCDHB11,Tier2_SURFY_only,True,False,Q9Y5F2,Protocadherin beta-11,797
STIM1,Tier2_SURFY_only,True,False,Q13586,Stromal interaction molecule 1,685
ANTXR2,Tier2_SURFY_only,True,False,P58335,Anthrax toxin receptor 2,489
DLL4,Tier2_SURFY_only,True,False,Q9NR61,Delta-like protein 4,685
ZAN,Tier2_SURFY_only,True,False,Q9Y493,Zonadhesin,2812
OR1L1,Tier2_SURFY_only,True,False,Q8NH94,Olfactory receptor 1L1,360
OPN1LW,Tier2_SURFY_only,True,False,P04000,Long-wave-sensitive opsin 1,364
RNF149,Tier2_SURFY_only,True,False,Q8NC42,E3 ubiquitin-protein ligase RNF149,400
TSPAN18,Tier2_SURFY_only,True,False,Q96SJ8,Tetraspanin-18,248
CHRNA3,Tier2_SURFY_only,True,False,P32297,Neuronal acetylcholine receptor subunit alpha-3,505
OR10D3,Tier2_SURFY_only,True,False,Q8NH80,Putative olfactory receptor 10D3,312
SCN1A,Tier2_SURFY_only,True,False,P35498,Sodium channel protein type 1 subunit alpha,2009
TRPV4,Tier2_SURFY_only,True,False,Q9HBA0,Transient receptor potential cation channel subfamily V member 4,871
CNTNAP2,Tier2_SURFY_only,True,False,Q9UHC6,Contactin-associated protein-like 2,1331
SCN4B,Tier2_SURFY_only,True,False,Q8IWT1,Sodium channel subunit beta-4,228
STAB2,Tier2_SURFY_only,True,False,Q8WWQ8,Stabilin-2,2551
OR2S2,Tier2_SURFY_only,True,False,Q9NQN1,Olfactory receptor 2S2,319
OR51B4,Tier2_SURFY_only,True,False,Q9Y5P0,Olfactory receptor 51B4,310
CD86,Tier2_SURFY_only,True,False,P42081,T-lymphocyte activation antigen CD86,329
SLC51A,Tier2_SURFY_only,True,False,Q86UW1,Organic solute transporter subunit alpha,340
OR5T2,Tier2_SURFY_only,True,False,Q8NGG2,Olfactory receptor 5T2,359
ITGA2,Tier2_SURFY_only,True,False,P17301,Integrin alpha-2,1181
GPR150,Tier2_SURFY_only,True,False,Q8NGU9,Probable G-protein coupled receptor 150,434
KIRREL2,Tier2_SURFY_only,True,False,Q6UWL6,Kin of IRRE-like protein 2,708
ADRA2C,Tier2_SURFY_only,True,False,P18825,Alpha-2C adrenergic receptor,462
LRRC4B,Tier2_SURFY_only,True,False,Q9NT99,Leucine-rich repeat-containing protein 4B,713
LILRA4,Tier2_SURFY_only,True,False,P59901,Leukocyte immunoglobulin-like receptor subfamily A member 4,499
TNFSF15,Tier2_SURFY_only,True,False,O95150,Tumor necrosis factor ligand superfamily member 15,251
KIR3DS1,Tier2_SURFY_only,True,False,Q14943,Killer cell immunoglobulin-like receptor 3DS1,387
CD58,Tier2_SURFY_only,True,False,P19256,Lymphocyte function-associated antigen 3,250
TRHDE,Tier2_SURFY_only,True,False,Q9UKU6,Thyrotropin-releasing hormone-degrading ectoenzyme,1024
PKHD1,Tier2_SURFY_only,True,False,P08F94,Fibrocystin,4074
SLC30A1,Tier2_SURFY_only,True,False,Q9Y6M5,Zinc transporter 1,507
ERBB2,Tier2_SURFY_only,True,False,P04626,Receptor tyrosine-protein kinase erbB-2,1255
TNFRSF13B,Tier2_SURFY_only,True,False,O14836,Tumor necrosis factor receptor superfamily member 13B,293
OR4C45,Tier2_SURFY_only,True,False,A6NMZ5,Olfactory receptor 4C45,311
PCDHGC4,Tier2_SURFY_only,True,False,Q9Y5F7,Protocadherin gamma-C4,938
VNN1,Tier2_SURFY_only,True,False,O95497,Pantetheinase,513
ZACN,Tier2_SURFY_only,True,False,Q401N2,Zinc-activated ligand-gated ion channel,412
ACVR2A,Tier2_SURFY_only,True,False,P27037,Activin receptor type-2A,513
SIRPA,Tier2_SURFY_only,True,False,P78324,Tyrosine-protein phosphatase non-receptor type substrate 1,504
PROKR2,Tier2_SURFY_only,True,False,Q8NFJ6,Prokineticin receptor 2,384
CHRNB3,Tier2_SURFY_only,True,False,Q05901,Neuronal acetylcholine receptor subunit beta-3,458
GDPD2,Tier2_SURFY_only,True,False,Q9HCC8,Glycerophosphoinositol inositolphosphodiesterase GDPD2,539
TACR3,Tier2_SURFY_only,True,False,P29371,Neuromedin-K receptor,465
BTN3A3,Tier2_SURFY_only,True,False,O00478,Butyrophilin subfamily 3 member A3,584
CALCR,Tier2_SURFY_only,True,False,P30988,Calcitonin receptor,508
FOLR1,Tier2_SURFY_only,True,False,P15328,Folate receptor alpha,257
SORCS1,Tier2_SURFY_only,True,False,Q8WY21,VPS10 domain-containing receptor SorCS1,1168
FAT1,Tier2_SURFY_only,True,False,Q14517,Protocadherin Fat 1,4588
TSPAN2,Tier2_SURFY_only,True,False,O60636,Tetraspanin-2,221
ITGAV,Tier2_SURFY_only,True,False,P06756,Integrin alpha-V,1048
PMEL,Tier2_SURFY_only,True,False,P40967,Melanocyte protein PMEL,661
ABCB9,Tier2_SURFY_only,True,False,Q9NP78,ATP-binding cassette sub-family B member 9,766
SLC7A4,Tier2_SURFY_only,True,False,O43246,Cationic amino acid transporter 4,635
ABCA8,Tier2_SURFY_only,True,False,O94911,ATP-binding cassette sub-family A member 8,1581
TMEM30A,Tier2_SURFY_only,True,False,Q9NV96,Cell cycle control protein 50A,361
SLC43A1,Tier2_SURFY_only,True,False,O75387,Large neutral amino acids transporter small subunit 3,559
GLRA2,Tier2_SURFY_only,True,False,P23416,Glycine receptor subunit alpha-2,452
HFE2,Tier2_SURFY_only,True,False,Q6ZVN8,Hemojuvelin,426
CELSR1,Tier2_SURFY_only,True,False,Q9NYQ6,Cadherin EGF LAG seven-pass G-type receptor 1,3014
SLC38A8,Tier2_SURFY_only,True,False,A6NNN8,Putative sodium-coupled neutral amino acid transporter 8,435
OR1L3,Tier2_SURFY_only,True,False,Q8NH93,Olfactory receptor 1L3,324
OR11H6,Tier2_SURFY_only,True,False,Q8NGC7,Olfactory receptor 11H6,330
PCDHB3,Tier2_SURFY_only,True,False,Q9Y5E6,Protocadherin beta-3,796
FNDC9,Tier2_SURFY_only,True,False,Q8TBE3,Fibronectin type III domain-containing protein 9,224
GJB2,Tier2_SURFY_only,True,False,P29033,Gap junction beta-2 protein,226
GABRA3,Tier2_SURFY_only,True,False,P34903,Gamma-aminobutyric acid receptor subunit alpha-3,492
OR10AC1P,Tier2_SURFY_only,True,False,Q8NH08,Putative olfactory receptor 10AC1,325
LYPD2,Tier2_SURFY_only,True,False,Q6UXB3,Ly6/PLAUR domain-containing protein 2,125
OR4F5,Tier2_SURFY_only,True,False,Q8NH21,Olfactory receptor 4F5,305
HLA-C,Tier2_SURFY_only,True,False,P04222,"HLA class I histocompatibility antigen, Cw-3 alpha chain",366
CD80,Tier2_SURFY_only,True,False,P33681,T-lymphocyte activation antigen CD80,288
ART3,Tier2_SURFY_only,True,False,Q13508,Ecto-ADP-ribosyltransferase 3,389
SLC26A3,Tier2_SURFY_only,True,False,P40879,Chloride anion exchanger,764
ENTPD3,Tier2_SURFY_only,True,False,O75355,Ectonucleoside triphosphate diphosphohydrolase 3,529
GJB6,Tier2_SURFY_only,True,False,O95452,Gap junction beta-6 protein,261
GRIK5,Tier2_SURFY_only,True,False,Q16478,"Glutamate receptor ionotropic, kainate 5",980
OR2AG1,Tier2_SURFY_only,True,False,Q9H205,Olfactory receptor 2AG1,316
OR10V1,Tier2_SURFY_only,True,False,Q8NGI7,Olfactory receptor 10V1,309
ACKR2,Tier2_SURFY_only,True,False,O00590,Atypical chemokine receptor 2,384
OR51L1,Tier2_SURFY_only,True,False,Q8NGJ5,Olfactory receptor 51L1,315
PHEX,Tier2_SURFY_only,True,False,P78562,Phosphate-regulating neutral endopeptidase,749
LMBR1L,Tier2_SURFY_only,True,False,Q6UX01,Protein LMBR1L,489
KREMEN2,Tier2_SURFY_only,True,False,Q8NCW0,Kremen protein 2,462
IMPG2,Tier2_SURFY_only,True,False,Q9BZV3,Interphotoreceptor matrix proteoglycan 2,1241
LRIG1,Tier2_SURFY_only,True,False,Q96JA1,Leucine-rich repeats and immunoglobulin-like domains protein 1,1093
CEACAM6,Tier2_SURFY_only,True,False,P40199,Carcinoembryonic antigen-related cell adhesion molecule 6,344
ERVK-9,Tier2_SURFY_only,True,False,Q9UKH3,Endogenous retrovirus group K member 9 Env polyprotein,698
CASD1,Tier2_SURFY_only,True,False,Q96PB1,CAS1 domain-containing protein 1,797
SLC46A3,Tier2_SURFY_only,True,False,Q7Z3Q1,Solute carrier family 46 member 3,461
GLRA3,Tier2_SURFY_only,True,False,O75311,Glycine receptor subunit alpha-3,464
PARM1,Tier2_SURFY_only,True,False,Q6UWI2,Prostate androgen-regulated mucin-like protein 1,310
OR5D14,Tier2_SURFY_only,True,False,Q8NGL3,Olfactory receptor 5D14,314
PCDH20,Tier2_SURFY_only,True,False,Q8N6Y1,Protocadherin-20,951
LILRA2,Tier2_SURFY_only,True,False,Q8N149,Leukocyte immunoglobulin-like receptor subfamily A member 2,483
OR7G1,Tier2_SURFY_only,True,False,Q8NGA0,Olfactory receptor 7G1,311
ADAM19,Tier2_SURFY_only,True,False,Q9H013,Disintegrin and metalloproteinase domain-containing protein 19,955
SLC16A7,Tier2_SURFY_only,True,False,O60669,Monocarboxylate transporter 2,478
CD200R1,Tier2_SURFY_only,True,False,Q8TD46,Cell surface glycoprotein CD200 receptor 1,325
HERVK_113,Tier2_SURFY_only,True,False,Q902F9,Endogenous retrovirus group K member 113 Env polyprotein,699
RTN4RL1,Tier2_SURFY_only,True,False,Q86UN2,Reticulon-4 receptor-like 1,441
OR5B17,Tier2_SURFY_only,True,False,Q8NGF7,Olfactory receptor 5B17,314
NCSTN,Tier2_SURFY_only,True,False,Q92542,Nicastrin,709
VN1R3,Tier2_SURFY_only,True,False,Q9BXE9,Vomeronasal type-1 receptor 3,311
TMEM179B,Tier2_SURFY_only,True,False,Q7Z7N9,Transmembrane protein 179B,219
OR51V1,Tier2_SURFY_only,True,False,Q9H2C8,Olfactory receptor 51V1,321
OR7E24,Tier2_SURFY_only,True,False,Q6IFN5,Olfactory receptor 7E24,339
OR8B3,Tier2_SURFY_only,True,False,Q8NGG8,Olfactory receptor 8B3,313
PTPRN2,Tier2_SURFY_only,True,False,Q92932,Receptor-type tyrosine-protein phosphatase N2,1015
NTM,Tier2_SURFY_only,True,False,Q9P121,Neurotrimin,344
PTTG1IP,Tier2_SURFY_only,True,False,P53801,Pituitary tumor-transforming gene 1 protein-interacting protein,180
AMIGO3,Tier2_SURFY_only,True,False,Q86WK7,Amphoterin-induced protein 3,504
TMEM204,Tier2_SURFY_only,True,False,Q9BSN7,Transmembrane protein 204,226
CXCR2,Tier2_SURFY_only,True,False,P25025,C-X-C chemokine receptor type 2,360
OR51Q1,Tier2_SURFY_only,True,False,Q8NH59,Olfactory receptor 51Q1,317
JAG2,Tier2_SURFY_only,True,False,Q9Y219,Protein jagged-2,1238
IL17RC,Tier2_SURFY_only,True,False,Q8NAC3,Interleukin-17 receptor C,791
SLC34A3,Tier2_SURFY_only,True,False,Q8N130,Sodium-dependent phosphate transport protein 2C,599
CNTN4,Tier2_SURFY_only,True,False,Q8IWV2,Contactin-4,1026
C1orf101,Tier2_SURFY_only,True,False,Q5SY80,Uncharacterized protein C1orf101,951
CMKLR1,Tier2_SURFY_only,True,False,Q99788,Chemokine-like receptor 1,373
DLK1,Tier2_SURFY_only,True,False,P80370,Protein delta homolog 1,383
CACNG8,Tier2_SURFY_only,True,False,Q8WXS5,Voltage-dependent calcium channel gamma-8 subunit,425
KCNMB4,Tier2_SURFY_only,True,False,Q86W47,Calcium-activated potassium channel subunit beta-4,210
OR9G1,Tier2_SURFY_only,True,False,Q8NH87,Olfactory receptor 9G1,305
LILRB3,Tier2_SURFY_only,True,False,O75022,Leukocyte immunoglobulin-like receptor subfamily B member 3,631
GPR52,Tier2_SURFY_only,True,False,Q9Y2T5,Probable G-protein coupled receptor 52,361
ABCA2,Tier2_SURFY_only,True,False,Q9BZC7,ATP-binding cassette sub-family A member 2,2435
TDGF1,Tier2_SURFY_only,True,False,P13385,Teratocarcinoma-derived growth factor 1,188
MCAM,Tier2_SURFY_only,True,False,P43121,Cell surface glycoprotein MUC18,646
CRHR1,Tier2_SURFY_only,True,False,P34998,Corticotropin-releasing factor receptor 1,444
OSTM1,Tier2_SURFY_only,True,False,Q86WC4,Osteopetrosis-associated transmembrane protein 1,334
CACNA1C,Tier2_SURFY_only,True,False,Q13936,Voltage-dependent L-type calcium channel subunit alpha-1C,2221
TNFRSF1A,Tier2_SURFY_only,True,False,P19438,Tumor necrosis factor receptor superfamily member 1A,455
ITFG1,Tier2_SURFY_only,True,False,Q8TB96,T-cell immunomodulatory protein,612
SLC17A1,Tier2_SURFY_only,True,False,Q14916,Sodium-dependent phosphate transport protein 1,467
CHRND,Tier2_SURFY_only,True,False,Q07001,Acetylcholine receptor subunit delta,517
CD320,Tier2_SURFY_only,True,False,Q9NPF0,CD320 antigen,282
CHRNA6,Tier2_SURFY_only,True,False,Q15825,Neuronal acetylcholine receptor subunit alpha-6,494
C1orf233,Tier2_SURFY_only,True,False,F2Z333,Fibronectin type-III domain-containing transmembrane protein C1orf233,226
PTPRR,Tier2_SURFY_only,True,False,Q15256,Receptor-type tyrosine-protein phosphatase R,657
GPR133,Tier2_SURFY_only,True,False,Q6QNK2,Probable G-protein coupled receptor 133,874
PCDH11Y,Tier2_SURFY_only,True,False,Q9BZA8,Protocadherin-11 Y-linked,1340
OR52Z1,Tier2_SURFY_only,True,False,P0C646,Olfactory receptor 52Z1,297
OR52B4,Tier2_SURFY_only,True,False,Q8NGK2,Olfactory receptor 52B4,314
SLC22A4,Tier2_SURFY_only,True,False,Q9H015,Solute carrier family 22 member 4,551
CYSLTR1,Tier2_SURFY_only,True,False,Q9Y271,Cysteinyl leukotriene receptor 1,337
GPC3,Tier2_SURFY_only,True,False,P51654,Glypican-3,580
SCN3A,Tier2_SURFY_only,True,False,Q9NY46,Sodium channel protein type 3 subunit alpha,2000
PCDHGB4,Tier2_SURFY_only,True,False,Q9UN71,Protocadherin gamma-B4,923
GABRE,Tier2_SURFY_only,True,False,P78334,Gamma-aminobutyric acid receptor subunit epsilon,506
SLC6A17,Tier2_SURFY_only,True,False,Q9H1V8,Sodium-dependent neutral amino acid transporter SLC6A17,727
OR4K3,Tier2_SURFY_only,True,False,Q96R72,Olfactory receptor 4K3,315
ENPP5,Tier2_SURFY_only,True,False,Q9UJA9,Ectonucleotide pyrophosphatase/phosphodiesterase family member 5,477
CCR2,Tier2_SURFY_only,True,False,P41597,C-C chemokine receptor type 2,374
SYNPR,Tier2_SURFY_only,True,False,Q8TBG9,Synaptoporin,265
NPY1R,Tier2_SURFY_only,True,False,P25929,Neuropeptide Y receptor type 1,384
GJB4,Tier2_SURFY_only,True,False,Q9NTQ9,Gap junction beta-4 protein,266
CHRNG,Tier2_SURFY_only,True,False,P07510,Acetylcholine receptor subunit gamma,517
PCDHGA11,Tier2_SURFY_only,True,False,Q9Y5H2,Protocadherin gamma-A11,935
OR4F15,Tier2_SURFY_only,True,False,Q8NGB8,Olfactory receptor 4F15,312
SLC1A1,Tier2_SURFY_only,True,False,P43005,Excitatory amino acid transporter 3,524
CCR7,Tier2_SURFY_only,True,False,P32248,C-C chemokine receptor type 7,378
GLRA4,Tier2_SURFY_only,True,False,Q5JXX5,Glycine receptor subunit alpha-4,417
OR10AD1,Tier2_SURFY_only,True,False,Q8NGE0,Olfactory receptor 10AD1,317
OR13J1,Tier2_SURFY_only,True,False,Q8NGT2,Olfactory receptor 13J1,312
OR10AG1,Tier2_SURFY_only,True,False,Q8NH19,Olfactory receptor 10AG1,301
FZD3,Tier2_SURFY_only,True,False,Q9NPG1,Frizzled-3,666
SIRPG,Tier2_SURFY_only,True,False,Q9P1W8,Signal-regulatory protein gamma,387
LYPD3,Tier2_SURFY_only,True,False,O95274,Ly6/PLAUR domain-containing protein 3,346
HCRTR2,Tier2_SURFY_only,True,False,O43614,Orexin receptor type 2,444
GRIK3,Tier2_SURFY_only,True,False,Q13003,"Glutamate receptor ionotropic, kainate 3",919
GPR153,Tier2_SURFY_only,True,False,Q6NV75,Probable G-protein coupled receptor 153,609
LGR5,Tier2_SURFY_only,True,False,O75473,Leucine-rich repeat-containing G-protein coupled receptor 5,907
SSTR5,Tier2_SURFY_only,True,False,P35346,Somatostatin receptor type 5,364
HHLA2,Tier2_SURFY_only,True,False,Q9UM44,HERV-H LTR-associating protein 2,414
PCDHB4,Tier2_SURFY_only,True,False,Q9Y5E5,Protocadherin beta-4,795
SLC2A5,Tier2_SURFY_only,True,False,P22732,"Solute carrier family 2, facilitated glucose transporter member 5",501
OR11G2,Tier2_SURFY_only,True,False,Q8NGC1,Olfactory receptor 11G2,345
SHISA7,Tier2_SURFY_only,True,False,A6NL88,Protein shisa-7,538
OR5AR1,Tier2_SURFY_only,True,False,Q8NGP9,Olfactory receptor 5AR1,310
VASN,Tier2_SURFY_only,True,False,Q6EMK4,Vasorin,673
MRGPRF,Tier2_SURFY_only,True,False,Q96AM1,Mas-related G-protein coupled receptor member F,343
KIR3DL3,Tier2_SURFY_only,True,False,Q8N743,Killer cell immunoglobulin-like receptor 3DL3,410
SDK1,Tier2_SURFY_only,True,False,Q7Z5N4,Protein sidekick-1,2213
RAET1G,Tier2_SURFY_only,True,False,Q6H3X3,Retinoic acid early transcript 1G protein,334
LINGO4,Tier2_SURFY_only,True,False,Q6UY18,Leucine-rich repeat and immunoglobulin-like domain-containing nogo receptor-interacting protein 4,593
GPR97,Tier2_SURFY_only,True,False,Q86Y34,Probable G-protein coupled receptor 97,549
KEL,Tier2_SURFY_only,True,False,P23276,Kell blood group glycoprotein,732
MFSD6L,Tier2_SURFY_only,True,False,Q8IWD5,Major facilitator superfamily domain-containing protein 6-like,586
OR1G1,Tier2_SURFY_only,True,False,P47890,Olfactory receptor 1G1,313
OR1E3,Tier2_SURFY_only,True,False,Q8WZA6,Olfactory receptor 1E3,343
SLC5A12,Tier2_SURFY_only,True,False,Q1EHB4,Sodium-coupled monocarboxylate transporter 2,618
MTNR1B,Tier2_SURFY_only,True,False,P49286,Melatonin receptor type 1B,362
ITGA2B,Tier2_SURFY_only,True,False,P08514,Integrin alpha-IIb,1039
FCGR3A,Tier2_SURFY_only,True,False,P08637,Low affinity immunoglobulin gamma Fc region receptor III-A,254
MC3R,Tier2_SURFY_only,True,False,P41968,Melanocortin receptor 3,323
OR6C3,Tier2_SURFY_only,True,False,Q9NZP0,Olfactory receptor 6C3,311
SLC15A1,Tier2_SURFY_only,True,False,P46059,Solute carrier family 15 member 1,708
GALR2,Tier2_SURFY_only,True,False,O43603,Galanin receptor type 2,387
ADAM12,Tier2_SURFY_only,True,False,O43184,Disintegrin and metalloproteinase domain-containing protein 12,909
PROM2,Tier2_SURFY_only,True,False,Q8N271,Prominin-2,834
ANTXRL,Tier2_SURFY_only,True,False,A6NF34,Anthrax toxin receptor-like,631
OR52D1,Tier2_SURFY_only,True,False,Q9H346,Olfactory receptor 52D1,318
DPCR1,Tier2_SURFY_only,True,False,Q3MIW9,Diffuse panbronchiolitis critical region protein 1,517
ABCG2,Tier2_SURFY_only,True,False,Q9UNQ0,ATP-binding cassette sub-family G member 2,655
TM9SF4,Tier2_SURFY_only,True,False,Q92544,Transmembrane 9 superfamily member 4,642
SLC5A7,Tier2_SURFY_only,True,False,Q9GZV3,High affinity choline transporter 1,580
SCN2B,Tier2_SURFY_only,True,False,O60939,Sodium channel subunit beta-2,215
ERVMER34-1,Tier2_SURFY_only,True,False,Q9H9K5,Endogenous retrovirus group MER34 member 1 Env polyprotein,563
SLC5A6,Tier2_SURFY_only,True,False,Q9Y289,Sodium-dependent multivitamin transporter,635
CRIM1,Tier2_SURFY_only,True,False,Q9NZV1,Cysteine-rich motor neuron 1 protein,1036
ABCC10,Tier2_SURFY_only,True,False,Q5T3U5,Multidrug resistance-associated protein 7,1492
TPO,Tier2_SURFY_only,True,False,P07202,Thyroid peroxidase,933
GNRHR,Tier2_SURFY_only,True,False,P30968,Gonadotropin-releasing hormone receptor,328
KIAA0922,Tier2_SURFY_only,True,False,A2VDJ0,Transmembrane protein 131-like,1609
TSPAN5,Tier2_SURFY_only,True,False,P62079,Tetraspanin-5,268
PCDHA7,Tier2_SURFY_only,True,False,Q9UN72,Protocadherin alpha-7,937
SLC20A2,Tier2_SURFY_only,True,False,Q08357,Sodium-dependent phosphate transporter 2,652
CEACAM19,Tier2_SURFY_only,True,False,Q7Z692,Carcinoembryonic antigen-related cell adhesion molecule 19,300
GPR128,Tier2_SURFY_only,True,False,Q96K78,Probable G-protein coupled receptor 128,797
SLC22A11,Tier2_SURFY_only,True,False,Q9NSA0,Solute carrier family 22 member 11,550
EPHA5,Tier2_SURFY_only,True,False,P54756,Ephrin type-A receptor 5,1037
SLC24A2,Tier2_SURFY_only,True,False,Q9UI40,Sodium/potassium/calcium exchanger 2,661
PTK7,Tier2_SURFY_only,True,False,Q13308,Inactive tyrosine-protein kinase 7,1070
CSF3R,Tier2_SURFY_only,True,False,Q99062,Granulocyte colony-stimulating factor receptor,836
DPP4,Tier2_SURFY_only,True,False,P27487,Dipeptidyl peptidase 4,766
CLDN2,Tier2_SURFY_only,True,False,P57739,Claudin-2,230
TYRO3,Tier2_SURFY_only,True,False,Q06418,Tyrosine-protein kinase receptor TYRO3,890
SLC2A9,Tier2_SURFY_only,True,False,Q9NRM0,"Solute carrier family 2, facilitated glucose transporter member 9",540
GPR4,Tier2_SURFY_only,True,False,P46093,G-protein coupled receptor 4,362
SIDT1,Tier2_SURFY_only,True,False,Q9NXL6,SID1 transmembrane family member 1,827
OR8U9,Tier2_SURFY_only,True,False,P0C7N5,Olfactory receptor 8U9,309
NMBR,Tier2_SURFY_only,True,False,P28336,Neuromedin-B receptor,390
CD53,Tier2_SURFY_only,True,False,P19397,Leukocyte surface antigen CD53,219
SUSD1,Tier2_SURFY_only,True,False,Q6UWL2,Sushi domain-containing protein 1,747
LHCGR,Tier2_SURFY_only,True,False,P22888,Lutropin-choriogonadotropic hormone receptor,699
OR6C74,Tier2_SURFY_only,True,False,A6NCV1,Olfactory receptor 6C74,312
EGF,Tier2_SURFY_only,True,False,P01133,Pro-epidermal growth factor,1207
EPHA6,Tier2_SURFY_only,True,False,Q9UF33,Ephrin type-A receptor 6,1036
OR7A17,Tier2_SURFY_only,True,False,O14581,Olfactory receptor 7A17,309
OR5H1,Tier2_SURFY_only,True,False,A6NKK0,Olfactory receptor 5H1,313
GPR18,Tier2_SURFY_only,True,False,Q14330,N-arachidonyl glycine receptor,331
GPR83,Tier2_SURFY_only,True,False,Q9NYM4,Probable G-protein coupled receptor 83,423
CD8A,Tier2_SURFY_only,True,False,P01732,T-cell surface glycoprotein CD8 alpha chain,235
NKAIN3,Tier2_SURFY_only,True,False,Q8N8D7,Sodium/potassium-transporting ATPase subunit beta-1-interacting protein 3,197
TSPAN1,Tier2_SURFY_only,True,False,O60635,Tetraspanin-1,241
LY6G6D,Tier2_SURFY_only,True,False,O95868,Lymphocyte antigen 6 complex locus protein G6d,133
HLA-DRB1,Tier2_SURFY_only,True,False,P01911,"HLA class II histocompatibility antigen, DRB1-15 beta chain",266
GRIA3,Tier2_SURFY_only,True,False,P42263,Glutamate receptor 3,894
TMPRSS11E,Tier2_SURFY_only,True,False,Q9UL52,Transmembrane protease serine 11E,423
NTSR2,Tier2_SURFY_only,True,False,O95665,Neurotensin receptor type 2,410
RELT,Tier2_SURFY_only,True,False,Q969Z4,Tumor necrosis factor receptor superfamily member 19L,430
FAT3,Tier2_SURFY_only,True,False,Q8TDW7,Protocadherin Fat 3,4589
ADAM29,Tier2_SURFY_only,True,False,Q9UKF5,Disintegrin and metalloproteinase domain-containing protein 29,820
SLC5A2,Tier2_SURFY_only,True,False,P31639,Sodium/glucose cotransporter 2,672
SERINC2,Tier2_SURFY_only,True,False,Q96SA4,Serine incorporator 2,455
MUC13,Tier2_SURFY_only,True,False,Q9H3R2,Mucin-13,512
OR10A4,Tier2_SURFY_only,True,False,Q9H209,Olfactory receptor 10A4,315
KIR2DL5B,Tier2_SURFY_only,True,False,Q8NHK3,Killer cell immunoglobulin-like receptor 2DL5B,375
CCR9,Tier2_SURFY_only,True,False,P51686,C-C chemokine receptor type 9,369
INSRR,Tier2_SURFY_only,True,False,P14616,Insulin receptor-related protein,1297
PRTG,Tier2_SURFY_only,True,False,Q2VWP7,Protogenin,1150
CD1E,Tier2_SURFY_only,True,False,P15812,"T-cell surface glycoprotein CD1e, membrane-associated",388
PPAP2A,Tier2_SURFY_only,True,False,O14494,Lipid phosphate phosphohydrolase 1,284
MUC21,Tier2_SURFY_only,True,False,Q5SSG8,Mucin-21,566
GRIN3A,Tier2_SURFY_only,True,False,Q8TCU5,"Glutamate receptor ionotropic, NMDA 3A",1115
OR52E4,Tier2_SURFY_only,True,False,Q8NGH9,Olfactory receptor 52E4,312
OR5C1,Tier2_SURFY_only,True,False,Q8NGR4,Olfactory receptor 5C1,320
PCDHAC1,Tier2_SURFY_only,True,False,Q9H158,Protocadherin alpha-C1,963
OR2M7,Tier2_SURFY_only,True,False,Q8NG81,Olfactory receptor 2M7,312
DPP6,Tier2_SURFY_only,True,False,P42658,Dipeptidyl aminopeptidase-like protein 6,865
ICAM2,Tier2_SURFY_only,True,False,P13598,Intercellular adhesion molecule 2,275
CPM,Tier2_SURFY_only,True,False,P14384,Carboxypeptidase M,443
TAS1R3,Tier2_SURFY_only,True,False,Q7RTX0,Taste receptor type 1 member 3,852
TGFBR1,Tier2_SURFY_only,True,False,P36897,TGF-beta receptor type-1,503
EMP3,Tier2_SURFY_only,True,False,P54852,Epithelial membrane protein 3,163
HLA-DRB4,Tier2_SURFY_only,True,False,P13762,"HLA class II histocompatibility antigen, DR beta 4 chain",266
OR2L3,Tier2_SURFY_only,True,False,Q8NG85,Olfactory receptor 2L3,312
DSC1,Tier2_SURFY_only,True,False,Q08554,Desmocollin-1,894
TCTN2,Tier2_SURFY_only,True,False,Q96GX1,Tectonic-2,697
OR10C1,Tier2_SURFY_only,True,False,Q96KK4,Olfactory receptor 10C1,312
ITGB1,Tier2_SURFY_only,True,False,P05556,Integrin beta-1,798
OR6X1,Tier2_SURFY_only,True,False,Q8NH79,Olfactory receptor 6X1,312
PRNP,Tier2_SURFY_only,True,False,P04156,Major prion protein,253
HEPACAM,Tier2_SURFY_only,True,False,Q14CZ8,Hepatocyte cell adhesion molecule,416
GABBR1,Tier2_SURFY_only,True,False,Q9UBS5,Gamma-aminobutyric acid type B receptor subunit 1,961
OR6K2,Tier2_SURFY_only,True,False,Q8NGY2,Olfactory receptor 6K2,324
SPNS2,Tier2_SURFY_only,True,False,Q8IVW8,Protein spinster homolog 2,549
FZD6,Tier2_SURFY_only,True,False,O60353,Frizzled-6,706
THBD,Tier2_SURFY_only,True,False,P07204,Thrombomodulin,575
OR1D2,Tier2_SURFY_only,True,False,P34982,Olfactory receptor 1D2,312
IL1RAPL1,Tier2_SURFY_only,True,False,Q9NZN1,Interleukin-1 receptor accessory protein-like 1,696
EDA2R,Tier2_SURFY_only,True,False,Q9HAV5,Tumor necrosis factor receptor superfamily member 27,297
ATP6V0A2,Tier2_SURFY_only,True,False,Q9Y487,V-type proton ATPase 116 kDa subunit a isoform 2,856
SLC6A9,Tier2_SURFY_only,True,False,P48067,Sodium- and chloride-dependent glycine transporter 1,706
CCKBR,Tier2_SURFY_only,True,False,P32239,Gastrin/cholecystokinin type B receptor,447
TMEM87B,Tier2_SURFY_only,True,False,Q96K49,Transmembrane protein 87B,555
TYR,Tier2_SURFY_only,True,False,P14679,Tyrosinase,529
C14orf37,Tier2_SURFY_only,True,False,Q86TY3,Uncharacterized protein C14orf37,774
BST1,Tier2_SURFY_only,True,False,Q10588,ADP-ribosyl cyclase/cyclic ADP-ribose hydrolase 2,318
DSG1,Tier2_SURFY_only,True,False,Q02413,Desmoglein-1,1049
CD300A,Tier2_SURFY_only,True,False,Q9UGN4,CMRF35-like molecule 8,299
DSCAM,Tier2_SURFY_only,True,False,O60469,Down syndrome cell adhesion molecule,2012
OR9Q1,Tier2_SURFY_only,True,False,Q8NGQ5,Olfactory receptor 9Q1,310
GHSR,Tier2_SURFY_only,True,False,Q92847,Growth hormone secretagogue receptor type 1,366
OR4C46,Tier2_SURFY_only,True,False,A6NHA9,Olfactory receptor 4C46,309
CLRN2,Tier2_SURFY_only,True,False,A0PK11,Clarin-2,232
ICAM1,Tier2_SURFY_only,True,False,P05362,Intercellular adhesion molecule 1,532
GPRC5D,Tier2_SURFY_only,True,False,Q9NZD1,G-protein coupled receptor family C group 5 member D,345
OR52J3,Tier2_SURFY_only,True,False,Q8NH60,Olfactory receptor 52J3,311
PTPRZ1,Tier2_SURFY_only,True,False,P23471,Receptor-type tyrosine-protein phosphatase zeta,2315
OR4D10,Tier2_SURFY_only,True,False,Q8NGI6,Olfactory receptor 4D10,311
GPR3,Tier2_SURFY_only,True,False,P46089,G-protein coupled receptor 3,330
OR4K15,Tier2_SURFY_only,True,False,Q8NH41,Olfactory receptor 4K15,348
TNFRSF19,Tier2_SURFY_only,True,False,Q9NS68,Tumor necrosis factor receptor superfamily member 19,423
SSTR4,Tier2_SURFY_only,True,False,P31391,Somatostatin receptor type 4,388
OR51I2,Tier2_SURFY_only,True,False,Q9H344,Olfactory receptor 51I2,312
HCRTR1,Tier2_SURFY_only,True,False,O43613,Orexin receptor type 1,425
ABCA6,Tier2_SURFY_only,True,False,Q8N139,ATP-binding cassette sub-family A member 6,1617
IL5RA,Tier2_SURFY_only,True,False,Q01344,Interleukin-5 receptor subunit alpha,420
GRIN3B,Tier2_SURFY_only,True,False,O60391,"Glutamate receptor ionotropic, NMDA 3B",1043
CD4,Tier2_SURFY_only,True,False,P01730,T-cell surface glycoprotein CD4,458
KLRC3,Tier2_SURFY_only,True,False,Q07444,NKG2-E type II integral membrane protein,240
CCR3,Tier2_SURFY_only,True,False,P51677,C-C chemokine receptor type 3,355
EPHA8,Tier2_SURFY_only,True,False,P29322,Ephrin type-A receptor 8,1005
OR2G3,Tier2_SURFY_only,True,False,Q8NGZ4,Olfactory receptor 2G3,309
PRSS41,Tier2_SURFY_only,True,False,Q7RTY9,Putative serine protease 41,318
LRRC52,Tier2_SURFY_only,True,False,Q8N7C0,Leucine-rich repeat-containing protein 52,313
GPR126,Tier2_SURFY_only,True,False,Q86SQ4,G-protein coupled receptor 126,1221
TNFRSF10D,Tier2_SURFY_only,True,False,Q9UBN6,Tumor necrosis factor receptor superfamily member 10D,386
CACHD1,Tier2_SURFY_only,True,False,Q5VU97,VWFA and cache domain-containing protein 1,1274
MSLNL,Tier2_SURFY_only,True,False,Q96KJ4,Mesothelin-like protein,702
ANO5,Tier2_SURFY_only,True,False,Q75V66,Anoctamin-5,913
IL15RA,Tier2_SURFY_only,True,False,Q13261,Interleukin-15 receptor subunit alpha,267
OR2B3,Tier2_SURFY_only,True,False,O76000,Putative olfactory receptor 2B3,313
PDCD1LG2,Tier2_SURFY_only,True,False,Q9BQ51,Programmed cell death 1 ligand 2,273
KDR,Tier2_SURFY_only,True,False,P35968,Vascular endothelial growth factor receptor 2,1356
GPR142,Tier2_SURFY_only,True,False,Q7Z601,Probable G-protein coupled receptor 142,462
SORCS2,Tier2_SURFY_only,True,False,Q96PQ0,VPS10 domain-containing receptor SorCS2,1159
SSTR2,Tier2_SURFY_only,True,False,P30874,Somatostatin receptor type 2,369
EFNB1,Tier2_SURFY_only,True,False,P98172,Ephrin-B1,346
SIGIRR,Tier2_SURFY_only,True,False,Q6IA17,Single Ig IL-1-related receptor,410
FCRL5,Tier2_SURFY_only,True,False,Q96RD9,Fc receptor-like protein 5,977
TGFBR3,Tier2_SURFY_only,True,False,Q03167,Transforming growth factor beta receptor type 3,851
IL20RB,Tier2_SURFY_only,True,False,Q6UXL0,Interleukin-20 receptor subunit beta,311
OR4N5,Tier2_SURFY_only,True,False,Q8IXE1,Olfactory receptor 4N5,308
CLDN22,Tier2_SURFY_only,True,False,Q8N7P3,Claudin-22,220
PANX2,Tier2_SURFY_only,True,False,Q96RD6,Pannexin-2,677
SEMA4A,Tier2_SURFY_only,True,False,Q9H3S1,Semaphorin-4A,761
OR6B1,Tier2_SURFY_only,True,False,O95007,Olfactory receptor 6B1,311
PTPRD,Tier2_SURFY_only,True,False,P23468,Receptor-type tyrosine-protein phosphatase delta,1912
HLA-E,Tier2_SURFY_only,True,False,P13747,"HLA class I histocompatibility antigen, alpha chain E",358
VLDLR,Tier2_SURFY_only,True,False,P98155,Very low-density lipoprotein receptor,873
TECTA,Tier2_SURFY_only,True,False,O75443,Alpha-tectorin,2155
FLT3,Tier2_SURFY_only,True,False,P36888,Receptor-type tyrosine-protein kinase FLT3,993
OR6S1,Tier2_SURFY_only,True,False,Q8NH40,Olfactory receptor 6S1,331
PPAP2B,Tier2_SURFY_only,True,False,O14495,Lipid phosphate phosphohydrolase 3,311
OR52W1,Tier2_SURFY_only,True,False,Q6IF63,Olfactory receptor 52W1,320
SCTR,Tier2_SURFY_only,True,False,P47872,Secretin receptor,440
SLC37A2,Tier2_SURFY_only,True,False,Q8TED4,Sugar phosphate exchanger 2,501
C10orf54,Tier2_SURFY_only,True,False,Q9H7M9,Platelet receptor Gi24,311
BTN2A2,Tier2_SURFY_only,True,False,Q8WVV5,Butyrophilin subfamily 2 member A2,523
PCDH18,Tier2_SURFY_only,True,False,Q9HCL0,Protocadherin-18,1135
GABRG1,Tier2_SURFY_only,True,False,Q8N1C3,Gamma-aminobutyric acid receptor subunit gamma-1,465
HTR6,Tier2_SURFY_only,True,False,P50406,5-hydroxytryptamine receptor 6,440
FPR2,Tier2_SURFY_only,True,False,P25090,N-formyl peptide receptor 2,351
LRP2,Tier2_SURFY_only,True,False,P98164,Low-density lipoprotein receptor-related protein 2,4655
BTN1A1,Tier2_SURFY_only,True,False,Q13410,Butyrophilin subfamily 1 member A1,526
TMEM8B,Tier2_SURFY_only,True,False,A6NDV4,Transmembrane protein 8B,472
AQP10,Tier2_SURFY_only,True,False,Q96PS8,Aquaporin-10,301
OR7A10,Tier2_SURFY_only,True,False,O76100,Olfactory receptor 7A10,309
NPY2R,Tier2_SURFY_only,True,False,P49146,Neuropeptide Y receptor type 2,381
SLC26A5,Tier2_SURFY_only,True,False,P58743,Prestin,744
CNR2,Tier2_SURFY_only,True,False,P34972,Cannabinoid receptor 2,360
BTN3A2,Tier2_SURFY_only,True,False,P78410,Butyrophilin subfamily 3 member A2,334
TMPRSS11D,Tier2_SURFY_only,True,False,O60235,Transmembrane protease serine 11D,418
EFNA1,Tier2_SURFY_only,True,False,P20827,Ephrin-A1,205
SLC35A5,Tier2_SURFY_only,True,False,Q9BS91,Probable UDP-sugar transporter protein SLC35A5,424
TPBGL,Tier2_SURFY_only,True,False,P0DKB5,Trophoblast glycoprotein-like,382
MANSC4,Tier2_SURFY_only,True,False,A6NHS7,MANSC domain-containing protein 4,340
PTH2R,Tier2_SURFY_only,True,False,P49190,Parathyroid hormone 2 receptor,550
GP1BB,Tier2_SURFY_only,True,False,P13224,Platelet glycoprotein Ib beta chain,206
SLC6A8,Tier2_SURFY_only,True,False,P48029,Sodium- and chloride-dependent creatine transporter 1,635
CTLA4,Tier2_SURFY_only,True,False,P16410,Cytotoxic T-lymphocyte protein 4,223
ABCA7,Tier2_SURFY_only,True,False,Q8IZY2,ATP-binding cassette sub-family A member 7,2146
SLC6A15,Tier2_SURFY_only,True,False,Q9H2J7,Sodium-dependent neutral amino acid transporter B(0)AT2,730
GPR144,Tier2_SURFY_only,True,False,Q7Z7M1,Probable G-protein coupled receptor 144,963
EGFR,Tier2_SURFY_only,True,False,P00533,Epidermal growth factor receptor,1210
PIEZO2,Tier2_SURFY_only,True,False,Q9H5I5,Piezo-type mechanosensitive ion channel component 2,2752
LSMEM1,Tier2_SURFY_only,True,False,Q8N8F7,Leucine-rich single-pass membrane protein 1,131
PTCHD4,Tier2_SURFY_only,True,False,Q6ZW05,Patched domain-containing protein 4,846
CHRNA4,Tier2_SURFY_only,True,False,P43681,Neuronal acetylcholine receptor subunit alpha-4,627
FGFR1,Tier2_SURFY_only,True,False,P11362,Fibroblast growth factor receptor 1,822
ANO6,Tier2_SURFY_only,True,False,Q4KMQ2,Anoctamin-6,910
FAM26E,Tier2_SURFY_only,True,False,Q8N5C1,Protein FAM26E,309
OR2T7,Tier2_SURFY_only,True,False,P0C7T2,Olfactory receptor 2T7,308
CLEC12A,Tier2_SURFY_only,True,False,Q5QGZ9,C-type lectin domain family 12 member A,265
HLA-DRB3,Tier2_SURFY_only,True,False,P79483,"HLA class II histocompatibility antigen, DR beta 3 chain",266
CORIN,Tier2_SURFY_only,True,False,Q9Y5Q5,Atrial natriuretic peptide-converting enzyme,1042
MFSD8,Tier2_SURFY_only,True,False,Q8NHS3,Major facilitator superfamily domain-containing protein 8,518
ATP1B2,Tier2_SURFY_only,True,False,P14415,Sodium/potassium-transporting ATPase subunit beta-2,290
OR5W2,Tier2_SURFY_only,True,False,Q8NH69,Olfactory receptor 5W2,310
OR6M1,Tier2_SURFY_only,True,False,Q8NGM8,Olfactory receptor 6M1,313
TSHR,Tier2_SURFY_only,True,False,P16473,Thyrotropin receptor,764
LRP5,Tier2_SURFY_only,True,False,O75197,Low-density lipoprotein receptor-related protein 5,1615
BCAN,Tier2_SURFY_only,True,False,Q96GW7,Brevican core protein,911
SLCO2B1,Tier2_SURFY_only,True,False,O94956,Solute carrier organic anion transporter family member 2B1,709
SLC9A3,Tier2_SURFY_only,True,False,P48764,Sodium/hydrogen exchanger 3,834
GPM6B,Tier2_SURFY_only,True,False,Q13491,Neuronal membrane glycoprotein M6-b,265
GPR37,Tier2_SURFY_only,True,False,O15354,Prosaposin receptor GPR37,613
CNTNAP5,Tier2_SURFY_only,True,False,Q8WYK1,Contactin-associated protein-like 5,1306
SLC44A5,Tier2_SURFY_only,True,False,Q8NCS7,Choline transporter-like protein 5,719
OR4K5,Tier2_SURFY_only,True,False,Q8NGD3,Olfactory receptor 4K5,323
ITGB5,Tier2_SURFY_only,True,False,P18084,Integrin beta-5,799
CD1D,Tier2_SURFY_only,True,False,P15813,Antigen-presenting glycoprotein CD1d,335
OR2L13,Tier2_SURFY_only,True,False,Q8N349,Olfactory receptor 2L13,312
JAM2,Tier2_SURFY_only,True,False,P57087,Junctional adhesion molecule B,298
EMB,Tier2_SURFY_only,True,False,Q6PCB8,Embigin,327
RHBDL2,Tier2_SURFY_only,True,False,Q9NX52,Rhomboid-related protein 2,303
HLA-DPB1,Tier2_SURFY_only,True,False,P04440,"HLA class II histocompatibility antigen, DP beta 1 chain",258
GPR182,Tier2_SURFY_only,True,False,O15218,G-protein coupled receptor 182,404
OR2AP1,Tier2_SURFY_only,True,False,Q8NGE2,Olfactory receptor 2AP1,309
BAI2,Tier2_SURFY_only,True,False,O60241,Brain-specific angiogenesis inhibitor 2,1585
MRGPRE,Tier2_SURFY_only,True,False,Q86SM8,Mas-related G-protein coupled receptor member E,312
KITLG,Tier2_SURFY_only,True,False,P21583,Kit ligand,273
CD1A,Tier2_SURFY_only,True,False,P06126,T-cell surface glycoprotein CD1a,327
OR10H4,Tier2_SURFY_only,True,False,Q8NGA5,Olfactory receptor 10H4,316
GRPR,Tier2_SURFY_only,True,False,P30550,Gastrin-releasing peptide receptor,384
TMEM154,Tier2_SURFY_only,True,False,Q6P9G4,Transmembrane protein 154,183
PKD1L1,Tier2_SURFY_only,True,False,Q8TDX9,Polycystic kidney disease protein 1-like 1,2849
OR56A4,Tier2_SURFY_only,True,False,Q8NGH8,Olfactory receptor 56A4,313
SLC11A2,Tier2_SURFY_only,True,False,P49281,Natural resistance-associated macrophage protein 2,568
ATP1B3,Tier2_SURFY_only,True,False,P54709,Sodium/potassium-transporting ATPase subunit beta-3,279
GPC5,Tier2_SURFY_only,True,False,P78333,Glypican-5,572
CEACAM20,Tier2_SURFY_only,True,False,Q6UY09,Carcinoembryonic antigen-related cell adhesion molecule 20,585
OR52E6,Tier2_SURFY_only,True,False,Q96RD3,Olfactory receptor 52E6,313
OR4F3,Tier2_SURFY_only,True,False,Q6IEY1,Olfactory receptor 4F3/4F16/4F29,312
TIGIT,Tier2_SURFY_only,True,False,Q495A1,T-cell immunoreceptor with Ig and ITIM domains,244
OPN5,Tier2_SURFY_only,True,False,Q6U736,Opsin-5,354
RHO,Tier2_SURFY_only,True,False,P08100,Rhodopsin,348
CD160,Tier2_SURFY_only,True,False,O95971,CD160 antigen,181
THY1,Tier2_SURFY_only,True,False,P04216,Thy-1 membrane glycoprotein,161
FCGRT,Tier2_SURFY_only,True,False,P55899,IgG receptor FcRn large subunit p51,365
ROBO2,Tier2_SURFY_only,True,False,Q9HCK4,Roundabout homolog 2,1378
CYBB,Tier2_SURFY_only,True,False,P04839,Cytochrome b-245 heavy chain,570
P2RY2,Tier2_SURFY_only,True,False,P41231,P2Y purinoceptor 2,377
CLEC1B,Tier2_SURFY_only,True,False,Q9P126,C-type lectin domain family 1 member B,229
PTCH1,Tier2_SURFY_only,True,False,Q13635,Protein patched homolog 1,1447
MET,Tier2_SURFY_only,True,False,P08581,Hepatocyte growth factor receptor,1390
P2RY8,Tier2_SURFY_only,True,False,Q86VZ1,P2Y purinoceptor 8,359
TSPAN4,Tier2_SURFY_only,True,False,O14817,Tetraspanin-4,238
MAMDC4,Tier2_SURFY_only,True,False,Q6UXC1,Apical endosomal glycoprotein,1216
GPR174,Tier2_SURFY_only,True,False,Q9BXC1,Probable G-protein coupled receptor 174,333
SLC22A14,Tier2_SURFY_only,True,False,Q9Y267,Solute carrier family 22 member 14,594
CNTN1,Tier2_SURFY_only,True,False,Q12860,Contactin-1,1018
CDH6,Tier2_SURFY_only,True,False,P55285,Cadherin-6,790
TENM3,Tier2_SURFY_only,True,False,Q9P273,Teneurin-3,2699
TRPV2,Tier2_SURFY_only,True,False,Q9Y5S1,Transient receptor potential cation channel subfamily V member 2,764
OR4K14,Tier2_SURFY_only,True,False,Q8NGD5,Olfactory receptor 4K14,310
CDHR1,Tier2_SURFY_only,True,False,Q96JP9,Cadherin-related family member 1,859
GRM6,Tier2_SURFY_only,True,False,O15303,Metabotropic glutamate receptor 6,877
CDH4,Tier2_SURFY_only,True,False,P55283,Cadherin-4,916
DCT,Tier2_SURFY_only,True,False,P40126,L-dopachrome tautomerase,519
PLAUR,Tier2_SURFY_only,True,False,Q03405,Urokinase plasminogen activator surface receptor,335
NETO1,Tier2_SURFY_only,True,False,Q8TDF5,Neuropilin and tolloid-like protein 1,533
TMX3,Tier2_SURFY_only,True,False,Q96JJ7,Protein disulfide-isomerase TMX3,454
NAGLT1,Tier2_SURFY_only,True,False,Q5TF39,Sodium-dependent glucose transporter 1,518
PCDHGA9,Tier2_SURFY_only,True,False,Q9Y5G4,Protocadherin gamma-A9,932
ABCC12,Tier2_SURFY_only,True,False,Q96J65,Multidrug resistance-associated protein 9,1359
UPK3A,Tier2_SURFY_only,True,False,O75631,Uroplakin-3a,287
GML,Tier2_SURFY_only,True,False,Q99445,Glycosyl-phosphatidylinositol-anchored molecule-like protein,158
SLC4A4,Tier2_SURFY_only,True,False,Q9Y6R1,Electrogenic sodium bicarbonate cotransporter 1,1079
SLC39A2,Tier2_SURFY_only,True,False,Q9NP94,Zinc transporter ZIP2,309
CD164,Tier2_SURFY_only,True,False,Q04900,Sialomucin core protein 24,197
MRC1,Tier2_SURFY_only,True,False,P22897,Macrophage mannose receptor 1,1456
LRRC37A3,Tier2_SURFY_only,True,False,O60309,Leucine-rich repeat-containing protein 37A3,1634
ASIC5,Tier2_SURFY_only,True,False,Q9NY37,Acid-sensing ion channel 5,505
OR9G4,Tier2_SURFY_only,True,False,Q8NGQ1,Olfactory receptor 9G4,327
OR1J1,Tier2_SURFY_only,True,False,Q8NGS3,Olfactory receptor 1J1,322
C3orf80,Tier2_SURFY_only,True,False,F5H4A9,Uncharacterized membrane protein C3orf80,247
BAI3,Tier2_SURFY_only,True,False,O60242,Brain-specific angiogenesis inhibitor 3,1522
OR12D2,Tier2_SURFY_only,True,False,P58182,Olfactory receptor 12D2,307
IZUMO3,Tier2_SURFY_only,True,False,Q5VZ72,Izumo sperm-egg fusion protein 3,239
SLC5A1,Tier2_SURFY_only,True,False,P13866,Sodium/glucose cotransporter 1,664
PTPRN,Tier2_SURFY_only,True,False,Q16849,Receptor-type tyrosine-protein phosphatase-like N,979
GPC4,Tier2_SURFY_only,True,False,O75487,Glypican-4,556
SLC22A8,Tier2_SURFY_only,True,False,Q8TCC7,Solute carrier family 22 member 8,542
NCAM1,Tier2_SURFY_only,True,False,P13591,Neural cell adhesion molecule 1,858
NTRK2,Tier2_SURFY_only,True,False,Q16620,BDNF/NT-3 growth factors receptor,822
GYPA,Tier2_SURFY_only,True,False,P02724,Glycophorin-A,150
OR13H1,Tier2_SURFY_only,True,False,Q8NG92,Olfactory receptor 13H1,308
BTNL9,Tier2_SURFY_only,True,False,Q6UXG8,Butyrophilin-like protein 9,535
OR8A1,Tier2_SURFY_only,True,False,Q8NGG7,Olfactory receptor 8A1,326
OR1J4,Tier2_SURFY_only,True,False,Q8NGS1,Olfactory receptor 1J4,313
CALHM2,Tier2_SURFY_only,True,False,Q9HA72,Calcium homeostasis modulator protein 2,323
MYADM,Tier2_SURFY_only,True,False,Q96S97,Myeloid-associated differentiation marker,322
S1PR4,Tier2_SURFY_only,True,False,O95977,Sphingosine 1-phosphate receptor 4,384
PCDHAC2,Tier2_SURFY_only,True,False,Q9Y5I4,Protocadherin alpha-C2,1007
TAS2R4,Tier2_SURFY_only,True,False,Q9NYW5,Taste receptor type 2 member 4,299
CLDN3,Tier2_SURFY_only,True,False,O15551,Claudin-3,220
FAS,Tier2_SURFY_only,True,False,P25445,Tumor necrosis factor receptor superfamily member 6,335
GPR85,Tier2_SURFY_only,True,False,P60893,Probable G-protein coupled receptor 85,370
OPCML,Tier2_SURFY_only,True,False,Q14982,Opioid-binding protein/cell adhesion molecule,345
GJB3,Tier2_SURFY_only,True,False,O75712,Gap junction beta-3 protein,270
CDH18,Tier2_SURFY_only,True,False,Q13634,Cadherin-18,790
UNC5A,Tier2_SURFY_only,True,False,Q6ZN44,Netrin receptor UNC5A,842
OR2M5,Tier2_SURFY_only,True,False,A3KFT3,Olfactory receptor 2M5,312
OR5AS1,Tier2_SURFY_only,True,False,Q8N127,Olfactory receptor 5AS1,324
GPR17,Tier2_SURFY_only,True,False,Q13304,Uracil nucleotide/cysteinyl leukotriene receptor,367
SIGLEC8,Tier2_SURFY_only,True,False,Q9NYZ4,Sialic acid-binding Ig-like lectin 8,499
SUSD5,Tier2_SURFY_only,True,False,O60279,Sushi domain-containing protein 5,629
LRRC3B,Tier2_SURFY_only,True,False,Q96PB8,Leucine-rich repeat-containing protein 3B,259
IL12RB1,Tier2_SURFY_only,True,False,P42701,Interleukin-12 receptor subunit beta-1,662
HLA-DOA,Tier2_SURFY_only,True,False,P06340,"HLA class II histocompatibility antigen, DO alpha chain",250
CNTNAP3,Tier2_SURFY_only,True,False,Q9BZ76,Contactin-associated protein-like 3,1288
ANO1,Tier2_SURFY_only,True,False,Q5XXA6,Anoctamin-1,986
EPHB4,Tier2_SURFY_only,True,False,P54760,Ephrin type-B receptor 4,987
EMR2,Tier2_SURFY_only,True,False,Q9UHX3,EGF-like module-containing mucin-like hormone receptor-like 2,823
ISLR2,Tier2_SURFY_only,True,False,Q6UXK2,Immunoglobulin superfamily containing leucine-rich repeat protein 2,745
OR2W3,Tier2_SURFY_only,True,False,Q7Z3T1,Olfactory receptor 2W3,314
NTRK1,Tier2_SURFY_only,True,False,P04629,High affinity nerve growth factor receptor,796
KLRK1,Tier2_SURFY_only,True,False,P26718,NKG2-D type II integral membrane protein,216
CD244,Tier2_SURFY_only,True,False,Q9BZW8,Natural killer cell receptor 2B4,370
OXTR,Tier2_SURFY_only,True,False,P30559,Oxytocin receptor,389
OR10X1,Tier2_SURFY_only,True,False,Q8NGY0,Olfactory receptor 10X1,326
SLC41A1,Tier2_SURFY_only,True,False,Q8IVJ1,Solute carrier family 41 member 1,513
SLAMF7,Tier2_SURFY_only,True,False,Q9NQ25,SLAM family member 7,335
OR2F1,Tier2_SURFY_only,True,False,Q13607,Olfactory receptor 2F1,317
ADAM18,Tier2_SURFY_only,True,False,Q9Y3Q7,Disintegrin and metalloproteinase domain-containing protein 18,739
CD48,Tier2_SURFY_only,True,False,P09326,CD48 antigen,243
LILRA1,Tier2_SURFY_only,True,False,O75019,Leukocyte immunoglobulin-like receptor subfamily A member 1,489
CACNG1,Tier2_SURFY_only,True,False,Q06432,Voltage-dependent calcium channel gamma-1 subunit,222
SLC12A5,Tier2_SURFY_only,True,False,Q9H2X9,Solute carrier family 12 member 5,1139
GPRC6A,Tier2_SURFY_only,True,False,Q5T6X5,G-protein coupled receptor family C group 6 member A,926
CADM4,Tier2_SURFY_only,True,False,Q8NFZ8,Cell adhesion molecule 4,388
LYSMD3,Tier2_SURFY_only,True,False,Q7Z3D4,LysM and putative peptidoglycan-binding domain-containing protein 3,306
SIGLECL1,Tier2_SURFY_only,True,False,Q8N7X8,SIGLEC family-like protein 1,197
PLXNA1,Tier2_SURFY_only,True,False,Q9UIW2,Plexin-A1,1896
FAIM2,Tier2_SURFY_only,True,False,Q9BWQ8,Protein lifeguard 2,316
GPR101,Tier2_SURFY_only,True,False,Q96P66,Probable G-protein coupled receptor 101,508
CLDN18,Tier2_SURFY_only,True,False,P56856,Claudin-18,261
SLC7A9,Tier2_SURFY_only,True,False,P82251,"b(0,+)-type amino acid transporter 1",487
PLA2R1,Tier2_SURFY_only,True,False,Q13018,Secretory phospholipase A2 receptor,1463
ITGA3,Tier2_SURFY_only,True,False,P26006,Integrin alpha-3,1051
EPHA2,Tier2_SURFY_only,True,False,P29317,Ephrin type-A receptor 2,976
PCDHA11,Tier2_SURFY_only,True,False,Q9Y5I1,Protocadherin alpha-11,949
CD300C,Tier2_SURFY_only,True,False,Q08708,CMRF35-like molecule 6,224
GPR114,Tier2_SURFY_only,True,False,Q8IZF4,Probable G-protein coupled receptor 114,528
IL31RA,Tier2_SURFY_only,True,False,Q8NI17,Interleukin-31 receptor subunit alpha,732
F11R,Tier2_SURFY_only,True,False,Q9Y624,Junctional adhesion molecule A,299
CD274,Tier2_SURFY_only,True,False,Q9NZQ7,Programmed cell death 1 ligand 1,290
GABRQ,Tier2_SURFY_only,True,False,Q9UN88,Gamma-aminobutyric acid receptor subunit theta,632
KIAA1644,Tier2_SURFY_only,True,False,Q3SXP7,Uncharacterized protein KIAA1644,199
NFAM1,Tier2_SURFY_only,True,False,Q8NET5,NFAT activation molecule 1,270
GP2,Tier2_SURFY_only,True,False,P55259,Pancreatic secretory granule membrane major glycoprotein GP2,537
UTS2R,Tier2_SURFY_only,True,False,Q9UKP6,Urotensin-2 receptor,389
KLRC2,Tier2_SURFY_only,True,False,P26717,NKG2-C type II integral membrane protein,231
ITGA1,Tier2_SURFY_only,True,False,P56199,Integrin alpha-1,1179
CD151,Tier2_SURFY_only,True,False,P48509,CD151 antigen,253
CDHR5,Tier2_SURFY_only,True,False,Q9HBB8,Cadherin-related family member 5,845
CD177,Tier2_SURFY_only,True,False,Q8N6Q3,CD177 antigen,437
GABRR2,Tier2_SURFY_only,True,False,P28476,Gamma-aminobutyric acid receptor subunit rho-2,465
CDH3,Tier2_SURFY_only,True,False,P22223,Cadherin-3,829
OR2W1,Tier2_SURFY_only,True,False,Q9Y3N9,Olfactory receptor 2W1,320
OR52N5,Tier2_SURFY_only,True,False,Q8NH56,Olfactory receptor 52N5,324
CHRNA2,Tier2_SURFY_only,True,False,Q15822,Neuronal acetylcholine receptor subunit alpha-2,529
GPR156,Tier2_SURFY_only,True,False,Q8NFN8,Probable G-protein coupled receptor 156,814
TEK,Tier2_SURFY_only,True,False,Q02763,Angiopoietin-1 receptor,1124
GJB5,Tier2_SURFY_only,True,False,O95377,Gap junction beta-5 protein,273
SLC36A4,Tier2_SURFY_only,True,False,Q6YBV0,Proton-coupled amino acid transporter 4,504
DLL3,Tier2_SURFY_only,True,False,Q9NYJ7,Delta-like protein 3,618
OR51G2,Tier2_SURFY_only,True,False,Q8NGK0,Olfactory receptor 51G2,314
OR8I2,Tier2_SURFY_only,True,False,Q8N0Y5,Olfactory receptor 8I2,310
LPPR1,Tier2_SURFY_only,True,False,Q8TBJ4,Lipid phosphate phosphatase-related protein type 1,325
CHRNA9,Tier2_SURFY_only,True,False,Q9UGM1,Neuronal acetylcholine receptor subunit alpha-9,479
OR4A8P,Tier2_SURFY_only,True,False,P0C604,Putative olfactory receptor 4A8,315
FCAMR,Tier2_SURFY_only,True,False,Q8WWV6,High affinity immunoglobulin alpha and immunoglobulin mu Fc receptor,532
OR5AC2,Tier2_SURFY_only,True,False,Q9NZP5,Olfactory receptor 5AC2,309
ALK,Tier2_SURFY_only,True,False,Q9UM73,ALK tyrosine kinase receptor,1620
GP1BA,Tier2_SURFY_only,True,False,P07359,Platelet glycoprotein Ib alpha chain,652
ESYT3,Tier2_SURFY_only,True,False,A0FGR9,Extended synaptotagmin-3,886
PKDREJ,Tier2_SURFY_only,True,False,Q9NTG1,Polycystic kidney disease and receptor for egg jelly-related protein,2253
SLC5A9,Tier2_SURFY_only,True,False,Q2M3M2,Sodium/glucose cotransporter 4,681
SLC7A10,Tier2_SURFY_only,True,False,Q9NS82,Asc-type amino acid transporter 1,523
LILRA6,Tier2_SURFY_only,True,False,Q6PI73,Leukocyte immunoglobulin-like receptor subfamily A member 6,481
CD276,Tier2_SURFY_only,True,False,Q5ZPR3,CD276 antigen,534
TNFRSF8,Tier2_SURFY_only,True,False,P28908,Tumor necrosis factor receptor superfamily member 8,595
ERVFRD-1,Tier2_SURFY_only,True,False,P60508,Syncytin-2,538
OR5K4,Tier2_SURFY_only,True,False,A6NMS3,Olfactory receptor 5K4,321
TGOLN2,Tier2_SURFY_only,True,False,O43493,Trans-Golgi network integral membrane protein 2,480
GPR19,Tier2_SURFY_only,True,False,Q15760,Probable G-protein coupled receptor 19,415
ADAM33,Tier2_SURFY_only,True,False,Q9BZ11,Disintegrin and metalloproteinase domain-containing protein 33,813
VNN3,Tier2_SURFY_only,True,False,Q9NY84,Vascular non-inflammatory molecule 3,501
OR2V1,Tier2_SURFY_only,True,False,Q8NHB1,Olfactory receptor 2V1,315
UBAC2,Tier2_SURFY_only,True,False,Q8NBM4,Ubiquitin-associated domain-containing protein 2,344
ERBB3,Tier2_SURFY_only,True,False,P21860,Receptor tyrosine-protein kinase erbB-3,1342
NPTN,Tier2_SURFY_only,True,False,Q9Y639,Neuroplastin,398
FCGR2B,Tier2_SURFY_only,True,False,P31994,Low affinity immunoglobulin gamma Fc region receptor II-b,310
PCDH17,Tier2_SURFY_only,True,False,O14917,Protocadherin-17,1159
OR5T3,Tier2_SURFY_only,True,False,Q8NGG3,Olfactory receptor 5T3,340
SLC41A2,Tier2_SURFY_only,True,False,Q96JW4,Solute carrier family 41 member 2,573
CLEC17A,Tier2_SURFY_only,True,False,Q6ZS10,"C-type lectin domain family 17, member A",378
OR2I1P,Tier2_SURFY_only,True,False,Q8NGU4,Putative olfactory receptor 2I1,316
SLC7A14,Tier2_SURFY_only,True,False,Q8TBB6,Probable cationic amino acid transporter,771
SLC6A18,Tier2_SURFY_only,True,False,Q96N87,Sodium-dependent neutral amino acid transporter B(0)AT3,628
ALCAM,Tier2_SURFY_only,True,False,Q13740,CD166 antigen,583
APP,Tier2_SURFY_only,True,False,P05067,Amyloid beta A4 protein,770
KIAA0319,Tier2_SURFY_only,True,False,Q5VV43,Dyslexia-associated protein KIAA0319,1072
HLA-DQB2,Tier2_SURFY_only,True,False,P05538,"HLA class II histocompatibility antigen, DQ beta 2 chain",268
NIPAL3,Tier2_SURFY_only,True,False,Q6P499,NIPA-like protein 3,406
FAT2,Tier2_SURFY_only,True,False,Q9NYQ8,Protocadherin Fat 2,4349
GJD2,Tier2_SURFY_only,True,False,Q9UKL4,Gap junction delta-2 protein,321
IFNAR1,Tier2_SURFY_only,True,False,P17181,Interferon alpha/beta receptor 1,557
SLC1A5,Tier2_SURFY_only,True,False,Q15758,Neutral amino acid transporter B(0),541
OR6Q1,Tier2_SURFY_only,True,False,Q8NGQ2,Olfactory receptor 6Q1,317
MS4A15,Tier2_SURFY_only,True,False,Q8N5U1,Membrane-spanning 4-domains subfamily A member 15,240
CLEC7A,Tier2_SURFY_only,True,False,Q9BXN2,C-type lectin domain family 7 member A,247
ELFN2,Tier2_SURFY_only,True,False,Q5R3F8,Protein phosphatase 1 regulatory subunit 29,820
P2RY14,Tier2_SURFY_only,True,False,Q15391,P2Y purinoceptor 14,338
GPR50,Tier2_SURFY_only,True,False,Q13585,Melatonin-related receptor,617
SLC6A5,Tier2_SURFY_only,True,False,Q9Y345,Sodium- and chloride-dependent glycine transporter 2,797
ANKH,Tier2_SURFY_only,True,False,Q9HCJ1,Progressive ankylosis protein homolog,492
GPRC5B,Tier2_SURFY_only,True,False,Q9NZH0,G-protein coupled receptor family C group 5 member B,403
OR2H1,Tier2_SURFY_only,True,False,Q9GZK4,Olfactory receptor 2H1,316
MICA,Tier2_SURFY_only,True,False,Q29983,MHC class I polypeptide-related sequence A,383
TSPAN7,Tier2_SURFY_only,True,False,P41732,Tetraspanin-7,249
OR52P1P,Tier2_SURFY_only,True,False,Q8NH57,Putative olfactory receptor 52P1,321
LPAR3,Tier2_SURFY_only,True,False,Q9UBY5,Lysophosphatidic acid receptor 3,353
FCRL6,Tier2_SURFY_only,True,False,Q6DN72,Fc receptor-like protein 6,434
CEACAM7,Tier2_SURFY_only,True,False,Q14002,Carcinoembryonic antigen-related cell adhesion molecule 7,265
IL20RA,Tier2_SURFY_only,True,False,Q9UHF4,Interleukin-20 receptor subunit alpha,553
ADAM17,Tier2_SURFY_only,True,False,P78536,Disintegrin and metalloproteinase domain-containing protein 17,824
VN1R4,Tier2_SURFY_only,True,False,Q7Z5H5,Vomeronasal type-1 receptor 4,301
DSG4,Tier2_SURFY_only,True,False,Q86SJ6,Desmoglein-4,1040
CA12,Tier2_SURFY_only,True,False,O43570,Carbonic anhydrase 12,354
VCAM1,Tier2_SURFY_only,True,False,P19320,Vascular cell adhesion protein 1,739
CDH24,Tier2_SURFY_only,True,False,Q86UP0,Cadherin-24,819
SDC2,Tier2_SURFY_only,True,False,P34741,Syndecan-2,201
SLC39A10,Tier2_SURFY_only,True,False,Q9ULF5,Zinc transporter ZIP10,831
OSMR,Tier2_SURFY_only,True,False,Q99650,Oncostatin-M-specific receptor subunit beta,979
MPZL2,Tier2_SURFY_only,True,False,O60487,Myelin protein zero-like protein 2,215
OR1J2,Tier2_SURFY_only,True,False,Q8NGS2,Olfactory receptor 1J2,313
HTR3B,Tier2_SURFY_only,True,False,O95264,5-hydroxytryptamine receptor 3B,441
OR10J4,Tier2_SURFY_only,True,False,P0C629,Olfactory receptor 10J4,311
OR11L1,Tier2_SURFY_only,True,False,Q8NGX0,Olfactory receptor 11L1,322
FGFRL1,Tier2_SURFY_only,True,False,Q8N441,Fibroblast growth factor receptor-like 1,504
TMEM178A,Tier2_SURFY_only,True,False,Q8NBL3,Transmembrane protein 178A,297
BEST4,Tier2_SURFY_only,True,False,Q8NFU0,Bestrophin-4,473
PLXNB3,Tier2_SURFY_only,True,False,Q9ULL4,Plexin-B3,1909
CHRNB1,Tier2_SURFY_only,True,False,P11230,Acetylcholine receptor subunit beta,501
OR10W1,Tier2_SURFY_only,True,False,Q8NGF6,Olfactory receptor 10W1,305
OR2G2,Tier2_SURFY_only,True,False,Q8NGZ5,Olfactory receptor 2G2,317
SLC1A4,Tier2_SURFY_only,True,False,P43007,Neutral amino acid transporter A,532
CD34,Tier2_SURFY_only,True,False,P28906,Hematopoietic progenitor cell antigen CD34,385
CLDN15,Tier2_SURFY_only,True,False,P56746,Claudin-15,228
DRD5,Tier2_SURFY_only,True,False,P21918,D(1B) dopamine receptor,477
GPR143,Tier2_SURFY_only,True,False,P51810,G-protein coupled receptor 143,404
LPAR4,Tier2_SURFY_only,True,False,Q99677,Lysophosphatidic acid receptor 4,370
VSIG8,Tier2_SURFY_only,True,False,Q5VU13,V-set and immunoglobulin domain-containing protein 8,414
OR2M3,Tier2_SURFY_only,True,False,Q8NG83,Olfactory receptor 2M3,312
FKRP,Tier2_SURFY_only,True,False,Q9H9S5,Fukutin-related protein,495
LMAN2,Tier2_SURFY_only,True,False,Q12907,Vesicular integral-membrane protein VIP36,356
PSCA,Tier2_SURFY_only,True,False,O43653,Prostate stem cell antigen,123
ERVK-25,Tier2_SURFY_only,True,False,P61570,Endogenous retrovirus group K member 25 Env polyprotein,661
P2RX6,Tier2_SURFY_only,True,False,O15547,P2X purinoceptor 6,441
P2RX1,Tier2_SURFY_only,True,False,P51575,P2X purinoceptor 1,399
CX3CL1,Tier2_SURFY_only,True,False,P78423,Fractalkine,397
CCR4,Tier2_SURFY_only,True,False,P51679,C-C chemokine receptor type 4,360
LRRC15,Tier2_SURFY_only,True,False,Q8TF66,Leucine-rich repeat-containing protein 15,581
CD44,Tier2_SURFY_only,True,False,P16070,CD44 antigen,742
P2RX7,Tier2_SURFY_only,True,False,Q99572,P2X purinoceptor 7,595
HTR1E,Tier2_SURFY_only,True,False,P28566,5-hydroxytryptamine receptor 1E,365
GPR113,Tier2_SURFY_only,True,False,Q8IZF5,Probable G-protein coupled receptor 113,1079
CXCR4,Tier2_SURFY_only,True,False,P61073,C-X-C chemokine receptor type 4,352
IGSF3,Tier2_SURFY_only,True,False,O75054,Immunoglobulin superfamily member 3,1194
IGF2R,Tier2_SURFY_only,True,False,P11717,Cation-independent mannose-6-phosphate receptor,2491
OR6C6,Tier2_SURFY_only,True,False,A6NF89,Olfactory receptor 6C6,314
KCNMB2,Tier2_SURFY_only,True,False,Q9Y691,Calcium-activated potassium channel subunit beta-2,235
TAS2R30,Tier2_SURFY_only,True,False,P59541,Taste receptor type 2 member 30,319
VN1R2,Tier2_SURFY_only,True,False,Q8NFZ6,Vomeronasal type-1 receptor 2,395
GPR84,Tier2_SURFY_only,True,False,Q9NQS5,G-protein coupled receptor 84,396
CLDN1,Tier2_SURFY_only,True,False,O95832,Claudin-1,211
S1PR1,Tier2_SURFY_only,True,False,P21453,Sphingosine 1-phosphate receptor 1,382
GALR1,Tier2_SURFY_only,True,False,P47211,Galanin receptor type 1,349
OR2A25,Tier2_SURFY_only,True,False,A4D2G3,Olfactory receptor 2A25,310
OR8D4,Tier2_SURFY_only,True,False,Q8NGM9,Olfactory receptor 8D4,314
LRRN1,Tier2_SURFY_only,True,False,Q6UXK5,Leucine-rich repeat neuronal protein 1,716
ITGA8,Tier2_SURFY_only,True,False,P53708,Integrin alpha-8,1063
ADAM28,Tier2_SURFY_only,True,False,Q9UKQ2,Disintegrin and metalloproteinase domain-containing protein 28,775
OR2AE1,Tier2_SURFY_only,True,False,Q8NHA4,Olfactory receptor 2AE1,323
CRLF2,Tier2_SURFY_only,True,False,Q9HC73,Cytokine receptor-like factor 2,371
HTR1B,Tier2_SURFY_only,True,False,P28222,5-hydroxytryptamine receptor 1B,390
RTN4R,Tier2_SURFY_only,True,False,Q9BZR6,Reticulon-4 receptor,473
PCDH12,Tier2_SURFY_only,True,False,Q9NPG4,Protocadherin-12,1184
ITGA11,Tier2_SURFY_only,True,False,Q9UKX5,Integrin alpha-11,1188
CATSPERD,Tier2_SURFY_only,True,False,Q86XM0,Cation channel sperm-associated protein subunit delta,798
TAAR9,Tier2_SURFY_only,True,False,Q96RI9,Trace amine-associated receptor 9,348
MEP1A,Tier2_SURFY_only,True,False,Q16819,Meprin A subunit alpha,746
OR2K2,Tier2_SURFY_only,True,False,Q8NGT1,Olfactory receptor 2K2,345
GALR3,Tier2_SURFY_only,True,False,O60755,Galanin receptor type 3,368
CD93,Tier2_SURFY_only,True,False,Q9NPY3,Complement component C1q receptor,652
HAVCR1,Tier2_SURFY_only,True,False,Q96D42,Hepatitis A virus cellular receptor 1,359
OR56B1,Tier2_SURFY_only,True,False,Q8NGI3,Olfactory receptor 56B1,324
KIAA0247,Tier2_SURFY_only,True,False,Q92537,Uncharacterized protein KIAA0247,303
TMEM63B,Tier2_SURFY_only,True,False,Q5T3F8,CSC1-like protein 2,832
OR4M2,Tier2_SURFY_only,True,False,Q8NGB6,Olfactory receptor 4M2,313
OR52I2,Tier2_SURFY_only,True,False,Q8NH67,Olfactory receptor 52I2,350
MALRD1,Tier2_SURFY_only,True,False,Q5VYJ5,MAM and LDL-receptor class A domain-containing protein 1,1473
ITGB2,Tier2_SURFY_only,True,False,P05107,Integrin beta-2,769
HCAR2,Tier2_SURFY_only,True,False,Q8TDS4,Hydroxycarboxylic acid receptor 2,363
SIGLEC6,Tier2_SURFY_only,True,False,O43699,Sialic acid-binding Ig-like lectin 6,453
MDGA2,Tier2_SURFY_only,True,False,Q7Z553,MAM domain-containing glycosylphosphatidylinositol anchor protein 2,956
G6B,Tier2_SURFY_only,True,False,O95866,Protein G6b,241
TMPRSS6,Tier2_SURFY_only,True,False,Q8IU80,Transmembrane protease serine 6,811
RPRM,Tier2_SURFY_only,True,False,Q9NS64,Protein reprimo,109
F2RL1,Tier2_SURFY_only,True,False,P55085,Proteinase-activated receptor 2,397
PSEN1,Tier2_SURFY_only,True,False,P49768,Presenilin-1,467
TMEM106B,Tier2_SURFY_only,True,False,Q9NUM4,Transmembrane protein 106B,274
IL3RA,Tier2_SURFY_only,True,False,P26951,Interleukin-3 receptor subunit alpha,378
TAS2R9,Tier2_SURFY_only,True,False,Q9NYW1,Taste receptor type 2 member 9,312
OR11H4,Tier2_SURFY_only,True,False,Q8NGC9,Olfactory receptor 11H4,324
LRRN3,Tier2_SURFY_only,True,False,Q9H3W5,Leucine-rich repeat neuronal protein 3,708
LY6H,Tier2_SURFY_only,True,False,O94772,Lymphocyte antigen 6H,140
TREH,Tier2_SURFY_only,True,False,O43280,Trehalase,583
OR8B8,Tier2_SURFY_only,True,False,Q15620,Olfactory receptor 8B8,311
GPR110,Tier2_SURFY_only,True,False,Q5T601,Probable G-protein coupled receptor 110,910
GJA1,Tier2_SURFY_only,True,False,P17302,Gap junction alpha-1 protein,382
TGFA,Tier2_SURFY_only,True,False,P01135,Protransforming growth factor alpha,160
GPR112,Tier2_SURFY_only,True,False,Q8IZF6,Probable G-protein coupled receptor 112,3080
NFASC,Tier2_SURFY_only,True,False,O94856,Neurofascin,1347
SEMA4D,Tier2_SURFY_only,True,False,Q92854,Semaphorin-4D,862
TPRA1,Tier2_SURFY_only,True,False,Q86W33,Transmembrane protein adipocyte-associated 1,373
OR6N1,Tier2_SURFY_only,True,False,Q8NGY5,Olfactory receptor 6N1,312
MYADML2,Tier2_SURFY_only,True,False,A6NDP7,Myeloid-associated differentiation marker-like protein 2,307
SLC24A3,Tier2_SURFY_only,True,False,Q9HC58,Sodium/potassium/calcium exchanger 3,644
UMODL1,Tier2_SURFY_only,True,False,Q5DID0,Uromodulin-like 1,1318
ATP13A5,Tier2_SURFY_only,True,False,Q4VNC0,Probable cation-transporting ATPase 13A5,1218
LY6G6C,Tier2_SURFY_only,True,False,O95867,Lymphocyte antigen 6 complex locus protein G6c,125
GPR116,Tier2_SURFY_only,True,False,Q8IZF2,Probable G-protein coupled receptor 116,1346
ADAM32,Tier2_SURFY_only,True,False,Q8TC27,Disintegrin and metalloproteinase domain-containing protein 32,787
NOX4,Tier2_SURFY_only,True,False,Q9NPH5,NADPH oxidase 4,578
CCR8,Tier2_SURFY_only,True,False,P51685,C-C chemokine receptor type 8,355
KCT2,Tier2_SURFY_only,True,False,Q8NC54,Keratinocyte-associated transmembrane protein 2,265
CXCR3,Tier2_SURFY_only,True,False,P49682,C-X-C chemokine receptor type 3,368
DSCAML1,Tier2_SURFY_only,True,False,Q8TD84,Down syndrome cell adhesion molecule-like protein 1,2053
PCDHA3,Tier2_SURFY_only,True,False,Q9Y5H8,Protocadherin alpha-3,950
LRP12,Tier2_SURFY_only,True,False,Q9Y561,Low-density lipoprotein receptor-related protein 12,859
OR13C8,Tier2_SURFY_only,True,False,Q8NGS7,Olfactory receptor 13C8,320
PCDHGA8,Tier2_SURFY_only,True,False,Q9Y5G5,Protocadherin gamma-A8,932
GRIA4,Tier2_SURFY_only,True,False,P48058,Glutamate receptor 4,902
OR51S1,Tier2_SURFY_only,True,False,Q8NGJ8,Olfactory receptor 51S1,323
NPY5R,Tier2_SURFY_only,True,False,Q15761,Neuropeptide Y receptor type 5,445
SUSD2,Tier2_SURFY_only,True,False,Q9UGT4,Sushi domain-containing protein 2,822
CACNG5,Tier2_SURFY_only,True,False,Q9UF02,Voltage-dependent calcium channel gamma-5 subunit,275
OR3A3,Tier2_SURFY_only,True,False,P47888,Olfactory receptor 3A3,321
SLC41A3,Tier2_SURFY_only,True,False,Q96GZ6,Solute carrier family 41 member 3,507
NPC1L1,Tier2_SURFY_only,True,False,Q9UHC9,Niemann-Pick C1-like protein 1,1359
ANTXR1,Tier2_SURFY_only,True,False,Q9H6X2,Anthrax toxin receptor 1,564
SLC38A2,Tier2_SURFY_only,True,False,Q96QD8,Sodium-coupled neutral amino acid transporter 2,506
TM4SF5,Tier2_SURFY_only,True,False,O14894,Transmembrane 4 L6 family member 5,197
PI16,Tier2_SURFY_only,True,False,Q6UXB8,Peptidase inhibitor 16,463
CRHR2,Tier2_SURFY_only,True,False,Q13324,Corticotropin-releasing factor receptor 2,411
SCARB2,Tier2_SURFY_only,True,False,Q14108,Lysosome membrane protein 2,478
GRIK4,Tier2_SURFY_only,True,False,Q16099,"Glutamate receptor ionotropic, kainate 4",956
MDGA1,Tier2_SURFY_only,True,False,Q8NFP4,MAM domain-containing glycosylphosphatidylinositol anchor protein 1,955
SLC2A11,Tier2_SURFY_only,True,False,Q9BYW1,"Solute carrier family 2, facilitated glucose transporter member 11",496
SIDT2,Tier2_SURFY_only,True,False,Q8NBJ9,SID1 transmembrane family member 2,832
MPZL3,Tier2_SURFY_only,True,False,Q6UWV2,Myelin protein zero-like protein 3,235
OR10H2,Tier2_SURFY_only,True,False,O60403,Olfactory receptor 10H2,315
SLC10A3,Tier2_SURFY_only,True,False,P09131,P3 protein,477
IL9R,Tier2_SURFY_only,True,False,Q01113,Interleukin-9 receptor,521
SLC6A3,Tier2_SURFY_only,True,False,Q01959,Sodium-dependent dopamine transporter,620
PTPRA,Tier2_SURFY_only,True,False,P18433,Receptor-type tyrosine-protein phosphatase alpha,802
TNFRSF17,Tier2_SURFY_only,True,False,Q02223,Tumor necrosis factor receptor superfamily member 17,184
NCR2,Tier2_SURFY_only,True,False,O95944,Natural cytotoxicity triggering receptor 2,276
GJB1,Tier2_SURFY_only,True,False,P08034,Gap junction beta-1 protein,283
SIGLEC11,Tier2_SURFY_only,True,False,Q96RL6,Sialic acid-binding Ig-like lectin 11,698
ABCC4,Tier2_SURFY_only,True,False,O15439,Multidrug resistance-associated protein 4,1325
GPR32,Tier2_SURFY_only,True,False,O75388,Probable G-protein coupled receptor 32,356
OR6K3,Tier2_SURFY_only,True,False,Q8NGY3,Olfactory receptor 6K3,331
OR8J1,Tier2_SURFY_only,True,False,Q8NGP2,Olfactory receptor 8J1,316
OR6Y1,Tier2_SURFY_only,True,False,Q8NGX8,Olfactory receptor 6Y1,325
SLC6A12,Tier2_SURFY_only,True,False,P48065,Sodium- and chloride-dependent betaine transporter,614
CDH19,Tier2_SURFY_only,True,False,Q9H159,Cadherin-19,772
SLC29A1,Tier2_SURFY_only,True,False,Q99808,Equilibrative nucleoside transporter 1,456
CHODL,Tier2_SURFY_only,True,False,Q9H9P2,Chondrolectin,273
NAALADL1,Tier2_SURFY_only,True,False,Q9UQQ1,N-acetylated-alpha-linked acidic dipeptidase-like protein,740
C1orf85,Tier2_SURFY_only,True,False,Q8WWB7,Lysosomal protein NCU-G1,406
MMP16,Tier2_SURFY_only,True,False,P51512,Matrix metalloproteinase-16,607
CDH2,Tier2_SURFY_only,True,False,P19022,Cadherin-2,906
SLC16A1,Tier2_SURFY_only,True,False,P53985,Monocarboxylate transporter 1,500
C1orf159,Tier2_SURFY_only,True,False,Q96HA4,Uncharacterized protein C1orf159,380
CSMD1,Tier2_SURFY_only,True,False,Q96PZ7,CUB and sushi domain-containing protein 1,3565
MC4R,Tier2_SURFY_only,True,False,P32245,Melanocortin receptor 4,332
KIR2DL2,Tier2_SURFY_only,True,False,P43627,Killer cell immunoglobulin-like receptor 2DL2,348
SLC19A3,Tier2_SURFY_only,True,False,Q9BZV2,Thiamine transporter 2,496
TBXA2R,Tier2_SURFY_only,True,False,P21731,Thromboxane A2 receptor,343
CLDN19,Tier2_SURFY_only,True,False,Q8N6F1,Claudin-19,224
PIGR,Tier2_SURFY_only,True,False,P01833,Polymeric immunoglobulin receptor,764
FGFR3,Tier2_SURFY_only,True,False,P22607,Fibroblast growth factor receptor 3,806
SEMA6B,Tier2_SURFY_only,True,False,Q9H3T3,Semaphorin-6B,888
CNTFR,Tier2_SURFY_only,True,False,P26992,Ciliary neurotrophic factor receptor subunit alpha,372
CLDN8,Tier2_SURFY_only,True,False,P56748,Claudin-8,225
OR10A3,Tier2_SURFY_only,True,False,P58181,Olfactory receptor 10A3,314
OR1F12,Tier2_SURFY_only,True,False,Q8NHA8,Olfactory receptor 1F12,337
SLC39A14,Tier2_SURFY_only,True,False,Q15043,Zinc transporter ZIP14,492
PCNX,Tier2_SURFY_only,True,False,Q96RV3,Pecanex-like protein 1,2341
TMEM87A,Tier2_SURFY_only,True,False,Q8NBN3,Transmembrane protein 87A,555
CLEC5A,Tier2_SURFY_only,True,False,Q9NY25,C-type lectin domain family 5 member A,188
ULBP1,Tier2_SURFY_only,True,False,Q9BZM6,NKG2D ligand 1,244
SLC43A3,Tier2_SURFY_only,True,False,Q8NBI5,Solute carrier family 43 member 3,491
CACNG2,Tier2_SURFY_only,True,False,Q9Y698,Voltage-dependent calcium channel gamma-2 subunit,323
MC5R,Tier2_SURFY_only,True,False,P33032,Melanocortin receptor 5,325
C11orf24,Tier2_SURFY_only,True,False,Q96F05,Uncharacterized protein C11orf24,449
OR2D3,Tier2_SURFY_only,True,False,Q8NGH3,Olfactory receptor 2D3,330
OR52B6,Tier2_SURFY_only,True,False,Q8NGF0,Olfactory receptor 52B6,335
LYVE1,Tier2_SURFY_only,True,False,Q9Y5Y7,Lymphatic vessel endothelial hyaluronic acid receptor 1,322
FFAR3,Tier2_SURFY_only,True,False,O14843,Free fatty acid receptor 3,346
GPR82,Tier2_SURFY_only,True,False,Q96P67,Probable G-protein coupled receptor 82,336
UNC93B1,Tier2_SURFY_only,True,False,Q9H1C4,Protein unc-93 homolog B1,597
OR52B2,Tier2_SURFY_only,True,False,Q96RD2,Olfactory receptor 52B2,323
SELPLG,Tier2_SURFY_only,True,False,Q14242,P-selectin glycoprotein ligand 1,412
OR6C76,Tier2_SURFY_only,True,False,A6NM76,Olfactory receptor 6C76,312
TMEM63A,Tier2_SURFY_only,True,False,O94886,CSC1-like protein 1,807
GABRA1,Tier2_SURFY_only,True,False,P14867,Gamma-aminobutyric acid receptor subunit alpha-1,456
TRIL,Tier2_SURFY_only,True,False,Q7L0X0,TLR4 interactor with leucine rich repeats,811
CLDN9,Tier2_SURFY_only,True,False,O95484,Claudin-9,217
OR52H1,Tier2_SURFY_only,True,False,Q8NGJ2,Olfactory receptor 52H1,320
MMP25,Tier2_SURFY_only,True,False,Q9NPA2,Matrix metalloproteinase-25,562
GPR6,Tier2_SURFY_only,True,False,P46095,G-protein coupled receptor 6,362
GAS1,Tier2_SURFY_only,True,False,P54826,Growth arrest-specific protein 1,345
NPC1,Tier2_SURFY_only,True,False,O15118,Niemann-Pick C1 protein,1278
OR52K1,Tier2_SURFY_only,True,False,Q8NGK4,Olfactory receptor 52K1,314
PCDHB16,Tier2_SURFY_only,True,False,Q9NRJ7,Protocadherin beta-16,776
SCN1B,Tier2_SURFY_only,True,False,Q07699,Sodium channel subunit beta-1,218
SERINC3,Tier2_SURFY_only,True,False,Q13530,Serine incorporator 3,473
PILRB,Tier2_SURFY_only,True,False,Q9UKJ0,Paired immunoglobulin-like type 2 receptor beta,227
ADAM9,Tier2_SURFY_only,True,False,Q13443,Disintegrin and metalloproteinase domain-containing protein 9,819
OR10S1,Tier2_SURFY_only,True,False,Q8NGN2,Olfactory receptor 10S1,331
HTR3E,Tier2_SURFY_only,True,False,A5X5Y0,5-hydroxytryptamine receptor 3E,456
MRGPRX4,Tier2_SURFY_only,True,False,Q96LA9,Mas-related G-protein coupled receptor member X4,322
SGCA,Tier2_SURFY_only,True,False,Q16586,Alpha-sarcoglycan,387
GRIK1,Tier2_SURFY_only,True,False,P39086,"Glutamate receptor ionotropic, kainate 1",918
ABCG5,Tier2_SURFY_only,True,False,Q9H222,ATP-binding cassette sub-family G member 5,651
MME,Tier2_SURFY_only,True,False,P08473,Neprilysin,750
SLC4A7,Tier2_SURFY_only,True,False,Q9Y6M7,Sodium bicarbonate cotransporter 3,1214
PTGER1,Tier2_SURFY_only,True,False,P34995,Prostaglandin E2 receptor EP1 subtype,402
GPR111,Tier2_SURFY_only,True,False,Q8IZF7,Probable G-protein coupled receptor 111,708
FCAR,Tier2_SURFY_only,True,False,P24071,Immunoglobulin alpha Fc receptor,287
SERINC4,Tier2_SURFY_only,True,False,A6NH21,Serine incorporator 4,518
DDR2,Tier2_SURFY_only,True,False,Q16832,Discoidin domain-containing receptor 2,855
TM4SF1,Tier2_SURFY_only,True,False,P30408,Transmembrane 4 L6 family member 1,202
SLC22A17,Tier2_SURFY_only,True,False,Q8WUG5,Solute carrier family 22 member 17,538
BTN2A3P,Tier2_SURFY_only,True,False,Q96KV6,Putative butyrophilin subfamily 2 member A3,586
SLC22A9,Tier2_SURFY_only,True,False,Q8IVM8,Solute carrier family 22 member 9,553
LAG3,Tier2_SURFY_only,True,False,P18627,Lymphocyte activation gene 3 protein,525
ADRB2,Tier2_SURFY_only,True,False,P07550,Beta-2 adrenergic receptor,413
CD300LG,Tier2_SURFY_only,True,False,Q6UXG3,CMRF35-like molecule 9,332
ABCA12,Tier2_SURFY_only,True,False,Q86UK0,ATP-binding cassette sub-family A member 12,2595
CNNM2,Tier2_SURFY_only,True,False,Q9H8M5,Metal transporter CNNM2,875
DIRC2,Tier2_SURFY_only,True,False,Q96SL1,Disrupted in renal carcinoma protein 2,478
LMBRD2,Tier2_SURFY_only,True,False,Q68DH5,LMBR1 domain-containing protein 2,695
BST2,Tier2_SURFY_only,True,False,Q10589,Bone marrow stromal antigen 2,180
SUCO,Tier2_SURFY_only,True,False,Q9UBS9,SUN domain-containing ossification factor,1254
TNFRSF25,Tier2_SURFY_only,True,False,Q93038,Tumor necrosis factor receptor superfamily member 25,417
SLC17A7,Tier2_SURFY_only,True,False,Q9P2U7,Vesicular glutamate transporter 1,560
ADRA2A,Tier2_SURFY_only,True,False,P08913,Alpha-2A adrenergic receptor,450
BRS3,Tier2_SURFY_only,True,False,P32247,Bombesin receptor subtype-3,399
GJA3,Tier2_SURFY_only,True,False,Q9Y6H8,Gap junction alpha-3 protein,435
LRRTM3,Tier2_SURFY_only,True,False,Q86VH5,Leucine-rich repeat transmembrane neuronal protein 3,581
GPR137,Tier2_SURFY_only,True,False,Q96N19,Integral membrane protein GPR137,417
OR13C9,Tier2_SURFY_only,True,False,Q8NGT0,Olfactory receptor 13C9,318
OR5B12,Tier2_SURFY_only,True,False,Q96R08,Olfactory receptor 5B12,314
ABCC11,Tier2_SURFY_only,True,False,Q96J66,ATP-binding cassette sub-family C member 11,1382
CDH5,Tier2_SURFY_only,True,False,P33151,Cadherin-5,784
SCN5A,Tier2_SURFY_only,True,False,Q14524,Sodium channel protein type 5 subunit alpha,2016
TMEM150B,Tier2_SURFY_only,True,False,A6NC51,Transmembrane protein 150B,233
ERVK-6,Tier2_SURFY_only,True,False,Q69384,Endogenous retrovirus group K member 6 Env polyprotein,699
SLC37A1,Tier2_SURFY_only,True,False,P57057,Glycerol-3-phosphate transporter,533
LPAR2,Tier2_SURFY_only,True,False,Q9HBW0,Lysophosphatidic acid receptor 2,351
LRRC4,Tier2_SURFY_only,True,False,Q9HBW1,Leucine-rich repeat-containing protein 4,653
PTCHD2,Tier2_SURFY_only,True,False,Q9P2K9,Patched domain-containing protein 2,1392
TENM2,Tier2_SURFY_only,True,False,Q9NT68,Teneurin-2,2774
FLT1,Tier2_SURFY_only,True,False,P17948,Vascular endothelial growth factor receptor 1,1338
CD36,Tier2_SURFY_only,True,False,P16671,Platelet glycoprotein 4,472
PTPRJ,Tier2_SURFY_only,True,False,Q12913,Receptor-type tyrosine-protein phosphatase eta,1337
EMR4P,Tier2_SURFY_only,True,False,Q86SQ3,Putative EGF-like module-containing mucin-like hormone receptor-like 4,457
SLC22A12,Tier2_SURFY_only,True,False,Q96S37,Solute carrier family 22 member 12,553
OR6C65,Tier2_SURFY_only,True,False,A6NJZ3,Olfactory receptor 6C65,312
SLC22A20,Tier2_SURFY_only,True,False,A6NK97,Solute carrier family 22 member 20,555
EREG,Tier2_SURFY_only,True,False,O14944,Proepiregulin,169
DRD3,Tier2_SURFY_only,True,False,P35462,D(3) dopamine receptor,400
C19orf18,Tier2_SURFY_only,True,False,Q8NEA5,Uncharacterized protein C19orf18,215
OR10T2,Tier2_SURFY_only,True,False,Q8NGX3,Olfactory receptor 10T2,314
ATRAID,Tier2_SURFY_only,True,False,Q6UW56,All-trans retinoic acid-induced differentiation factor,229
NPR1,Tier2_SURFY_only,True,False,P16066,Atrial natriuretic peptide receptor 1,1061
LPPR4,Tier2_SURFY_only,True,False,Q7Z2D5,Lipid phosphate phosphatase-related protein type 4,763
TMEM27,Tier2_SURFY_only,True,False,Q9HBJ8,Collectrin,222
SHISA9,Tier2_SURFY_only,True,False,B4DS77,Protein shisa-9,424
KIR2DL3,Tier2_SURFY_only,True,False,P43628,Killer cell immunoglobulin-like receptor 2DL3,341
OR52K2,Tier2_SURFY_only,True,False,Q8NGK3,Olfactory receptor 52K2,314
SLC6A16,Tier2_SURFY_only,True,False,Q9GZN6,Orphan sodium- and chloride-dependent neurotransmitter transporter NTT5,736
USH2A,Tier2_SURFY_only,True,False,O75445,Usherin,5202
CDH9,Tier2_SURFY_only,True,False,Q9ULB4,Cadherin-9,789
ADORA2B,Tier2_SURFY_only,True,False,P29275,Adenosine receptor A2b,332
LY6E,Tier2_SURFY_only,True,False,Q16553,Lymphocyte antigen 6E,131
CDH10,Tier2_SURFY_only,True,False,Q9Y6N8,Cadherin-10,788
SUSD4,Tier2_SURFY_only,True,False,Q5VX71,Sushi domain-containing protein 4,490
OR8G2,Tier2_SURFY_only,True,False,Q15614,Olfactory receptor 8G2,310
RNF128,Tier2_SURFY_only,True,False,Q8TEB7,E3 ubiquitin-protein ligase RNF128,428
ACE2,Tier2_SURFY_only,True,False,Q9BYF1,Angiotensin-converting enzyme 2,805
ABCC9,Tier2_SURFY_only,True,False,O60706,ATP-binding cassette sub-family C member 9,1549
CDON,Tier2_SURFY_only,True,False,Q4KMG0,Cell adhesion molecule-related/down-regulated by oncogenes,1287
MTNR1A,Tier2_SURFY_only,True,False,P48039,Melatonin receptor type 1A,350
IL6R,Tier2_SURFY_only,True,False,P08887,Interleukin-6 receptor subunit alpha,468
TECTB,Tier2_SURFY_only,True,False,Q96PL2,Beta-tectorin,329
CD300LD,Tier2_SURFY_only,True,False,Q6UXZ3,CMRF35-like molecule 4,194
TACSTD2,Tier2_SURFY_only,True,False,P09758,Tumor-associated calcium signal transducer 2,323
LYPD6B,Tier2_SURFY_only,True,False,Q8NI32,Ly6/PLAUR domain-containing protein 6B,183
SHISA8,Tier2_SURFY_only,True,False,B8ZZ34,Putative protein shisa-8,492
GINM1,Tier2_SURFY_only,True,False,Q9NU53,Glycoprotein integral membrane protein 1,330
MUC1,Tier2_SURFY_only,True,False,P15941,Mucin-1,1255
ROBO3,Tier2_SURFY_only,True,False,Q96MS0,Roundabout homolog 3,1386
OR4C5,Tier2_SURFY_only,True,False,Q8NGB2,Olfactory receptor 4C5,326
P2RY10,Tier2_SURFY_only,True,False,O00398,Putative P2Y purinoceptor 10,339
IGSF8,Tier2_SURFY_only,True,False,Q969P0,Immunoglobulin superfamily member 8,613
SCN8A,Tier2_SURFY_only,True,False,Q9UQD0,Sodium channel protein type 8 subunit alpha,1980
P2RY6,Tier2_SURFY_only,True,False,Q15077,P2Y purinoceptor 6,328
PCDHGB6,Tier2_SURFY_only,True,False,Q9Y5F9,Protocadherin gamma-B6,930
MANSC1,Tier2_SURFY_only,True,False,Q9H8J5,MANSC domain-containing protein 1,431
GFY,Tier2_SURFY_only,True,False,I3L273,Golgi-associated olfactory signaling regulator,518
OR2T12,Tier2_SURFY_only,True,False,Q8NG77,Olfactory receptor 2T12,320
LTB4R2,Tier2_SURFY_only,True,False,Q9NPC1,Leukotriene B4 receptor 2,389
SPACA4,Tier2_SURFY_only,True,False,Q8TDM5,Sperm acrosome membrane-associated protein 4,124
OR52E8,Tier2_SURFY_only,True,False,Q6IFG1,Olfactory receptor 52E8,317
PCDHA10,Tier2_SURFY_only,True,False,Q9Y5I2,Protocadherin alpha-10,948
SLCO3A1,Tier2_SURFY_only,True,False,Q9UIG8,Solute carrier organic anion transporter family member 3A1,710
AMIGO2,Tier2_SURFY_only,True,False,Q86SJ2,Amphoterin-induced protein 2,522
EFNA5,Tier2_SURFY_only,True,False,P52803,Ephrin-A5,228
TAS2R46,Tier2_SURFY_only,True,False,P59540,Taste receptor type 2 member 46,309
ITGB8,Tier2_SURFY_only,True,False,P26012,Integrin beta-8,769
CNTN2,Tier2_SURFY_only,True,False,Q02246,Contactin-2,1040
ERBB4,Tier2_SURFY_only,True,False,Q15303,Receptor tyrosine-protein kinase erbB-4,1308
OR4K2,Tier2_SURFY_only,True,False,Q8NGD2,Olfactory receptor 4K2,314
OR9G9,Tier2_SURFY_only,True,False,P0C7N8,Olfactory receptor 9G9,305
OR4X1,Tier2_SURFY_only,True,False,Q8NH49,Olfactory receptor 4X1,305
CDH16,Tier2_SURFY_only,True,False,O75309,Cadherin-16,829
MFSD4,Tier2_SURFY_only,True,False,Q8N468,Major facilitator superfamily domain-containing protein 4,514
LINGO1,Tier2_SURFY_only,True,False,Q96FE5,Leucine-rich repeat and immunoglobulin-like domain-containing nogo receptor-interacting protein 1,620
SLC39A8,Tier2_SURFY_only,True,False,Q9C0K1,Zinc transporter ZIP8,460
ERVW-1,Tier2_SURFY_only,True,False,Q9UQF0,Syncytin-1,538
CDH15,Tier2_SURFY_only,True,False,P55291,Cadherin-15,814
ERVV-1,Tier2_SURFY_only,True,False,B6SEH8,Endogenous retrovirus group V member 1 Env polyprotein,477
CDCP1,Tier2_SURFY_only,True,False,Q9H5V8,CUB domain-containing protein 1,836
ABCC1,Tier2_SURFY_only,True,False,P33527,Multidrug resistance-associated protein 1,1531
GPR132,Tier2_SURFY_only,True,False,Q9UNW8,Probable G-protein coupled receptor 132,380
TMEM132E,Tier2_SURFY_only,True,False,Q6IEE7,Transmembrane protein 132E,984
SLC44A2,Tier2_SURFY_only,True,False,Q8IWA5,Choline transporter-like protein 2,706
OR5K3,Tier2_SURFY_only,True,False,A6NET4,Olfactory receptor 5K3,321
P2RX2,Tier2_SURFY_only,True,False,Q9UBL9,P2X purinoceptor 2,471
KIAA1549L,Tier2_SURFY_only,True,False,Q6ZVL6,UPF0606 protein KIAA1549L,1849
TMX4,Tier2_SURFY_only,True,False,Q9H1E5,Thioredoxin-related transmembrane protein 4,349
ABCC5,Tier2_SURFY_only,True,False,O15440,Multidrug resistance-associated protein 5,1437
RGMB,Tier2_SURFY_only,True,False,Q6NW40,RGM domain family member B,437
TAS2R38,Tier2_SURFY_only,True,False,P59533,Taste receptor type 2 member 38,333
OR2T5,Tier2_SURFY_only,True,False,Q6IEZ7,Olfactory receptor 2T5,315
CD101,Tier2_SURFY_only,True,False,Q93033,Immunoglobulin superfamily member 2,1021
ZP4,Tier2_SURFY_only,True,False,Q12836,Zona pellucida sperm-binding protein 4,540
OR14J1,Tier2_SURFY_only,True,False,Q9UGF5,Olfactory receptor 14J1,321
ASTN2,Tier2_SURFY_only,True,False,O75129,Astrotactin-2,1339
FPR3,Tier2_SURFY_only,True,False,P25089,N-formyl peptide receptor 3,353
GPR45,Tier2_SURFY_only,True,False,Q9Y5Y3,Probable G-protein coupled receptor 45,372
EPHB1,Tier2_SURFY_only,True,False,P54762,Ephrin type-B receptor 1,984
OR13F1,Tier2_SURFY_only,True,False,Q8NGS4,Olfactory receptor 13F1,319
SMO,Tier2_SURFY_only,True,False,Q99835,Smoothened homolog,787
EPHA3,Tier2_SURFY_only,True,False,P29320,Ephrin type-A receptor 3,983
CD22,Tier2_SURFY_only,True,False,P20273,B-cell receptor CD22,847
OR3A4P,Tier2_SURFY_only,True,False,P47883,Putative olfactory receptor 3A4,348
KCNJ3,Tier2_SURFY_only,True,False,P48549,G protein-activated inward rectifier potassium channel 1,501
PIEZO1,Tier2_SURFY_only,True,False,Q92508,Piezo-type mechanosensitive ion channel component 1,2521
SLCO2A1,Tier2_SURFY_only,True,False,Q92959,Solute carrier organic anion transporter family member 2A1,643
SLC8A1,Tier2_SURFY_only,True,False,P32418,Sodium/calcium exchanger 1,973
SLC45A2,Tier2_SURFY_only,True,False,Q9UMX9,Membrane-associated transporter protein,530
OR8H1,Tier2_SURFY_only,True,False,Q8NGG4,Olfactory receptor 8H1,311
ACP2,Tier2_SURFY_only,True,False,P11117,Lysosomal acid phosphatase,423
SCAP,Tier2_SURFY_only,True,False,Q12770,Sterol regulatory element-binding protein cleavage-activating protein,1279
OR52N4,Tier2_SURFY_only,True,False,Q8NGI2,Olfactory receptor 52N4,321
LRIT1,Tier2_SURFY_only,True,False,Q9P2V4,"Leucine-rich repeat, immunoglobulin-like domain and transmembrane domain-containing protein 1",623
PCDHGC5,Tier2_SURFY_only,True,False,Q9Y5F6,Protocadherin gamma-C5,944
IZUMO1,Tier2_SURFY_only,True,False,Q8IYV9,Izumo sperm-egg fusion protein 1,350
GPR161,Tier2_SURFY_only,True,False,Q8N6U8,G-protein coupled receptor 161,529
P2RY4,Tier2_SURFY_only,True,False,P51582,P2Y purinoceptor 4,365
TAS2R19,Tier2_SURFY_only,True,False,P59542,Taste receptor type 2 member 19,299
SCN10A,Tier2_SURFY_only,True,False,Q9Y5Y9,Sodium channel protein type 10 subunit alpha,1956
RNFT1,Tier2_SURFY_only,True,False,Q5M7Z0,RING finger and transmembrane domain-containing protein 1,435
ALPPL2,Tier2_SURFY_only,True,False,P10696,"Alkaline phosphatase, placental-like",532
SLC1A3,Tier2_SURFY_only,True,False,P43003,Excitatory amino acid transporter 1,542
FCRL4,Tier2_SURFY_only,True,False,Q96PJ5,Fc receptor-like protein 4,515
OPRL1,Tier2_SURFY_only,True,False,P41146,Nociceptin receptor,370
DCBLD1,Tier2_SURFY_only,True,False,Q8N8Z6,"Discoidin, CUB and LCCL domain-containing protein 1",715
OR4P4,Tier2_SURFY_only,True,False,Q8NGL7,Olfactory receptor 4P4,312
PCDHB12,Tier2_SURFY_only,True,False,Q9Y5F1,Protocadherin beta-12,795
SCN9A,Tier2_SURFY_only,True,False,Q15858,Sodium channel protein type 9 subunit alpha,1988
CEACAM5,Tier2_SURFY_only,True,False,P06731,Carcinoembryonic antigen-related cell adhesion molecule 5,702
TMEM150A,Tier2_SURFY_only,True,False,Q86TG1,Transmembrane protein 150A,271
OR52R1,Tier2_SURFY_only,True,False,Q8NGF1,Olfactory receptor 52R1,315
SLC23A1,Tier2_SURFY_only,True,False,Q9UHI7,Solute carrier family 23 member 1,598
OR2T10,Tier2_SURFY_only,True,False,Q8NGZ9,Olfactory receptor 2T10,312
PCDH15,Tier2_SURFY_only,True,False,Q96QU1,Protocadherin-15,1955
IGDCC3,Tier2_SURFY_only,True,False,Q8IVU1,Immunoglobulin superfamily DCC subclass member 3,814
PCDHB2,Tier2_SURFY_only,True,False,Q9Y5E7,Protocadherin beta-2,798
GRIN1,Tier2_SURFY_only,True,False,Q05586,"Glutamate receptor ionotropic, NMDA 1",938
SEMA5A,Tier2_SURFY_only,True,False,Q13591,Semaphorin-5A,1074
SLC2A13,Tier2_SURFY_only,True,False,Q96QE2,Proton myo-inositol cotransporter,648
CD200R1L,Tier2_SURFY_only,True,False,Q6Q8B3,Cell surface glycoprotein CD200 receptor 2,271
SV2B,Tier2_SURFY_only,True,False,Q7L1I2,Synaptic vesicle glycoprotein 2B,683
RYK,Tier2_SURFY_only,True,False,P34925,Tyrosine-protein kinase RYK,604
PCDHGB5,Tier2_SURFY_only,True,False,Q9Y5G0,Protocadherin gamma-B5,923
EPCAM,Tier2_SURFY_only,True,False,P16422,Epithelial cell adhesion molecule,314
SLC28A2,Tier2_SURFY_only,True,False,O43868,Sodium/nucleoside cotransporter 2,658
MSR1,Tier2_SURFY_only,True,False,P21757,Macrophage scavenger receptor types I and II,451
GRM1,Tier2_SURFY_only,True,False,Q13255,Metabotropic glutamate receptor 1,1194
ERMAP,Tier2_SURFY_only,True,False,Q96PL5,Erythroid membrane-associated protein,475
IL11RA,Tier2_SURFY_only,True,False,Q14626,Interleukin-11 receptor subunit alpha,422
MCHR2,Tier2_SURFY_only,True,False,Q969V1,Melanin-concentrating hormone receptor 2,340
SLC7A5,Tier2_SURFY_only,True,False,Q01650,Large neutral amino acids transporter small subunit 1,507
SLC10A4,Tier2_SURFY_only,True,False,Q96EP9,Sodium/bile acid cotransporter 4,437
ABCC3,Tier2_SURFY_only,True,False,O15438,Canalicular multispecific organic anion transporter 2,1527
HRH3,Tier2_SURFY_only,True,False,Q9Y5N1,Histamine H3 receptor,445
CLDN24,Tier2_SURFY_only,True,False,A6NM45,Putative claudin-24,220
MSLN,Tier2_SURFY_only,True,False,Q13421,Mesothelin,630
LRP1B,Tier2_SURFY_only,True,False,Q9NZR2,Low-density lipoprotein receptor-related protein 1B,4599
CDH7,Tier2_SURFY_only,True,False,Q9ULB5,Cadherin-7,785
ERVK-21,Tier2_SURFY_only,True,False,P61565,Endogenous retrovirus group K member 21 Env polyprotein,698
OR5AK3P,Tier2_SURFY_only,True,False,Q8NH89,Putative olfactory receptor 5AK3,298
OR10K2,Tier2_SURFY_only,True,False,Q6IF99,Olfactory receptor 10K2,312
IGSF9,Tier2_SURFY_only,True,False,Q9P2J2,Protein turtle homolog A,1179
ICOSLG,Tier2_SURFY_only,True,False,O75144,ICOS ligand,302
OR4L1,Tier2_SURFY_only,True,False,Q8NH43,Olfactory receptor 4L1,312
NKAIN1,Tier2_SURFY_only,True,False,Q4KMZ8,Sodium/potassium-transporting ATPase subunit beta-1-interacting protein 1,207
ABCA3,Tier2_SURFY_only,True,False,Q99758,ATP-binding cassette sub-family A member 3,1704
CLEC4G,Tier2_SURFY_only,True,False,Q6UXB4,C-type lectin domain family 4 member G,293
MIP,Tier2_SURFY_only,True,False,P30301,Lens fiber major intrinsic protein,263
OR5M8,Tier2_SURFY_only,True,False,Q8NGP6,Olfactory receptor 5M8,311
GNRHR2,Tier2_SURFY_only,True,False,Q96P88,Putative gonadotropin-releasing hormone II receptor,292
SLC13A4,Tier2_SURFY_only,True,False,Q9UKG4,Solute carrier family 13 member 4,626
DRD1,Tier2_SURFY_only,True,False,P21728,D(1A) dopamine receptor,446
OR4D6,Tier2_SURFY_only,True,False,Q8NGJ1,Olfactory receptor 4D6,314
IL12RB2,Tier2_SURFY_only,True,False,Q99665,Interleukin-12 receptor subunit beta-2,862
SLC18A3,Tier2_SURFY_only,True,False,Q16572,Vesicular acetylcholine transporter,532
CD8B,Tier2_SURFY_only,True,False,P10966,T-cell surface glycoprotein CD8 beta chain,210
TMEM178B,Tier2_SURFY_only,True,False,H3BS89,Transmembrane protein 178B,294
SYPL1,Tier2_SURFY_only,True,False,Q16563,Synaptophysin-like protein 1,259
OR5AP2,Tier2_SURFY_only,True,False,Q8NGF4,Olfactory receptor 5AP2,316
SLC2A6,Tier2_SURFY_only,True,False,Q9UGQ3,"Solute carrier family 2, facilitated glucose transporter member 6",507
ITGB3,Tier2_SURFY_only,True,False,P05106,Integrin beta-3,788
OR2B6,Tier2_SURFY_only,True,False,P58173,Olfactory receptor 2B6,313
EMR3,Tier2_SURFY_only,True,False,Q9BY15,EGF-like module-containing mucin-like hormone receptor-like 3,652
SLC16A5,Tier2_SURFY_only,True,False,O15375,Monocarboxylate transporter 6,505
CD38,Tier2_SURFY_only,True,False,P28907,ADP-ribosyl cyclase/cyclic ADP-ribose hydrolase 1,300
ERVK13-1,Tier2_SURFY_only,True,False,Q9NX77,Endogenous retrovirus group K member 13-1 Env polyprotein,482
PCDHB7,Tier2_SURFY_only,True,False,Q9Y5E2,Protocadherin beta-7,793
NTNG1,Tier2_SURFY_only,True,False,Q9Y2I2,Netrin-G1,539
PCDH8,Tier2_SURFY_only,True,False,O95206,Protocadherin-8,1070
OR5R1,Tier2_SURFY_only,True,False,Q8NH85,Olfactory receptor 5R1,324
ADORA2A,Tier2_SURFY_only,True,False,P29274,Adenosine receptor A2a,412
SLC46A1,Tier2_SURFY_only,True,False,Q96NT5,Proton-coupled folate transporter,459
ADAM11,Tier2_SURFY_only,True,False,O75078,Disintegrin and metalloproteinase domain-containing protein 11,769
MFSD7,Tier2_SURFY_only,True,False,Q6UXD7,Major facilitator superfamily domain-containing protein 7,560
SGCZ,Tier2_SURFY_only,True,False,Q96LD1,Zeta-sarcoglycan,299
STEAP4,Tier2_SURFY_only,True,False,Q687X5,Metalloreductase STEAP4,459
CLDN20,Tier2_SURFY_only,True,False,P56880,Claudin-20,219
OR4C15,Tier2_SURFY_only,True,False,Q8NGM1,Olfactory receptor 4C15,316
OR1N2,Tier2_SURFY_only,True,False,Q8NGR9,Olfactory receptor 1N2,330
LAIR1,Tier2_SURFY_only,True,False,Q6GTX8,Leukocyte-associated immunoglobulin-like receptor 1,287
OR9A4,Tier2_SURFY_only,True,False,Q8NGU2,Olfactory receptor 9A4,314
GPR1,Tier2_SURFY_only,True,False,P46091,G-protein coupled receptor 1,355
TSPAN11,Tier2_SURFY_only,True,False,A1L157,Tetraspanin-11,253
OR52A1,Tier2_SURFY_only,True,False,Q9UKL2,Olfactory receptor 52A1,312
OR51B2,Tier2_SURFY_only,True,False,Q9Y5P1,Olfactory receptor 51B2,312
ITGA7,Tier2_SURFY_only,True,False,Q13683,Integrin alpha-7,1181
PTGER2,Tier2_SURFY_only,True,False,P43116,Prostaglandin E2 receptor EP2 subtype,358
SLC31A1,Tier2_SURFY_only,True,False,O15431,High affinity copper uptake protein 1,190
KIR2DL1,Tier2_SURFY_only,True,False,P43626,Killer cell immunoglobulin-like receptor 2DL1,348
TMEM37,Tier2_SURFY_only,True,False,Q8WXS4,Voltage-dependent calcium channel gamma-like subunit,190
ABCA9,Tier2_SURFY_only,True,False,Q8IUA7,ATP-binding cassette sub-family A member 9,1624
CD74,Tier2_SURFY_only,True,False,P04233,HLA class II histocompatibility antigen gamma chain,296
ANO3,Tier2_SURFY_only,True,False,Q9BYT9,Anoctamin-3,981
BDKRB1,Tier2_SURFY_only,True,False,P46663,B1 bradykinin receptor,353
ADCY9,Tier2_SURFY_only,True,False,O60503,Adenylate cyclase type 9,1353
OR9I1,Tier2_SURFY_only,True,False,Q8NGQ6,Olfactory receptor 9I1,314
MUSK,Tier2_SURFY_only,True,False,O15146,"Muscle, skeletal receptor tyrosine-protein kinase",869
GSG1,Tier2_SURFY_only,True,False,Q2KHT4,Germ cell-specific gene 1 protein,349
NIPAL2,Tier2_SURFY_only,True,False,Q9H841,NIPA-like protein 2,368
PLXDC2,Tier2_SURFY_only,True,False,Q6UX71,Plexin domain-containing protein 2,529
OR10G8,Tier2_SURFY_only,True,False,Q8NGN5,Olfactory receptor 10G8,311
MICB,Tier2_SURFY_only,True,False,Q29980,MHC class I polypeptide-related sequence B,383
ABCG4,Tier2_SURFY_only,True,False,Q9H172,ATP-binding cassette sub-family G member 4,646
CDH12,Tier2_SURFY_only,True,False,P55289,Cadherin-12,794
GPR75,Tier2_SURFY_only,True,False,O95800,Probable G-protein coupled receptor 75,540
TMED7,Tier2_SURFY_only,True,False,Q9Y3B3,Transmembrane emp24 domain-containing protein 7,224
OR6P1,Tier2_SURFY_only,True,False,Q8NGX9,Olfactory receptor 6P1,317
LEPR,Tier2_SURFY_only,True,False,P48357,Leptin receptor,1165
TMEM114,Tier2_SURFY_only,True,False,B3SHH9,Transmembrane protein 114,223
EFNB3,Tier2_SURFY_only,True,False,Q15768,Ephrin-B3,340
CADM1,Tier2_SURFY_only,True,False,Q9BY67,Cell adhesion molecule 1,442
CD96,Tier2_SURFY_only,True,False,P40200,T-cell surface protein tactile,585
SLC7A6,Tier2_SURFY_only,True,False,Q92536,Y+L amino acid transporter 2,515
OR10A5,Tier2_SURFY_only,True,False,Q9H207,Olfactory receptor 10A5,317
ULBP2,Tier2_SURFY_only,True,False,Q9BZM5,NKG2D ligand 2,246
NGFR,Tier2_SURFY_only,True,False,P08138,Tumor necrosis factor receptor superfamily member 16,427
LGR6,Tier2_SURFY_only,True,False,Q9HBX8,Leucine-rich repeat-containing G-protein coupled receptor 6,967
PCDHA1,Tier2_SURFY_only,True,False,Q9Y5I3,Protocadherin alpha-1,950
HEPHL1,Tier2_SURFY_only,True,False,Q6MZM0,Hephaestin-like protein 1,1159
KCNMB1,Tier2_SURFY_only,True,False,Q16558,Calcium-activated potassium channel subunit beta-1,191
OTOA,Tier2_SURFY_only,True,False,Q7RTW8,Otoancorin,1153
UNC93A,Tier2_SURFY_only,True,False,Q86WB7,Protein unc-93 homolog A,457
TMEM145,Tier2_SURFY_only,True,False,Q8NBT3,Transmembrane protein 145,493
GPR173,Tier2_SURFY_only,True,False,Q9NS66,Probable G-protein coupled receptor 173,373
TRABD2B,Tier2_SURFY_only,True,False,A6NFA1,Metalloprotease TIKI2,517
VSIG10,Tier2_SURFY_only,True,False,Q8N0Z9,V-set and immunoglobulin domain-containing protein 10,540
OR7A2P,Tier2_SURFY_only,True,False,Q8NGA2,Putative olfactory receptor 7A2,310
ADCY3,Tier2_SURFY_only,True,False,O60266,Adenylate cyclase type 3,1144
CRB1,Tier2_SURFY_only,True,False,P82279,Protein crumbs homolog 1,1406
IL17RB,Tier2_SURFY_only,True,False,Q9NRM6,Interleukin-17 receptor B,502
CD28,Tier2_SURFY_only,True,False,P10747,T-cell-specific surface glycoprotein CD28,220
KCNJ12,Tier2_SURFY_only,True,False,Q14500,ATP-sensitive inward rectifier potassium channel 12,433
PCDHGA2,Tier2_SURFY_only,True,False,Q9Y5H1,Protocadherin gamma-A2,932
PTPRQ,Tier2_SURFY_only,True,False,Q9UMZ3,Phosphatidylinositol phosphatase PTPRQ,2332
CD3G,Tier2_SURFY_only,True,False,P09693,T-cell surface glycoprotein CD3 gamma chain,182
SLC39A6,Tier2_SURFY_only,True,False,Q13433,Zinc transporter ZIP6,755
SLC12A3,Tier2_SURFY_only,True,False,P55017,Solute carrier family 12 member 3,1021
CLDN16,Tier2_SURFY_only,True,False,Q9Y5I7,Claudin-16,305
FAT4,Tier2_SURFY_only,True,False,Q6V0I7,Protocadherin Fat 4,4981
OR1L6,Tier2_SURFY_only,True,False,Q8NGR2,Olfactory receptor 1L6,347
BCAM,Tier2_SURFY_only,True,False,P50895,Basal cell adhesion molecule,628
OR4A4P,Tier2_SURFY_only,True,False,Q8NGN8,Putative olfactory receptor 4A4,299
SLC36A1,Tier2_SURFY_only,True,False,Q7Z2H8,Proton-coupled amino acid transporter 1,476
CD37,Tier2_SURFY_only,True,False,P11049,Leukocyte antigen CD37,281
AVPR1A,Tier2_SURFY_only,True,False,P37288,Vasopressin V1a receptor,418
CD14,Tier2_SURFY_only,True,False,P08571,Monocyte differentiation antigen CD14,375
CD300E,Tier2_SURFY_only,True,False,Q496F6,CMRF35-like molecule 2,205
CATSPERG,Tier2_SURFY_only,True,False,Q6ZRH7,Cation channel sperm-associated protein subunit gamma,1159
OR2A7,Tier2_SURFY_only,True,False,Q96R45,Olfactory receptor 2A7,310
GHR,Tier2_SURFY_only,True,False,P10912,Growth hormone receptor,638
CD47,Tier2_SURFY_only,True,False,Q08722,Leukocyte surface antigen CD47,323
GJC2,Tier2_SURFY_only,True,False,Q5T442,Gap junction gamma-2 protein,439
PTCRA,Tier2_SURFY_only,True,False,Q6ISU1,Pre T-cell antigen receptor alpha,281
LRFN1,Tier2_SURFY_only,True,False,Q9P244,Leucine-rich repeat and fibronectin type III domain-containing protein 1,771
CNTNAP4,Tier2_SURFY_only,True,False,Q9C0A0,Contactin-associated protein-like 4,1308
SLCO4A1,Tier2_SURFY_only,True,False,Q96BD0,Solute carrier organic anion transporter family member 4A1,722
DPP10,Tier2_SURFY_only,True,False,Q8N608,Inactive dipeptidyl peptidase 10,796
SLC37A3,Tier2_SURFY_only,True,False,Q8NCC5,Sugar phosphate exchanger 3,494
EQTN,Tier2_SURFY_only,True,False,Q9NQ60,Equatorin,294
ATP13A3,Tier2_SURFY_only,True,False,Q9H7F0,Probable cation-transporting ATPase 13A3,1226
OR2L5,Tier2_SURFY_only,True,False,Q8NG80,Olfactory receptor 2L5,312
OR6T1,Tier2_SURFY_only,True,False,Q8NGN1,Olfactory receptor 6T1,323
GPR87,Tier2_SURFY_only,True,False,Q9BY21,G-protein coupled receptor 87,358
CXCR6,Tier2_SURFY_only,True,False,O00574,C-X-C chemokine receptor type 6,342
KIR2DS3,Tier2_SURFY_only,True,False,Q14952,Killer cell immunoglobulin-like receptor 2DS3,304
FCGR1C,Tier2_SURFY_only,True,False,A6NKC4,Putative high affinity immunoglobulin gamma Fc receptor IC,280
HYAL2,Tier2_SURFY_only,True,False,Q12891,Hyaluronidase-2,473
ASGR1,Tier2_SURFY_only,True,False,P07306,Asialoglycoprotein receptor 1,291
FCGR1A,Tier2_SURFY_only,True,False,P12314,High affinity immunoglobulin gamma Fc receptor I,374
OR2J1,Tier2_SURFY_only,True,False,Q9GZK6,Olfactory receptor 2J1,312
DCHS2,Tier2_SURFY_only,True,False,Q6V1P9,Protocadherin-23,2916
SLC38A1,Tier2_SURFY_only,True,False,Q9H2H9,Sodium-coupled neutral amino acid transporter 1,487
CDH11,Tier2_SURFY_only,True,False,P55287,Cadherin-11,796
OR14C36,Tier2_SURFY_only,True,False,Q8NHC7,Olfactory receptor 14C36,312
EPOR,Tier2_SURFY_only,True,False,P19235,Erythropoietin receptor,508
PLXNA2,Tier2_SURFY_only,True,False,O75051,Plexin-A2,1894
OR14A16,Tier2_SURFY_only,True,False,Q8NHC5,Olfactory receptor 14A16,309
KCNJ4,Tier2_SURFY_only,True,False,P48050,Inward rectifier potassium channel 4,445
OR5H15,Tier2_SURFY_only,True,False,A6NDH6,Olfactory receptor 5H15,313
BMPR1A,Tier2_SURFY_only,True,False,P36894,Bone morphogenetic protein receptor type-1A,532
CHRM1,Tier2_SURFY_only,True,False,P11229,Muscarinic acetylcholine receptor M1,460
OR10G2,Tier2_SURFY_only,True,False,Q8NGC3,Olfactory receptor 10G2,310
CR1,Tier2_SURFY_only,True,False,P17927,Complement receptor type 1,2039
SLC6A4,Tier2_SURFY_only,True,False,P31645,Sodium-dependent serotonin transporter,630
NCMAP,Tier2_SURFY_only,True,False,Q5T1S8,Noncompact myelin-associated protein,102
OR14K1,Tier2_SURFY_only,True,False,Q8NGZ2,Olfactory receptor 14K1,314
DCHS1,Tier2_SURFY_only,True,False,Q96JQ0,Protocadherin-16,3298
OR3A2,Tier2_SURFY_only,True,False,P47893,Olfactory receptor 3A2,321
TM9SF3,Tier2_SURFY_only,True,False,Q9HD45,Transmembrane 9 superfamily member 3,589
SCN7A,Tier2_SURFY_only,True,False,Q01118,Sodium channel protein type 7 subunit alpha,1682
LY75,Tier2_SURFY_only,True,False,O60449,Lymphocyte antigen 75,1722
FCRL3,Tier2_SURFY_only,True,False,Q96P31,Fc receptor-like protein 3,734
GIPR,Tier2_SURFY_only,True,False,P48546,Gastric inhibitory polypeptide receptor,466
OR6C4,Tier2_SURFY_only,True,False,Q8NGE1,Olfactory receptor 6C4,309
OR4C12,Tier2_SURFY_only,True,False,Q96R67,Olfactory receptor 4C12,309
TMPRSS13,Tier2_SURFY_only,True,False,Q9BYE2,Transmembrane protease serine 13,586
CNTN5,Tier2_SURFY_only,True,False,O94779,Contactin-5,1100
GPC1,Tier2_SURFY_only,True,False,P35052,Glypican-1,558
TMEM62,Tier2_SURFY_only,True,False,Q0P6H9,Transmembrane protein 62,643
RXFP1,Tier2_SURFY_only,True,False,Q9HBX9,Relaxin receptor 1,757
LRRC38,Tier2_SURFY_only,True,False,Q5VT99,Leucine-rich repeat-containing protein 38,294
LDLRAD3,Tier2_SURFY_only,True,False,Q86YD5,Low-density lipoprotein receptor class A domain-containing protein 3,345
CACNA1I,Tier2_SURFY_only,True,False,Q9P0X4,Voltage-dependent T-type calcium channel subunit alpha-1I,2223
SLC8A2,Tier2_SURFY_only,True,False,Q9UPR5,Sodium/calcium exchanger 2,921
MFI2,Tier2_SURFY_only,True,False,P08582,Melanotransferrin,738
OR2G6,Tier2_SURFY_only,True,False,Q5TZ20,Olfactory receptor 2G6,316
TAS1R2,Tier2_SURFY_only,True,False,Q8TE23,Taste receptor type 1 member 2,839
BTLA,Tier2_SURFY_only,True,False,Q7Z6A9,B- and T-lymphocyte attenuator,289
TM7SF3,Tier2_SURFY_only,True,False,Q9NS93,Transmembrane 7 superfamily member 3,570
PKD1L2,Tier2_SURFY_only,True,False,Q7Z442,Polycystic kidney disease protein 1-like 2,2459
SCN2A,Tier2_SURFY_only,True,False,Q99250,Sodium channel protein type 2 subunit alpha,2005
SLC17A8,Tier2_SURFY_only,True,False,Q8NDX2,Vesicular glutamate transporter 3,589
FCGR2C,Tier2_SURFY_only,True,False,P31995,Low affinity immunoglobulin gamma Fc region receptor II-c,323
CHRNB2,Tier2_SURFY_only,True,False,P17787,Neuronal acetylcholine receptor subunit beta-2,502
APLNR,Tier2_SURFY_only,True,False,P35414,Apelin receptor,380
NRN1L,Tier2_SURFY_only,True,False,Q496H8,Neuritin-like protein,165
GPER1,Tier2_SURFY_only,True,False,Q99527,G-protein coupled estrogen receptor 1,375
NOTCH1,Tier2_SURFY_only,True,False,P46531,Neurogenic locus notch homolog protein 1,2555
SLC38A11,Tier2_SURFY_only,True,False,Q08AI6,Putative sodium-coupled neutral amino acid transporter 11,406
LAMP1,Tier2_SURFY_only,True,False,P11279,Lysosome-associated membrane glycoprotein 1,417
OR1F1,Tier2_SURFY_only,True,False,O43749,Olfactory receptor 1F1,312
FAM174B,Tier2_SURFY_only,True,False,Q3ZCQ3,Membrane protein FAM174B,159
SLC1A6,Tier2_SURFY_only,True,False,P48664,Excitatory amino acid transporter 4,564
VIPR1,Tier2_SURFY_only,True,False,P32241,Vasoactive intestinal polypeptide receptor 1,457
MCHR1,Tier2_SURFY_only,True,False,Q99705,Melanin-concentrating hormone receptor 1,422
GPR123,Tier2_SURFY_only,True,False,Q86SQ6,Probable G-protein coupled receptor 123,560
TMEM171,Tier2_SURFY_only,True,False,Q8WVE6,Transmembrane protein 171,324
OR12D3,Tier2_SURFY_only,True,False,Q9UGF7,Olfactory receptor 12D3,316
SLC12A7,Tier2_SURFY_only,True,False,Q9Y666,Solute carrier family 12 member 7,1083
SELE,Tier2_SURFY_only,True,False,P16581,E-selectin,610
PTPRB,Tier2_SURFY_only,True,False,P23467,Receptor-type tyrosine-protein phosphatase beta,1997
AMIGO1,Tier2_SURFY_only,True,False,Q86WK6,Amphoterin-induced protein 1,493
ICAM3,Tier2_SURFY_only,True,False,P32942,Intercellular adhesion molecule 3,547
OR13C2,Tier2_SURFY_only,True,False,Q8NGS9,Olfactory receptor 13C2,318
LINGO2,Tier2_SURFY_only,True,False,Q7L985,Leucine-rich repeat and immunoglobulin-like domain-containing nogo receptor-interacting protein 2,606
CD59,Tier2_SURFY_only,True,False,P13987,CD59 glycoprotein,128
SLC52A3,Tier2_SURFY_only,True,False,Q9NQ40,"Solute carrier family 52, riboflavin transporter, member 3",469
ADAM22,Tier2_SURFY_only,True,False,Q9P0K1,Disintegrin and metalloproteinase domain-containing protein 22,906
LRP3,Tier2_SURFY_only,True,False,O75074,Low-density lipoprotein receptor-related protein 3,770
OR2T35,Tier2_SURFY_only,True,False,Q8NGX2,Olfactory receptor 2T35,323
HAVCR2,Tier2_SURFY_only,True,False,Q8TDQ0,Hepatitis A virus cellular receptor 2,301
SLC3A2,Tier2_SURFY_only,True,False,P08195,4F2 cell-surface antigen heavy chain,630
OR10G4,Tier2_SURFY_only,True,False,Q8NGN3,Olfactory receptor 10G4,311
GFRA3,Tier2_SURFY_only,True,False,O60609,GDNF family receptor alpha-3,400
MPL,Tier2_SURFY_only,True,False,P40238,Thrombopoietin receptor,635
PDGFRB,Tier2_SURFY_only,True,False,P09619,Platelet-derived growth factor receptor beta,1106
PTCHD3,Tier2_SURFY_only,True,False,Q3KNS1,Patched domain-containing protein 3,767
ERVS71-1,Tier2_SURFY_only,True,False,P61550,Endogenous retrovirus group S71 member 1 Env polyprotein,626
ACHE,Tier2_SURFY_only,True,False,P22303,Acetylcholinesterase,614
SLC1A2,Tier2_SURFY_only,True,False,P43004,Excitatory amino acid transporter 2,574
AREG,Tier2_SURFY_only,True,False,P15514,Amphiregulin,252
OR2B2,Tier2_SURFY_only,True,False,Q9GZK3,Olfactory receptor 2B2,357
OR13D1,Tier2_SURFY_only,True,False,Q8NGV5,Olfactory receptor 13D1,346
OR8U8,Tier2_SURFY_only,True,False,P0C7N1,Olfactory receptor 8U8,319
SLC10A1,Tier2_SURFY_only,True,False,Q14973,Sodium/bile acid cotransporter,349
KLRF2,Tier2_SURFY_only,True,False,D3W0D1,Killer cell lectin-like receptor subfamily F member 2,207
GPR125,Tier2_SURFY_only,True,False,Q8IWK6,Probable G-protein coupled receptor 125,1321
OR9K2,Tier2_SURFY_only,True,False,Q8NGE7,Olfactory receptor 9K2,335
GPRC5C,Tier2_SURFY_only,True,False,Q9NQ84,G-protein coupled receptor family C group 5 member C,441
P2RX4,Tier2_SURFY_only,True,False,Q99571,P2X purinoceptor 4,388
LPAR5,Tier2_SURFY_only,True,False,Q9H1C0,Lysophosphatidic acid receptor 5,372
CLCA4,Tier2_SURFY_only,True,False,Q14CN2,Calcium-activated chloride channel regulator 4,919
KREMEN1,Tier2_SURFY_only,True,False,Q96MU8,Kremen protein 1,473
PDCD1,Tier2_SURFY_only,True,False,Q15116,Programmed cell death protein 1,288
IL17RD,Tier2_SURFY_only,True,False,Q8NFM7,Interleukin-17 receptor D,739
ACVR1C,Tier2_SURFY_only,True,False,Q8NER5,Activin receptor type-1C,493
LTB4R,Tier2_SURFY_only,True,False,Q15722,Leukotriene B4 receptor 1,352
OR4A15,Tier2_SURFY_only,True,False,Q8NGL6,Olfactory receptor 4A15,344
GP5,Tier2_SURFY_only,True,False,P40197,Platelet glycoprotein V,560
CSPG5,Tier2_SURFY_only,True,False,O95196,Chondroitin sulfate proteoglycan 5,566
GPR35,Tier2_SURFY_only,True,False,Q9HC97,G-protein coupled receptor 35,309
APLP1,Tier2_SURFY_only,True,False,P51693,Amyloid-like protein 1,650
LRFN3,Tier2_SURFY_only,True,False,Q9BTN0,Leucine-rich repeat and fibronectin type-III domain-containing protein 3,628
THSD7A,Tier2_SURFY_only,True,False,Q9UPZ6,Thrombospondin type-1 domain-containing protein 7A,1657
PLXNB1,Tier2_SURFY_only,True,False,O43157,Plexin-B1,2135
OR56A1,Tier2_SURFY_only,True,False,Q8NGH5,Olfactory receptor 56A1,318
APLP2,Tier2_SURFY_only,True,False,Q06481,Amyloid-like protein 2,763
ULBP3,Tier2_SURFY_only,True,False,Q9BZM4,NKG2D ligand 3,244
MFAP3,Tier2_SURFY_only,True,False,P55082,Microfibril-associated glycoprotein 3,362
ROR1,Tier2_SURFY_only,True,False,Q01973,Tyrosine-protein kinase transmembrane receptor ROR1,937
LRRC25,Tier2_SURFY_only,True,False,Q8N386,Leucine-rich repeat-containing protein 25,305
CLCA2,Tier2_SURFY_only,True,False,Q9UQC9,Calcium-activated chloride channel regulator 2,943
CD3D,Tier2_SURFY_only,True,False,P04234,T-cell surface glycoprotein CD3 delta chain,171
PTPRG,Tier2_SURFY_only,True,False,P23470,Receptor-type tyrosine-protein phosphatase gamma,1445
EMP2,Tier2_SURFY_only,True,False,P54851,Epithelial membrane protein 2,167
OR5D18,Tier2_SURFY_only,True,False,Q8NGL1,Olfactory receptor 5D18,313
GPNMB,Tier2_SURFY_only,True,False,Q14956,Transmembrane glycoprotein NMB,572
OPN4,Tier2_SURFY_only,True,False,Q9UHM6,Melanopsin,478
LPAR6,Tier2_SURFY_only,True,False,P43657,Lysophosphatidic acid receptor 6,344
LRFN4,Tier2_SURFY_only,True,False,Q6PJG9,Leucine-rich repeat and fibronectin type-III domain-containing protein 4,635
OR6C2,Tier2_SURFY_only,True,False,Q9NZP2,Olfactory receptor 6C2,312
TMEM26,Tier2_SURFY_only,True,False,Q6ZUK4,Transmembrane protein 26,368
GPR22,Tier2_SURFY_only,True,False,Q99680,Probable G-protein coupled receptor 22,433
IL21R,Tier2_SURFY_only,True,False,Q9HBE5,Interleukin-21 receptor,538
BVES,Tier2_SURFY_only,True,False,Q8NE79,Blood vessel epicardial substance,360
MAG,Tier2_SURFY_only,True,False,P20916,Myelin-associated glycoprotein,626
ADIPOR2,Tier2_SURFY_only,True,False,Q86V24,Adiponectin receptor protein 2,386
AMICA1,Tier2_SURFY_only,True,False,Q86YT9,Junctional adhesion molecule-like,394
DDR1,Tier2_SURFY_only,True,False,Q08345,Epithelial discoidin domain-containing receptor 1,913
OR1F2P,Tier2_SURFY_only,True,False,Q96R84,Putative olfactory receptor 1F2,312
ILDR1,Tier2_SURFY_only,True,False,Q86SU0,Immunoglobulin-like domain-containing receptor 1,546
TTYH1,Tier2_SURFY_only,True,False,Q9H313,Protein tweety homolog 1,450
GPR32P1,Tier2_SURFY_only,True,False,Q8NGA4,Putative G-protein coupled receptor GPR32P1,272
TAS2R7,Tier2_SURFY_only,True,False,Q9NYW3,Taste receptor type 2 member 7,318
PCDHA4,Tier2_SURFY_only,True,False,Q9UN74,Protocadherin alpha-4,947
NLGN3,Tier2_SURFY_only,True,False,Q9NZ94,Neuroligin-3,848
SCARF1,Tier2_SURFY_only,True,False,Q14162,Scavenger receptor class F member 1,830
BTNL10,Tier2_SURFY_only,True,False,A8MVZ5,Butyrophilin-like protein 10,291
SCARA5,Tier2_SURFY_only,True,False,Q6ZMJ2,Scavenger receptor class A member 5,495
KCNMB3,Tier2_SURFY_only,True,False,Q9NPA1,Calcium-activated potassium channel subunit beta-3,279
ACVRL1,Tier2_SURFY_only,True,False,P37023,Serine/threonine-protein kinase receptor R3,503
TMEM108,Tier2_SURFY_only,True,False,Q6UXF1,Transmembrane protein 108,575
KIT,Tier2_SURFY_only,True,False,P10721,Mast/stem cell growth factor receptor Kit,976
OR4C6,Tier2_SURFY_only,True,False,Q8NH72,Olfactory receptor 4C6,309
OR51I1,Tier2_SURFY_only,True,False,Q9H343,Olfactory receptor 51I1,314
SLC13A1,Tier2_SURFY_only,True,False,Q9BZW2,Solute carrier family 13 member 1,595
DSG2,Tier2_SURFY_only,True,False,Q14126,Desmoglein-2,1118
ATP4B,Tier2_SURFY_only,True,False,P51164,Potassium-transporting ATPase subunit beta,291
ENG,Tier2_SURFY_only,True,False,P17813,Endoglin,658
GRID2,Tier2_SURFY_only,True,False,O43424,"Glutamate receptor ionotropic, delta-2",1007
BDKRB2,Tier2_SURFY_only,True,False,P30411,B2 bradykinin receptor,391
SLC47A1,Tier2_SURFY_only,True,False,Q96FL8,Multidrug and toxin extrusion protein 1,570
ACKR1,Tier2_SURFY_only,True,False,Q16570,Atypical chemokine receptor 1,336
OR2H2,Tier2_SURFY_only,True,False,O95918,Olfactory receptor 2H2,312
CD24,Tier2_SURFY_only,True,False,P25063,Signal transducer CD24,80
OR1E2,Tier2_SURFY_only,True,False,P47887,Olfactory receptor 1E2,323
FLVCR2,Tier2_SURFY_only,True,False,Q9UPI3,Feline leukemia virus subgroup C receptor-related protein 2,526
NRP2,Tier2_SURFY_only,True,False,O60462,Neuropilin-2,931
TMIGD1,Tier2_SURFY_only,True,False,Q6UXZ0,Transmembrane and immunoglobulin domain-containing protein 1,262
GPR176,Tier2_SURFY_only,True,False,Q14439,Probable G-protein coupled receptor 176,515
PCDHA9,Tier2_SURFY_only,True,False,Q9Y5H5,Protocadherin alpha-9,950
ITGA10,Tier2_SURFY_only,True,False,O75578,Integrin alpha-10,1167
SV2C,Tier2_SURFY_only,True,False,Q496J9,Synaptic vesicle glycoprotein 2C,727
PECAM1,Tier2_SURFY_only,True,False,P16284,Platelet endothelial cell adhesion molecule,738
TSPAN9,Tier2_SURFY_only,True,False,O75954,Tetraspanin-9,239
GPR34,Tier2_SURFY_only,True,False,Q9UPC5,Probable G-protein coupled receptor 34,381
OR4E2,Tier2_SURFY_only,True,False,Q8NGC2,Olfactory receptor 4E2,313
SIGLEC15,Tier2_SURFY_only,True,False,Q6ZMC9,Sialic acid-binding Ig-like lectin 15,328
OR51J1,Tier2_SURFY_only,True,False,Q9H342,Olfactory receptor 51J1,316
SLC4A5,Tier2_SURFY_only,True,False,Q9BY07,Electrogenic sodium bicarbonate cotransporter 4,1137
MFSD12,Tier2_SURFY_only,True,False,Q6NUT3,Major facilitator superfamily domain-containing protein 12,480
KCNS1,Tier2_SURFY_only,True,False,Q96KK3,Potassium voltage-gated channel subfamily S member 1,526
OR4A16,Tier2_SURFY_only,True,False,Q8NH70,Olfactory receptor 4A16,328
LRIG2,Tier2_SURFY_only,True,False,O94898,Leucine-rich repeats and immunoglobulin-like domains protein 2,1065
OR5B2,Tier2_SURFY_only,True,False,Q96R09,Olfactory receptor 5B2,309
SPACA1,Tier2_SURFY_only,True,False,Q9HBV2,Sperm acrosome membrane-associated protein 1,294
CDH8,Tier2_SURFY_only,True,False,P55286,Cadherin-8,799
TLR5,Tier2_SURFY_only,True,False,O60602,Toll-like receptor 5,858
OR5AU1,Tier2_SURFY_only,True,False,Q8NGC0,Olfactory receptor 5AU1,362
HTR1A,Tier2_SURFY_only,True,False,P08908,5-hydroxytryptamine receptor 1A,422
SLC2A1,Tier2_SURFY_only,True,False,P11166,"Solute carrier family 2, facilitated glucose transporter member 1",492
GPBAR1,Tier2_SURFY_only,True,False,Q8TDU6,G-protein coupled bile acid receptor 1,330
CCKAR,Tier2_SURFY_only,True,False,P32238,Cholecystokinin receptor type A,428
TRAT1,Tier2_SURFY_only,True,False,Q6PIZ9,T-cell receptor-associated transmembrane adapter 1,186
LRRC4C,Tier2_SURFY_only,True,False,Q9HCJ2,Leucine-rich repeat-containing protein 4C,640
HLA-DMA,Tier2_SURFY_only,True,False,P28067,"HLA class II histocompatibility antigen, DM alpha chain",261
ENTPD1,Tier2_SURFY_only,True,False,P49961,Ectonucleoside triphosphate diphosphohydrolase 1,510
RAET1L,Tier2_SURFY_only,True,False,Q5VY80,Retinoic acid early transcript 1L protein,246
OR4K1,Tier2_SURFY_only,True,False,Q8NGD4,Olfactory receptor 4K1,311
SLC5A8,Tier2_SURFY_only,True,False,Q8N695,Sodium-coupled monocarboxylate transporter 1,610
EMR1,Tier2_SURFY_only,True,False,Q14246,EGF-like module-containing mucin-like hormone receptor-like 1,886
SLC39A9,Tier2_SURFY_only,True,False,Q9NUM3,Zinc transporter ZIP9,307
GPR148,Tier2_SURFY_only,True,False,Q8TDV2,Probable G-protein coupled receptor 148,347
SSR1,Tier2_SURFY_only,True,False,P43307,Translocon-associated protein subunit alpha,286
ERVK-19,Tier2_SURFY_only,True,False,O71037,Endogenous retrovirus group K member 19 Env polyprotein,699
LRP1,Tier2_SURFY_only,True,False,Q07954,Prolow-density lipoprotein receptor-related protein 1,4544
EPHA1,Tier2_SURFY_only,True,False,P21709,Ephrin type-A receptor 1,976
LPPR5,Tier2_SURFY_only,True,False,Q32ZL2,Lipid phosphate phosphatase-related protein type 5,321
TLR2,Tier2_SURFY_only,True,False,O60603,Toll-like receptor 2,784
MRGPRX2,Tier2_SURFY_only,True,False,Q96LB1,Mas-related G-protein coupled receptor member X2,330
OR1N1,Tier2_SURFY_only,True,False,Q8NGS0,Olfactory receptor 1N1,311
TMEM235,Tier2_SURFY_only,True,False,A6NFC5,Transmembrane protein 235,223
NPR3,Tier2_SURFY_only,True,False,P17342,Atrial natriuretic peptide receptor 3,541
MRGPRD,Tier2_SURFY_only,True,False,Q8TDS7,Mas-related G-protein coupled receptor member D,321
OR7D2,Tier2_SURFY_only,True,False,Q96RA2,Olfactory receptor 7D2,312
NOTCH2,Tier2_SURFY_only,True,False,Q04721,Neurogenic locus notch homolog protein 2,2471
S1PR3,Tier2_SURFY_only,True,False,Q99500,Sphingosine 1-phosphate receptor 3,378
SECTM1,Tier2_SURFY_only,True,False,Q8WVN6,Secreted and transmembrane protein 1,248
CDHR4,Tier2_SURFY_only,True,False,A6H8M9,Cadherin-related family member 4,788
GPR158,Tier2_SURFY_only,True,False,Q5T848,Probable G-protein coupled receptor 158,1215
CD180,Tier2_SURFY_only,True,False,Q99467,CD180 antigen,661
TMEM30C,Tier2_SURFY_only,True,False,A0ZSE6,Cell cycle control protein 50C,113
CXCL16,Tier2_SURFY_only,True,False,Q9H2A7,C-X-C motif chemokine 16,254
ANO2,Tier2_SURFY_only,True,False,Q9NQ90,Anoctamin-2,1003
SLC22A2,Tier2_SURFY_only,True,False,O15244,Solute carrier family 22 member 2,555
ANO9,Tier2_SURFY_only,True,False,A1A5B4,Anoctamin-9,782
SLC34A1,Tier2_SURFY_only,True,False,Q06495,Sodium-dependent phosphate transport protein 2A,639
TLR6,Tier2_SURFY_only,True,False,Q9Y2C9,Toll-like receptor 6,796
CD1C,Tier2_SURFY_only,True,False,P29017,T-cell surface glycoprotein CD1c,333
OXGR1,Tier2_SURFY_only,True,False,Q96P68,2-oxoglutarate receptor 1,337
FZD10,Tier2_SURFY_only,True,False,Q9ULW2,Frizzled-10,581
MFSD2B,Tier2_SURFY_only,True,False,A6NFX1,Major facilitator superfamily domain-containing protein 2B,497
OR10Q1,Tier2_SURFY_only,True,False,Q8NGQ4,Olfactory receptor 10Q1,319
ACE,Tier2_SURFY_only,True,False,P12821,Angiotensin-converting enzyme,1306
PCDHB9,Tier2_SURFY_only,True,False,Q9Y5E1,Protocadherin beta-9,797
IL18RAP,Tier2_SURFY_only,True,False,O95256,Interleukin-18 receptor accessory protein,599
CLRN1,Tier2_SURFY_only,True,False,P58418,Clarin-1,232
PLXND1,Tier2_SURFY_only,True,False,Q9Y4D7,Plexin-D1,1925
SLITRK2,Tier2_SURFY_only,True,False,Q9H156,SLIT and NTRK-like protein 2,845
OR6B2,Tier2_SURFY_only,True,False,Q6IFH4,Olfactory receptor 6B2,312
ATP1A4,Tier2_SURFY_only,True,False,Q13733,Sodium/potassium-transporting ATPase subunit alpha-4,1029
AQP9,Tier2_SURFY_only,True,False,O43315,Aquaporin-9,295
FZD2,Tier2_SURFY_only,True,False,Q14332,Frizzled-2,565
F3,Tier2_SURFY_only,True,False,P13726,Tissue factor,295
LYPD1,Tier2_SURFY_only,True,False,Q8N2G4,Ly6/PLAUR domain-containing protein 1,141
CD226,Tier2_SURFY_only,True,False,Q15762,CD226 antigen,336
OR5B21,Tier2_SURFY_only,True,False,A6NL26,Olfactory receptor 5B21,309
SLC12A1,Tier2_SURFY_only,True,False,Q13621,Solute carrier family 12 member 1,1099
RAMP2,Tier2_SURFY_only,True,False,O60895,Receptor activity-modifying protein 2,175
IFNLR1,Tier2_SURFY_only,True,False,Q8IU57,Interferon lambda receptor 1,520
OR2Z1,Tier2_SURFY_only,True,False,Q8NG97,Olfactory receptor 2Z1,314
FLRT2,Tier2_SURFY_only,True,False,O43155,Leucine-rich repeat transmembrane protein FLRT2,660
ACVR1B,Tier2_SURFY_only,True,False,P36896,Activin receptor type-1B,505
AMN,Tier2_SURFY_only,True,False,Q9BXJ7,Protein amnionless,453
MUC17,Tier2_SURFY_only,True,False,Q685J3,Mucin-17,4493
MEGF10,Tier2_SURFY_only,True,False,Q96KG7,Multiple epidermal growth factor-like domains protein 10,1140
AXL,Tier2_SURFY_only,True,False,P30530,Tyrosine-protein kinase receptor UFO,894
OPN1SW,Tier2_SURFY_only,True,False,P03999,Short-wave-sensitive opsin 1,348
OR4C13,Tier2_SURFY_only,True,False,Q8NGP0,Olfactory receptor 4C13,309
PRPH2,Tier2_SURFY_only,True,False,P23942,Peripherin-2,346
QSOX2,Tier2_SURFY_only,True,False,Q6ZRP7,Sulfhydryl oxidase 2,698
TMPRSS11B,Tier2_SURFY_only,True,False,Q86T26,Transmembrane protease serine 11B,416
SLC14A2,Tier2_SURFY_only,True,False,Q15849,Urea transporter 2,920
NRROS,Tier2_SURFY_only,True,False,Q86YC3,Negative regulator of reactive oxygen species,692
OR4D5,Tier2_SURFY_only,True,False,Q8NGN0,Olfactory receptor 4D5,318
OR51A7,Tier2_SURFY_only,True,False,Q8NH64,Olfactory receptor 51A7,312
DCBLD2,Tier2_SURFY_only,True,False,Q96PD2,"Discoidin, CUB and LCCL domain-containing protein 2",775
OR5D16,Tier2_SURFY_only,True,False,Q8NGK9,Olfactory receptor 5D16,328
EPHA10,Tier2_SURFY_only,True,False,Q5JZY3,Ephrin type-A receptor 10,1008
GRM8,Tier2_SURFY_only,True,False,O00222,Metabotropic glutamate receptor 8,908
SLC13A3,Tier2_SURFY_only,True,False,Q8WWT9,Solute carrier family 13 member 3,602
GSG1L,Tier2_SURFY_only,True,False,Q6UXU4,Germ cell-specific gene 1-like protein,331
KIRREL,Tier2_SURFY_only,True,False,Q96J84,Kin of IRRE-like protein 1,757
SLC9A1,Tier2_SURFY_only,True,False,P19634,Sodium/hydrogen exchanger 1,815
OR10P1,Tier2_SURFY_only,True,False,Q8NGE3,Olfactory receptor 10P1,313
CELSR3,Tier2_SURFY_only,True,False,Q9NYQ7,Cadherin EGF LAG seven-pass G-type receptor 3,3312
PTH1R,Tier2_SURFY_only,True,False,Q03431,Parathyroid hormone/parathyroid hormone-related peptide receptor,593
TYRP1,Tier2_SURFY_only,True,False,P17643,"5,6-dihydroxyindole-2-carboxylic acid oxidase",537
FCRL2,Tier2_SURFY_only,True,False,Q96LA5,Fc receptor-like protein 2,508
SLC9A2,Tier2_SURFY_only,True,False,Q9UBY0,Sodium/hydrogen exchanger 2,812
CDH22,Tier2_SURFY_only,True,False,Q9UJ99,Cadherin-22,828
KLRG1,Tier2_SURFY_only,True,False,Q96E93,Killer cell lectin-like receptor subfamily G member 1,195
PLXNC1,Tier2_SURFY_only,True,False,O60486,Plexin-C1,1568
SLC45A4,Tier2_SURFY_only,True,False,Q5BKX6,Solute carrier family 45 member 4,768
SERINC5,Tier2_SURFY_only,True,False,Q86VE9,Serine incorporator 5,423
ABCB5,Tier2_SURFY_only,True,False,Q2M3G0,ATP-binding cassette sub-family B member 5,1257
TNFRSF10A,Tier2_SURFY_only,True,False,O00220,Tumor necrosis factor receptor superfamily member 10A,468
ASTN1,Tier2_SURFY_only,True,False,O14525,Astrotactin-1,1302
CD1B,Tier2_SURFY_only,True,False,P29016,T-cell surface glycoprotein CD1b,333
CACNG3,Tier2_SURFY_only,True,False,O60359,Voltage-dependent calcium channel gamma-3 subunit,315
EPGN,Tier2_SURFY_only,True,False,Q6UW88,Epigen,154
KIR2DS2,Tier2_SURFY_only,True,False,P43631,Killer cell immunoglobulin-like receptor 2DS2,304
PCDHGA4,Tier2_SURFY_only,True,False,Q9Y5G9,Protocadherin gamma-A4,931
TSPAN14,Tier2_SURFY_only,True,False,Q8NG11,Tetraspanin-14,270
LRRC37A,Tier2_SURFY_only,True,False,A6NMS7,Leucine-rich repeat-containing protein 37A,1700
SEMA4G,Tier2_SURFY_only,True,False,Q9NTN9,Semaphorin-4G,838
TSPAN13,Tier2_SURFY_only,True,False,O95857,Tetraspanin-13,204
SLITRK5,Tier2_SURFY_only,True,False,O94991,SLIT and NTRK-like protein 5,958
GPRC5A,Tier2_SURFY_only,True,False,Q8NFJ5,Retinoic acid-induced protein 3,357
HLA-B,Tier2_SURFY_only,True,False,P01889,"HLA class I histocompatibility antigen, B-7 alpha chain",362
PLXNB2,Tier2_SURFY_only,True,False,O15031,Plexin-B2,1838
ITGAD,Tier2_SURFY_only,True,False,Q13349,Integrin alpha-D,1161
SLC17A6,Tier2_SURFY_only,True,False,Q9P2U8,Vesicular glutamate transporter 2,582
TMEFF1,Tier2_SURFY_only,True,False,Q8IYR6,Tomoregulin-1,380
OR2A1,Tier2_SURFY_only,True,False,Q8NGT9,Olfactory receptor 2A1/2A42,310
NPFFR1,Tier2_SURFY_only,True,False,Q9GZQ6,Neuropeptide FF receptor 1,430
SIGLEC10,Tier2_SURFY_only,True,False,Q96LC7,Sialic acid-binding Ig-like lectin 10,697
AVPR1B,Tier2_SURFY_only,True,False,P47901,Vasopressin V1b receptor,424
OR51E2,Tier2_SURFY_only,True,False,Q9H255,Olfactory receptor 51E2,320
CELSR2,Tier2_SURFY_only,True,False,Q9HCU4,Cadherin EGF LAG seven-pass G-type receptor 2,2923
ALPL,Tier2_SURFY_only,True,False,P05186,"Alkaline phosphatase, tissue-nonspecific isozyme",524
INSR,Tier2_SURFY_only,True,False,P06213,Insulin receptor,1382
TMEM219,Tier2_SURFY_only,True,False,Q86XT9,Insulin-like growth factor-binding protein 3 receptor,240
OR2T8,Tier2_SURFY_only,True,False,A6NH00,Olfactory receptor 2T8,312
LRRN4,Tier2_SURFY_only,True,False,Q8WUT4,Leucine-rich repeat neuronal protein 4,740
ANPEP,Tier2_SURFY_only,True,False,P15144,Aminopeptidase N,967
DISP2,Tier2_SURFY_only,True,False,A7MBM2,Protein dispatched homolog 2,1401
OR10H1,Tier2_SURFY_only,True,False,Q9Y4A9,Olfactory receptor 10H1,318
KL,Tier2_SURFY_only,True,False,Q9UEF7,Klotho,1012
OR52I1,Tier2_SURFY_only,True,False,Q8NGK6,Olfactory receptor 52I1,324
GLRB,Tier2_SURFY_only,True,False,P48167,Glycine receptor subunit beta,497
FLT4,Tier2_SURFY_only,True,False,P35916,Vascular endothelial growth factor receptor 3,1363
EPHB2,Tier2_SURFY_only,True,False,P29323,Ephrin type-B receptor 2,1055
CDHR2,Tier2_SURFY_only,True,False,Q9BYE9,Cadherin-related family member 2,1310
PTPRT,Tier2_SURFY_only,True,False,O14522,Receptor-type tyrosine-protein phosphatase T,1441
TRABD2A,Tier2_SURFY_only,True,False,Q86V40,Metalloprotease TIKI1,505
OR4K17,Tier2_SURFY_only,True,False,Q8NGC6,Olfactory receptor 4K17,315
TXNDC15,Tier2_SURFY_only,True,False,Q96J42,Thioredoxin domain-containing protein 15,360
SLC52A2,Tier2_SURFY_only,True,False,Q9HAB3,"Solute carrier family 52, riboflavin transporter, member 2",445
TMEM231,Tier2_SURFY_only,True,False,Q9H6L2,Transmembrane protein 231,316
SORCS3,Tier2_SURFY_only,True,False,Q9UPU3,VPS10 domain-containing receptor SorCS3,1222
OR52L1,Tier2_SURFY_only,True,False,Q8NGH7,Olfactory receptor 52L1,329
ABCB11,Tier2_SURFY_only,True,False,O95342,Bile salt export pump,1321
BAMBI,Tier2_SURFY_only,True,False,Q13145,BMP and activin membrane-bound inhibitor homolog,260
TMEM255A,Tier2_SURFY_only,True,False,Q5JRV8,Transmembrane protein 255A,349
LYPD8,Tier2_SURFY_only,True,False,Q6UX82,Ly6/PLAUR domain-containing protein 8,237
SLC12A4,Tier2_SURFY_only,True,False,Q9UP95,Solute carrier family 12 member 4,1085
LIFR,Tier2_SURFY_only,True,False,P42702,Leukemia inhibitory factor receptor,1097
THSD1,Tier2_SURFY_only,True,False,Q9NS62,Thrombospondin type-1 domain-containing protein 1,852
CNTN3,Tier2_SURFY_only,True,False,Q9P232,Contactin-3,1028
OR2W6P,Tier2_SURFY_only,True,False,Q8NHA6,Putative olfactory receptor 2W6,318
OR7C2,Tier2_SURFY_only,True,False,O60412,Olfactory receptor 7C2,319
SLC22A25,Tier2_SURFY_only,True,False,Q6T423,Solute carrier family 22 member 25,547
KIR2DS5,Tier2_SURFY_only,True,False,Q14953,Killer cell immunoglobulin-like receptor 2DS5,304
GJC3,Tier2_SURFY_only,True,False,Q8NFK1,Gap junction gamma-3 protein,279
LHFPL4,Tier2_SURFY_only,True,False,Q7Z7J7,Lipoma HMGIC fusion partner-like 4 protein,247
TMEM8A,Tier2_SURFY_only,True,False,Q9HCN3,Transmembrane protein 8A,771
OR10D4P,Tier2_SURFY_only,True,False,Q8NGN7,Putative olfactory receptor 10D4,298
OR52N1,Tier2_SURFY_only,True,False,Q8NH53,Olfactory receptor 52N1,320
CD40LG,Tier2_SURFY_only,True,False,P29965,CD40 ligand,261
RXFP2,Tier2_SURFY_only,True,False,Q8WXD0,Relaxin receptor 2,754
BAI1,Tier2_SURFY_only,True,False,O14514,Brain-specific angiogenesis inhibitor 1,1584
GPR98,Tier2_SURFY_only,True,False,Q8WXG9,G-protein coupled receptor 98,6306
PTPRK,Tier2_SURFY_only,True,False,Q15262,Receptor-type tyrosine-protein phosphatase kappa,1439
CRTAM,Tier2_SURFY_only,True,False,O95727,Cytotoxic and regulatory T-cell molecule,393
MRVI1,Tier2_SURFY_only,True,False,Q9Y6F6,Protein MRVI1,885
OR10J5,Tier2_SURFY_only,True,False,Q8NHC4,Olfactory receptor 10J5,309
CHRNA10,Tier2_SURFY_only,True,False,Q9GZZ6,Neuronal acetylcholine receptor subunit alpha-10,450
CSF1,Tier2_SURFY_only,True,False,P09603,Macrophage colony-stimulating factor 1,554
LRTM2,Tier2_SURFY_only,True,False,Q8N967,Leucine-rich repeat and transmembrane domain-containing protein 2,370
OR8D2,Tier2_SURFY_only,True,False,Q9GZM6,Olfactory receptor 8D2,311
MPZL1,Tier2_SURFY_only,True,False,O95297,Myelin protein zero-like protein 1,269
ROS1,Tier2_SURFY_only,True,False,P08922,Proto-oncogene tyrosine-protein kinase ROS,2347
GPR37L1,Tier2_SURFY_only,True,False,O60883,Prosaposin receptor GPR37L1,481
HIAT1,Tier2_SURFY_only,True,False,Q96MC6,Hippocampus abundant transcript 1 protein,490
LILRB1,Tier2_SURFY_only,True,False,Q8NHL6,Leukocyte immunoglobulin-like receptor subfamily B member 1,650
ADAM8,Tier2_SURFY_only,True,False,P78325,Disintegrin and metalloproteinase domain-containing protein 8,824
DRD2,Tier2_SURFY_only,True,False,P14416,D(2) dopamine receptor,443
RELL1,Tier2_SURFY_only,True,False,Q8IUW5,RELT-like protein 1,271
DRD4,Tier2_SURFY_only,True,False,P21917,D(4) dopamine receptor,467
NUP210,Tier2_SURFY_only,True,False,Q8TEM1,Nuclear pore membrane glycoprotein 210,1887
SSPN,Tier2_SURFY_only,True,False,Q14714,Sarcospan,243
CHRNA5,Tier2_SURFY_only,True,False,P30532,Neuronal acetylcholine receptor subunit alpha-5,468
OR8B12,Tier2_SURFY_only,True,False,Q8NGG6,Olfactory receptor 8B12,310
NRXN3,Tier2_SURFY_only,True,False,Q9HDB5,Neurexin-3-beta,637
CLEC1A,Tier2_SURFY_only,True,False,Q8NC01,C-type lectin domain family 1 member A,280
OPRM1,Tier2_SURFY_only,True,False,P35372,Mu-type opioid receptor,400
SCN4A,Tier2_SURFY_only,True,False,P35499,Sodium channel protein type 4 subunit alpha,1836
DUOX2,Tier2_SURFY_only,True,False,Q9NRD8,Dual oxidase 2,1548
ABCB1,Tier2_SURFY_only,True,False,P08183,Multidrug resistance protein 1,1280
TSPAN31,Tier2_SURFY_only,True,False,Q12999,Tetraspanin-31,210
SLC29A2,Tier2_SURFY_only,True,False,Q14542,Equilibrative nucleoside transporter 2,456
DPEP2,Tier2_SURFY_only,True,False,Q9H4A9,Dipeptidase 2,486
PVR,Tier2_SURFY_only,True,False,P15151,Poliovirus receptor,417
OR52E2,Tier2_SURFY_only,True,False,Q8NGJ4,Olfactory receptor 52E2,325
MPEG1,Tier2_SURFY_only,True,False,Q2M385,Macrophage-expressed gene 1 protein,716
CLDND1,Tier2_SURFY_only,True,False,Q9NY35,Claudin domain-containing protein 1,253
LRRTM2,Tier2_SURFY_only,True,False,O43300,Leucine-rich repeat transmembrane neuronal protein 2,516
DPEP3,Tier2_SURFY_only,True,False,Q9H4B8,Dipeptidase 3,488
AVPR2,Tier2_SURFY_only,True,False,P30518,Vasopressin V2 receptor,371
SLC28A1,Tier2_SURFY_only,True,False,O00337,Sodium/nucleoside cotransporter 1,649
RTN4RL2,Tier2_SURFY_only,True,False,Q86UN3,Reticulon-4 receptor-like 2,420
LRP11,Tier2_SURFY_only,True,False,Q86VZ4,Low-density lipoprotein receptor-related protein 11,500
RGR,Tier2_SURFY_only,True,False,P47804,RPE-retinal G protein-coupled receptor,291
TMEM225,Tier2_SURFY_only,True,False,Q6GV28,Transmembrane protein 225,225
HRH4,Tier2_SURFY_only,True,False,Q9H3N8,Histamine H4 receptor,390
GPR33,Tier2_SURFY_only,True,False,Q49SQ1,Probable G-protein coupled receptor 33,333
TAS2R16,Tier2_SURFY_only,True,False,Q9NYV7,Taste receptor type 2 member 16,291
MAS1L,Tier2_SURFY_only,True,False,P35410,Mas-related G-protein coupled receptor MRG,378
NLGN2,Tier2_SURFY_only,True,False,Q8NFZ4,Neuroligin-2,835
ICAM4,Tier2_SURFY_only,True,False,Q14773,Intercellular adhesion molecule 4,271
GPIHBP1,Tier2_SURFY_only,True,False,Q8IV16,Glycosylphosphatidylinositol-anchored high density lipoprotein-binding protein 1,184
OR8K1,Tier2_SURFY_only,True,False,Q8NGG5,Olfactory receptor 8K1,319
SLC6A19,Tier2_SURFY_only,True,False,Q695T7,Sodium-dependent neutral amino acid transporter B(0)AT1,634
SIGLEC9,Tier2_SURFY_only,True,False,Q9Y336,Sialic acid-binding Ig-like lectin 9,463
HM13,Tier2_SURFY_only,True,False,Q8TCT9,Minor histocompatibility antigen H13,377
OR9Q2,Tier2_SURFY_only,True,False,Q8NGE9,Olfactory receptor 9Q2,314
TAAR8,Tier2_SURFY_only,True,False,Q969N4,Trace amine-associated receptor 8,342
PCDHGB2,Tier2_SURFY_only,True,False,Q9Y5G2,Protocadherin gamma-B2,931
CEACAM21,Tier2_SURFY_only,True,False,Q3KPI0,Carcinoembryonic antigen-related cell adhesion molecule 21,293
PCDHB6,Tier2_SURFY_only,True,False,Q9Y5E3,Protocadherin beta-6,794
OR10K1,Tier2_SURFY_only,True,False,Q8NGX5,Olfactory receptor 10K1,313
SLITRK6,Tier2_SURFY_only,True,False,Q9H5Y7,SLIT and NTRK-like protein 6,841
MMEL1,Tier2_SURFY_only,True,False,Q495T6,Membrane metallo-endopeptidase-like 1,779
OR51F2,Tier2_SURFY_only,True,False,Q8NH61,Olfactory receptor 51F2,342
PODXL2,Tier2_SURFY_only,True,False,Q9NZ53,Podocalyxin-like protein 2,605
CDH26,Tier2_SURFY_only,True,False,Q8IXH8,Cadherin-like protein 26,852
RAET1E,Tier2_SURFY_only,True,False,Q8TD07,NKG2D ligand 4,263
PILRA,Tier2_SURFY_only,True,False,Q9UKJ1,Paired immunoglobulin-like type 2 receptor alpha,303
NLGN4Y,Tier2_SURFY_only,True,False,Q8NFZ3,"Neuroligin-4, Y-linked",816
SLC6A11,Tier2_SURFY_only,True,False,P48066,Sodium- and chloride-dependent GABA transporter 3,632
FAM171A1,Tier2_SURFY_only,True,False,Q5VUB5,Protein FAM171A1,890
UPK3BL,Tier2_SURFY_only,True,False,B0FP48,Uroplakin-3b-like protein,263
MRGPRX3,Tier2_SURFY_only,True,False,Q96LB0,Mas-related G-protein coupled receptor member X3,322
FLT3LG,Tier2_SURFY_only,True,False,P49771,Fms-related tyrosine kinase 3 ligand,235
FRAS1,Tier2_SURFY_only,True,False,Q86XX4,Extracellular matrix protein FRAS1,4008
OR4F6,Tier2_SURFY_only,True,False,Q8NGB9,Olfactory receptor 4F6,312
OR4Q2,Tier2_SURFY_only,True,False,P0C623,Olfactory receptor 4Q2,313
KIR2DL5A,Tier2_SURFY_only,True,False,Q8N109,Killer cell immunoglobulin-like receptor 2DL5A,375
HEPACAM2,Tier2_SURFY_only,True,False,A8MVW5,HEPACAM family member 2,462
SLC2A7,Tier2_SURFY_only,True,False,Q6PXP3,"Solute carrier family 2, facilitated glucose transporter member 7",512
CTNS,Tier2_SURFY_only,True,False,O60931,Cystinosin,367
GPR146,Tier2_SURFY_only,True,False,Q96CH1,Probable G-protein coupled receptor 146,333
OR10G9,Tier2_SURFY_only,True,False,Q8NGN4,Olfactory receptor 10G9,311
SCARB1,Tier2_SURFY_only,True,False,Q8WTV0,Scavenger receptor class B member 1,552
HLA-DQB1,Tier2_SURFY_only,True,False,P01920,"HLA class II histocompatibility antigen, DQ beta 1 chain",261
TTYH3,Tier2_SURFY_only,True,False,Q9C0H2,Protein tweety homolog 3,523
SLC1A7,Tier2_SURFY_only,True,False,O00341,Excitatory amino acid transporter 5,560
HLA-H,Tier2_SURFY_only,True,False,P01893,"Putative HLA class I histocompatibility antigen, alpha chain H",362
SLC10A5,Tier2_SURFY_only,True,False,Q5PT55,Sodium/bile acid cotransporter 5,438
OR5H6,Tier2_SURFY_only,True,False,Q8NGV6,Olfactory receptor 5H6,325
FASLG,Tier2_SURFY_only,True,False,P48023,Tumor necrosis factor ligand superfamily member 6,281
GGT1,Tier2_SURFY_only,True,False,P19440,Gamma-glutamyltranspeptidase 1,569
MUC3A,Tier2_SURFY_only,True,False,Q02505,Mucin-3A,2541
CD79B,Tier2_SURFY_only,True,False,P40259,B-cell antigen receptor complex-associated protein beta chain,229
ECSCR,Tier2_SURFY_only,True,False,Q19T08,Endothelial cell-specific chemotaxis regulator,205
CHRNA1,Tier2_SURFY_only,True,False,P02708,Acetylcholine receptor subunit alpha,482
LRTM1,Tier2_SURFY_only,True,False,Q9HBL6,Leucine-rich repeat and transmembrane domain-containing protein 1,345
PLXDC1,Tier2_SURFY_only,True,False,Q8IUK5,Plexin domain-containing protein 1,500
HEPH,Tier2_SURFY_only,True,False,Q9BQS7,Hephaestin,1158
OR5M11,Tier2_SURFY_only,True,False,Q96RB7,Olfactory receptor 5M11,305
OR10R2,Tier2_SURFY_only,True,False,Q8NGX6,Olfactory receptor 10R2,335
SLC32A1,Tier2_SURFY_only,True,False,Q9H598,Vesicular inhibitory amino acid transporter,525
TMEM132D,Tier2_SURFY_only,True,False,Q14C87,Transmembrane protein 132D,1099
GRIK2,Tier2_SURFY_only,True,False,Q13002,"Glutamate receptor ionotropic, kainate 2",908
CSF1R,Tier2_SURFY_only,True,False,P07333,Macrophage colony-stimulating factor 1 receptor,972
GPR63,Tier2_SURFY_only,True,False,Q9BZJ6,Probable G-protein coupled receptor 63,419
CACNG4,Tier2_SURFY_only,True,False,Q9UBN1,Voltage-dependent calcium channel gamma-4 subunit,327
OR4S2,Tier2_SURFY_only,True,False,Q8NH73,Olfactory receptor 4S2,311
OR2T6,Tier2_SURFY_only,True,False,Q8NHC8,Olfactory receptor 2T6,308
SLC2A8,Tier2_SURFY_only,True,False,Q9NY64,"Solute carrier family 2, facilitated glucose transporter member 8",477
OR13G1,Tier2_SURFY_only,True,False,Q8NGZ3,Olfactory receptor 13G1,307
ADCY7,Tier2_SURFY_only,True,False,P51828,Adenylate cyclase type 7,1080
IGSF9B,Tier2_SURFY_only,True,False,Q9UPX0,Protein turtle homolog B,1349
DSC2,Tier2_SURFY_only,True,False,Q02487,Desmocollin-2,901
SLC26A2,Tier2_SURFY_only,True,False,P50443,Sulfate transporter,739
C11orf87,Tier2_SURFY_only,True,False,Q6NUJ2,Uncharacterized protein C11orf87,197
MILR1,Tier2_SURFY_only,True,False,Q7Z6M3,Allergin-1,343
SCNN1B,Tier2_SURFY_only,True,False,P51168,Amiloride-sensitive sodium channel subunit beta,640
OR5AN1,Tier2_SURFY_only,True,False,Q8NGI8,Olfactory receptor 5AN1,311
LRRC37A2,Tier2_SURFY_only,True,False,A6NM11,Leucine-rich repeat-containing protein 37A2,1700
NCAM2,Tier2_SURFY_only,True,False,O15394,Neural cell adhesion molecule 2,837
GABRA4,Tier2_SURFY_only,True,False,P48169,Gamma-aminobutyric acid receptor subunit alpha-4,554
OR5H14,Tier2_SURFY_only,True,False,A6NHG9,Olfactory receptor 5H14,310
ZP1,Tier2_SURFY_only,True,False,P60852,Zona pellucida sperm-binding protein 1,638
ZP2,Tier2_SURFY_only,True,False,Q05996,Zona pellucida sperm-binding protein 2,745
PCDHGA3,Tier2_SURFY_only,True,False,Q9Y5H0,Protocadherin gamma-A3,932
MFAP3L,Tier2_SURFY_only,True,False,O75121,Microfibrillar-associated protein 3-like,409
TAS1R1,Tier2_SURFY_only,True,False,Q7RTX1,Taste receptor type 1 member 1,841
TM9SF1,Tier2_SURFY_only,True,False,O15321,Transmembrane 9 superfamily member 1,606
MRGPRX1,Tier2_SURFY_only,True,False,Q96LB2,Mas-related G-protein coupled receptor member X1,322
LRIT3,Tier2_SURFY_only,True,False,Q3SXY7,"Leucine-rich repeat, immunoglobulin-like domain and transmembrane domain-containing protein 3",679
SCNN1G,Tier2_SURFY_only,True,False,P51170,Amiloride-sensitive sodium channel subunit gamma,649
SLC22A5,Tier2_SURFY_only,True,False,O76082,Solute carrier family 22 member 5,557
OR5V1,Tier2_SURFY_only,True,False,Q9UGF6,Olfactory receptor 5V1,321
GPR155,Tier2_SURFY_only,True,False,Q7Z3F1,Integral membrane protein GPR155,870
SLC6A2,Tier2_SURFY_only,True,False,P23975,Sodium-dependent noradrenaline transporter,617
CLDN12,Tier2_SURFY_only,True,False,P56749,Claudin-12,244
SLC39A5,Tier2_SURFY_only,True,False,Q6ZMH5,Zinc transporter ZIP5,540
TRGC2,Tier2_SURFY_only,True,False,P03986,T-cell receptor gamma-2 chain C region,189
RECK,Tier2_SURFY_only,True,False,O95980,Reversion-inducing cysteine-rich protein with Kazal motifs,971
PRND,Tier2_SURFY_only,True,False,Q9UKY0,Prion-like protein doppel,176
OR2T4,Tier2_SURFY_only,True,False,Q8NH00,Olfactory receptor 2T4,348
BTN2A1,Tier2_SURFY_only,True,False,Q7KYR7,Butyrophilin subfamily 2 member A1,527
PCDHA13,Tier2_SURFY_only,True,False,Q9Y5I0,Protocadherin alpha-13,950
LINGO3,Tier2_SURFY_only,True,False,P0C6S8,Leucine-rich repeat and immunoglobulin-like domain-containing nogo receptor-interacting protein 3,592
MUC3B,Tier2_SURFY_only,True,False,Q9H195,Mucin-3B (Fragments),1237
PPAP2C,Tier2_SURFY_only,True,False,O43688,Lipid phosphate phosphohydrolase 2,288
NRXN1,Tier2_SURFY_only,True,False,P58400,Neurexin-1-beta,442
CNTNAP3B,Tier2_SURFY_only,True,False,Q96NU0,Contactin-associated protein-like 3B,1288
SLC16A4,Tier2_SURFY_only,True,False,O15374,Monocarboxylate transporter 5,487
THSD7B,Tier2_SURFY_only,True,False,Q9C0I4,Thrombospondin type-1 domain-containing protein 7B,1608
CCR1,Tier2_SURFY_only,True,False,P32246,C-C chemokine receptor type 1,355
MS4A6A,Tier2_SURFY_only,True,False,Q9H2W1,Membrane-spanning 4-domains subfamily A member 6A,248
GPR64,Tier2_SURFY_only,True,False,Q8IZP9,G-protein coupled receptor 64,1017
GP6,Tier2_SURFY_only,True,False,Q9HCN6,Platelet glycoprotein VI,339
PCNXL2,Tier2_SURFY_only,True,False,A6NKB5,Pecanex-like protein 2,2137
GPR21,Tier2_SURFY_only,True,False,Q99679,Probable G-protein coupled receptor 21,349
TLR10,Tier2_SURFY_only,True,False,Q9BXR5,Toll-like receptor 10,811
SLC15A4,Tier2_SURFY_only,True,False,Q8N697,Solute carrier family 15 member 4,577
PROM1,Tier2_SURFY_only,True,False,O43490,Prominin-1,865
CLEC4M,Tier2_SURFY_only,True,False,Q9H2X3,C-type lectin domain family 4 member M,399
CLDN10,Tier2_SURFY_only,True,False,P78369,Claudin-10,228
LMBRD1,Tier2_SURFY_only,True,False,Q9NUN5,Probable lysosomal cobalamin transporter,540
GPR42,Tier2_SURFY_only,True,False,O15529,G-protein coupled receptor 42,346
ITGAM,Tier2_SURFY_only,True,False,P11215,Integrin alpha-M,1152
OR3A1,Tier2_SURFY_only,True,False,P47881,Olfactory receptor 3A1,315
SLC18A1,Tier2_SURFY_only,True,False,P54219,Chromaffin granule amine transporter,525
IL17RE,Tier2_SURFY_only,True,False,Q8NFR9,Interleukin-17 receptor E,667
TAS2R8,Tier2_SURFY_only,True,False,Q9NYW2,Taste receptor type 2 member 8,309
ROR2,Tier2_SURFY_only,True,False,Q01974,Tyrosine-protein kinase transmembrane receptor ROR2,943
IL23R,Tier2_SURFY_only,True,False,Q5VWK5,Interleukin-23 receptor,629
OR2T3,Tier2_SURFY_only,True,False,Q8NH03,Olfactory receptor 2T3,318
XCR1,Tier2_SURFY_only,True,False,P46094,Chemokine XC receptor 1,333
OR14A2,Tier2_SURFY_only,True,False,Q96R54,Olfactory receptor 14A2,314
FURIN,Tier2_SURFY_only,True,False,P09958,Furin,794
CEACAM4,Tier2_SURFY_only,True,False,O75871,Carcinoembryonic antigen-related cell adhesion molecule 4,244
PDGFRA,Tier2_SURFY_only,True,False,P16234,Platelet-derived growth factor receptor alpha,1089
TMEM132C,Tier2_SURFY_only,True,False,Q8N3T6,Transmembrane protein 132C,1108
CXADR,Tier2_SURFY_only,True,False,P78310,Coxsackievirus and adenovirus receptor,365
OR56B2P,Tier2_SURFY_only,True,False,Q8NGI1,Putative olfactory receptor 56B2,322
SLC8A3,Tier2_SURFY_only,True,False,P57103,Sodium/calcium exchanger 3,927
OR2A4,Tier2_SURFY_only,True,False,O95047,Olfactory receptor 2A4,310
ADCY6,Tier2_SURFY_only,True,False,O43306,Adenylate cyclase type 6,1168
GPR137B,Tier2_SURFY_only,True,False,O60478,Integral membrane protein GPR137B,399
NCR1,Tier2_SURFY_only,True,False,O76036,Natural cytotoxicity triggering receptor 1,304
SIGLEC12,Tier2_SURFY_only,True,False,Q96PQ1,Sialic acid-binding Ig-like lectin 12,595
GRID1,Tier2_SURFY_only,True,False,Q9ULK0,"Glutamate receptor ionotropic, delta-1",1009
OR4D1,Tier2_SURFY_only,True,False,Q15615,Olfactory receptor 4D1,310
OPN1MW,Tier2_SURFY_only,True,False,P04001,Medium-wave-sensitive opsin 1,364
OR5J2,Tier2_SURFY_only,True,False,Q8NH18,Olfactory receptor 5J2,312
ERVK-24,Tier2_SURFY_only,True,False,P61566,Endogenous retrovirus group K member 24 Env polyprotein,588
OR13A1,Tier2_SURFY_only,True,False,Q8NGR1,Olfactory receptor 13A1,328
RXFP4,Tier2_SURFY_only,True,False,Q8TDU9,Relaxin-3 receptor 2,374
ADRA1A,Tier2_SURFY_only,True,False,P35348,Alpha-1A adrenergic receptor,466
SLCO1C1,Tier2_SURFY_only,True,False,Q9NYB5,Solute carrier organic anion transporter family member 1C1,712
HCAR3,Tier2_SURFY_only,True,False,P49019,Hydroxycarboxylic acid receptor 3,387
C5AR2,Tier2_SURFY_only,True,False,Q9P296,C5a anaphylatoxin chemotactic receptor 2,337
OR1A2,Tier2_SURFY_only,True,False,Q9Y585,Olfactory receptor 1A2,309
HTR2A,Tier2_SURFY_only,True,False,P28223,5-hydroxytryptamine receptor 2A,471
ERVK-8,Tier2_SURFY_only,True,False,Q902F8,Endogenous retrovirus group K member 8 Env polyprotein,699
DSG3,Tier2_SURFY_only,True,False,P32926,Desmoglein-3,999
GLP1R,Tier2_SURFY_only,True,False,P43220,Glucagon-like peptide 1 receptor,463
SLC5A4,Tier2_SURFY_only,True,False,Q9NY91,Low affinity sodium-glucose cotransporter,659
CALY,Tier2_SURFY_only,True,False,Q9NYX4,Neuron-specific vesicular protein calcyon,217
CNNM4,Tier2_SURFY_only,True,False,Q6P4Q7,Metal transporter CNNM4,775
EVI2B,Tier2_SURFY_only,True,False,P34910,Protein EVI2B,448
DNER,Tier2_SURFY_only,True,False,Q8NFT8,Delta and Notch-like epidermal growth factor-related receptor,737
PIGO,Tier2_SURFY_only,True,False,Q8TEQ8,GPI ethanolamine phosphate transferase 3,1089
OR7C1,Tier2_SURFY_only,True,False,O76099,Olfactory receptor 7C1,320
PLVAP,Tier2_SURFY_only,True,False,Q9BX97,Plasmalemma vesicle-associated protein,442
TRPV6,Tier2_SURFY_only,True,False,Q9H1D0,Transient receptor potential cation channel subfamily V member 6,725
NIPAL4,Tier2_SURFY_only,True,False,Q0D2K0,Magnesium transporter NIPA4,466
ACVR1,Tier2_SURFY_only,True,False,Q04771,Activin receptor type-1,509
NTRK3,Tier2_SURFY_only,True,False,Q16288,NT-3 growth factor receptor,839
PLXNA4,Tier2_SURFY_only,True,False,Q9HCM2,Plexin-A4,1894
HTR3A,Tier2_SURFY_only,True,False,P46098,5-hydroxytryptamine receptor 3A,478
OR10G6,Tier2_SURFY_only,True,False,Q8NH81,Olfactory receptor 10G6,332
SLC2A10,Tier2_SURFY_only,True,False,O95528,"Solute carrier family 2, facilitated glucose transporter member 10",541
KIR2DS4,Tier2_SURFY_only,True,False,P43632,Killer cell immunoglobulin-like receptor 2DS4,304
TSPAN33,Tier2_SURFY_only,True,False,Q86UF1,Tetraspanin-33,283
CACNA1G,Tier2_SURFY_only,True,False,O43497,Voltage-dependent T-type calcium channel subunit alpha-1G,2377
ERVFC1,Tier2_SURFY_only,True,False,P60507,Endogenous retrovirus group FC1 Env polyprotein,584
ZPLD1,Tier2_SURFY_only,True,False,Q8TCW7,Zona pellucida-like domain-containing protein 1,415
KCNK18,Tier2_SURFY_only,True,False,Q7Z418,Potassium channel subfamily K member 18,384
SLC12A6,Tier2_SURFY_only,True,False,Q9UHW9,Solute carrier family 12 member 6,1150
TMEM194A,Tier2_SURFY_only,True,False,O14524,Transmembrane protein 194A,444
VSIG1,Tier2_SURFY_only,True,False,Q86XK7,V-set and immunoglobulin domain-containing protein 1,387
ABCA5,Tier2_SURFY_only,True,False,Q8WWZ7,ATP-binding cassette sub-family A member 5,1642
SLC14A1,Tier2_SURFY_only,True,False,Q13336,Urea transporter 1,389
LYPD5,Tier2_SURFY_only,True,False,Q6UWN5,Ly6/PLAUR domain-containing protein 5,251
FFAR4,Tier2_SURFY_only,True,False,Q5NUL3,Free fatty acid receptor 4,377
NIPAL1,Tier2_SURFY_only,True,False,Q6NVV3,Magnesium transporter NIPA3,410
SLC44A4,Tier2_SURFY_only,True,False,Q53GD3,Choline transporter-like protein 4,710
OR6F1,Tier2_SURFY_only,True,False,Q8NGZ6,Olfactory receptor 6F1,308
NPBWR2,Tier2_SURFY_only,True,False,P48146,Neuropeptides B/W receptor type 2,333
SELL,Tier2_SURFY_only,True,False,P14151,L-selectin,372
ADRA1B,Tier2_SURFY_only,True,False,P35368,Alpha-1B adrenergic receptor,520
TMPRSS15,Tier2_SURFY_only,True,False,P98073,Enteropeptidase,1019
TMEM217,Tier2_SURFY_only,True,False,Q8N7C4,Transmembrane protein 217,229
PCDHB1,Tier2_SURFY_only,True,False,Q9Y5F3,Protocadherin beta-1,818
GABRR3,Tier2_SURFY_only,True,False,A8MPY1,Gamma-aminobutyric acid receptor subunit rho-3,467
ERVPABLB-1,Tier2_SURFY_only,True,False,P60509,Endogenous retrovirus group PABLB member 1 Env polyprotein,514
RHBDF2,Tier2_SURFY_only,True,False,Q6PJF5,Inactive rhomboid protein 2,856
LSAMP,Tier2_SURFY_only,True,False,Q13449,Limbic system-associated membrane protein,338
CD27,Tier2_SURFY_only,True,False,P26842,CD27 antigen,260
SCN3B,Tier2_SURFY_only,True,False,Q9NY72,Sodium channel subunit beta-3,215
FOLR2,Tier2_SURFY_only,True,False,P14207,Folate receptor beta,255
OR4A5,Tier2_SURFY_only,True,False,Q8NH83,Olfactory receptor 4A5,315
IL4R,Tier2_SURFY_only,True,False,P24394,Interleukin-4 receptor subunit alpha,825
GFRA4,Tier2_SURFY_only,True,False,Q9GZZ7,GDNF family receptor alpha-4,299
SLC36A2,Tier2_SURFY_only,True,False,Q495M3,Proton-coupled amino acid transporter 2,483
LCT,Tier2_SURFY_only,True,False,P09848,Lactase-phlorizin hydrolase,1927
TMEM63C,Tier2_SURFY_only,True,False,Q9P1W3,Calcium permeable stress-gated cation channel 1,806
SIRPB2,Tier2_SURFY_only,True,False,Q5JXA9,Signal-regulatory protein beta-2,342
ANO7,Tier2_SURFY_only,True,False,Q6IWH7,Anoctamin-7,933
SCNN1D,Tier2_SURFY_only,True,False,P51172,Amiloride-sensitive sodium channel subunit delta,638
OR5B3,Tier2_SURFY_only,True,False,Q8NH48,Olfactory receptor 5B3,314
LAMP5,Tier2_SURFY_only,True,False,Q9UJQ1,Lysosome-associated membrane glycoprotein 5,280
SLC29A4,Tier2_SURFY_only,True,False,Q7RTT9,Equilibrative nucleoside transporter 4,530
PQLC2,Tier2_SURFY_only,True,False,Q6ZP29,Lysosomal amino acid transporter 1 homolog,291
SLC22A23,Tier2_SURFY_only,True,False,A1A5C7,Solute carrier family 22 member 23,686
OR52A5,Tier2_SURFY_only,True,False,Q9H2C5,Olfactory receptor 52A5,316
SCN11A,Tier2_SURFY_only,True,False,Q9UI33,Sodium channel protein type 11 subunit alpha,1791
OR6C75,Tier2_SURFY_only,True,False,A6NL08,Olfactory receptor 6C75,312
CPD,Tier2_SURFY_only,True,False,O75976,Carboxypeptidase D,1380
ROBO1,Tier2_SURFY_only,True,False,Q9Y6N7,Roundabout homolog 1,1651
MUC16,Tier2_SURFY_only,True,False,Q8WXI7,Mucin-16,22152
FAM189B,Tier2_SURFY_only,True,False,P81408,Protein FAM189B,668
SLC36A3,Tier2_SURFY_only,True,False,Q495N2,Proton-coupled amino acid transporter 3,470
IFNAR2,Tier2_SURFY_only,True,False,P48551,Interferon alpha/beta receptor 2,515
SLC38A4,Tier2_SURFY_only,True,False,Q969I6,Sodium-coupled neutral amino acid transporter 4,547
SLC7A3,Tier2_SURFY_only,True,False,Q8WY07,Cationic amino acid transporter 3,619
TM9SF2,Tier2_SURFY_only,True,False,Q99805,Transmembrane 9 superfamily member 2,663
TTYH2,Tier2_SURFY_only,True,False,Q9BSA4,Protein tweety homolog 2,534
CHRM3,Tier2_SURFY_only,True,False,P20309,Muscarinic acetylcholine receptor M3,590
CSF2RA,Tier2_SURFY_only,True,False,P15509,Granulocyte-macrophage colony-stimulating factor receptor subunit alpha,400
TIE1,Tier2_SURFY_only,True,False,P35590,Tyrosine-protein kinase receptor Tie-1,1138
OR5F1,Tier2_SURFY_only,True,False,O95221,Olfactory receptor 5F1,314
P2RY1,Tier2_SURFY_only,True,False,P47900,P2Y purinoceptor 1,373
TSPAN3,Tier2_SURFY_only,True,False,O60637,Tetraspanin-3,253
OR51M1,Tier2_SURFY_only,True,False,Q9H341,Olfactory receptor 51M1,326
CHRNE,Tier2_SURFY_only,True,False,Q04844,Acetylcholine receptor subunit epsilon,493
OR2T33,Tier2_SURFY_only,True,False,Q8NG76,Olfactory receptor 2T33,320
LY6G6F,Tier2_SURFY_only,True,False,Q5SQ64,Lymphocyte antigen 6 complex locus protein G6f,297
PCDHGB1,Tier2_SURFY_only,True,False,Q9Y5G3,Protocadherin gamma-B1,927
ACVR2B,Tier2_SURFY_only,True,False,Q13705,Activin receptor type-2B,512
KIAA1324,Tier2_SURFY_only,True,False,Q6UXG2,UPF0577 protein KIAA1324,1013
EFNA3,Tier2_SURFY_only,True,False,P52797,Ephrin-A3,238
SLC26A8,Tier2_SURFY_only,True,False,Q96RN1,Testis anion transporter 1,970
OR5I1,Tier2_SURFY_only,True,False,Q13606,Olfactory receptor 5I1,314
SGCB,Tier2_SURFY_only,True,False,Q16585,Beta-sarcoglycan,318
LPL,Tier2_SURFY_only,True,False,P06858,Lipoprotein lipase,475
GLP2R,Tier2_SURFY_only,True,False,O95838,Glucagon-like peptide 2 receptor,553
CD19,Tier2_SURFY_only,True,False,P15391,B-lymphocyte antigen CD19,556
OR6V1,Tier2_SURFY_only,True,False,Q8N148,Olfactory receptor 6V1,313
SLC17A5,Tier2_SURFY_only,True,False,Q9NRA2,Sialin,495
AJAP1,Tier2_SURFY_only,True,False,Q9UKB5,Adherens junction-associated protein 1,411
CD83,Tier2_SURFY_only,True,False,Q01151,CD83 antigen,205
OR1D4,Tier2_SURFY_only,True,False,P47884,Olfactory receptor 1D4,311
ATP1A1,Tier2_SURFY_only,True,False,P05023,Sodium/potassium-transporting ATPase subunit alpha-1,1023
SIGLEC14,Tier2_SURFY_only,True,False,Q08ET2,Sialic acid-binding Ig-like lectin 14,396
OR7G2,Tier2_SURFY_only,True,False,Q8NG99,Olfactory receptor 7G2,324
CD8BP,Tier2_SURFY_only,True,False,A6NJW9,Putative T-cell surface glycoprotein CD8 beta-2 chain,211
OR8S1,Tier2_SURFY_only,True,False,Q8NH09,Olfactory receptor 8S1,359
KIR2DS1,Tier2_SURFY_only,True,False,Q14954,Killer cell immunoglobulin-like receptor 2DS1,304
OR10G3,Tier2_SURFY_only,True,False,Q8NGC4,Olfactory receptor 10G3,313
TNFSF4,Tier2_SURFY_only,True,False,P23510,Tumor necrosis factor ligand superfamily member 4,183
NPSR1,Tier2_SURFY_only,True,False,Q6W5P4,Neuropeptide S receptor,371
CD82,Tier2_SURFY_only,True,False,P27701,CD82 antigen,267
GCGR,Tier2_SURFY_only,True,False,P47871,Glucagon receptor,477
OR2AJ1,Tier2_SURFY_only,True,False,Q8NGZ0,Olfactory receptor 2AJ1,328
OR11H1,Tier2_SURFY_only,True,False,Q8NG94,Olfactory receptor 11H1,326
OR5L2,Tier2_SURFY_only,True,False,Q8NGL0,Olfactory receptor 5L2,311
NT5E,Tier2_SURFY_only,True,False,P21589,5'-nucleotidase,574
ABCA4,Tier2_SURFY_only,True,False,P78363,Retinal-specific ATP-binding cassette transporter,2273
PCDHGA6,Tier2_SURFY_only,True,False,Q9Y5G7,Protocadherin gamma-A6,932
OPN3,Tier2_SURFY_only,True,False,Q9H1Y3,Opsin-3,402
DYNAP,Tier2_SURFY_only,True,False,Q8N1N2,Dynactin-associated protein,210
TM4SF18,Tier2_SURFY_only,True,False,Q96CE8,Transmembrane 4 L6 family member 18,201
TMEM245,Tier2_SURFY_only,True,False,Q9H330,Transmembrane protein 245,911
PKD1,Tier2_SURFY_only,True,False,P98161,Polycystin-1,4303
LDLRAD4,Tier2_SURFY_only,True,False,O15165,Low-density lipoprotein receptor class A domain-containing protein 4,306
PCDHB13,Tier2_SURFY_only,True,False,Q9Y5F0,Protocadherin beta-13,798
NKAIN2,Tier2_SURFY_only,True,False,Q5VXU1,Sodium/potassium-transporting ATPase subunit beta-1-interacting protein 2,208
TMCO3,Tier2_SURFY_only,True,False,Q6UWJ1,Transmembrane and coiled-coil domain-containing protein 3,677
OR11H7,Tier2_SURFY_only,True,False,Q8NGC8,Olfactory receptor 11H7,314
SIGLEC7,Tier2_SURFY_only,True,False,Q9Y286,Sialic acid-binding Ig-like lectin 7,467
HTR3C,Tier2_SURFY_only,True,False,Q8WXA8,5-hydroxytryptamine receptor 3C,447
SLC26A4,Tier2_SURFY_only,True,False,O43511,Pendrin,780
FCGR1B,Tier2_SURFY_only,True,False,Q92637,High affinity immunoglobulin gamma Fc receptor IB,280
PCDHGA5,Tier2_SURFY_only,True,False,Q9Y5G8,Protocadherin gamma-A5,931
EPHA7,Tier2_SURFY_only,True,False,Q15375,Ephrin type-A receptor 7,998
UPK1B,Tier2_SURFY_only,True,False,O75841,Uroplakin-1b,260
LYPD4,Tier2_SURFY_only,True,False,Q6UWN0,Ly6/PLAUR domain-containing protein 4,246
OR6N2,Tier2_SURFY_only,True,False,Q8NGY6,Olfactory receptor 6N2,317
HLA-A,Tier2_SURFY_only,True,False,P01891,"HLA class I histocompatibility antigen, A-68 alpha chain",365
RHAG,Tier2_SURFY_only,True,False,Q02094,Ammonium transporter Rh type A,409
OR8D1,Tier2_SURFY_only,True,False,Q8WZ84,Olfactory receptor 8D1,308
CD33,Tier2_SURFY_only,True,False,P20138,Myeloid cell surface antigen CD33,364
GRIA1,Tier2_SURFY_only,True,False,P42261,Glutamate receptor 1,906
ADAM2,Tier2_SURFY_only,True,False,Q99965,Disintegrin and metalloproteinase domain-containing protein 2,735
PRSS21,Tier2_SURFY_only,True,False,Q9Y6M0,Testisin,314
OR4F17,Tier2_SURFY_only,True,False,Q8NGA8,Olfactory receptor 4F17,305
CLCNKB,Tier2_SURFY_only,True,False,P51801,Chloride channel protein ClC-Kb,687
PTGIR,Tier2_SURFY_only,True,False,P43119,Prostacyclin receptor,386
VSIG10L,Tier2_SURFY_only,True,False,Q86VR7,V-set and immunoglobulin domain-containing protein 10-like,867
CADM3,Tier2_SURFY_only,True,False,Q8N126,Cell adhesion molecule 3,398
DUOX1,Tier2_SURFY_only,True,False,Q9NRD9,Dual oxidase 1,1551
OR4D11,Tier2_SURFY_only,True,False,Q8NGI4,Olfactory receptor 4D11,311
C16orf52,Tier2_SURFY_only,True,False,Q8NHV5,Uncharacterized protein C16orf52,167
ITLN1,Tier2_SURFY_only,True,False,Q8WWA0,Intelectin-1,313
DUOXA1,Tier2_SURFY_only,True,False,Q1HG43,Dual oxidase maturation factor 1,343
SPRN,Tier2_SURFY_only,True,False,Q5BIV9,Shadow of prion protein,151
UNC5D,Tier2_SURFY_only,True,False,Q6UXZ4,Netrin receptor UNC5D,953
OR51G1,Tier2_SURFY_only,True,False,Q8NGK1,Olfactory receptor 51G1,321
SLCO1B3,Tier2_SURFY_only,True,False,Q9NPD5,Solute carrier organic anion transporter family member 1B3,702
SLAMF1,Tier2_SURFY_only,True,False,Q13291,Signaling lymphocytic activation molecule,335
SLC22A13,Tier2_SURFY_only,True,False,Q9Y226,Solute carrier family 22 member 13,551
ATP13A1,Tier2_SURFY_only,True,False,Q9HD20,Manganese-transporting ATPase 13A1,1204
GPR78,Tier2_SURFY_only,True,False,Q96P69,G-protein coupled receptor 78,363
CD302,Tier2_SURFY_only,True,False,Q8IX05,CD302 antigen,232
TNFSF8,Tier2_SURFY_only,True,False,P32971,Tumor necrosis factor ligand superfamily member 8,234
S1PR5,Tier2_SURFY_only,True,False,Q9H228,Sphingosine 1-phosphate receptor 5,398
ZDHHC5,Tier2_SURFY_only,True,False,Q9C0B5,Palmitoyltransferase ZDHHC5,715
SLC13A2,Tier2_SURFY_only,True,False,Q13183,Solute carrier family 13 member 2,592
MC2R,Tier2_SURFY_only,True,False,Q01718,Adrenocorticotropic hormone receptor,297
ITM2B,Tier2_SURFY_only,True,False,Q9Y287,Integral membrane protein 2B,266
OR51E1,Tier2_SURFY_only,True,False,Q8TCB6,Olfactory receptor 51E1,317
OR1E1,Tier2_SURFY_only,True,False,P30953,Olfactory receptor 1E1,314
KIRREL3,Tier2_SURFY_only,True,False,Q8IZU9,Kin of IRRE-like protein 3,778
LPAR1,Tier2_SURFY_only,True,False,Q92633,Lysophosphatidic acid receptor 1,364
FCGR2A,Tier2_SURFY_only,True,False,P12318,Low affinity immunoglobulin gamma Fc region receptor II-a,317
MPZ,Tier2_SURFY_only,True,False,P25189,Myelin protein P0,248
FGFR2,Tier2_SURFY_only,True,False,P21802,Fibroblast growth factor receptor 2,821
GABRB3,Tier2_SURFY_only,True,False,P28472,Gamma-aminobutyric acid receptor subunit beta-3,473
SEMA7A,Tier2_SURFY_only,True,False,O75326,Semaphorin-7A,666
VSTM5,Tier2_SURFY_only,True,False,A8MXK1,V-set and transmembrane domain-containing protein 5,200
GFRAL,Tier2_SURFY_only,True,False,Q6UXV0,GDNF family receptor alpha-like,394
