gene,ensg,tumor_median_log2,normal_median_log2,fc_log2,gtex_positive_count,tumor_positive_rate,tsi,tsi_norm,rank
ILDR1,ENSG00000145103,2.183,-4.293,6.48,2967,0.742,0.088,0.9999999991596639,1
CLDN3,ENSG00000165215,4.814,-2.388,7.2,4280,0.763,0.084,0.9663865538097594,2
PRSS8,ENSG00000052344,6.189,-1.181,7.37,6139,0.829,0.078,0.9159663857849023,3
CLDN4,ENSG00000189143,7.182,-0.15,7.33,6980,0.847,0.074,0.8823529404349976,4
CDH1,ENSG00000039068,6.32,0.016,6.3,6288,0.912,0.073,0.8739495790975214,5
EPCAM,ENSG00000119888,7.198,1.043,6.15,6900,0.882,0.065,0.8067226883977121,6
SDC1,ENSG00000115884,6.443,0.994,5.45,7377,0.972,0.062,0.7815126043852836,7
CD24,ENSG00000272398,8.341,2.778,5.56,7775,0.963,0.061,0.7731092430478074,8
CRB3,ENSG00000130545,4.601,-0.759,5.36,6090,0.842,0.058,0.7478991590353788,9
TACSTD2,ENSG00000184292,6.489,0.706,5.78,7278,0.813,0.055,0.7226890750229503,10
CLDN7,ENSG00000181885,6.468,2.078,4.39,7641,0.93,0.047,0.6554621843231411,11
RAET1L,ENSG00000155918,-3.047,-9.966,6.92,1376,0.245,0.046,0.6470588229856649,12
CDH3,ENSG00000062038,4.475,0.085,4.39,6168,0.827,0.046,0.6470588229856649,13
IGSF9,ENSG00000085552,2.484,-1.781,4.27,4729,0.736,0.046,0.6470588229856649,14
LAMP3,ENSG00000078081,1.571,-2.466,4.04,4243,0.732,0.045,0.6386554616481888,15
TREM2,ENSG00000095970,3.69,-0.057,3.75,6544,0.959,0.044,0.6302521003107125,16
SERINC2,ENSG00000168528,6.529,2.755,3.77,7807,0.98,0.042,0.6134453776357603,17
GJB2,ENSG00000165474,3.354,-0.711,4.06,6682,0.842,0.042,0.6134453776357603,18
CCR8,ENSG00000179934,-2.548,-9.966,7.42,585,0.137,0.042,0.6134453776357603,19
VTCN1,ENSG00000134258,-0.492,-4.608,4.12,2069,0.462,0.042,0.6134453776357603,20
SLC44A4,ENSG00000204385,2.868,-1.47,4.34,4986,0.668,0.041,0.6050420162982841,21
DSG2,ENSG00000046604,4.788,1.118,3.67,6431,0.881,0.04,0.5966386549608079,22
CEACAM6,ENSG00000086548,1.148,-3.047,4.19,3686,0.563,0.039,0.5882352936233318,23
TSPAN1,ENSG00000117472,5.348,1.512,3.84,7486,0.881,0.039,0.5882352936233318,24
CLDN1,ENSG00000163347,4.328,0.547,3.78,7049,0.86,0.039,0.5882352936233318,25
SEZ6L2,ENSG00000174938,4.42,0.896,3.52,7284,0.939,0.039,0.5882352936233318,26
SLC6A14,ENSG00000268104,-2.114,-6.506,4.39,1810,0.368,0.038,0.5798319322858556,27
EFNA2,ENSG00000099617,-3.047,-9.966,6.92,2407,0.265,0.037,0.5714285709483794,28
CDCP1,ENSG00000163814,3.321,-0.267,3.59,6465,0.833,0.037,0.5714285709483794,29
F2RL1,ENSG00000164251,3.075,-0.166,3.24,6220,0.873,0.036,0.5630252096109033,30
SPINT2,ENSG00000167642,8.748,5.584,3.16,7830,0.996,0.036,0.5630252096109033,31
CELSR1,ENSG00000075275,3.575,0.412,3.16,6532,0.889,0.035,0.5546218482734271,32
MS4A15,ENSG00000166961,-4.293,-9.966,5.67,817,0.165,0.033,0.5378151255984748,33
GPR160,ENSG00000173890,3.492,0.368,3.12,7622,0.912,0.033,0.5378151255984748,34
GJB1,ENSG00000169562,1.331,-2.388,3.72,4009,0.562,0.033,0.5378151255984748,35
CXADR,ENSG00000154639,3.605,0.927,2.68,5802,0.927,0.033,0.5378151255984748,36
CXCR3,ENSG00000186810,0.537,-2.826,3.36,3769,0.6,0.033,0.5378151255984748,37
SCNN1A,ENSG00000111319,4.929,1.595,3.33,7273,0.825,0.032,0.5294117642609986,38
SLC34A2,ENSG00000157765,0.215,-3.171,3.39,3381,0.512,0.03,0.5126050415860463,39
SLAMF7,ENSG00000026751,1.832,-1.149,2.98,5669,0.76,0.03,0.5126050415860463,40
FOLR1,ENSG00000110195,1.604,-1.685,3.29,5031,0.634,0.029,0.50420168024857,41
FCAMR,ENSG00000162897,-4.608,-9.966,5.36,647,0.137,0.029,0.50420168024857,42
OLR1,ENSG00000173391,1.816,-1.149,2.96,5744,0.751,0.029,0.50420168024857,43
UNC93A,ENSG00000112494,-4.293,-9.966,5.67,1301,0.182,0.029,0.50420168024857,44
PTK7,ENSG00000112655,5.455,2.911,2.54,7727,0.984,0.028,0.4957983189110939,45
CACNG4,ENSG00000075461,0.614,-2.635,3.25,4135,0.55,0.028,0.4957983189110939,46
TNFRSF9,ENSG00000049249,-1.133,-5.012,3.88,1684,0.301,0.028,0.4957983189110939,47
SLC12A8,ENSG00000221955,3.007,0.497,2.51,7221,0.907,0.027,0.48739495757361767,48
ABCA12,ENSG00000144452,-2.727,-6.506,3.78,1550,0.284,0.027,0.48739495757361767,49
GPR39,ENSG00000183840,1.164,-1.685,2.85,4932,0.677,0.027,0.48739495757361767,50
CD2,ENSG00000116824,2.404,-0.166,2.57,6358,0.84,0.027,0.48739495757361767,51
GPRC5A,ENSG00000013588,4.477,1.795,2.68,6845,0.822,0.027,0.48739495757361767,52
PIGR,ENSG00000162896,0.99,-2.245,3.23,4494,0.566,0.027,0.48739495757361767,53
CD3D,ENSG00000167286,2.657,0.178,2.48,6713,0.863,0.026,0.4789915962361415,54
HLA-DQB2,ENSG00000232629,2.245,-0.284,2.53,6031,0.809,0.026,0.4789915962361415,55
PROM2,ENSG00000155066,4.04,1.078,2.96,7459,0.748,0.026,0.4789915962361415,56
TMEM184A,ENSG00000164855,2.675,0.044,2.63,6745,0.802,0.026,0.4789915962361415,57
DSC2,ENSG00000134755,3.131,0.547,2.58,7377,0.866,0.026,0.4789915962361415,58
LYPD6B,ENSG00000150556,1.727,-1.214,2.94,5081,0.632,0.026,0.4789915962361415,59
FCGR1A,ENSG00000150337,3.541,1.202,2.34,7230,0.961,0.026,0.4789915962361415,60
MUC1,ENSG00000185499,6.323,4.022,2.3,7822,0.952,0.025,0.4705882348986654,61
GJB3,ENSG00000188910,0.8,-2.315,3.11,4636,0.555,0.025,0.4705882348986654,62
RNF43,ENSG00000108375,2.491,0.126,2.37,6067,0.82,0.025,0.4705882348986654,63
SLCO1B3,ENSG00000111700,-5.574,-9.966,4.39,1095,0.19,0.025,0.4705882348986654,64
HLA-DQA2,ENSG00000237541,2.293,-0.134,2.43,5813,0.789,0.025,0.4705882348986654,65
LRP2,ENSG00000081479,-1.994,-5.574,3.58,2838,0.378,0.025,0.4705882348986654,66
FPR3,ENSG00000187474,2.372,0.099,2.27,6503,0.875,0.025,0.4705882348986654,67
HLA-DQA1,ENSG00000196735,5.33,3.118,2.21,7507,0.984,0.025,0.4705882348986654,68
TMPRSS13,ENSG00000137747,0.888,-2.178,3.07,4974,0.573,0.025,0.4705882348986654,69
FCGR3A,ENSG00000203747,4.553,2.373,2.18,7574,0.985,0.025,0.4705882348986654,70
CD1A,ENSG00000158477,-2.466,-6.506,4.04,1490,0.243,0.025,0.4705882348986654,71
CD52,ENSG00000169442,5.19,3.039,2.15,7711,0.99,0.024,0.4621848735611892,72
TMEM132A,ENSG00000006118,4.784,2.674,2.11,7694,0.991,0.024,0.4621848735611892,73
ITGB6,ENSG00000115221,2.833,0.335,2.5,6449,0.786,0.024,0.4621848735611892,74
TNFSF15,ENSG00000181634,-0.347,-3.458,3.11,3234,0.439,0.024,0.4621848735611892,75
CD48,ENSG00000117091,3.118,0.919,2.2,7316,0.931,0.024,0.4621848735611892,76
ZP3,ENSG00000188372,3.3,1.246,2.05,7651,0.966,0.023,0.45378151222371305,77
CD27,ENSG00000139193,1.88,-0.512,2.39,6971,0.786,0.023,0.45378151222371305,78
TNFRSF21,ENSG00000146072,4.871,2.878,1.99,7657,0.994,0.023,0.45378151222371305,79
IGSF3,ENSG00000143061,3.011,0.896,2.11,7332,0.944,0.023,0.45378151222371305,80
NETO2,ENSG00000171208,2.919,0.732,2.19,7747,0.916,0.023,0.45378151222371305,81
IL2RG,ENSG00000147168,3.899,1.8,2.1,7700,0.958,0.023,0.45378151222371305,82
ERBB3,ENSG00000065361,5.467,3.3,2.17,7512,0.939,0.023,0.45378151222371305,83
CD79A,ENSG00000105369,1.334,-1.355,2.69,6377,0.649,0.022,0.4453781508862369,84
HLA-DRA,ENSG00000204287,8.872,6.948,1.92,7834,1.0,0.022,0.4453781508862369,85
EFNA3,ENSG00000143590,2.749,0.723,2.03,7719,0.966,0.022,0.4453781508862369,86
HLA-H,ENSG00000206341,5.23,3.299,1.93,7761,0.995,0.022,0.4453781508862369,87
F11R,ENSG00000158769,5.893,3.935,1.96,7833,0.999,0.022,0.4453781508862369,88
PODXL2,ENSG00000114631,4.131,1.979,2.15,7789,0.919,0.022,0.4453781508862369,89
EFNA4,ENSG00000243364,3.842,1.812,2.03,7807,0.978,0.022,0.4453781508862369,90
MUC16,ENSG00000181143,-2.548,-5.574,3.03,1951,0.321,0.022,0.4453781508862369,91
LYPD1,ENSG00000150551,1.322,-0.941,2.26,6045,0.744,0.022,0.4453781508862369,92
MET,ENSG00000105976,3.673,1.696,1.98,7180,0.884,0.021,0.43697478954876073,93
HLA-DRB5,ENSG00000198502,5.092,3.216,1.88,7592,0.985,0.021,0.43697478954876073,94
SLC52A3,ENSG00000101276,2.151,-0.072,2.22,6639,0.753,0.021,0.43697478954876073,95
TMEM171,ENSG00000157111,0.455,-2.178,2.63,4661,0.544,0.021,0.43697478954876073,96
HLA-DQB1,ENSG00000179344,5.769,3.945,1.82,7670,0.988,0.021,0.43697478954876073,97
SIRPG,ENSG00000089012,0.19,-2.388,2.58,4492,0.537,0.021,0.43697478954876073,98
GPR143,ENSG00000101850,1.311,-0.808,2.12,5302,0.725,0.021,0.43697478954876073,99
IGSF6,ENSG00000140749,1.864,-0.183,2.05,7496,0.885,0.021,0.43697478954876073,100
HLA-DMB,ENSG00000242574,5.524,3.736,1.79,7663,0.998,0.02,0.4285714282112846,101
ADAM12,ENSG00000148848,0.88,-1.639,2.52,5731,0.605,0.02,0.4285714282112846,102
CCR5,ENSG00000160791,0.701,-1.595,2.3,5511,0.645,0.02,0.4285714282112846,103
GPR87,ENSG00000138271,-2.114,-4.608,2.49,2029,0.367,0.02,0.4285714282112846,104
EPHB3,ENSG00000182580,3.354,1.368,1.99,7343,0.868,0.02,0.4285714282112846,105
SLC39A4,ENSG00000147804,5.563,3.782,1.78,7825,0.991,0.02,0.4285714282112846,106
LAMP5,ENSG00000125869,0.934,-1.47,2.4,5492,0.622,0.02,0.4285714282112846,107
CD74,ENSG00000019582,10.53,8.78,1.75,7835,1.0,0.02,0.4285714282112846,108
LRRC15,ENSG00000172061,-0.913,-3.626,2.71,3246,0.43,0.02,0.4285714282112846,109
SLC12A5,ENSG00000124140,1.872,0.016,1.86,7004,0.855,0.019,0.4201680668738084,110
ITGA2,ENSG00000164171,2.296,0.288,2.01,6982,0.81,0.019,0.4201680668738084,111
CD68,ENSG00000129226,6.386,4.734,1.65,7818,0.999,0.019,0.4201680668738084,112
CXCL16,ENSG00000161921,5.577,3.921,1.66,7834,1.0,0.019,0.4201680668738084,113
ANO9,ENSG00000185101,2.772,0.873,1.9,6854,0.821,0.019,0.4201680668738084,114
DDR1,ENSG00000204580,6.816,5.11,1.71,7816,0.994,0.019,0.4201680668738084,115
IL2RB,ENSG00000100385,1.571,-0.492,2.06,6728,0.771,0.019,0.4201680668738084,116
CNTNAP2,ENSG00000174469,-0.512,-3.047,2.53,3684,0.46,0.019,0.4201680668738084,117
CD86,ENSG00000114013,2.098,0.252,1.85,7153,0.886,0.019,0.4201680668738084,118
CXCR4,ENSG00000121966,5.168,3.505,1.66,7632,0.999,0.019,0.4201680668738084,119
HLA-DPA1,ENSG00000231389,7.189,5.585,1.6,7835,1.0,0.018,0.4117647055363322,120
THY1,ENSG00000154096,6.036,4.484,1.55,7613,1.0,0.018,0.4117647055363322,121
BST2,ENSG00000130303,7.071,5.449,1.62,7835,1.0,0.018,0.4117647055363322,122
CD1B,ENSG00000158485,-3.308,-9.966,6.66,1264,0.098,0.018,0.4117647055363322,123
TREM1,ENSG00000124731,1.647,-0.357,2.0,6926,0.732,0.018,0.4117647055363322,124
CA12,ENSG00000074410,3.326,1.501,1.83,7034,0.847,0.018,0.4117647055363322,125
PLAUR,ENSG00000011422,4.751,3.172,1.58,7835,0.992,0.018,0.4117647055363322,126
TSPAN13,ENSG00000106537,5.301,3.704,1.6,7709,0.987,0.018,0.4117647055363322,127
CD3G,ENSG00000160654,0.099,-2.178,2.28,4575,0.522,0.018,0.4117647055363322,128
ITGB2,ENSG00000160255,4.918,3.305,1.61,7833,0.997,0.018,0.4117647055363322,129
TNFSF11,ENSG00000120659,-1.938,-5.012,3.07,1429,0.222,0.018,0.4117647055363322,130
NUP210,ENSG00000132182,3.281,1.688,1.59,7553,0.973,0.018,0.4117647055363322,131
HLA-DPB1,ENSG00000223865,7.152,5.596,1.56,7835,1.0,0.018,0.4117647055363322,132
UGT8,ENSG00000174607,0.919,-1.283,2.2,5162,0.577,0.018,0.4117647055363322,133
HLA-DOA,ENSG00000204252,2.824,1.227,1.6,7464,0.914,0.017,0.40336134419885605,134
SIT1,ENSG00000137078,0.507,-1.51,2.02,5338,0.599,0.017,0.40336134419885605,135
ALPP,ENSG00000163283,-6.506,-9.966,3.46,591,0.121,0.017,0.40336134419885605,136
MUC15,ENSG00000169550,-2.114,-4.608,2.49,2732,0.348,0.017,0.40336134419885605,137
RNF128,ENSG00000133135,2.055,0.178,1.88,5636,0.674,0.017,0.40336134419885605,138
CHRNA5,ENSG00000169684,1.158,-0.913,2.07,6889,0.675,0.017,0.40336134419885605,139
HLA-DRB1,ENSG00000196126,7.463,5.919,1.54,7802,1.0,0.017,0.40336134419885605,140
EPHB2,ENSG00000133216,2.033,0.288,1.74,7095,0.822,0.017,0.40336134419885605,141
MSR1,ENSG00000038945,2.816,1.258,1.56,7537,0.927,0.017,0.40336134419885605,142
ITGB4,ENSG00000132470,5.797,4.31,1.49,7812,0.994,0.017,0.40336134419885605,143
TIGIT,ENSG00000181847,0.085,-2.245,2.33,4802,0.516,0.017,0.40336134419885605,144
CYBB,ENSG00000165168,3.032,1.423,1.61,7559,0.935,0.017,0.40336134419885605,145
PTAFR,ENSG00000169403,2.131,0.466,1.67,7311,0.866,0.017,0.40336134419885605,146
IL22RA1,ENSG00000142677,0.152,-2.053,2.2,4701,0.519,0.017,0.40336134419885605,147
CLDN8,ENSG00000156284,-4.035,-6.506,2.47,1971,0.305,0.017,0.40336134419885605,148
RPN1,ENSG00000163902,7.532,6.029,1.5,7835,1.0,0.017,0.40336134419885605,149
EFNA1,ENSG00000169242,6.412,4.99,1.42,7810,1.0,0.016,0.3949579828613799,150
TGFA,ENSG00000163235,2.354,0.652,1.7,6759,0.794,0.016,0.3949579828613799,151
CD300LF,ENSG00000186074,0.576,-1.392,1.97,6076,0.636,0.016,0.3949579828613799,152
CEACAM1,ENSG00000079385,2.795,1.158,1.64,7413,0.824,0.016,0.3949579828613799,153
TLR7,ENSG00000196664,-0.452,-2.826,2.37,3913,0.413,0.016,0.3949579828613799,154
GJB4,ENSG00000189433,-3.458,-5.574,2.12,1364,0.274,0.016,0.3949579828613799,155
SLC2A1,ENSG00000117394,6.279,4.842,1.44,7834,0.992,0.016,0.3949579828613799,156
IL2RA,ENSG00000134460,0.03,-2.114,2.14,4552,0.505,0.016,0.3949579828613799,157
TRPV4,ENSG00000111199,1.112,-0.735,1.85,6222,0.692,0.016,0.3949579828613799,158
SELPLG,ENSG00000110876,3.313,1.86,1.45,7828,0.977,0.016,0.3949579828613799,159
TSPAN6,ENSG00000000003,4.879,3.454,1.42,7422,0.997,0.016,0.3949579828613799,160
PTPRF,ENSG00000142949,6.344,4.911,1.43,7761,0.998,0.016,0.3949579828613799,161
MSLN,ENSG00000102854,0.455,-1.732,2.19,5104,0.536,0.016,0.3949579828613799,162
P2RY6,ENSG00000171631,1.465,-0.199,1.66,7060,0.788,0.016,0.3949579828613799,163
CD4,ENSG00000010610,4.084,2.651,1.43,7816,0.995,0.016,0.3949579828613799,164
SLC5A1,ENSG00000100170,-0.913,-3.171,2.26,3523,0.432,0.016,0.3949579828613799,165
SLC15A1,ENSG00000088386,-1.831,-4.293,2.46,2607,0.329,0.016,0.3949579828613799,166
ERVMER34-1,ENSG00000226887,-0.32,-2.635,2.31,4298,0.443,0.016,0.3949579828613799,167
CD164L2,ENSG00000174950,-1.026,-3.626,2.6,3397,0.367,0.016,0.3949579828613799,168
CCR1,ENSG00000163823,1.656,0.072,1.58,7175,0.822,0.015,0.3865546215239037,169
SUSD4,ENSG00000143502,2.571,0.964,1.61,7131,0.794,0.015,0.3865546215239037,170
MFSD6L,ENSG00000185156,-1.552,-3.816,2.26,2937,0.359,0.015,0.3865546215239037,171
FLRT3,ENSG00000125848,1.602,-0.072,1.67,6303,0.725,0.015,0.3865546215239037,172
SELL,ENSG00000188404,1.938,0.423,1.51,7560,0.844,0.015,0.3865546215239037,173
HLA-A,ENSG00000206503,9.735,8.442,1.29,7835,1.0,0.015,0.3865546215239037,174
ATP1B1,ENSG00000143153,6.861,5.567,1.29,7788,0.998,0.015,0.3865546215239037,175
LYPD3,ENSG00000124466,1.953,0.126,1.83,7621,0.732,0.015,0.3865546215239037,176
RHBDL2,ENSG00000158315,1.164,-0.492,1.66,6610,0.718,0.015,0.3865546215239037,177
TNFRSF18,ENSG00000186891,1.401,-0.302,1.7,6645,0.736,0.015,0.3865546215239037,178
LPAR5,ENSG00000184574,1.742,0.139,1.6,7067,0.806,0.015,0.3865546215239037,179
PTCRA,ENSG00000171611,-2.466,-9.966,7.5,1753,0.082,0.015,0.3865546215239037,180
GGT1,ENSG00000100031,3.997,2.618,1.38,7835,0.977,0.015,0.3865546215239037,181
SLAMF8,ENSG00000158714,2.406,0.957,1.45,7582,0.893,0.015,0.3865546215239037,182
SPN,ENSG00000197471,1.125,-0.512,1.64,6935,0.746,0.015,0.3865546215239037,183
SLC9A7,ENSG00000065923,2.053,0.661,1.39,7667,0.916,0.015,0.3865546215239037,184
SLC44A3,ENSG00000143036,3.077,1.736,1.34,7152,0.955,0.015,0.3865546215239037,185
SUSD3,ENSG00000157303,2.42,0.972,1.45,7540,0.903,0.015,0.3865546215239037,186
CD276,ENSG00000103855,6.0,4.715,1.28,7652,1.0,0.015,0.3865546215239037,187
RTN4R,ENSG00000040608,2.125,0.8,1.32,7455,0.91,0.014,0.37815126018642753,188
FZD2,ENSG00000180340,1.633,0.215,1.42,7322,0.83,0.014,0.37815126018642753,189
LY75,ENSG00000054219,2.115,0.586,1.53,7404,0.796,0.014,0.37815126018642753,190
HLA-DMA,ENSG00000204257,5.986,4.742,1.24,7835,1.0,0.014,0.37815126018642753,191
KLRB1,ENSG00000111796,0.3,-1.51,1.81,5315,0.559,0.014,0.37815126018642753,192
CD7,ENSG00000173762,2.108,0.715,1.39,7575,0.856,0.014,0.37815126018642753,193
HCAR1,ENSG00000196917,-1.552,-3.626,2.07,2939,0.353,0.014,0.37815126018642753,194
OPN3,ENSG00000054277,3.454,2.221,1.23,7832,0.99,0.014,0.37815126018642753,195
SSR1,ENSG00000124783,5.888,4.69,1.2,7835,1.0,0.014,0.37815126018642753,196
GABRD,ENSG00000187730,0.099,-1.884,1.98,5620,0.519,0.014,0.37815126018642753,197
TMEM182,ENSG00000170417,1.527,0.178,1.35,7594,0.908,0.014,0.37815126018642753,198
LY6E,ENSG00000160932,7.959,6.759,1.2,7835,1.0,0.014,0.37815126018642753,199
MST1R,ENSG00000164078,2.79,1.196,1.59,7579,0.748,0.014,0.37815126018642753,200
KREMEN2,ENSG00000131650,-0.997,-3.308,2.31,3633,0.363,0.014,0.37815126018642753,201
HAVCR2,ENSG00000135077,2.308,0.934,1.37,7671,0.901,0.014,0.37815126018642753,202
SERINC5,ENSG00000164300,3.612,2.325,1.29,7829,0.988,0.014,0.37815126018642753,203
ULBP2,ENSG00000131015,0.423,-1.43,1.85,6028,0.572,0.014,0.37815126018642753,204
TTYH3,ENSG00000136295,5.108,3.877,1.23,7835,1.0,0.014,0.37815126018642753,205
ICAM3,ENSG00000076662,4.039,2.797,1.24,7832,0.995,0.014,0.37815126018642753,206
MPZL2,ENSG00000149573,4.847,3.557,1.29,7646,0.937,0.014,0.37815126018642753,207
IL21R,ENSG00000103522,-0.013,-2.053,2.04,5378,0.499,0.014,0.37815126018642753,208
HLA-B,ENSG00000234745,10.044,8.794,1.25,7835,1.0,0.014,0.37815126018642753,209
ADAM10,ENSG00000137845,5.115,3.954,1.16,7835,1.0,0.013,0.3697478988489514,210
ITGAL,ENSG00000005844,2.043,0.758,1.29,7632,0.865,0.013,0.3697478988489514,211
MPZL3,ENSG00000160588,2.131,0.816,1.31,7513,0.85,0.013,0.3697478988489514,212
TNFRSF4,ENSG00000186827,1.683,0.38,1.3,7491,0.868,0.013,0.3697478988489514,213
EBP,ENSG00000147155,5.983,4.842,1.14,7835,1.0,0.013,0.3697478988489514,214
TMEM123,ENSG00000152558,6.578,5.432,1.15,7835,1.0,0.013,0.3697478988489514,215
CCR6,ENSG00000112486,-1.165,-3.626,2.46,3042,0.286,0.013,0.3697478988489514,216
ICOS,ENSG00000163600,-1.43,-4.035,2.6,2650,0.257,0.013,0.3697478988489514,217
VCAM1,ENSG00000162692,3.084,1.848,1.24,7518,0.937,0.013,0.3697478988489514,218
LMAN2,ENSG00000169223,7.281,6.107,1.17,7835,1.0,0.013,0.3697478988489514,219
MPEG1,ENSG00000197629,2.418,1.252,1.17,7363,0.924,0.013,0.3697478988489514,220
CD5,ENSG00000110448,0.264,-1.47,1.73,5844,0.552,0.013,0.3697478988489514,221
ICAM1,ENSG00000090339,4.656,3.489,1.17,7834,0.996,0.013,0.3697478988489514,222
SLC31A1,ENSG00000136868,3.787,2.672,1.12,7835,0.999,0.013,0.3697478988489514,223
CD180,ENSG00000134061,-0.394,-2.466,2.07,4429,0.409,0.013,0.3697478988489514,224
PTGFRN,ENSG00000134247,5.035,3.89,1.15,7611,0.997,0.013,0.3697478988489514,225
SLC7A5,ENSG00000103257,4.457,3.294,1.16,7835,0.976,0.013,0.3697478988489514,226
CD96,ENSG00000153283,1.008,-0.492,1.5,6187,0.694,0.013,0.3697478988489514,227
HM13,ENSG00000101294,7.385,6.201,1.18,7835,1.0,0.013,0.3697478988489514,228
CEACAM5,ENSG00000105388,-1.552,-3.308,1.76,3498,0.431,0.013,0.3697478988489514,229
ULBP3,ENSG00000131019,-0.013,-1.938,1.92,5109,0.499,0.013,0.3697478988489514,230
AMN,ENSG00000166126,0.732,-1.086,1.82,6062,0.554,0.013,0.3697478988489514,231
CD14,ENSG00000170458,5.423,4.242,1.18,7830,0.999,0.013,0.3697478988489514,232
CXCR6,ENSG00000172215,0.736,-0.941,1.68,6373,0.64,0.013,0.3697478988489514,233
F2R,ENSG00000181104,3.694,2.514,1.18,7666,0.979,0.013,0.3697478988489514,234
ALCAM,ENSG00000170017,4.698,3.55,1.15,7801,0.985,0.013,0.3697478988489514,235
TMEM9,ENSG00000116857,6.538,5.389,1.15,7835,1.0,0.013,0.3697478988489514,236
CD47,ENSG00000196776,6.316,5.133,1.18,7835,1.0,0.013,0.3697478988489514,237
SLC40A1,ENSG00000138449,5.13,3.952,1.18,7765,0.994,0.013,0.3697478988489514,238
HTR1D,ENSG00000179546,-2.826,-5.574,2.75,1499,0.174,0.012,0.36134453751147516,239
CD300A,ENSG00000167851,2.519,1.449,1.07,7591,0.953,0.012,0.36134453751147516,240
TMEM37,ENSG00000171227,2.825,1.692,1.13,7402,0.94,0.012,0.36134453751147516,241
CSF2RA,ENSG00000198223,2.208,1.043,1.16,7456,0.906,0.012,0.36134453751147516,242
SLC44A5,ENSG00000137968,0.099,-1.639,1.74,5540,0.512,0.012,0.36134453751147516,243
SLAMF9,ENSG00000162723,-1.831,-4.293,2.46,2251,0.234,0.012,0.36134453751147516,244
CD8B,ENSG00000172116,0.845,-0.642,1.49,6618,0.655,0.012,0.36134453751147516,245
DPP4,ENSG00000197635,2.064,0.749,1.31,7047,0.755,0.012,0.36134453751147516,246
CD1E,ENSG00000158488,-0.783,-2.826,2.04,3761,0.367,0.012,0.36134453751147516,247
CD83,ENSG00000112149,2.926,1.824,1.1,7778,0.988,0.012,0.36134453751147516,248
HLA-G,ENSG00000204632,-0.302,-2.178,1.88,4919,0.449,0.012,0.36134453751147516,249
CELSR2,ENSG00000143126,3.405,2.308,1.1,7578,0.952,0.012,0.36134453751147516,250
SLC39A6,ENSG00000141424,5.024,3.931,1.09,7826,0.999,0.012,0.36134453751147516,251
CADM1,ENSG00000182985,3.854,2.734,1.12,7584,0.956,0.012,0.36134453751147516,252
SLC15A3,ENSG00000110446,5.283,4.195,1.09,7814,1.0,0.012,0.36134453751147516,253
SLC1A5,ENSG00000105281,6.139,5.038,1.1,7832,0.999,0.012,0.36134453751147516,254
LAMP2,ENSG00000005893,6.508,5.482,1.03,7834,1.0,0.012,0.36134453751147516,255
IL27RA,ENSG00000104998,2.384,1.258,1.13,7831,0.949,0.012,0.36134453751147516,256
SLC52A2,ENSG00000185803,5.45,4.351,1.1,7835,1.0,0.012,0.36134453751147516,257
EPHA10,ENSG00000183317,-0.357,-2.178,1.82,4611,0.455,0.012,0.36134453751147516,258
DCSTAMP,ENSG00000164935,-1.47,-4.035,2.57,2748,0.252,0.012,0.36134453751147516,259
CD6,ENSG00000013725,1.022,-0.32,1.34,6837,0.711,0.012,0.36134453751147516,260
SLC9A2,ENSG00000115616,-1.43,-3.458,2.03,3488,0.338,0.012,0.36134453751147516,261
UNC5B,ENSG00000107731,3.089,2.004,1.09,7423,0.956,0.012,0.36134453751147516,262
C3AR1,ENSG00000171860,2.611,1.512,1.1,7609,0.925,0.012,0.36134453751147516,263
FOLH1,ENSG00000086205,1.061,-0.284,1.35,6372,0.728,0.012,0.36134453751147516,264
PMEPA1,ENSG00000124225,4.658,3.605,1.05,7703,0.978,0.012,0.36134453751147516,265
CD70,ENSG00000125726,-0.472,-2.388,1.92,4523,0.425,0.012,0.36134453751147516,266
FGFR3,ENSG00000068078,3.08,1.828,1.25,7469,0.85,0.012,0.36134453751147516,267
TSPAN33,ENSG00000158457,3.836,2.755,1.08,7773,0.996,0.012,0.36134453751147516,268
TMEM106B,ENSG00000106460,4.292,3.197,1.09,7831,0.998,0.012,0.36134453751147516,269
TNFSF13B,ENSG00000102524,1.816,0.605,1.21,7742,0.846,0.012,0.36134453751147516,270
SLCO1A2,ENSG00000084453,-3.308,-5.574,2.27,2349,0.247,0.012,0.36134453751147516,271
CD9,ENSG00000010278,8.593,7.56,1.03,7835,1.0,0.012,0.36134453751147516,272
APLNR,ENSG00000134817,2.486,1.368,1.12,7008,0.869,0.012,0.36134453751147516,273
FCGR2A,ENSG00000143226,4.183,3.108,1.07,7854,0.992,0.012,0.36134453751147516,274
CHRNA1,ENSG00000138435,-1.831,-4.293,2.46,2476,0.226,0.011,0.352941176173999,275
LILRA4,ENSG00000239961,-1.248,-3.308,2.06,3441,0.302,0.011,0.352941176173999,276
GABRA3,ENSG00000011677,-4.608,-6.506,1.9,2240,0.266,0.011,0.352941176173999,277
ERBB2,ENSG00000141736,5.694,4.715,0.98,7826,0.998,0.011,0.352941176173999,278
CD82,ENSG00000085117,5.51,4.565,0.95,7835,0.998,0.011,0.352941176173999,279
HLA-C,ENSG00000204525,9.322,8.328,0.99,7835,1.0,0.011,0.352941176173999,280
ACE,ENSG00000159640,3.22,2.233,0.99,7755,0.975,0.011,0.352941176173999,281
SLC29A3,ENSG00000198246,2.74,1.723,1.02,7822,0.988,0.011,0.352941176173999,282
PTPRJ,ENSG00000149177,2.83,1.804,1.03,7830,0.964,0.011,0.352941176173999,283
CD37,ENSG00000104894,3.995,3.036,0.96,7822,0.989,0.011,0.352941176173999,284
SLC52A1,ENSG00000132517,-1.51,-3.458,1.95,3048,0.3,0.011,0.352941176173999,285
SLC37A1,ENSG00000160190,3.45,2.428,1.02,7831,0.985,0.011,0.352941176173999,286
ENPP5,ENSG00000112796,2.454,1.233,1.22,7489,0.799,0.011,0.352941176173999,287
IFNLR1,ENSG00000185436,1.043,-0.088,1.13,6359,0.758,0.011,0.352941176173999,288
CD53,ENSG00000143119,4.581,3.603,0.98,7727,0.994,0.011,0.352941176173999,289
CD8A,ENSG00000153563,1.71,0.576,1.13,7119,0.789,0.011,0.352941176173999,290
NIPAL1,ENSG00000163293,0.486,-1.056,1.54,6314,0.589,0.011,0.352941176173999,291
ERMP1,ENSG00000099219,3.574,2.578,1.0,7809,0.997,0.011,0.352941176173999,292
TM4SF1,ENSG00000169908,6.601,5.648,0.95,7708,0.999,0.011,0.352941176173999,293
ABCC4,ENSG00000125257,2.022,0.912,1.11,7745,0.877,0.011,0.352941176173999,294
SLC16A1,ENSG00000155380,4.134,3.143,0.99,7812,0.977,0.011,0.352941176173999,295
NOX4,ENSG00000086991,1.293,0.044,1.25,6752,0.742,0.011,0.352941176173999,296
FCRL5,ENSG00000143297,-1.831,-3.816,1.98,2990,0.304,0.011,0.352941176173999,297
FAP,ENSG00000078098,2.568,1.423,1.15,7338,0.847,0.011,0.352941176173999,298
BAMBI,ENSG00000095739,3.147,2.067,1.08,7718,0.89,0.011,0.352941176173999,299
IL12RB1,ENSG00000096996,0.402,-1.086,1.49,6571,0.601,0.011,0.352941176173999,300
EDAR,ENSG00000135960,-3.109,-5.574,2.46,1811,0.185,0.011,0.352941176173999,301
TSPAN15,ENSG00000099282,4.983,3.983,1.0,7793,0.999,0.011,0.352941176173999,302
DLL3,ENSG00000090932,-2.727,-5.012,2.28,2323,0.225,0.011,0.352941176173999,303
CHRNA9,ENSG00000174343,-5.574,-9.966,4.39,891,0.073,0.011,0.352941176173999,304
FZD5,ENSG00000163251,1.82,0.688,1.13,7599,0.844,0.011,0.352941176173999,305
SLC39A8,ENSG00000138821,3.315,2.359,0.96,7831,0.988,0.011,0.352941176173999,306
EVI2B,ENSG00000185862,2.854,1.816,1.04,7824,0.93,0.011,0.352941176173999,307
GPR19,ENSG00000183150,-0.619,-2.635,2.02,4625,0.383,0.011,0.352941176173999,308
ITGB7,ENSG00000139626,1.945,0.783,1.16,7730,0.84,0.011,0.352941176173999,309
ITGB8,ENSG00000105855,2.454,1.34,1.11,6990,0.813,0.011,0.352941176173999,310
CPD,ENSG00000108582,3.961,3.009,0.95,7835,0.998,0.011,0.352941176173999,311
GJB5,ENSG00000189280,-0.86,-2.466,1.61,4674,0.418,0.01,0.3445378148365229,312
SLC28A3,ENSG00000197506,-1.47,-3.171,1.7,3655,0.365,0.01,0.3445378148365229,313
CCRL2,ENSG00000121797,1.043,-0.072,1.12,7417,0.759,0.01,0.3445378148365229,314
SIGLEC10,ENSG00000142512,1.374,0.312,1.06,7269,0.768,0.01,0.3445378148365229,315
IL17RB,ENSG00000056736,2.067,1.05,1.02,7724,0.825,0.01,0.3445378148365229,316
TM9SF2,ENSG00000125304,6.239,5.34,0.9,7835,1.0,0.01,0.3445378148365229,317
SLC1A4,ENSG00000115902,3.665,2.795,0.87,7825,0.996,0.01,0.3445378148365229,318
TNFRSF17,ENSG00000048462,-1.47,-3.171,1.7,3417,0.34,0.01,0.3445378148365229,319
GPRC5C,ENSG00000170412,5.506,4.595,0.91,7799,0.992,0.01,0.3445378148365229,320
EMB,ENSG00000170571,2.828,1.824,1.0,7692,0.888,0.01,0.3445378148365229,321
MS4A6A,ENSG00000110077,5.037,4.188,0.85,7685,0.996,0.01,0.3445378148365229,322
CTLA4,ENSG00000163599,-0.472,-2.114,1.64,5097,0.414,0.01,0.3445378148365229,323
UNC93B1,ENSG00000110057,4.675,3.802,0.87,7835,1.0,0.01,0.3445378148365229,324
IL20RA,ENSG00000016402,1.6,0.412,1.19,6641,0.657,0.01,0.3445378148365229,325
GABRP,ENSG00000094755,-1.086,-2.635,1.55,4077,0.415,0.01,0.3445378148365229,326
SLC39A9,ENSG00000029364,4.707,3.793,0.91,7835,1.0,0.01,0.3445378148365229,327
EPHA1,ENSG00000146904,3.23,2.192,1.04,7748,0.885,0.01,0.3445378148365229,328
SECTM1,ENSG00000141574,3.57,2.672,0.9,7758,0.939,0.01,0.3445378148365229,329
TMEM158,ENSG00000249992,1.793,0.697,1.1,7504,0.752,0.01,0.3445378148365229,330
SORL1,ENSG00000137642,3.42,2.526,0.89,7586,0.953,0.01,0.3445378148365229,331
NFAM1,ENSG00000235568,0.67,-0.533,1.2,7039,0.673,0.01,0.3445378148365229,332
TNFRSF10A,ENSG00000104689,2.146,1.118,1.03,7752,0.862,0.01,0.3445378148365229,333
GPR158,ENSG00000151025,-2.178,-3.816,1.64,2745,0.307,0.01,0.3445378148365229,334
LRRC37A2,ENSG00000260075,-5.012,-9.966,4.95,3012,0.115,0.01,0.3445378148365229,335
CLDN16,ENSG00000113946,-2.178,-4.293,2.12,2847,0.248,0.01,0.3445378148365229,336
SIGLEC15,ENSG00000197046,-1.639,-3.458,1.82,2912,0.259,0.009,0.3361344534990467,337
MR1,ENSG00000153029,3.409,2.611,0.8,7831,0.99,0.009,0.3361344534990467,338
CLEC5A,ENSG00000258227,0.152,-1.086,1.24,5888,0.535,0.009,0.3361344534990467,339
ACP2,ENSG00000134575,5.028,4.233,0.8,7835,1.0,0.009,0.3361344534990467,340
LPAR2,ENSG00000064547,3.903,3.05,0.85,7828,0.981,0.009,0.3361344534990467,341
SLC38A1,ENSG00000111371,4.54,3.734,0.81,7832,0.97,0.009,0.3361344534990467,342
CDH11,ENSG00000140937,3.76,2.868,0.89,7430,0.899,0.009,0.3361344534990467,343
SLC33A1,ENSG00000169359,3.91,3.134,0.78,7828,0.999,0.009,0.3361344534990467,344
TLR3,ENSG00000164342,1.34,0.323,1.02,7114,0.783,0.009,0.3361344534990467,345
IFNGR2,ENSG00000159128,6.142,5.386,0.76,7835,1.0,0.009,0.3361344534990467,346
SCNN1G,ENSG00000166828,-1.47,-2.932,1.46,3716,0.378,0.009,0.3361344534990467,347
FASLG,ENSG00000117560,-1.685,-3.816,2.13,2483,0.209,0.009,0.3361344534990467,348
ZACN,ENSG00000186919,3.257,2.351,0.91,6386,0.808,0.009,0.3361344534990467,349
P2RX4,ENSG00000135124,4.496,3.672,0.82,7835,1.0,0.009,0.3361344534990467,350
RTN4RL2,ENSG00000186907,1.568,0.605,0.96,7576,0.786,0.009,0.3361344534990467,351
ITGA6,ENSG00000091409,4.673,3.91,0.76,7767,0.995,0.009,0.3361344534990467,352
BCAM,ENSG00000187244,6.371,5.567,0.8,7801,1.0,0.009,0.3361344534990467,353
CD101,ENSG00000134256,0.857,-0.15,1.01,7093,0.745,0.009,0.3361344534990467,354
SVOPL,ENSG00000157703,-1.51,-3.308,1.8,3437,0.305,0.009,0.3361344534990467,355
P2RY13,ENSG00000181631,0.19,-1.149,1.34,6123,0.545,0.009,0.3361344534990467,356
FAM171A2,ENSG00000161682,0.557,-0.664,1.22,6515,0.603,0.009,0.3361344534990467,357
LRRC25,ENSG00000175489,1.465,0.567,0.9,7385,0.84,0.009,0.3361344534990467,358
BACE2,ENSG00000182240,5.183,4.351,0.83,7795,0.992,0.009,0.3361344534990467,359
NCMAP,ENSG00000184454,-1.43,-3.171,1.74,3447,0.309,0.009,0.3361344534990467,360
CD80,ENSG00000121594,-1.214,-3.308,2.09,3222,0.25,0.009,0.3361344534990467,361
FAT1,ENSG00000083857,5.601,4.775,0.83,7539,0.994,0.009,0.3361344534990467,362
TMEM150B,ENSG00000180061,0.276,-1.056,1.33,6054,0.553,0.009,0.3361344534990467,363
LAIR1,ENSG00000167613,3.418,2.571,0.85,7580,0.974,0.009,0.3361344534990467,364
TMEM154,ENSG00000170006,0.264,-1.026,1.29,6364,0.545,0.009,0.3361344534990467,365
BTN3A2,ENSG00000186470,4.251,3.444,0.81,7853,0.999,0.009,0.3361344534990467,366
FAM174B,ENSG00000185442,3.523,2.703,0.82,7805,0.991,0.009,0.3361344534990467,367
EPHA2,ENSG00000142627,3.672,2.884,0.79,7527,0.96,0.009,0.3361344534990467,368
ATP1A1,ENSG00000163399,8.109,7.353,0.76,7835,1.0,0.009,0.3361344534990467,369
PTPRK,ENSG00000152894,4.092,3.309,0.78,7548,0.989,0.009,0.3361344534990467,370
SLC37A2,ENSG00000134955,2.144,1.246,0.9,7779,0.889,0.009,0.3361344534990467,371
SLAMF6,ENSG00000162739,0.001,-1.318,1.32,5524,0.501,0.009,0.3361344534990467,372
SLC41A2,ENSG00000136052,2.404,1.604,0.8,7412,0.924,0.009,0.3361344534990467,373
DSC3,ENSG00000134762,-1.831,-3.308,1.48,3538,0.377,0.009,0.3361344534990467,374
CCR4,ENSG00000183813,-1.639,-3.626,1.99,2991,0.24,0.009,0.3361344534990467,375
CD300C,ENSG00000167850,0.03,-1.181,1.21,6035,0.512,0.008,0.32773109216157054,376
PCDH1,ENSG00000156453,4.216,3.544,0.67,7613,0.976,0.008,0.32773109216157054,377
SLC37A4,ENSG00000137700,4.205,3.51,0.69,7833,1.0,0.008,0.32773109216157054,378
GABRQ,ENSG00000268089,-3.626,-5.574,1.95,2258,0.192,0.008,0.32773109216157054,379
SIGLEC7,ENSG00000168995,0.423,-0.687,1.11,6421,0.608,0.008,0.32773109216157054,380
SLC13A2,ENSG00000007216,-4.608,-6.506,1.9,1365,0.157,0.008,0.32773109216157054,381
FREM2,ENSG00000150893,-1.685,-3.171,1.49,3451,0.297,0.008,0.32773109216157054,382
ZDHHC5,ENSG00000156599,5.2,4.46,0.74,7835,1.0,0.008,0.32773109216157054,383
TMED7,ENSG00000134970,5.064,4.377,0.69,7834,1.0,0.008,0.32773109216157054,384
MMEL1,ENSG00000142606,1.177,0.165,1.01,6644,0.643,0.008,0.32773109216157054,385
IFNAR2,ENSG00000159110,3.937,3.225,0.71,7835,0.999,0.008,0.32773109216157054,386
FOLR2,ENSG00000165457,3.36,2.635,0.73,7527,0.967,0.008,0.32773109216157054,387
CLSTN1,ENSG00000171603,6.576,5.876,0.7,7835,1.0,0.008,0.32773109216157054,388
TMEM87B,ENSG00000153214,3.489,2.81,0.68,7831,0.994,0.008,0.32773109216157054,389
EVI2A,ENSG00000126860,2.446,1.66,0.79,7734,0.904,0.008,0.32773109216157054,390
MICB,ENSG00000204516,1.401,0.476,0.92,7727,0.787,0.008,0.32773109216157054,391
NCSTN,ENSG00000162736,6.361,5.692,0.67,7835,1.0,0.008,0.32773109216157054,392
PTPRC,ENSG00000081237,2.734,2.004,0.73,7638,0.906,0.008,0.32773109216157054,393
UPK2,ENSG00000110375,-1.781,-3.626,1.85,3065,0.236,0.008,0.32773109216157054,394
PRND,ENSG00000171864,-3.458,-5.574,2.12,1017,0.122,0.008,0.32773109216157054,395
SLC30A1,ENSG00000170385,3.332,2.616,0.72,7817,0.995,0.008,0.32773109216157054,396
F2RL2,ENSG00000164220,-0.687,-1.994,1.31,5016,0.41,0.008,0.32773109216157054,397
ATRN,ENSG00000088812,3.828,3.118,0.71,7824,0.998,0.008,0.32773109216157054,398
LRP11,ENSG00000120256,4.28,3.623,0.66,7558,0.995,0.008,0.32773109216157054,399
FLVCR1,ENSG00000162769,2.111,1.351,0.76,7802,0.973,0.008,0.32773109216157054,400
SLC6A11,ENSG00000132164,-3.171,-4.608,1.44,2986,0.321,0.008,0.32773109216157054,401
PIGT,ENSG00000124155,6.52,5.783,0.74,7835,1.0,0.008,0.32773109216157054,402
P2RY10,ENSG00000078589,-0.86,-2.388,1.53,4401,0.363,0.008,0.32773109216157054,403
IFNAR1,ENSG00000142166,3.999,3.326,0.67,7835,1.0,0.008,0.32773109216157054,404
CADM4,ENSG00000105767,3.779,3.048,0.73,7811,0.973,0.008,0.32773109216157054,405
ITGA3,ENSG00000005884,5.631,4.92,0.71,7807,0.992,0.008,0.32773109216157054,406
CD44,ENSG00000026508,6.898,6.203,0.7,7835,0.999,0.008,0.32773109216157054,407
GRIN2D,ENSG00000105464,-0.492,-1.884,1.39,5672,0.427,0.008,0.32773109216157054,408
LRP8,ENSG00000157193,1.828,0.927,0.9,7641,0.801,0.008,0.32773109216157054,409
PIGO,ENSG00000165282,4.102,3.432,0.67,7833,1.0,0.008,0.32773109216157054,410
ADAM28,ENSG00000042980,1.975,1.092,0.88,7499,0.833,0.008,0.32773109216157054,411
LY9,ENSG00000122224,-0.357,-1.639,1.28,5218,0.436,0.008,0.32773109216157054,412
SLC7A1,ENSG00000139514,3.457,2.766,0.69,7826,0.968,0.008,0.32773109216157054,413
RHBDF2,ENSG00000129667,4.288,3.566,0.72,7835,0.998,0.008,0.32773109216157054,414
IGFLR1,ENSG00000126246,3.521,2.799,0.72,7835,0.999,0.008,0.32773109216157054,415
SLC18A1,ENSG00000036565,-5.012,-9.966,4.95,908,0.051,0.008,0.32773109216157054,416
CDH7,ENSG00000081138,-6.506,-9.966,3.46,1689,0.089,0.008,0.32773109216157054,417
TNFRSF19,ENSG00000127863,1.956,1.057,0.9,7365,0.796,0.008,0.32773109216157054,418
MPZL1,ENSG00000197965,6.018,5.292,0.73,7835,1.0,0.008,0.32773109216157054,419
MMP14,ENSG00000157227,6.399,5.726,0.67,7820,0.999,0.008,0.32773109216157054,420
SEMA4A,ENSG00000196189,3.54,2.751,0.79,7834,0.949,0.008,0.32773109216157054,421
DPEP1,ENSG00000015413,-0.533,-1.884,1.35,5281,0.412,0.008,0.32773109216157054,422
OR2B6,ENSG00000124657,-4.035,-9.966,5.93,1137,0.048,0.008,0.32773109216157054,423
TNFRSF10C,ENSG00000173535,0.912,-0.042,0.95,7531,0.699,0.008,0.32773109216157054,424
SUCNR1,ENSG00000198829,-1.283,-3.171,1.89,3545,0.267,0.008,0.32773109216157054,425
ADAM8,ENSG00000151651,2.446,1.656,0.79,7832,0.927,0.008,0.32773109216157054,426
FZD6,ENSG00000164930,3.642,2.905,0.74,7555,0.966,0.008,0.32773109216157054,427
ITM2C,ENSG00000135916,6.274,5.569,0.7,7835,1.0,0.008,0.32773109216157054,428
CHRNB4,ENSG00000117971,-2.548,-4.608,2.06,1992,0.165,0.008,0.32773109216157054,429
GPC4,ENSG00000076716,3.089,2.362,0.73,7415,0.889,0.008,0.32773109216157054,430
GPR37,ENSG00000170775,0.016,-1.214,1.23,5500,0.503,0.008,0.32773109216157054,431
PSEN1,ENSG00000080815,4.881,4.213,0.67,7835,1.0,0.008,0.32773109216157054,432
SMO,ENSG00000128602,3.291,2.541,0.75,7472,0.938,0.008,0.32773109216157054,433
C11orf24,ENSG00000171067,4.789,4.213,0.58,7834,1.0,0.007,0.3193277308240944,434
TCTN2,ENSG00000168778,3.052,2.462,0.59,7710,0.977,0.007,0.3193277308240944,435
SUCO,ENSG00000094975,3.592,2.936,0.66,7827,0.998,0.007,0.3193277308240944,436
TMEM179B,ENSG00000185475,6.135,5.503,0.63,7835,1.0,0.007,0.3193277308240944,437
DAG1,ENSG00000173402,5.156,4.551,0.6,7818,1.0,0.007,0.3193277308240944,438
LAG3,ENSG00000089692,0.979,0.152,0.83,7113,0.716,0.007,0.3193277308240944,439
ADAM9,ENSG00000168615,5.154,4.542,0.61,7835,0.995,0.007,0.3193277308240944,440
CX3CR1,ENSG00000168329,-0.028,-1.214,1.19,6202,0.497,0.007,0.3193277308240944,441
ITGAV,ENSG00000138448,4.69,4.087,0.6,7761,0.997,0.007,0.3193277308240944,442
ATRAID,ENSG00000138085,7.192,6.612,0.58,7835,1.0,0.007,0.3193277308240944,443
IL10RB,ENSG00000243646,4.675,4.029,0.65,7835,1.0,0.007,0.3193277308240944,444
CD63,ENSG00000135404,9.967,9.366,0.6,7835,1.0,0.007,0.3193277308240944,445
SUSD1,ENSG00000106868,2.549,1.896,0.65,7831,0.977,0.007,0.3193277308240944,446
ITGB1,ENSG00000150093,7.403,6.762,0.64,7835,1.0,0.007,0.3193277308240944,447
IL1RL2,ENSG00000115598,-0.233,-1.392,1.16,5965,0.457,0.007,0.3193277308240944,448
TM9SF1,ENSG00000100926,5.057,4.393,0.66,7834,1.0,0.007,0.3193277308240944,449
GPR132,ENSG00000183484,0.633,-0.338,0.97,7281,0.65,0.007,0.3193277308240944,450
GABRG3,ENSG00000182256,-4.608,-6.506,1.9,2306,0.167,0.007,0.3193277308240944,451
ATP13A2,ENSG00000159363,4.824,4.176,0.65,7835,1.0,0.007,0.3193277308240944,452
TGFBR1,ENSG00000106799,3.588,3.011,0.58,7835,0.998,0.007,0.3193277308240944,453
MUC13,ENSG00000173702,-2.932,-4.035,1.1,2256,0.295,0.007,0.3193277308240944,454
BSG,ENSG00000172270,9.099,8.471,0.63,7835,1.0,0.007,0.3193277308240944,455
PRSS21,ENSG00000007038,-1.248,-2.388,1.14,4574,0.394,0.007,0.3193277308240944,456
CLDN12,ENSG00000157224,4.101,3.53,0.57,7607,0.997,0.007,0.3193277308240944,457
LRP5,ENSG00000162337,4.902,4.311,0.59,7683,0.998,0.007,0.3193277308240944,458
TM7SF3,ENSG00000064115,5.503,4.87,0.63,7835,1.0,0.007,0.3193277308240944,459
PLXNC1,ENSG00000136040,1.997,1.311,0.69,7820,0.879,0.007,0.3193277308240944,460
HRH1,ENSG00000196639,1.64,0.927,0.71,6897,0.804,0.007,0.3193277308240944,461
CD164,ENSG00000135535,7.014,6.411,0.6,7835,1.0,0.007,0.3193277308240944,462
ICOSLG,ENSG00000160223,1.444,0.766,0.68,7697,0.877,0.007,0.3193277308240944,463
NKAIN1,ENSG00000084628,-1.552,-2.932,1.38,4110,0.337,0.007,0.3193277308240944,464
PTPRH,ENSG00000080031,-0.166,-1.318,1.15,5975,0.481,0.007,0.3193277308240944,465
PANX1,ENSG00000110218,3.067,2.468,0.6,7819,0.996,0.007,0.3193277308240944,466
STT3B,ENSG00000163527,5.604,5.029,0.58,7835,1.0,0.007,0.3193277308240944,467
CLDN10,ENSG00000134873,-0.02,-1.026,1.01,5717,0.5,0.007,0.3193277308240944,468
CLN3,ENSG00000188603,5.407,4.806,0.6,7835,1.0,0.007,0.3193277308240944,469
KISS1R,ENSG00000116014,-2.932,-5.012,2.08,2230,0.158,0.007,0.3193277308240944,470
TSPAN17,ENSG00000048140,4.532,3.921,0.61,7835,1.0,0.007,0.3193277308240944,471
EPHB4,ENSG00000196411,4.788,4.14,0.65,7827,0.999,0.007,0.3193277308240944,472
ANO1,ENSG00000131620,3.448,2.791,0.66,7238,0.889,0.007,0.3193277308240944,473
GPR137B,ENSG00000077585,3.95,3.342,0.61,7830,0.992,0.007,0.3193277308240944,474
GPR84,ENSG00000139572,-0.357,-1.595,1.24,5859,0.422,0.007,0.3193277308240944,475
ACVR1,ENSG00000115170,4.099,3.517,0.58,7797,0.998,0.007,0.3193277308240944,476
LPAR3,ENSG00000171517,-1.639,-2.826,1.19,3934,0.395,0.007,0.3193277308240944,477
ADAM17,ENSG00000151694,3.284,2.676,0.61,7828,0.965,0.007,0.3193277308240944,478
PCDHA11,ENSG00000249158,-2.297,-3.816,1.52,3052,0.265,0.007,0.3193277308240944,479
C3orf80,ENSG00000180044,-0.413,-1.732,1.32,5462,0.415,0.007,0.3193277308240944,480
LRRN4,ENSG00000125872,-3.626,-5.012,1.39,1455,0.18,0.007,0.3193277308240944,481
SLC2A10,ENSG00000197496,2.905,2.227,0.68,7409,0.918,0.007,0.3193277308240944,482
TSPAN3,ENSG00000140391,7.392,6.788,0.6,7835,1.0,0.007,0.3193277308240944,483
UBAC2,ENSG00000134882,5.807,5.175,0.63,7835,1.0,0.007,0.3193277308240944,484
LILRB2,ENSG00000131042,1.534,0.766,0.77,7363,0.829,0.007,0.3193277308240944,485
IL1RAP,ENSG00000196083,2.167,1.46,0.71,7824,0.917,0.007,0.3193277308240944,486
PCDH17,ENSG00000118946,0.567,-0.32,0.89,6647,0.624,0.007,0.3193277308240944,487
CNNM4,ENSG00000158158,2.806,2.183,0.62,7812,0.983,0.007,0.3193277308240944,488
SEMA4B,ENSG00000185033,5.244,4.657,0.59,7862,1.0,0.007,0.3193277308240944,489
APP,ENSG00000142192,8.364,7.708,0.66,7835,1.0,0.007,0.3193277308240944,490
NRCAM,ENSG00000091129,1.712,0.934,0.78,7252,0.721,0.007,0.3193277308240944,491
CXCR5,ENSG00000160683,1.692,1.071,0.62,7319,0.866,0.006,0.31092436948661817,492
SLC38A8,ENSG00000166558,-5.012,-9.966,4.95,2106,0.056,0.006,0.31092436948661817,493
IGSF8,ENSG00000162729,5.267,4.74,0.53,7835,1.0,0.006,0.31092436948661817,494
LMAN2L,ENSG00000114988,4.005,3.498,0.51,7833,1.0,0.006,0.31092436948661817,495
TSPAN14,ENSG00000108219,5.536,5.043,0.49,7835,1.0,0.006,0.31092436948661817,496
CD151,ENSG00000177697,7.881,7.391,0.49,7835,1.0,0.006,0.31092436948661817,497
NIPAL3,ENSG00000001461,3.473,2.928,0.54,7832,0.991,0.006,0.31092436948661817,498
SLC3A2,ENSG00000168003,7.014,6.461,0.55,7835,1.0,0.006,0.31092436948661817,499
PMEL,ENSG00000185664,0.661,-0.028,0.69,7008,0.718,0.006,0.31092436948661817,500
SLC44A1,ENSG00000070214,4.192,3.628,0.56,7828,0.998,0.006,0.31092436948661817,501
TMEM63C,ENSG00000165548,-0.134,-1.056,0.92,5393,0.485,0.006,0.31092436948661817,502
SLITRK6,ENSG00000184564,-1.552,-2.635,1.08,4039,0.362,0.006,0.31092436948661817,503
CD1C,ENSG00000158481,-0.338,-1.318,0.98,4935,0.442,0.006,0.31092436948661817,504
ADORA2B,ENSG00000170425,1.078,0.312,0.77,7346,0.68,0.006,0.31092436948661817,505
CD320,ENSG00000167775,5.353,4.818,0.54,7834,1.0,0.006,0.31092436948661817,506
SLC39A10,ENSG00000196950,3.215,2.698,0.52,7808,0.979,0.006,0.31092436948661817,507
SLC17A5,ENSG00000119899,3.25,2.742,0.51,7832,0.992,0.006,0.31092436948661817,508
CSF1R,ENSG00000182578,3.701,3.126,0.57,7776,0.983,0.006,0.31092436948661817,509
HCAR2,ENSG00000182782,-0.32,-1.318,1.0,5427,0.457,0.006,0.31092436948661817,510
GRM8,ENSG00000179603,-1.355,-2.727,1.37,4082,0.275,0.006,0.31092436948661817,511
UPK1B,ENSG00000114638,-4.035,-5.012,0.98,2346,0.275,0.006,0.31092436948661817,512
PKD2L1,ENSG00000107593,-1.884,-4.293,2.41,3005,0.144,0.006,0.31092436948661817,513
DISP2,ENSG00000140323,0.023,-0.969,0.99,6084,0.505,0.006,0.31092436948661817,514
IL7R,ENSG00000168685,1.656,0.912,0.74,7102,0.734,0.006,0.31092436948661817,515
NTM,ENSG00000182667,1.786,1.118,0.67,7102,0.744,0.006,0.31092436948661817,516
PCDHB9,ENSG00000177839,0.276,-0.576,0.85,6854,0.556,0.006,0.31092436948661817,517
SCARB1,ENSG00000073060,5.105,4.553,0.55,7834,1.0,0.006,0.31092436948661817,518
SLC43A2,ENSG00000167703,3.854,3.284,0.57,7835,0.996,0.006,0.31092436948661817,519
CD28,ENSG00000178562,-0.969,-2.315,1.35,4612,0.299,0.006,0.31092436948661817,520
CALCRL,ENSG00000064989,2.576,2.054,0.52,7654,0.924,0.006,0.31092436948661817,521
PTTG1IP,ENSG00000183255,7.12,6.583,0.54,7835,1.0,0.006,0.31092436948661817,522
TLR1,ENSG00000174125,1.357,0.642,0.71,7666,0.789,0.006,0.31092436948661817,523
SLCO4C1,ENSG00000173930,-3.047,-4.293,1.25,2495,0.247,0.006,0.31092436948661817,524
ITGA4,ENSG00000115232,0.972,0.252,0.72,7453,0.688,0.006,0.31092436948661817,525
ABCC3,ENSG00000108846,3.455,2.866,0.59,7658,0.898,0.006,0.31092436948661817,526
SLC9A1,ENSG00000090020,4.391,3.874,0.52,7835,0.998,0.006,0.31092436948661817,527
TMEM26,ENSG00000196932,-1.181,-2.727,1.55,4048,0.266,0.006,0.31092436948661817,528
GPR171,ENSG00000174946,-0.302,-1.248,0.95,5582,0.453,0.006,0.31092436948661817,529
GPR141,ENSG00000187037,-1.086,-2.466,1.38,4495,0.288,0.006,0.31092436948661817,530
SLC35A5,ENSG00000138459,4.202,3.701,0.5,7832,0.999,0.006,0.31092436948661817,531
TM9SF3,ENSG00000077147,5.461,4.969,0.49,7835,1.0,0.006,0.31092436948661817,532
TNFSF4,ENSG00000117586,0.152,-0.735,0.89,7244,0.543,0.006,0.31092436948661817,533
ATP13A3,ENSG00000133657,4.863,4.354,0.51,7835,0.999,0.006,0.31092436948661817,534
SCARB2,ENSG00000138760,6.02,5.502,0.52,7835,1.0,0.006,0.31092436948661817,535
SLC29A2,ENSG00000174669,2.66,2.091,0.57,7746,0.864,0.006,0.31092436948661817,536
LYPD5,ENSG00000159871,0.873,0.203,0.67,6959,0.708,0.006,0.31092436948661817,537
SIGLEC14,ENSG00000254415,0.085,-0.834,0.92,6311,0.518,0.006,0.31092436948661817,538
VSIG1,ENSG00000101842,-1.831,-3.458,1.63,3338,0.224,0.006,0.31092436948661817,539
TMC7,ENSG00000170537,0.288,-0.597,0.89,7138,0.573,0.006,0.31092436948661817,540
OR7A5,ENSG00000188269,-5.574,-9.966,4.39,2348,0.065,0.006,0.31092436948661817,541
TMPRSS11E,ENSG00000087128,-4.035,-5.012,0.98,1817,0.25,0.006,0.31092436948661817,542
TM9SF4,ENSG00000101337,5.17,4.663,0.51,7837,1.0,0.006,0.31092436948661817,543
TMEM63B,ENSG00000137216,4.712,4.182,0.53,7835,1.0,0.006,0.31092436948661817,544
GPR34,ENSG00000171659,1.444,0.758,0.69,7174,0.794,0.006,0.31092436948661817,545
CDHR2,ENSG00000074276,-1.884,-3.171,1.29,3772,0.28,0.006,0.31092436948661817,546
TLR8,ENSG00000101916,-1.214,-2.548,1.33,4325,0.277,0.006,0.31092436948661817,547
PKHD1,ENSG00000170927,-5.012,-6.506,1.49,790,0.116,0.006,0.31092436948661817,548
FRRS1,ENSG00000156869,1.085,0.357,0.73,6683,0.713,0.006,0.31092436948661817,549
TCTN3,ENSG00000119977,4.639,4.085,0.55,7831,1.0,0.006,0.31092436948661817,550
CASR,ENSG00000036828,-6.506,-9.966,3.46,866,0.051,0.006,0.31092436948661817,551
HFE,ENSG00000010704,2.224,1.604,0.62,7752,0.894,0.006,0.31092436948661817,552
ULBP1,ENSG00000111981,-2.245,-4.035,1.79,2355,0.172,0.006,0.31092436948661817,553
TMEM87A,ENSG00000103978,5.354,4.792,0.56,7835,1.0,0.006,0.31092436948661817,554
APLP2,ENSG00000084234,7.746,7.185,0.56,7835,1.0,0.006,0.31092436948661817,555
TNFSF8,ENSG00000106952,-0.134,-1.149,1.01,5938,0.47,0.006,0.31092436948661817,556
PRLR,ENSG00000113494,-1.041,-2.114,1.07,4843,0.381,0.006,0.31092436948661817,557
PANX2,ENSG00000073150,0.857,0.044,0.81,7193,0.632,0.006,0.31092436948661817,558
GLIPR1,ENSG00000139278,3.227,2.698,0.53,7827,0.969,0.006,0.31092436948661817,559
UPK3A,ENSG00000100373,-2.053,-3.458,1.41,2938,0.241,0.006,0.31092436948661817,560
CHRNA6,ENSG00000147434,-3.816,-9.966,6.15,986,0.033,0.006,0.31092436948661817,561
IL13RA1,ENSG00000131724,5.089,4.564,0.52,7834,0.999,0.006,0.31092436948661817,562
CD38,ENSG00000004468,1.118,0.368,0.75,7208,0.665,0.006,0.31092436948661817,563
LMBR1,ENSG00000105983,4.171,3.64,0.53,7835,1.0,0.006,0.31092436948661817,564
HLA-F,ENSG00000204642,6.398,5.908,0.49,7835,1.0,0.006,0.31092436948661817,565
CLDN2,ENSG00000165376,-2.826,-3.816,0.99,2554,0.327,0.006,0.31092436948661817,566
LDLRAD3,ENSG00000179241,2.539,2.008,0.53,7732,0.919,0.006,0.31092436948661817,567
SLC45A4,ENSG00000022567,2.762,2.281,0.48,7827,0.966,0.005,0.302521008149142,568
FZD3,ENSG00000104290,0.927,0.391,0.54,7490,0.741,0.005,0.302521008149142,569
CEACAM21,ENSG00000007129,0.165,-0.533,0.7,6724,0.546,0.005,0.302521008149142,570
HCAR3,ENSG00000255398,-1.283,-2.315,1.03,4383,0.333,0.005,0.302521008149142,571
FCER1A,ENSG00000179639,0.126,-0.619,0.74,5766,0.518,0.005,0.302521008149142,572
IGF2R,ENSG00000197081,4.584,4.119,0.46,7835,1.0,0.005,0.302521008149142,573
ANKH,ENSG00000154122,5.037,4.568,0.47,7835,0.997,0.005,0.302521008149142,574
QSOX1,ENSG00000116260,6.196,5.794,0.4,7835,1.0,0.005,0.302521008149142,575
AMIGO2,ENSG00000139211,2.555,2.074,0.48,7693,0.885,0.005,0.302521008149142,576
CSPG5,ENSG00000114646,-0.302,-1.149,0.85,6218,0.444,0.005,0.302521008149142,577
EFNB2,ENSG00000125266,3.547,3.133,0.41,7490,0.975,0.005,0.302521008149142,578
AVPR1B,ENSG00000198049,-6.506,-9.966,3.46,790,0.041,0.005,0.302521008149142,579
SIGLEC12,ENSG00000254521,-2.315,-3.816,1.5,2826,0.171,0.005,0.302521008149142,580
SLC34A1,ENSG00000131183,-5.574,-9.966,4.39,961,0.033,0.005,0.302521008149142,581
TNFSF18,ENSG00000120337,-2.466,-4.293,1.83,1687,0.113,0.005,0.302521008149142,582
S1PR4,ENSG00000125910,0.402,-0.32,0.72,7232,0.597,0.005,0.302521008149142,583
SIRPB1,ENSG00000101307,0.288,-0.394,0.68,7109,0.56,0.005,0.302521008149142,584
CR2,ENSG00000117322,-3.458,-4.608,1.15,1694,0.186,0.005,0.302521008149142,585
CD84,ENSG00000066294,0.624,-0.088,0.71,7016,0.628,0.005,0.302521008149142,586
VNN1,ENSG00000112299,-0.759,-1.685,0.93,5464,0.371,0.005,0.302521008149142,587
MUC12,ENSG00000205277,0.19,-0.619,0.81,6291,0.535,0.005,0.302521008149142,588
DUOXA1,ENSG00000140254,0.246,-0.512,0.76,6559,0.527,0.005,0.302521008149142,589
LINGO1,ENSG00000169783,1.305,0.723,0.58,7235,0.743,0.005,0.302521008149142,590
ITM2B,ENSG00000136156,9.538,9.132,0.41,7835,1.0,0.005,0.302521008149142,591
GPR157,ENSG00000180758,1.816,1.351,0.46,7413,0.859,0.005,0.302521008149142,592
IL17RD,ENSG00000144730,0.715,0.112,0.6,6900,0.653,0.005,0.302521008149142,593
PDCD1,ENSG00000188389,-0.512,-1.51,1.0,5770,0.399,0.005,0.302521008149142,594
SEMA7A,ENSG00000138623,2.011,1.522,0.49,7817,0.872,0.005,0.302521008149142,595
TMEM106A,ENSG00000184988,1.516,1.001,0.52,7698,0.846,0.005,0.302521008149142,596
CRTAM,ENSG00000109943,-1.43,-2.727,1.3,4251,0.236,0.005,0.302521008149142,597
ABCA13,ENSG00000179869,-3.047,-4.293,1.25,2880,0.212,0.005,0.302521008149142,598
BTN3A3,ENSG00000111801,3.518,3.034,0.48,7862,0.995,0.005,0.302521008149142,599
ERVV-1,ENSG00000269526,-6.506,-9.966,3.46,539,0.034,0.005,0.302521008149142,600
PTH2R,ENSG00000144407,-3.047,-4.035,0.99,2476,0.259,0.005,0.302521008149142,601
GPR25,ENSG00000170128,-5.012,-9.966,4.95,1499,0.038,0.005,0.302521008149142,602
GPR65,ENSG00000140030,-0.472,-1.392,0.92,5994,0.394,0.005,0.302521008149142,603
PCDH7,ENSG00000169851,1.774,1.202,0.57,6793,0.73,0.005,0.302521008149142,604
GPC6,ENSG00000183098,1.029,0.445,0.58,7037,0.687,0.005,0.302521008149142,605
SLC29A4,ENSG00000164638,1.795,1.208,0.59,7423,0.8,0.005,0.302521008149142,606
NOTCH3,ENSG00000074181,4.593,4.182,0.41,7661,0.99,0.005,0.302521008149142,607
KCNK5,ENSG00000164626,1.762,1.215,0.55,6038,0.741,0.005,0.302521008149142,608
ITGA11,ENSG00000137809,1.125,0.567,0.56,7230,0.689,0.005,0.302521008149142,609
MEP1A,ENSG00000112818,-5.012,-6.506,1.49,885,0.092,0.005,0.302521008149142,610
TRGC2,ENSG00000227191,0.391,-0.267,0.66,6547,0.572,0.005,0.302521008149142,611
LAMP1,ENSG00000185896,7.212,6.764,0.45,7835,1.0,0.005,0.302521008149142,612
SLC6A12,ENSG00000111181,0.03,-0.783,0.81,6860,0.505,0.005,0.302521008149142,613
PTPRO,ENSG00000151490,0.391,-0.357,0.75,7164,0.581,0.005,0.302521008149142,614
PROM1,ENSG00000007062,1.043,0.434,0.61,6306,0.59,0.005,0.302521008149142,615
TENM4,ENSG00000149256,0.335,-0.357,0.69,6378,0.556,0.005,0.302521008149142,616
ACVR1B,ENSG00000135503,3.934,3.506,0.43,7833,0.998,0.005,0.302521008149142,617
KITLG,ENSG00000049130,2.77,2.263,0.51,7357,0.895,0.005,0.302521008149142,618
SIGLEC9,ENSG00000129450,0.476,-0.15,0.63,6981,0.623,0.005,0.302521008149142,619
SIGLEC8,ENSG00000105366,-1.026,-1.994,0.97,4987,0.34,0.005,0.302521008149142,620
ITGAX,ENSG00000140678,2.339,1.82,0.52,7754,0.922,0.005,0.302521008149142,621
TMEM161A,ENSG00000064545,4.594,4.168,0.43,7835,1.0,0.005,0.302521008149142,622
XCR1,ENSG00000173578,-2.932,-5.012,2.08,1778,0.095,0.005,0.302521008149142,623
NEO1,ENSG00000067141,4.345,3.885,0.46,7795,0.992,0.005,0.302521008149142,624
GJB6,ENSG00000121742,-2.114,-3.047,0.93,4004,0.35,0.005,0.302521008149142,625
VSIG10,ENSG00000176834,3.644,3.206,0.44,7776,0.999,0.005,0.302521008149142,626
CLDN6,ENSG00000184697,-3.626,-5.012,1.39,1783,0.153,0.005,0.302521008149142,627
ENTPD1,ENSG00000138185,3.237,2.795,0.44,7835,0.995,0.005,0.302521008149142,628
ANO7,ENSG00000146205,0.357,-0.357,0.71,7391,0.61,0.005,0.302521008149142,629
PSCA,ENSG00000167653,-0.028,-0.913,0.89,6421,0.498,0.005,0.302521008149142,630
M6PR,ENSG00000003056,6.308,5.852,0.46,7835,1.0,0.005,0.302521008149142,631
TRAT1,ENSG00000163519,-1.552,-2.826,1.27,3837,0.247,0.005,0.302521008149142,632
TMEM219,ENSG00000149932,7.129,6.73,0.4,7835,1.0,0.005,0.302521008149142,633
FGFR4,ENSG00000160867,1.644,1.001,0.64,7659,0.748,0.005,0.302521008149142,634
HLA-DOB,ENSG00000241106,0.949,0.276,0.67,7417,0.685,0.005,0.302521008149142,635
SLC12A7,ENSG00000113504,4.34,3.936,0.4,7835,0.996,0.005,0.302521008149142,636
NRP2,ENSG00000118257,3.683,3.196,0.49,7628,0.975,0.005,0.302521008149142,637
SIDT1,ENSG00000072858,0.754,0.044,0.71,7241,0.628,0.005,0.302521008149142,638
HYAL2,ENSG00000068001,5.251,4.852,0.4,7834,1.0,0.005,0.302521008149142,639
MFSD12,ENSG00000161091,5.456,4.972,0.48,7835,1.0,0.005,0.302521008149142,640
TMEM9B,ENSG00000175348,5.391,4.925,0.47,7835,1.0,0.005,0.302521008149142,641
SEMA4F,ENSG00000135622,1.828,1.362,0.47,7775,0.942,0.005,0.302521008149142,642
HHLA2,ENSG00000114455,-3.626,-4.608,0.98,2270,0.231,0.005,0.302521008149142,643
CCR2,ENSG00000121807,-0.233,-1.086,0.85,5699,0.46,0.005,0.302521008149142,644
SLC2A9,ENSG00000109667,2.0,1.522,0.48,7758,0.929,0.005,0.302521008149142,645
TRIL,ENSG00000255690,1.043,0.434,0.61,6974,0.679,0.005,0.302521008149142,646
EDNRA,ENSG00000151617,2.118,1.651,0.47,7364,0.856,0.005,0.302521008149142,647
FZD1,ENSG00000157240,2.67,2.173,0.5,7694,0.944,0.005,0.302521008149142,648
GJA3,ENSG00000121743,-3.816,-5.574,1.76,1807,0.113,0.005,0.302521008149142,649
ITFG1,ENSG00000129636,5.341,4.885,0.46,7835,1.0,0.005,0.302521008149142,650
KIAA1549L,ENSG00000110427,-1.685,-2.727,1.04,4194,0.311,0.005,0.302521008149142,651
P2RY8,ENSG00000182162,0.352,-0.338,0.69,6313,0.575,0.005,0.302521008149142,652
GPNMB,ENSG00000136235,5.966,5.522,0.44,7808,0.996,0.005,0.302521008149142,653
SLC19A1,ENSG00000173638,3.217,2.757,0.46,7835,0.992,0.005,0.302521008149142,654
LHFPL5,ENSG00000197753,-5.012,-9.966,4.95,1078,0.027,0.004,0.2941176468116659,655
CELSR3,ENSG00000008300,0.605,0.112,0.49,7571,0.628,0.004,0.2941176468116659,656
BTN3A1,ENSG00000026950,3.808,3.432,0.38,7835,0.998,0.004,0.2941176468116659,657
OR2A7,ENSG00000243896,0.741,0.19,0.55,6594,0.639,0.004,0.2941176468116659,658
EFNB3,ENSG00000108947,0.058,-0.597,0.66,6141,0.51,0.004,0.2941176468116659,659
CD163L1,ENSG00000177675,0.934,0.434,0.5,7465,0.708,0.004,0.2941176468116659,660
LRFN1,ENSG00000128011,0.357,-0.267,0.62,7176,0.567,0.004,0.2941176468116659,661
TPBG,ENSG00000146242,3.391,3.032,0.36,7507,0.907,0.004,0.2941176468116659,662
OXTR,ENSG00000180914,-0.886,-1.938,1.05,5613,0.32,0.004,0.2941176468116659,663
MFSD2A,ENSG00000168389,2.714,2.266,0.45,7529,0.859,0.004,0.2941176468116659,664
FCGR2B,ENSG00000072694,2.48,2.067,0.41,7391,0.86,0.004,0.2941176468116659,665
TLR5,ENSG00000187554,1.258,0.783,0.47,7471,0.774,0.004,0.2941176468116659,666
CD46,ENSG00000117335,6.431,6.073,0.36,7835,1.0,0.004,0.2941176468116659,667
BTC,ENSG00000174808,0.688,0.203,0.49,6038,0.628,0.004,0.2941176468116659,668
MME,ENSG00000196549,1.423,0.979,0.44,7476,0.694,0.004,0.2941176468116659,669
TMEM217,ENSG00000172738,0.001,-0.735,0.74,7000,0.502,0.004,0.2941176468116659,670
LRRN1,ENSG00000175928,0.591,0.03,0.56,6412,0.557,0.004,0.2941176468116659,671
MUC4,ENSG00000145113,-0.808,-1.51,0.7,5941,0.425,0.004,0.2941176468116659,672
BDKRB2,ENSG00000168398,1.47,1.022,0.45,6682,0.754,0.004,0.2941176468116659,673
GPR180,ENSG00000152749,1.171,0.732,0.44,7619,0.895,0.004,0.2941176468116659,674
RNF13,ENSG00000082996,5.407,5.022,0.39,7835,1.0,0.004,0.2941176468116659,675
NCR3,ENSG00000204475,-1.283,-2.466,1.18,4635,0.239,0.004,0.2941176468116659,676
ACVR2B,ENSG00000114739,0.567,0.112,0.45,7576,0.738,0.004,0.2941176468116659,677
FPR1,ENSG00000171051,1.561,1.151,0.41,7643,0.776,0.004,0.2941176468116659,678
CDH16,ENSG00000166589,-4.293,-5.012,0.72,1970,0.23,0.004,0.2941176468116659,679
PLXNB2,ENSG00000196576,6.736,6.373,0.36,7835,1.0,0.004,0.2941176468116659,680
SCN8A,ENSG00000196876,-1.026,-1.938,0.91,5510,0.295,0.004,0.2941176468116659,681
MANSC1,ENSG00000111261,4.19,3.797,0.39,7768,0.988,0.004,0.2941176468116659,682
PLXDC2,ENSG00000120594,3.35,2.971,0.38,7757,0.948,0.004,0.2941176468116659,683
ABCC1,ENSG00000103222,3.748,3.36,0.39,7831,0.984,0.004,0.2941176468116659,684
TXNDC15,ENSG00000113621,5.296,4.943,0.35,7835,1.0,0.004,0.2941176468116659,685
MILR1,ENSG00000271605,1.595,1.183,0.41,7708,0.846,0.004,0.2941176468116659,686
SLC46A1,ENSG00000076351,3.294,2.905,0.39,7820,0.992,0.004,0.2941176468116659,687
SLC17A8,ENSG00000179520,-6.506,-9.966,3.46,1118,0.037,0.004,0.2941176468116659,688
SLC22A11,ENSG00000168065,-3.816,-5.012,1.2,1579,0.143,0.004,0.2941176468116659,689
SLC24A2,ENSG00000155886,-4.293,-5.574,1.28,1786,0.132,0.004,0.2941176468116659,690
GRM5,ENSG00000168959,-6.506,-9.966,3.46,1380,0.038,0.004,0.2941176468116659,691
GPR107,ENSG00000148358,4.372,4.01,0.36,7835,1.0,0.004,0.2941176468116659,692
DGCR2,ENSG00000070413,5.335,4.973,0.36,7835,1.0,0.004,0.2941176468116659,693
SLC38A9,ENSG00000177058,2.846,2.519,0.33,7824,0.997,0.004,0.2941176468116659,694
AQP9,ENSG00000103569,-0.267,-1.026,0.76,6626,0.46,0.004,0.2941176468116659,695
ABCA3,ENSG00000167972,3.175,2.734,0.44,7740,0.863,0.004,0.2941176468116659,696
CLSTN3,ENSG00000139182,4.57,4.225,0.34,7835,0.999,0.004,0.2941176468116659,697
PCDH12,ENSG00000113555,1.078,0.586,0.49,7595,0.781,0.004,0.2941176468116659,698
UNC5A,ENSG00000113763,-1.938,-2.826,0.89,4160,0.285,0.004,0.2941176468116659,699
P2RY2,ENSG00000175591,0.994,0.497,0.5,7110,0.616,0.004,0.2941176468116659,700
TM4SF18,ENSG00000163762,1.501,1.112,0.39,7170,0.828,0.004,0.2941176468116659,701
SLC1A1,ENSG00000106688,1.768,1.305,0.46,7392,0.76,0.004,0.2941176468116659,702
EMP2,ENSG00000213853,5.136,4.821,0.32,7628,0.997,0.004,0.2941176468116659,703
PTPRR,ENSG00000153233,-0.997,-1.831,0.83,5473,0.331,0.004,0.2941176468116659,704
FCRL3,ENSG00000160856,-2.388,-3.816,1.43,2925,0.168,0.004,0.2941176468116659,705
DCBLD1,ENSG00000164465,2.563,2.199,0.36,7740,0.974,0.004,0.2941176468116659,706
PVR,ENSG00000073008,3.911,3.572,0.34,7815,0.999,0.004,0.2941176468116659,707
ITGB5,ENSG00000082781,6.201,5.807,0.39,7835,1.0,0.004,0.2941176468116659,708
PDCD1LG2,ENSG00000197646,0.139,-0.413,0.55,6507,0.533,0.004,0.2941176468116659,709
CD40LG,ENSG00000102245,-1.685,-2.826,1.14,3856,0.199,0.004,0.2941176468116659,710
LYPD8,ENSG00000259823,-4.035,-5.012,0.98,1779,0.159,0.004,0.2941176468116659,711
LTBR,ENSG00000111321,6.452,6.139,0.31,7833,1.0,0.004,0.2941176468116659,712
TSPAN31,ENSG00000135452,5.304,4.952,0.35,7834,1.0,0.004,0.2941176468116659,713
LILRB1,ENSG00000104972,1.138,0.633,0.51,7319,0.747,0.004,0.2941176468116659,714
SYPL1,ENSG00000008282,6.258,5.935,0.32,7835,1.0,0.004,0.2941176468116659,715
IL9R,ENSG00000124334,-1.639,-2.932,1.29,4005,0.172,0.004,0.2941176468116659,716
MFSD6,ENSG00000151690,4.226,3.867,0.36,7829,0.989,0.004,0.2941176468116659,717
S1PR5,ENSG00000180739,-0.25,-0.913,0.66,6208,0.459,0.004,0.2941176468116659,718
SLAMF1,ENSG00000117090,-1.117,-2.053,0.94,5023,0.286,0.004,0.2941176468116659,719
OR51B5,ENSG00000167355,-6.506,-9.966,3.46,1078,0.026,0.003,0.2857142854741897,720
TMEM213,ENSG00000214128,-5.012,-6.506,1.49,1321,0.079,0.003,0.2857142854741897,721
TNFRSF11A,ENSG00000141655,0.058,-0.394,0.45,6751,0.517,0.003,0.2857142854741897,722
SLC2A6,ENSG00000160326,1.59,1.27,0.32,7821,0.859,0.003,0.2857142854741897,723
SDK2,ENSG00000069188,-0.687,-1.318,0.63,5886,0.403,0.003,0.2857142854741897,724
MUC3A,ENSG00000169894,-0.642,-1.181,0.54,5434,0.451,0.003,0.2857142854741897,725
ZPLD1,ENSG00000170044,-5.012,-6.506,1.49,602,0.044,0.003,0.2857142854741897,726
PCDHAC1,ENSG00000248383,-2.826,-4.035,1.21,2755,0.115,0.003,0.2857142854741897,727
PSEN2,ENSG00000143801,3.803,3.558,0.24,7823,0.999,0.003,0.2857142854741897,728
GPRC5D,ENSG00000111291,-0.834,-1.595,0.76,5768,0.33,0.003,0.2857142854741897,729
SLC6A9,ENSG00000196517,2.511,2.186,0.33,7755,0.918,0.003,0.2857142854741897,730
PCDHB8,ENSG00000120322,-1.283,-1.884,0.6,5487,0.315,0.003,0.2857142854741897,731
MC4R,ENSG00000166603,-6.506,-9.966,3.46,1382,0.027,0.003,0.2857142854741897,732
SLC26A2,ENSG00000155850,1.828,1.59,0.24,7691,0.934,0.003,0.2857142854741897,733
ADORA1,ENSG00000163485,0.697,0.346,0.35,7044,0.605,0.003,0.2857142854741897,734
CNNM3,ENSG00000168763,3.691,3.456,0.24,7834,0.999,0.003,0.2857142854741897,735
CYSLTR1,ENSG00000173198,-0.134,-0.597,0.46,6464,0.464,0.003,0.2857142854741897,736
SLC5A3,ENSG00000198743,1.804,1.486,0.32,7741,0.924,0.003,0.2857142854741897,737
SPPL2A,ENSG00000138600,4.932,4.648,0.28,7835,1.0,0.003,0.2857142854741897,738
SEMA5B,ENSG00000082684,0.276,-0.216,0.49,6736,0.562,0.003,0.2857142854741897,739
CD19,ENSG00000177455,-1.392,-2.114,0.72,5089,0.284,0.003,0.2857142854741897,740
SLC5A12,ENSG00000148942,-3.816,-4.608,0.79,1512,0.154,0.003,0.2857142854741897,741
LRP12,ENSG00000147650,2.151,1.9,0.25,7616,0.915,0.003,0.2857142854741897,742
ICAM4,ENSG00000105371,-1.884,-2.635,0.75,4246,0.253,0.003,0.2857142854741897,743
TMEM62,ENSG00000137842,3.767,3.504,0.26,7834,0.999,0.003,0.2857142854741897,744
MFSD11,ENSG00000092931,4.037,3.758,0.28,7835,1.0,0.003,0.2857142854741897,745
FFAR4,ENSG00000186188,-2.053,-3.308,1.25,3547,0.131,0.003,0.2857142854741897,746
TLR10,ENSG00000174123,-1.781,-2.932,1.15,3863,0.182,0.003,0.2857142854741897,747
MYOF,ENSG00000138119,4.956,4.712,0.24,7742,0.979,0.003,0.2857142854741897,748
ROR2,ENSG00000169071,1.496,1.183,0.31,6713,0.7,0.003,0.2857142854741897,749
GPR18,ENSG00000125245,-1.685,-2.727,1.04,4171,0.177,0.003,0.2857142854741897,750
KCNS1,ENSG00000124134,-3.171,-4.035,0.86,2782,0.173,0.003,0.2857142854741897,751
GPR183,ENSG00000169508,2.406,2.141,0.27,7475,0.907,0.003,0.2857142854741897,752
P2RX3,ENSG00000109991,-5.574,-9.966,4.39,1031,0.024,0.003,0.2857142854741897,753
GGT3P,ENSG00000197421,-4.035,-5.012,0.98,2528,0.145,0.003,0.2857142854741897,754
ATP1A3,ENSG00000105409,-1.355,-2.053,0.7,5583,0.299,0.003,0.2857142854741897,755
DLK2,ENSG00000171462,-0.385,-0.913,0.53,6948,0.439,0.003,0.2857142854741897,756
NRROS,ENSG00000174004,1.345,0.979,0.37,7791,0.83,0.003,0.2857142854741897,757
GJB7,ENSG00000164411,-5.012,-5.574,0.56,1222,0.16,0.003,0.2857142854741897,758
TNFRSF13B,ENSG00000240505,-2.727,-3.816,1.09,2896,0.155,0.003,0.2857142854741897,759
FLVCR2,ENSG00000119686,1.59,1.276,0.31,7719,0.872,0.003,0.2857142854741897,760
CX3CL1,ENSG00000006210,4.161,3.931,0.23,7397,0.987,0.003,0.2857142854741897,761
PODXL,ENSG00000128567,4.051,3.748,0.3,7670,0.993,0.003,0.2857142854741897,762
IGF1R,ENSG00000140443,3.186,2.939,0.25,7832,0.945,0.003,0.2857142854741897,763
PHEX,ENSG00000102174,-1.938,-2.932,0.99,3894,0.182,0.003,0.2857142854741897,764
PCDHA12,ENSG00000251664,-3.047,-4.035,0.99,2793,0.176,0.003,0.2857142854741897,765
ADORA3,ENSG00000282608,1.071,0.679,0.39,7278,0.715,0.003,0.2857142854741897,766
TLR2,ENSG00000137462,1.89,1.571,0.32,7744,0.868,0.003,0.2857142854741897,767
SPACA4,ENSG00000177202,-3.308,-4.608,1.3,2350,0.125,0.003,0.2857142854741897,768
GRM4,ENSG00000124493,-3.171,-4.035,0.86,2599,0.173,0.003,0.2857142854741897,769
MFAP3,ENSG00000037749,2.976,2.672,0.31,7816,0.943,0.003,0.2857142854741897,770
GPR27,ENSG00000170837,1.276,0.833,0.44,7131,0.637,0.003,0.2857142854741897,771
ELFN2,ENSG00000243902,-6.506,-9.966,3.46,1221,0.03,0.003,0.2857142854741897,772
CLEC7A,ENSG00000172243,2.11,1.8,0.31,7478,0.867,0.003,0.2857142854741897,773
S1PR2,ENSG00000267534,1.82,1.522,0.3,7691,0.945,0.003,0.2857142854741897,774
CD109,ENSG00000156535,1.556,1.239,0.32,7334,0.758,0.003,0.2857142854741897,775
PCDHAC2,ENSG00000243232,-1.732,-2.388,0.66,4497,0.257,0.003,0.2857142854741897,776
FURIN,ENSG00000140564,5.327,5.088,0.24,7835,1.0,0.003,0.2857142854741897,777
GPR161,ENSG00000143147,1.532,1.208,0.32,7390,0.821,0.003,0.2857142854741897,778
LILRA5,ENSG00000187116,-0.042,-0.472,0.43,6613,0.494,0.003,0.2857142854741897,779
LDLR,ENSG00000130164,4.199,3.884,0.31,7832,0.962,0.003,0.2857142854741897,780
C5AR1,ENSG00000197405,2.311,2.022,0.29,7813,0.931,0.003,0.2857142854741897,781
NT5E,ENSG00000135318,3.178,2.886,0.29,7691,0.94,0.003,0.2857142854741897,782
SLC22A23,ENSG00000137266,3.009,2.799,0.21,7834,0.953,0.002,0.27731092413671354,783
GPR68,ENSG00000119714,1.022,0.706,0.32,7597,0.685,0.002,0.27731092413671354,784
CD58,ENSG00000116815,3.81,3.669,0.14,7835,0.997,0.002,0.27731092413671354,785
KIRREL2,ENSG00000126259,-4.293,-5.012,0.72,1889,0.137,0.002,0.27731092413671354,786
ASTN2,ENSG00000148219,1.705,1.476,0.23,7670,0.884,0.002,0.27731092413671354,787
SLC5A5,ENSG00000105641,-4.608,-5.574,0.97,1514,0.088,0.002,0.27731092413671354,788
HTR2B,ENSG00000135914,-1.283,-1.781,0.5,5236,0.267,0.002,0.27731092413671354,789
ANTXR1,ENSG00000169604,4.569,4.399,0.17,7480,0.983,0.002,0.27731092413671354,790
OPRL1,ENSG00000125510,-0.166,-0.554,0.39,7250,0.456,0.002,0.27731092413671354,791
FCRL4,ENSG00000163518,-6.506,-9.966,3.46,378,0.009,0.002,0.27731092413671354,792
SLC16A4,ENSG00000168679,1.524,1.258,0.27,7710,0.751,0.002,0.27731092413671354,793
NPY4R,ENSG00000204174,-3.816,-4.608,0.79,2443,0.12,0.002,0.27731092413671354,794
CNTN5,ENSG00000149972,-4.293,-5.574,1.28,2306,0.066,0.002,0.27731092413671354,795
GPR108,ENSG00000125734,5.845,5.656,0.19,7835,1.0,0.002,0.27731092413671354,796
TMIGD2,ENSG00000167664,-1.595,-2.466,0.87,4423,0.186,0.002,0.27731092413671354,797
GPR82,ENSG00000171657,-2.245,-3.626,1.38,2643,0.076,0.002,0.27731092413671354,798
GPR3,ENSG00000181773,-0.533,-1.056,0.52,6651,0.372,0.002,0.27731092413671354,799
SLC10A3,ENSG00000126903,4.482,4.306,0.18,7834,1.0,0.002,0.27731092413671354,800
RNF149,ENSG00000163162,4.997,4.854,0.14,7835,1.0,0.002,0.27731092413671354,801
VNN2,ENSG00000112303,0.19,-0.166,0.36,7476,0.543,0.002,0.27731092413671354,802
SPNS3,ENSG00000182557,-1.026,-1.639,0.61,5921,0.299,0.002,0.27731092413671354,803
QRFPR,ENSG00000186867,-4.035,-4.608,0.57,2186,0.155,0.002,0.27731092413671354,804
PIEZO2,ENSG00000154864,0.276,-0.013,0.29,6877,0.557,0.002,0.27731092413671354,805
CALCR,ENSG00000004948,-4.293,-5.574,1.28,1052,0.043,0.002,0.27731092413671354,806
PCDHB10,ENSG00000120324,0.434,0.152,0.28,6996,0.601,0.002,0.27731092413671354,807
NPHS1,ENSG00000161270,-5.012,-6.506,1.49,1802,0.045,0.002,0.27731092413671354,808
TMEM25,ENSG00000149582,3.747,3.549,0.2,7820,0.963,0.002,0.27731092413671354,809
BMPR1A,ENSG00000107779,2.406,2.214,0.19,7589,0.967,0.002,0.27731092413671354,810
IL13RA2,ENSG00000123496,-1.214,-1.781,0.57,5306,0.305,0.002,0.27731092413671354,811
TRABD2A,ENSG00000186854,0.24,-0.134,0.37,7491,0.553,0.002,0.27731092413671354,812
CLEC12A,ENSG00000172322,-0.357,-0.687,0.33,6301,0.431,0.002,0.27731092413671354,813
GABBR2,ENSG00000136928,-4.035,-4.608,0.57,2704,0.205,0.002,0.27731092413671354,814
CRB2,ENSG00000148204,-3.816,-4.293,0.48,2589,0.16,0.002,0.27731092413671354,815
TSPAN9,ENSG00000011105,4.258,4.124,0.13,7803,0.999,0.002,0.27731092413671354,816
RNFT1,ENSG00000189050,3.157,3.007,0.15,7831,0.989,0.002,0.27731092413671354,817
DCBLD2,ENSG00000057019,3.101,2.93,0.17,7622,0.982,0.002,0.27731092413671354,818
QSOX2,ENSG00000165661,2.687,2.501,0.19,7830,0.997,0.002,0.27731092413671354,819
TPBGL,ENSG00000261594,-1.831,-2.727,0.9,4273,0.148,0.002,0.27731092413671354,820
GP1BB,ENSG00000203618,-0.759,-1.149,0.39,4567,0.395,0.002,0.27731092413671354,821
KIR3DL2,ENSG00000240403,-4.608,-9.966,5.36,1095,0.014,0.002,0.27731092413671354,822
ASIC1,ENSG00000110881,0.605,0.276,0.33,7168,0.61,0.002,0.27731092413671354,823
SLC26A9,ENSG00000174502,-2.388,-2.932,0.54,3934,0.26,0.002,0.27731092413671354,824
MRC2,ENSG00000011028,4.387,4.164,0.22,7833,0.982,0.002,0.27731092413671354,825
ABCC11,ENSG00000121270,-2.466,-3.308,0.84,3296,0.17,0.002,0.27731092413671354,826
GPR137,ENSG00000173264,5.012,4.815,0.2,7835,1.0,0.002,0.27731092413671354,827
ADAM15,ENSG00000143537,6.299,6.103,0.2,7835,1.0,0.002,0.27731092413671354,828
GRPR,ENSG00000126010,-3.626,-4.293,0.67,2084,0.118,0.002,0.27731092413671354,829
GPR85,ENSG00000164604,-0.642,-1.181,0.54,6185,0.347,0.002,0.27731092413671354,830
GPR174,ENSG00000147138,-2.466,-3.308,0.84,3422,0.153,0.002,0.27731092413671354,831
ROBO2,ENSG00000185008,-0.653,-0.997,0.34,5892,0.407,0.002,0.27731092413671354,832
SLC23A1,ENSG00000170482,-1.732,-2.114,0.38,5422,0.301,0.002,0.27731092413671354,833
SLC12A2,ENSG00000064651,2.839,2.618,0.22,7732,0.961,0.002,0.27731092413671354,834
STS,ENSG00000101846,1.812,1.623,0.19,7777,0.927,0.002,0.27731092413671354,835
IFNGR1,ENSG00000027697,5.684,5.542,0.14,7835,1.0,0.002,0.27731092413671354,836
SDK1,ENSG00000146555,1.379,1.112,0.27,7410,0.768,0.002,0.27731092413671354,837
PCDHB2,ENSG00000112852,0.507,0.152,0.36,7168,0.575,0.002,0.27731092413671354,838
TMPRSS6,ENSG00000187045,-2.635,-3.171,0.54,3558,0.236,0.002,0.27731092413671354,839
ANO6,ENSG00000177119,4.004,3.803,0.2,7832,0.997,0.002,0.27731092413671354,840
EFNB1,ENSG00000090776,3.94,3.726,0.21,7798,0.999,0.002,0.27731092413671354,841
MLNR,ENSG00000102539,-5.574,-9.966,4.39,610,0.012,0.002,0.27731092413671354,842
TNFRSF1B,ENSG00000028137,3.657,3.478,0.18,7835,0.995,0.002,0.27731092413671354,843
CLDN9,ENSG00000213937,-1.214,-1.732,0.52,5696,0.327,0.002,0.27731092413671354,844
PLXND1,ENSG00000004399,5.697,5.559,0.14,7835,1.0,0.002,0.27731092413671354,845
CD244,ENSG00000122223,-1.51,-2.245,0.73,4877,0.192,0.002,0.27731092413671354,846
ENPEP,ENSG00000138792,0.964,0.732,0.23,7201,0.724,0.002,0.27731092413671354,847
RNF167,ENSG00000108523,6.673,6.51,0.16,7835,1.0,0.002,0.27731092413671354,848
GPR137C,ENSG00000180998,-0.808,-1.318,0.51,6828,0.324,0.002,0.27731092413671354,849
PCDHA1,ENSG00000204970,-3.816,-4.608,0.79,2001,0.114,0.002,0.27731092413671354,850
SEMA5A,ENSG00000112902,1.183,0.927,0.26,7300,0.717,0.002,0.27731092413671354,851
KIR2DL4,ENSG00000189013,-2.826,-4.035,1.21,2452,0.095,0.002,0.27731092413671354,852
FCRL2,ENSG00000132704,-3.626,-4.608,0.98,2197,0.109,0.002,0.27731092413671354,853
SLCO5A1,ENSG00000137571,-2.548,-3.308,0.76,3576,0.156,0.002,0.27731092413671354,854
PLVAP,ENSG00000130300,5.364,5.198,0.17,7739,0.996,0.002,0.27731092413671354,855
OR7C1,ENSG00000127530,-5.574,-9.966,4.39,1491,0.02,0.002,0.27731092413671354,856
TMEM67,ENSG00000164953,2.202,2.029,0.17,7669,0.959,0.002,0.27731092413671354,857
TMEFF1,ENSG00000241697,-3.626,-4.293,0.67,2697,0.142,0.002,0.27731092413671354,858
LRRC19,ENSG00000184434,-4.608,-5.012,0.4,1289,0.141,0.002,0.27731092413671354,859
DRD5,ENSG00000169676,-6.506,-9.966,3.46,1178,0.016,0.002,0.27731092413671354,860
FZD10,ENSG00000111432,-1.181,-1.595,0.41,5644,0.339,0.002,0.27731092413671354,861
LMBRD2,ENSG00000164187,1.852,1.633,0.22,7742,0.942,0.002,0.27731092413671354,862
CCR7,ENSG00000126353,0.215,-0.15,0.37,6967,0.541,0.002,0.27731092413671354,863
HEPHL1,ENSG00000181333,-5.012,-5.574,0.56,1122,0.102,0.002,0.27731092413671354,864
BTLA,ENSG00000186265,-1.639,-2.466,0.83,4435,0.196,0.002,0.27731092413671354,865
LYSMD3,ENSG00000176018,2.614,2.425,0.19,7814,0.988,0.002,0.27731092413671354,866
KLRC2,ENSG00000205809,-2.114,-2.727,0.61,4287,0.182,0.002,0.27731092413671354,867
TIMD4,ENSG00000145850,-1.911,-2.635,0.72,4202,0.213,0.002,0.27731092413671354,868
FCGR3B,ENSG00000162747,-0.134,-0.554,0.42,6842,0.477,0.002,0.27731092413671354,869
CD274,ENSG00000120217,0.783,0.497,0.29,7771,0.681,0.002,0.27731092413671354,870
IL31RA,ENSG00000164509,-4.293,-5.012,0.72,1816,0.093,0.002,0.27731092413671354,871
LILRA2,ENSG00000239998,0.346,0.001,0.34,7196,0.58,0.002,0.27731092413671354,872
BMPR2,ENSG00000204217,3.293,3.081,0.21,7796,0.993,0.002,0.27731092413671354,873
SLC12A9,ENSG00000146828,4.155,3.953,0.2,7835,1.0,0.002,0.27731092413671354,874
LRFN3,ENSG00000126243,3.197,3.014,0.18,7747,0.991,0.002,0.27731092413671354,875
CLEC17A,ENSG00000187912,-3.458,-4.608,1.15,2143,0.085,0.002,0.27731092413671354,876
KIAA0319,ENSG00000137261,-2.826,-3.626,0.8,3483,0.154,0.002,0.27731092413671354,877
SEMA4G,ENSG00000095539,2.6,2.362,0.24,7728,0.913,0.002,0.27731092413671354,878
DAGLB,ENSG00000164535,3.462,3.281,0.18,7835,1.0,0.002,0.27731092413671354,879
TGOLN2,ENSG00000152291,5.608,5.42,0.19,7835,1.0,0.002,0.27731092413671354,880
FRAS1,ENSG00000138759,-0.088,-0.357,0.27,6777,0.488,0.002,0.27731092413671354,881
SLC15A2,ENSG00000163406,0.857,0.576,0.28,7719,0.64,0.002,0.27731092413671354,882
NMUR2,ENSG00000132911,-5.012,-6.506,1.49,1437,0.056,0.002,0.27731092413671354,883
ABCB9,ENSG00000150967,1.779,1.561,0.22,7744,0.946,0.002,0.27731092413671354,884
OR51E1,ENSG00000180785,-1.639,-2.388,0.75,4515,0.196,0.002,0.27731092413671354,885
EFNA5,ENSG00000184349,1.67,1.522,0.15,7350,0.734,0.001,0.2689075627992374,886
IL10RA,ENSG00000110324,2.47,2.356,0.11,7651,0.933,0.001,0.2689075627992374,887
GPA33,ENSG00000143167,-3.458,-4.035,0.58,2414,0.119,0.001,0.2689075627992374,888
FAM171B,ENSG00000144369,0.368,0.288,0.08,7183,0.58,0.001,0.2689075627992374,889
TREML2,ENSG00000112195,-3.816,-4.608,0.79,1786,0.052,0.001,0.2689075627992374,890
PRRT3,ENSG00000163704,0.766,0.652,0.11,7763,0.662,0.001,0.2689075627992374,891
NPFFR2,ENSG00000056291,-4.608,-5.012,0.4,1944,0.101,0.001,0.2689075627992374,892
ACE2,ENSG00000130234,-0.969,-1.248,0.28,5623,0.386,0.001,0.2689075627992374,893
SERINC3,ENSG00000132824,5.717,5.651,0.07,7835,1.0,0.001,0.2689075627992374,894
PCDHB16,ENSG00000272674,0.252,0.044,0.21,7083,0.546,0.001,0.2689075627992374,895
TLR6,ENSG00000174130,-0.783,-1.056,0.27,6914,0.309,0.001,0.2689075627992374,896
SLC22A2,ENSG00000112499,-5.012,-5.574,0.56,1774,0.093,0.001,0.2689075627992374,897
FZD8,ENSG00000177283,1.486,1.428,0.06,7391,0.812,0.001,0.2689075627992374,898
ABCG5,ENSG00000138075,-4.608,-5.012,0.4,982,0.061,0.001,0.2689075627992374,899
SLC4A8,ENSG00000050438,-0.735,-0.969,0.23,6756,0.375,0.001,0.2689075627992374,900
FAM174A,ENSG00000174132,4.086,4.015,0.07,7859,0.999,0.001,0.2689075627992374,901
OPRD1,ENSG00000116329,-4.608,-5.012,0.4,1345,0.048,0.001,0.2689075627992374,902
SLC44A2,ENSG00000129353,6.347,6.249,0.1,7835,1.0,0.001,0.2689075627992374,903
CD226,ENSG00000150637,-1.181,-1.552,0.37,6481,0.245,0.001,0.2689075627992374,904
CNNM2,ENSG00000148842,1.67,1.537,0.13,7816,0.969,0.001,0.2689075627992374,905
MCHR1,ENSG00000128285,-2.388,-2.635,0.25,4477,0.197,0.001,0.2689075627992374,906
SLC6A20,ENSG00000163817,-2.548,-2.932,0.38,3910,0.239,0.001,0.2689075627992374,907
CD55,ENSG00000196352,5.148,5.029,0.12,7835,0.998,0.001,0.2689075627992374,908
FFAR2,ENSG00000126262,-1.51,-1.884,0.37,4981,0.274,0.001,0.2689075627992374,909
PTPRA,ENSG00000132670,5.225,5.135,0.09,7835,1.0,0.001,0.2689075627992374,910
VSTM1,ENSG00000189068,-3.816,-5.012,1.2,2448,0.034,0.001,0.2689075627992374,911
LRFN4,ENSG00000173621,3.237,3.108,0.13,7822,0.944,0.001,0.2689075627992374,912
LPAR6,ENSG00000139679,3.892,3.824,0.07,7785,0.997,0.001,0.2689075627992374,913
TPRA1,ENSG00000163870,4.756,4.674,0.08,7842,1.0,0.001,0.2689075627992374,914
SLC41A3,ENSG00000114544,4.933,4.805,0.13,7835,1.0,0.001,0.2689075627992374,915
LY6H,ENSG00000176956,-0.997,-1.214,0.22,5648,0.351,0.001,0.2689075627992374,916
CHRNB2,ENSG00000160716,-4.035,-4.293,0.26,2438,0.119,0.001,0.2689075627992374,917
CDH17,ENSG00000079112,-3.626,-4.035,0.41,2279,0.167,0.001,0.2689075627992374,918
GALR3,ENSG00000128310,-5.574,-9.966,4.39,891,0.005,0.001,0.2689075627992374,919
UMODL1,ENSG00000177398,-4.035,-4.608,0.57,1801,0.091,0.001,0.2689075627992374,920
RYK,ENSG00000163785,4.796,4.737,0.06,7829,1.0,0.001,0.2689075627992374,921
GRIN1,ENSG00000176884,-1.938,-2.114,0.18,4850,0.237,0.001,0.2689075627992374,922
FAM171A1,ENSG00000148468,3.006,2.939,0.07,7615,0.926,0.001,0.2689075627992374,923
CSMD2,ENSG00000121904,-1.732,-2.114,0.38,5338,0.201,0.001,0.2689075627992374,924
RNF130,ENSG00000113269,5.697,5.649,0.05,7835,1.0,0.001,0.2689075627992374,925
NRP1,ENSG00000099250,4.265,4.153,0.11,7596,0.997,0.001,0.2689075627992374,926
HEG1,ENSG00000173706,3.334,3.225,0.11,7730,0.972,0.001,0.2689075627992374,927
RXFP1,ENSG00000171509,-3.047,-3.816,0.77,3132,0.088,0.001,0.2689075627992374,928
IGDCC3,ENSG00000174498,-4.293,-4.608,0.31,2610,0.167,0.001,0.2689075627992374,929
GRAMD1B,ENSG00000023171,0.288,0.203,0.09,7670,0.56,0.001,0.2689075627992374,930
HTR3A,ENSG00000166736,-3.816,-4.293,0.48,2720,0.152,0.001,0.2689075627992374,931
CRLF2,ENSG00000205755,-4.035,-4.608,0.57,2252,0.047,0.001,0.2689075627992374,932
CHRNB1,ENSG00000170175,2.905,2.795,0.11,7832,0.993,0.001,0.2689075627992374,933
CYSLTR2,ENSG00000152207,-1.283,-1.47,0.19,5803,0.245,0.001,0.2689075627992374,934
PCDHGB1,ENSG00000254221,-1.392,-1.595,0.2,5978,0.296,0.001,0.2689075627992374,935
NPTN,ENSG00000156642,6.289,6.223,0.07,7835,1.0,0.001,0.2689075627992374,936
FCRL6,ENSG00000181036,-1.43,-1.639,0.21,5982,0.222,0.001,0.2689075627992374,937
GPR31,ENSG00000120436,-5.574,-9.966,4.39,91,0.001,0.001,0.2689075627992374,938
CD200R1,ENSG00000163606,-1.355,-1.595,0.24,5935,0.205,0.001,0.2689075627992374,939
SLC12A3,ENSG00000070915,-4.035,-5.574,1.54,1122,0.031,0.001,0.2689075627992374,940
SLC7A4,ENSG00000099960,-1.086,-1.214,0.13,5600,0.377,0.001,0.2689075627992374,941
HEPACAM2,ENSG00000188175,-4.035,-4.293,0.26,2021,0.169,0.001,0.2689075627992374,942
KCNA3,ENSG00000177272,-2.178,-2.635,0.46,4299,0.158,0.001,0.2689075627992374,943
CLCA2,ENSG00000137975,-3.458,-3.626,0.17,3107,0.258,0.001,0.2689075627992374,944
RXFP4,ENSG00000173080,-5.012,-5.574,0.56,987,0.046,0.001,0.2689075627992374,945
PCDHA4,ENSG00000204967,-2.466,-2.826,0.36,4017,0.24,0.001,0.2689075627992374,946
ADIPOR2,ENSG00000006831,4.792,4.736,0.06,7835,1.0,0.001,0.2689075627992374,947
IL23R,ENSG00000162594,-5.574,-9.966,4.39,653,0.004,0.001,0.2689075627992374,948
LILRA1,ENSG00000104974,-1.392,-1.732,0.34,5700,0.189,0.001,0.2689075627992374,949
ALPL,ENSG00000162551,2.755,2.649,0.11,7774,0.957,0.001,0.2689075627992374,950
NPFFR1,ENSG00000148734,-4.293,-5.012,0.72,2148,0.043,0.001,0.2689075627992374,951
ITGAD,ENSG00000156886,-3.816,-4.608,0.79,1941,0.046,0.001,0.2689075627992374,952
CDH8,ENSG00000150394,-2.114,-2.315,0.2,4774,0.222,0.001,0.2689075627992374,953
PLXNA1,ENSG00000114554,3.504,3.426,0.08,7760,0.989,0.001,0.2689075627992374,954
RET,ENSG00000165731,-0.913,-1.086,0.17,6438,0.378,0.001,0.2689075627992374,955
TMEM140,ENSG00000146859,3.808,3.68,0.13,7835,0.999,0.001,0.2689075627992374,956
TMEM116,ENSG00000198270,2.941,2.824,0.12,7833,0.997,0.001,0.2689075627992374,957
TMEM178B,ENSG00000261115,-1.181,-1.47,0.29,5981,0.386,0.001,0.2689075627992374,958
PTPRU,ENSG00000060656,3.373,3.253,0.12,7611,0.959,0.001,0.2689075627992374,959
MYADM,ENSG00000179820,5.512,5.413,0.1,7835,0.999,0.001,0.2689075627992374,960
ELFN1,ENSG00000225968,-0.375,-0.664,0.29,6981,0.406,0.001,0.2689075627992374,961
IL17RE,ENSG00000163701,2.414,2.311,0.1,7639,0.864,0.001,0.2689075627992374,962
LMBRD1,ENSG00000168216,4.945,4.874,0.07,7835,1.0,0.001,0.2689075627992374,963
FCGRT,ENSG00000104870,6.718,6.64,0.08,7835,1.0,0.001,0.2689075627992374,964
SLC39A2,ENSG00000165794,-3.171,-3.458,0.29,3161,0.223,0.001,0.2689075627992374,965
SLC11A2,ENSG00000110911,4.501,4.377,0.12,7834,1.0,0.001,0.2689075627992374,966
PTPRN,ENSG00000054356,-1.392,-1.732,0.34,5758,0.298,0.001,0.2689075627992374,967
TM4SF4,ENSG00000169903,-3.171,-3.308,0.14,3447,0.248,0.001,0.2689075627992374,968
PTCHD4,ENSG00000244694,-2.114,-2.466,0.35,4465,0.208,0.001,0.2689075627992374,969
KLRC1,ENSG00000134545,-1.732,-2.315,0.58,4533,0.172,0.001,0.2689075627992374,970
MS4A1,ENSG00000156738,-1.355,-1.639,0.28,5438,0.344,0.001,0.2689075627992374,971
SIGIRR,ENSG00000185187,5.291,5.191,0.1,7832,1.0,0.001,0.2689075627992374,972
BTN2A2,ENSG00000124508,2.703,2.616,0.09,7831,0.987,0.001,0.2689075627992374,973
CNR2,ENSG00000188822,-5.574,-6.506,0.93,1011,0.031,0.001,0.2689075627992374,974
HLA-E,ENSG00000204592,8.155,8.072,0.08,7835,1.0,0.001,0.2689075627992374,975
LGR4,ENSG00000205213,3.287,3.186,0.1,7532,0.967,0.001,0.2689075627992374,976
LHFPL1,ENSG00000182508,-3.308,-4.035,0.73,2596,0.081,0.001,0.2689075627992374,977
EPHA8,ENSG00000070886,-5.012,-5.574,0.56,2066,0.076,0.001,0.2689075627992374,978
CCR3,ENSG00000183625,-3.626,-4.608,0.98,2236,0.029,0.001,0.2689075627992374,979
CSF2RB,ENSG00000100368,0.986,0.808,0.18,7270,0.704,0.001,0.2689075627992374,980
LRFN2,ENSG00000156564,-5.012,-5.574,0.56,1989,0.067,0.001,0.2689075627992374,981
IL1RAPL2,ENSG00000189108,-4.608,-5.574,0.97,1670,0.047,0.001,0.2689075627992374,982
SSTR3,ENSG00000278195,-4.608,-5.574,0.97,2379,0.06,0.001,0.2689075627992374,983
GPR37L1,ENSG00000170075,-3.458,-3.816,0.36,3133,0.096,0.001,0.2689075627992374,984
DPEP2,ENSG00000167261,0.679,0.614,0.06,7540,0.681,0.001,0.2689075627992374,985
DUOX2,ENSG00000140279,-1.552,-1.685,0.13,5212,0.377,0.001,0.2689075627992374,986
CPM,ENSG00000135678,2.783,2.701,0.08,7777,0.952,0.001,0.2689075627992374,987
RELT,ENSG00000054967,2.05,1.979,0.07,7826,0.924,0.001,0.2689075627992374,988
GPR153,ENSG00000158292,2.173,2.029,0.14,7724,0.893,0.001,0.2689075627992374,989
EGF,ENSG00000138798,-0.959,-1.214,0.25,5835,0.361,0.001,0.2689075627992374,990
SLC16A6,ENSG00000108932,0.016,-0.199,0.22,6941,0.504,0.001,0.2689075627992374,991
F2RL3,ENSG00000127533,0.058,-0.103,0.16,6321,0.512,0.001,0.2689075627992374,992
SLC22A5,ENSG00000197375,2.816,2.712,0.1,7806,0.987,0.001,0.2689075627992374,993
LINGO4,ENSG00000213171,-3.626,-4.293,0.67,2649,0.069,0.001,0.2689075627992374,994
RAET1G,ENSG00000203722,-0.941,-1.283,0.34,6049,0.335,0.001,0.2689075627992374,995
CD300E,ENSG00000186407,-1.355,-1.639,0.28,5553,0.242,0.001,0.2689075627992374,996
ABCA4,ENSG00000198691,-1.994,-2.178,0.18,5071,0.201,0.001,0.2689075627992374,997
SLC2A5,ENSG00000142583,0.964,0.783,0.18,7561,0.683,0.001,0.2689075627992374,998
SLC28A1,ENSG00000156222,-4.293,-4.608,0.31,1914,0.136,0.001,0.2689075627992374,999
TMEM145,ENSG00000167619,-1.181,-1.43,0.25,6177,0.32,0.001,0.2689075627992374,1000
OTOA,ENSG00000155719,-2.548,-4.035,1.49,2327,0.048,0.001,0.2689075627992374,1001
DUOX1,ENSG00000137857,1.368,1.19,0.18,7707,0.725,0.001,0.2689075627992374,1002
AQP5,ENSG00000161798,-0.808,-0.997,0.19,5532,0.44,0.001,0.2689075627992374,1003
FZD7,ENSG00000155760,2.583,2.509,0.07,7476,0.913,0.001,0.2689075627992374,1004
TMEM235,ENSG00000204278,-9.966,-9.966,0.0,1520,0.054,0.0,0.2605042014617612,1005
OR1E1,ENSG00000180016,-9.966,-9.966,0.0,755,0.001,0.0,0.2605042014617612,1006
FGFR2,ENSG00000066468,3.467,3.504,-0.04,6970,0.922,-0.0,0.2605042014617612,1007
CDH9,ENSG00000113100,-9.966,-9.966,0.0,1063,0.051,0.0,0.2605042014617612,1008
PCDHA10,ENSG00000250120,-2.388,-2.315,-0.07,4470,0.2,-0.0,0.2605042014617612,1009
OR5B3,ENSG00000172769,-9.966,-9.966,0.0,4,0.0,0.0,0.2605042014617612,1010
GPR119,ENSG00000147262,-9.966,-9.966,0.0,150,0.006,0.0,0.2605042014617612,1011
SLC46A2,ENSG00000119457,-3.308,-3.308,0.0,3605,0.084,0.0,0.2605042014617612,1012
FCRL1,ENSG00000163534,-4.035,-4.293,0.26,2499,0.085,0.0,0.2605042014617612,1013
CHRNB3,ENSG00000147432,-9.966,-9.966,0.0,824,0.002,0.0,0.2605042014617612,1014
PROKR2,ENSG00000101292,-9.966,-9.966,0.0,443,0.011,0.0,0.2605042014617612,1015
SLC32A1,ENSG00000101438,-9.966,-9.966,0.0,1463,0.048,0.0,0.2605042014617612,1016
OR10R2,ENSG00000198965,-9.966,-9.966,0.0,28,0.009,0.0,0.2605042014617612,1017
OR5M11,ENSG00000255223,-9.966,-9.966,0.0,98,0.002,0.0,0.2605042014617612,1018
LRTM1,ENSG00000144771,-9.966,-9.966,0.0,348,0.008,0.0,0.2605042014617612,1019
OR2T35,ENSG00000177151,-9.966,-9.966,0.0,50,0.0,0.0,0.2605042014617612,1020
CD59,ENSG00000085063,7.894,7.934,-0.04,7835,1.0,-0.0,0.2605042014617612,1021
MRGPRD,ENSG00000172938,-9.966,-9.966,0.0,1750,0.002,0.0,0.2605042014617612,1022
PLET1,ENSG00000188771,-9.966,-9.966,0.0,182,0.0,0.0,0.2605042014617612,1023
OR13J1,ENSG00000168828,-5.574,-4.608,-0.97,2215,0.001,-0.0,0.2605042014617612,1024
OR10AD1,ENSG00000172640,-5.574,-3.626,-1.95,3147,0.001,-0.0,0.2605042014617612,1025
SLC6A19,ENSG00000174358,-9.966,-9.966,0.0,811,0.096,0.0,0.2605042014617612,1026
OR9G1,ENSG00000174914,-9.966,-9.966,0.0,22,0.001,0.0,0.2605042014617612,1027
CMKLR1,ENSG00000174600,1.374,1.423,-0.05,7749,0.796,-0.0,0.2605042014617612,1028
SLC34A3,ENSG00000198569,-4.035,-4.035,0.0,2365,0.021,0.0,0.2605042014617612,1029
CDH15,ENSG00000129910,-3.308,-3.308,0.0,3450,0.096,0.0,0.2605042014617612,1030
OR51G1,ENSG00000278870,-9.966,-9.966,0.0,10,0.0,0.0,0.2605042014617612,1031
UNC5D,ENSG00000156687,-5.574,-5.574,0.0,2181,0.127,0.0,0.2605042014617612,1032
SPRN,ENSG00000203772,0.624,0.633,-0.01,7782,0.755,-0.0,0.2605042014617612,1033
MC2R,ENSG00000185231,-9.966,-9.966,0.0,469,0.008,0.0,0.2605042014617612,1034
OR4D11,ENSG00000176200,-9.966,-9.966,0.0,12,0.0,0.0,0.2605042014617612,1035
VSTM5,ENSG00000214376,-1.994,-2.114,0.12,5239,0.153,0.0,0.2605042014617612,1036
SLCO1B1,ENSG00000134538,-9.966,-9.966,0.0,211,0.046,0.0,0.2605042014617612,1037
CFC1,ENSG00000136698,-9.966,-9.966,0.0,2420,0.104,0.0,0.2605042014617612,1038
OR4A47,ENSG00000237388,-9.966,-9.966,0.0,42,0.001,0.0,0.2605042014617612,1039
DPEP3,ENSG00000141096,-4.608,-4.035,-0.57,2430,0.041,-0.0,0.2605042014617612,1040
OR5K2,ENSG00000231861,-5.574,-2.548,-3.03,4851,0.0,-0.0,0.2605042014617612,1041
PRLHR,ENSG00000119973,-9.966,-9.966,0.0,1330,0.061,0.0,0.2605042014617612,1042
OR56A3,ENSG00000184478,-9.966,-9.966,0.0,121,0.015,0.0,0.2605042014617612,1043
OR4C11,ENSG00000172188,-9.966,-9.966,0.0,7,0.0,0.0,0.2605042014617612,1044
C11orf87,ENSG00000185742,-6.506,-6.506,0.0,1475,0.056,0.0,0.2605042014617612,1045
ADCY7,ENSG00000121281,2.23,2.221,0.01,7823,0.88,0.0,0.2605042014617612,1046
OR13G1,ENSG00000197437,-9.966,-9.966,0.0,209,0.0,0.0,0.2605042014617612,1047
OR2T6,ENSG00000198104,-9.966,-9.966,0.0,20,0.0,0.0,0.2605042014617612,1048
OR4S2,ENSG00000174982,-9.966,-9.966,0.0,9,0.0,0.0,0.2605042014617612,1049
OR9I1,ENSG00000172377,-9.966,-9.966,0.0,14,0.0,0.0,0.2605042014617612,1050
SLC22A4,ENSG00000197208,0.363,0.323,0.04,7569,0.595,0.0,0.2605042014617612,1051
OR52B4,ENSG00000221996,-9.966,-9.966,0.0,18,0.0,0.0,0.2605042014617612,1052
OR52Z1,ENSG00000176748,-9.966,-9.966,0.0,1,0.0,0.0,0.2605042014617612,1053
TMEM245,ENSG00000106771,3.808,3.793,0.01,7830,0.999,0.0,0.2605042014617612,1054
OR10AG1,ENSG00000174970,-9.966,-9.966,0.0,10,0.0,0.0,0.2605042014617612,1055
OR11H7,ENSG00000258806,-4.608,-4.035,-0.57,2751,0.012,-0.0,0.2605042014617612,1056
PCDHB13,ENSG00000187372,-0.338,-0.413,0.07,6941,0.404,0.0,0.2605042014617612,1057
OR6C3,ENSG00000205329,-9.966,-9.966,0.0,10,0.0,0.0,0.2605042014617612,1058
MC3R,ENSG00000124089,-9.966,-9.966,0.0,164,0.003,0.0,0.2605042014617612,1059
DYNAP,ENSG00000178690,-9.966,-9.966,0.0,680,0.026,0.0,0.2605042014617612,1060
OR5L2,ENSG00000205030,-9.966,-9.966,0.0,18,0.0,0.0,0.2605042014617612,1061
OR11H1,ENSG00000130538,-9.966,-9.966,0.0,62,0.0,0.0,0.2605042014617612,1062
OR2AJ1,ENSG00000177275,-9.966,-9.966,0.0,150,0.0,0.0,0.2605042014617612,1063
OR6B3,ENSG00000178586,-9.966,-9.966,0.0,696,0.001,0.0,0.2605042014617612,1064
OR6J1,ENSG00000255804,-9.966,-9.966,0.0,37,0.0,0.0,0.2605042014617612,1065
ASGR2,ENSG00000161944,-1.392,-1.181,-0.21,6345,0.182,-0.0,0.2605042014617612,1066
KIR3DL3,ENSG00000242019,-9.966,-9.966,0.0,40,0.001,0.0,0.2605042014617612,1067
OR5AR1,ENSG00000172459,-9.966,-9.966,0.0,2,0.0,0.0,0.2605042014617612,1068
OR11G2,ENSG00000196832,-9.966,-9.966,0.0,51,0.0,0.0,0.2605042014617612,1069
HRH4,ENSG00000134489,-5.574,-4.608,-0.97,1228,0.0,-0.0,0.2605042014617612,1070
TMEM225,ENSG00000204300,-9.966,-9.966,0.0,176,0.0,0.0,0.2605042014617612,1071
GPR33,ENSG00000214943,-9.966,-9.966,0.0,43,0.001,0.0,0.2605042014617612,1072
SV2C,ENSG00000122012,-4.608,-4.293,-0.31,2641,0.049,-0.0,0.2605042014617612,1073
PCDHA9,ENSG00000204961,-6.506,-6.506,0.0,884,0.012,0.0,0.2605042014617612,1074
GPR176,ENSG00000166073,1.911,1.949,-0.04,7477,0.871,-0.0,0.2605042014617612,1075
TMIGD1,ENSG00000182271,-9.966,-9.966,0.0,360,0.019,0.0,0.2605042014617612,1076
GALR2,ENSG00000182687,-3.458,-3.816,0.36,2621,0.039,0.0,0.2605042014617612,1077
ZP2,ENSG00000103310,-9.966,-9.966,0.0,743,0.007,0.0,0.2605042014617612,1078
OR5H14,ENSG00000236032,-9.966,-9.966,0.0,72,0.0,0.0,0.2605042014617612,1079
OR5AN1,ENSG00000176495,-9.966,-9.966,0.0,14,0.0,0.0,0.2605042014617612,1080
CATSPERG,ENSG00000099338,0.934,0.934,0.0,7723,0.755,0.0,0.2605042014617612,1081
SLC36A1,ENSG00000123643,1.911,1.896,0.02,7832,0.937,0.0,0.2605042014617612,1082
SLC38A5,ENSG00000017483,3.261,3.296,-0.03,7802,0.884,-0.0,0.2605042014617612,1083
KCNG4,ENSG00000168418,-9.966,-9.966,0.0,750,0.02,0.0,0.2605042014617612,1084
NAGPA,ENSG00000103174,3.162,3.121,0.04,7834,1.0,0.0,0.2605042014617612,1085
OR4F15,ENSG00000182854,-9.966,-9.966,0.0,26,0.0,0.0,0.2605042014617612,1086
CHRNG,ENSG00000196811,-6.506,-6.506,0.0,804,0.021,0.0,0.2605042014617612,1087
LRIT3,ENSG00000183423,-3.816,-2.245,-1.57,5629,0.004,-0.0,0.2605042014617612,1088
MRGPRX1,ENSG00000170255,-9.966,-9.966,0.0,85,0.003,0.0,0.2605042014617612,1089
OR52D1,ENSG00000181609,-9.966,-9.966,0.0,357,0.0,0.0,0.2605042014617612,1090
OR6C74,ENSG00000197706,-9.966,-9.966,0.0,28,0.0,0.0,0.2605042014617612,1091
NMBR,ENSG00000135577,-5.574,-5.574,0.0,1244,0.001,0.0,0.2605042014617612,1092
GLRA1,ENSG00000145888,-9.966,-9.966,0.0,489,0.01,0.0,0.2605042014617612,1093
OR13C6P,ENSG00000179443,-9.966,-9.966,0.0,131,0.0,0.0,0.2605042014617612,1094
MTNR1B,ENSG00000134640,-9.966,-9.966,0.0,375,0.009,0.0,0.2605042014617612,1095
OR1E3,ENSG00000142163,-9.966,-9.966,0.0,26,0.0,0.0,0.2605042014617612,1096
OR1G1,ENSG00000183024,-9.966,-9.966,0.0,114,0.0,0.0,0.2605042014617612,1097
SLC20A2,ENSG00000168575,4.63,4.612,0.02,7831,1.0,0.0,0.2605042014617612,1098
PCDHA7,ENSG00000204963,-3.047,-3.171,0.12,3708,0.065,0.0,0.2605042014617612,1099
GNRHR,ENSG00000109163,-4.608,-4.035,-0.57,1959,0.006,-0.0,0.2605042014617612,1100
OR8K1,ENSG00000150261,-9.966,-9.966,0.0,13,0.0,0.0,0.2605042014617612,1101
MAS1L,ENSG00000204687,-9.966,-9.966,0.0,1759,0.001,0.0,0.2605042014617612,1102
TAS2R16,ENSG00000128519,-9.966,-9.966,0.0,13,0.0,0.0,0.2605042014617612,1103
OR51B6,ENSG00000176239,-9.966,-9.966,0.0,114,0.0,0.0,0.2605042014617612,1104
OR2C3,ENSG00000196242,-9.966,-9.966,0.0,236,0.001,0.0,0.2605042014617612,1105
OR4A4P,ENSG00000254769,-9.966,-9.966,0.0,6,0.0,0.0,0.2605042014617612,1106
OR14C36,ENSG00000177174,-9.966,-9.966,0.0,68,0.0,0.0,0.2605042014617612,1107
DCHS2,ENSG00000197410,-3.047,-3.047,0.0,3864,0.109,0.0,0.2605042014617612,1108
OR2J1,ENSG00000204702,-9.966,-9.966,0.0,6,0.0,0.0,0.2605042014617612,1109
OR1N2,ENSG00000171501,-9.966,-9.966,0.0,37,0.0,0.0,0.2605042014617612,1110
OR4C15,ENSG00000181939,-9.966,-9.966,0.0,9,0.0,0.0,0.2605042014617612,1111
CLDN20,ENSG00000171217,-3.816,-2.826,-0.99,4460,0.028,-0.0,0.2605042014617612,1112
CD69,ENSG00000110848,1.368,1.34,0.03,7181,0.762,0.0,0.2605042014617612,1113
OR5T1,ENSG00000181698,-9.966,-9.966,0.0,13,0.0,0.0,0.2605042014617612,1114
OR2J2,ENSG00000204700,-9.966,-9.966,0.0,197,0.0,0.0,0.2605042014617612,1115
GABRA6,ENSG00000145863,-9.966,-9.966,0.0,1373,0.001,0.0,0.2605042014617612,1116
OR4F21,ENSG00000176269,-9.966,-9.966,0.0,695,0.0,0.0,0.2605042014617612,1117
OR2F2,ENSG00000221910,-9.966,-9.966,0.0,92,0.0,0.0,0.2605042014617612,1118
OR5V1,ENSG00000243729,-9.966,-9.966,0.0,161,0.0,0.0,0.2605042014617612,1119
OR2Y1,ENSG00000174339,-9.966,-9.966,0.0,4,0.0,0.0,0.2605042014617612,1120
OR1D4,ENSG00000255095,-9.966,-9.966,0.0,87,0.0,0.0,0.2605042014617612,1121
ATP1B4,ENSG00000101892,-9.966,-9.966,0.0,559,0.012,0.0,0.2605042014617612,1122
ALPI,ENSG00000163295,-9.966,-9.966,0.0,317,0.078,0.0,0.2605042014617612,1123
CD40,ENSG00000101017,3.752,3.779,-0.03,7834,0.993,-0.0,0.2605042014617612,1124
OR56A5,ENSG00000188691,-9.966,-9.966,0.0,111,0.001,0.0,0.2605042014617612,1125
OR6K2,ENSG00000196171,-9.966,-9.966,0.0,8,0.0,0.0,0.2605042014617612,1126
OR6X1,ENSG00000221931,-9.966,-9.966,0.0,30,0.0,0.0,0.2605042014617612,1127
OR10C1,ENSG00000206474,-9.966,-9.966,0.0,16,0.0,0.0,0.2605042014617612,1128
OR52E2,ENSG00000176787,-9.966,-9.966,0.0,19,0.001,0.0,0.2605042014617612,1129
ECE1,ENSG00000117298,5.466,5.432,0.03,7835,1.0,0.0,0.2605042014617612,1130
OR5H1,ENSG00000231192,-9.966,-9.966,0.0,18,0.0,0.0,0.2605042014617612,1131
OR7A17,ENSG00000185385,-9.966,-9.966,0.0,4,0.0,0.0,0.2605042014617612,1132
OR5L1,ENSG00000279395,-9.966,-9.966,0.0,8,0.0,0.0,0.2605042014617612,1133
OR52L2P,ENSG00000262980,-9.966,-9.966,0.0,134,0.0,0.0,0.2605042014617612,1134
OR51A2,ENSG00000205496,-9.966,-9.966,0.0,8,0.0,0.0,0.2605042014617612,1135
OR5C1,ENSG00000148215,-9.966,-9.966,0.0,102,0.001,0.0,0.2605042014617612,1136
OR52E4,ENSG00000180974,-9.966,-9.966,0.0,75,0.0,0.0,0.2605042014617612,1137
LY6G6D,ENSG00000244355,-9.966,-9.966,0.0,3058,0.098,0.0,0.2605042014617612,1138
OR4K3,ENSG00000176290,-9.966,-9.966,0.0,8,0.0,0.0,0.2605042014617612,1139
VN1R3,ENSG00000180663,-9.966,-9.966,0.0,168,0.0,0.0,0.2605042014617612,1140
HCRTR2,ENSG00000137252,-9.966,-9.966,0.0,737,0.01,0.0,0.2605042014617612,1141
TMEM114,ENSG00000232258,-9.966,-9.966,0.0,1056,0.027,0.0,0.2605042014617612,1142
OR6P1,ENSG00000186440,-9.966,-9.966,0.0,5,0.0,0.0,0.2605042014617612,1143
OR10G8,ENSG00000234560,-9.966,-9.966,0.0,12,0.0,0.0,0.2605042014617612,1144
OR10J6P,ENSG00000158731,-9.966,-9.966,0.0,195,0.018,0.0,0.2605042014617612,1145
PROCR,ENSG00000101000,3.584,3.549,0.04,7749,0.988,0.0,0.2605042014617612,1146
RAET1E,ENSG00000164520,-1.781,-1.781,0.0,5511,0.243,0.0,0.2605042014617612,1147
OR51F2,ENSG00000176925,-9.966,-9.966,0.0,19,0.0,0.0,0.2605042014617612,1148
OR10K1,ENSG00000173285,-9.966,-9.966,0.0,5,0.0,0.0,0.2605042014617612,1149
OR2A5,ENSG00000221836,-9.966,-9.966,0.0,135,0.0,0.0,0.2605042014617612,1150
OR8K5,ENSG00000181752,-9.966,-9.966,0.0,10,0.0,0.0,0.2605042014617612,1151
PCDHA8,ENSG00000204962,-4.608,-5.574,0.97,1487,0.016,0.0,0.2605042014617612,1152
OR5M3,ENSG00000174937,-9.966,-9.966,0.0,15,0.0,0.0,0.2605042014617612,1153
THSD7B,ENSG00000144229,-2.826,-2.635,-0.19,4315,0.103,-0.0,0.2605042014617612,1154
PCDHA13,ENSG00000239389,-4.035,-4.293,0.26,2562,0.089,0.0,0.2605042014617612,1155
OR2T4,ENSG00000196944,-9.966,-9.966,0.0,73,0.001,0.0,0.2605042014617612,1156
ZNRF4,ENSG00000105428,-9.966,-9.966,0.0,437,0.0,0.0,0.2605042014617612,1157
OR2L2,ENSG00000203663,-9.966,-9.966,0.0,815,0.002,0.0,0.2605042014617612,1158
OR6C68,ENSG00000205327,-9.966,-9.966,0.0,12,0.0,0.0,0.2605042014617612,1159
OPRM1,ENSG00000112038,-9.966,-9.966,0.0,846,0.011,0.0,0.2605042014617612,1160
OR8B12,ENSG00000170953,-9.966,-9.966,0.0,142,0.0,0.0,0.2605042014617612,1161
OR2M7,ENSG00000177186,-9.966,-9.966,0.0,40,0.0,0.0,0.2605042014617612,1162
TAS1R3,ENSG00000169962,-1.732,-1.781,0.05,6674,0.172,0.0,0.2605042014617612,1163
GHSR,ENSG00000121853,-9.966,-9.966,0.0,315,0.002,0.0,0.2605042014617612,1164
OR4A16,ENSG00000181961,-9.966,-9.966,0.0,36,0.001,0.0,0.2605042014617612,1165
OR51J1,ENSG00000184321,-9.966,-9.966,0.0,212,0.001,0.0,0.2605042014617612,1166
OR4E2,ENSG00000221977,-9.966,-9.966,0.0,37,0.0,0.0,0.2605042014617612,1167
OR52A1,ENSG00000182070,-9.966,-9.966,0.0,34,0.0,0.0,0.2605042014617612,1168
OR9Q1,ENSG00000186509,-9.966,-9.966,0.0,8,0.0,0.0,0.2605042014617612,1169
DSCAM,ENSG00000171587,-6.506,-6.506,0.0,1668,0.083,0.0,0.2605042014617612,1170
TYR,ENSG00000077498,-9.966,-9.966,0.0,871,0.023,0.0,0.2605042014617612,1171
OR1D2,ENSG00000184166,-9.966,-9.966,0.0,156,0.0,0.0,0.2605042014617612,1172
GRIN3A,ENSG00000198785,-3.171,-3.047,-0.12,3619,0.065,-0.0,0.2605042014617612,1173
PRTG,ENSG00000166450,-1.732,-1.639,-0.09,6017,0.244,-0.0,0.2605042014617612,1174
CCR9,ENSG00000173585,-5.574,-5.012,-0.56,1279,0.02,-0.0,0.2605042014617612,1175
OR10A4,ENSG00000170782,-9.966,-9.966,0.0,114,0.0,0.0,0.2605042014617612,1176
SLC5A2,ENSG00000140675,-1.639,-1.51,-0.13,6094,0.191,-0.0,0.2605042014617612,1177
ADAM29,ENSG00000168594,-6.506,-6.506,0.0,1146,0.009,0.0,0.2605042014617612,1178
GPR142,ENSG00000257008,-6.506,-4.608,-1.9,2055,0.007,-0.0,0.2605042014617612,1179
KDR,ENSG00000128052,2.269,2.278,-0.01,7343,0.922,-0.0,0.2605042014617612,1180
RELL1,ENSG00000181826,1.832,1.828,0.0,7824,0.853,0.0,0.2605042014617612,1181
OR4C3,ENSG00000176547,-9.966,-9.966,0.0,33,0.0,0.0,0.2605042014617612,1182
TAS2R10,ENSG00000121318,-4.035,-2.932,-1.1,4247,0.002,-0.0,0.2605042014617612,1183
OR4C46,ENSG00000185926,-9.966,-9.966,0.0,9,0.0,0.0,0.2605042014617612,1184
LRRC52,ENSG00000162763,-9.966,-9.966,0.0,860,0.021,0.0,0.2605042014617612,1185
PRSS41,ENSG00000215148,-9.966,-9.966,0.0,328,0.024,0.0,0.2605042014617612,1186
OR2G3,ENSG00000177476,-9.966,-9.966,0.0,46,0.001,0.0,0.2605042014617612,1187
KLRC3,ENSG00000205810,-4.035,-4.035,0.0,3043,0.075,0.0,0.2605042014617612,1188
OR2AG2,ENSG00000188124,-9.966,-9.966,0.0,301,0.0,0.0,0.2605042014617612,1189
OR1S1,ENSG00000280204,-9.966,-9.966,0.0,1,0.0,0.0,0.2605042014617612,1190
OR2J3,ENSG00000204701,-9.966,-9.966,0.0,203,0.0,0.0,0.2605042014617612,1191
LIM2,ENSG00000105370,-9.966,-9.966,0.0,433,0.02,0.0,0.2605042014617612,1192
OR52E5,ENSG00000277932,-9.966,-9.966,0.0,58,0.0,0.0,0.2605042014617612,1193
ROS1,ENSG00000047936,-6.506,-6.506,0.0,1250,0.127,0.0,0.2605042014617612,1194
OR8D2,ENSG00000279116,-9.966,-9.966,0.0,40,0.0,0.0,0.2605042014617612,1195
LRTM2,ENSG00000166159,-6.506,-6.506,0.0,1562,0.065,0.0,0.2605042014617612,1196
OR10J5,ENSG00000184155,-9.966,-9.966,0.0,27,0.0,0.0,0.2605042014617612,1197
OR2L3,ENSG00000198128,-9.966,-9.966,0.0,585,0.0,0.0,0.2605042014617612,1198
OR51B2,ENSG00000279012,-9.966,-9.966,0.0,89,0.0,0.0,0.2605042014617612,1199
RRH,ENSG00000180245,-3.816,-3.308,-0.51,3396,0.004,-0.0,0.2605042014617612,1200
PCDHA6,ENSG00000081842,-3.171,-3.171,0.0,3530,0.14,0.0,0.2605042014617612,1201
OR6B1,ENSG00000221813,-9.966,-9.966,0.0,150,0.0,0.0,0.2605042014617612,1202
SLC16A5,ENSG00000170190,2.462,2.491,-0.03,7716,0.848,-0.0,0.2605042014617612,1203
OR5AP2,ENSG00000172464,-9.966,-9.966,0.0,16,0.0,0.0,0.2605042014617612,1204
KIR2DL1,ENSG00000125498,-5.574,-5.574,0.0,1341,0.007,0.0,0.2605042014617612,1205
CLDN22,ENSG00000177300,-9.966,-9.966,0.0,2293,0.056,0.0,0.2605042014617612,1206
OR9A4,ENSG00000258083,-9.966,-9.966,0.0,83,0.002,0.0,0.2605042014617612,1207
IL5RA,ENSG00000091181,-3.626,-3.308,-0.32,3360,0.068,-0.0,0.2605042014617612,1208
HCRTR1,ENSG00000121764,-5.574,-3.816,-1.76,2923,0.008,-0.0,0.2605042014617612,1209
OR51I2,ENSG00000187918,-9.966,-9.966,0.0,146,0.0,0.0,0.2605042014617612,1210
SSTR4,ENSG00000132671,-9.966,-9.966,0.0,787,0.002,0.0,0.2605042014617612,1211
OR4K15,ENSG00000169488,-9.966,-9.966,0.0,8,0.0,0.0,0.2605042014617612,1212
OR4D10,ENSG00000254466,-9.966,-9.966,0.0,27,0.011,0.0,0.2605042014617612,1213
OR52J3,ENSG00000205495,-9.966,-9.966,0.0,5,0.0,0.0,0.2605042014617612,1214
CLRN2,ENSG00000249581,-9.966,-9.966,0.0,148,0.0,0.0,0.2605042014617612,1215
BTN1A1,ENSG00000124557,-5.574,-5.574,0.0,613,0.01,0.0,0.2605042014617612,1216
FPR2,ENSG00000171049,-2.178,-2.245,0.07,4962,0.178,0.0,0.2605042014617612,1217
HTR6,ENSG00000158748,-5.574,-5.574,0.0,985,0.026,0.0,0.2605042014617612,1218
OR2B3,ENSG00000204703,-9.966,-9.966,0.0,28,0.0,0.0,0.2605042014617612,1219
MSLNL,ENSG00000162006,-9.966,-9.966,0.0,1283,0.05,0.0,0.2605042014617612,1220
SLCO2B1,ENSG00000137491,3.674,3.662,0.01,7581,0.975,0.0,0.2605042014617612,1221
TSHR,ENSG00000165409,-2.548,-2.727,0.18,4274,0.157,0.0,0.2605042014617612,1222
OR6M1,ENSG00000196099,-9.966,-9.966,0.0,272,0.0,0.0,0.2605042014617612,1223
OR52W1,ENSG00000175485,-9.966,-9.966,0.0,210,0.0,0.0,0.2605042014617612,1224
OR6S1,ENSG00000181803,-9.966,-9.966,0.0,148,0.0,0.0,0.2605042014617612,1225
OR10G3,ENSG00000169208,-9.966,-9.966,0.0,118,0.0,0.0,0.2605042014617612,1226
OR7G2,ENSG00000170923,-9.966,-9.966,0.0,12,0.001,0.0,0.2605042014617612,1227
OR9A2,ENSG00000179468,-9.966,-9.966,0.0,145,0.0,0.0,0.2605042014617612,1228
OR4D2,ENSG00000255713,-9.966,-9.966,0.0,22,0.0,0.0,0.2605042014617612,1229
OR4N4,ENSG00000183706,-9.966,-9.966,0.0,217,0.005,0.0,0.2605042014617612,1230
OR51F1,ENSG00000280021,-9.966,-9.966,0.0,24,0.0,0.0,0.2605042014617612,1231
OR2L5,ENSG00000197454,-9.966,-9.966,0.0,193,0.0,0.0,0.2605042014617612,1232
EQTN,ENSG00000120160,-4.608,-3.626,-0.98,3236,0.0,-0.0,0.2605042014617612,1233
SLC37A3,ENSG00000157800,4.237,4.238,-0.0,7835,0.999,-0.0,0.2605042014617612,1234
OR3A2,ENSG00000221882,-9.966,-9.966,0.0,1311,0.02,0.0,0.2605042014617612,1235
OR5A1,ENSG00000172320,-9.966,-9.966,0.0,72,0.0,0.0,0.2605042014617612,1236
SIGLEC5,ENSG00000268500,-9.966,-9.966,0.0,1702,0.011,0.0,0.2605042014617612,1237
NPSR1,ENSG00000187258,-9.966,-9.966,0.0,348,0.066,0.0,0.2605042014617612,1238
RXFP2,ENSG00000133105,-9.966,-9.966,0.0,816,0.003,0.0,0.2605042014617612,1239
OR52N1,ENSG00000181001,-9.966,-9.966,0.0,258,0.0,0.0,0.2605042014617612,1240
OR10D4P,ENSG00000186268,-9.966,-9.966,0.0,73,0.0,0.0,0.2605042014617612,1241
SLC22A25,ENSG00000196600,-9.966,-9.966,0.0,323,0.029,0.0,0.2605042014617612,1242
OR7C2,ENSG00000127529,-9.966,-9.966,0.0,13,0.0,0.0,0.2605042014617612,1243
OR2W6P,ENSG00000168126,-9.966,-9.966,0.0,454,0.007,0.0,0.2605042014617612,1244
OR4N5,ENSG00000184394,-9.966,-9.966,0.0,21,0.0,0.0,0.2605042014617612,1245
OR7A10,ENSG00000127515,-9.966,-9.966,0.0,12,0.0,0.0,0.2605042014617612,1246
AQP10,ENSG00000143595,-5.574,-5.012,-0.56,1555,0.032,-0.0,0.2605042014617612,1247
JAG2,ENSG00000184916,3.562,3.605,-0.04,7650,0.992,-0.0,0.2605042014617612,1248
OR2L8,ENSG00000279263,-9.966,-9.966,0.0,13,0.0,0.0,0.2605042014617612,1249
OR10Z1,ENSG00000198967,-9.966,-9.966,0.0,16,0.0,0.0,0.2605042014617612,1250
SLC6A6,ENSG00000131389,3.235,3.242,-0.01,7835,0.958,-0.0,0.2605042014617612,1251
OR13C5,ENSG00000277556,-9.966,-9.966,0.0,221,0.0,0.0,0.2605042014617612,1252
OR1K1,ENSG00000165204,-9.966,-9.966,0.0,274,0.001,0.0,0.2605042014617612,1253
OR8B4,ENSG00000280090,-9.966,-9.966,0.0,1,0.0,0.0,0.2605042014617612,1254
ENPP1,ENSG00000197594,0.706,0.67,0.04,7072,0.621,0.0,0.2605042014617612,1255
FSHR,ENSG00000170820,-9.966,-9.966,0.0,543,0.004,0.0,0.2605042014617612,1256
ABCB4,ENSG00000005471,-0.687,-0.759,0.07,6961,0.336,0.0,0.2605042014617612,1257
GPR15,ENSG00000154165,-4.293,-4.293,0.0,2630,0.091,0.0,0.2605042014617612,1258
OR4K5,ENSG00000176281,-9.966,-9.966,0.0,24,0.0,0.0,0.2605042014617612,1259
SLC6A8,ENSG00000130821,5.159,5.118,0.04,7835,0.986,0.0,0.2605042014617612,1260
OR10A6,ENSG00000279000,-9.966,-9.966,0.0,443,0.0,0.0,0.2605042014617612,1261
OR51D1,ENSG00000197428,-9.966,-9.966,0.0,12,0.0,0.0,0.2605042014617612,1262
OR6T1,ENSG00000181499,-9.966,-9.966,0.0,253,0.001,0.0,0.2605042014617612,1263
OR2AP1,ENSG00000179615,-9.966,-9.966,0.0,6,0.0,0.0,0.2605042014617612,1264
OR2L13,ENSG00000196071,-9.966,-9.966,0.0,1791,0.047,0.0,0.2605042014617612,1265
SLCO6A1,ENSG00000205359,-9.966,-9.966,0.0,554,0.023,0.0,0.2605042014617612,1266
HTR3D,ENSG00000186090,-9.966,-9.966,0.0,41,0.0,0.0,0.2605042014617612,1267
OR5A2,ENSG00000172324,-9.966,-9.966,0.0,8,0.0,0.0,0.2605042014617612,1268
XKR3,ENSG00000172967,-9.966,-9.966,0.0,589,0.008,0.0,0.2605042014617612,1269
OR6V1,ENSG00000225781,-9.966,-9.966,0.0,74,0.0,0.0,0.2605042014617612,1270
OR4C6,ENSG00000181903,-9.966,-9.966,0.0,38,0.002,0.0,0.2605042014617612,1271
LRP6,ENSG00000070018,2.444,2.454,-0.01,7668,0.978,-0.0,0.2605042014617612,1272
ERVV-2,ENSG00000268964,-9.966,-9.966,0.0,50,0.029,0.0,0.2605042014617612,1273
TAAR8,ENSG00000146385,-9.966,-9.966,0.0,20,0.0,0.0,0.2605042014617612,1274
OR9Q2,ENSG00000186513,-9.966,-9.966,0.0,80,0.0,0.0,0.2605042014617612,1275
OR10A5,ENSG00000166363,-9.966,-9.966,0.0,35,0.0,0.0,0.2605042014617612,1276
OR1L6,ENSG00000171459,-9.966,-9.966,0.0,41,0.0,0.0,0.2605042014617612,1277
SLC17A1,ENSG00000124568,-9.966,-9.966,0.0,493,0.12,0.0,0.2605042014617612,1278
IMPG2,ENSG00000081148,-4.293,-3.626,-0.67,2259,0.021,-0.0,0.2605042014617612,1279
OR5M9,ENSG00000150269,-9.966,-9.966,0.0,5,0.0,0.0,0.2605042014617612,1280
MANSC4,ENSG00000205693,-5.012,-4.035,-0.98,2451,0.011,-0.0,0.2605042014617612,1281
FAM187B,ENSG00000177558,-9.966,-5.012,-4.95,1210,0.0,-0.0,0.2605042014617612,1282
PCDHB14,ENSG00000120327,1.376,1.423,-0.05,7306,0.809,-0.0,0.2605042014617612,1283
MAS1,ENSG00000130368,-9.966,-9.966,0.0,574,0.004,0.0,0.2605042014617612,1284
OR8H3,ENSG00000181761,-9.966,-9.966,0.0,26,0.0,0.0,0.2605042014617612,1285
OTOP1,ENSG00000163982,-9.966,-9.966,0.0,466,0.005,0.0,0.2605042014617612,1286
OR14K1,ENSG00000153230,-9.966,-9.966,0.0,215,0.0,0.0,0.2605042014617612,1287
OR10G2,ENSG00000255582,-9.966,-9.966,0.0,111,0.0,0.0,0.2605042014617612,1288
OR5H15,ENSG00000233412,-9.966,-9.966,0.0,12,0.0,0.0,0.2605042014617612,1289
TP53I13,ENSG00000167543,4.937,4.97,-0.03,7833,1.0,-0.0,0.2605042014617612,1290
OR2AK2,ENSG00000187080,-9.966,-9.966,0.0,177,0.0,0.0,0.2605042014617612,1291
PKD1L3,ENSG00000277481,-6.506,-5.012,-1.49,1090,0.002,-0.0,0.2605042014617612,1292
NTSR1,ENSG00000101188,-4.608,-4.293,-0.31,2905,0.075,-0.0,0.2605042014617612,1293
CLEC12B,ENSG00000256660,-4.608,-3.308,-1.3,3787,0.013,-0.0,0.2605042014617612,1294
OR5W2,ENSG00000187612,-9.966,-9.966,0.0,5,0.0,0.0,0.2605042014617612,1295
CDH6,ENSG00000113361,0.445,0.391,0.05,6969,0.599,0.0,0.2605042014617612,1296
OR2T7,ENSG00000227152,-9.966,-9.966,0.0,79,0.0,0.0,0.2605042014617612,1297
GLRB,ENSG00000109738,0.972,0.934,0.04,7137,0.641,0.0,0.2605042014617612,1298
OR52I1,ENSG00000232268,-9.966,-9.966,0.0,316,0.001,0.0,0.2605042014617612,1299
OR4D6,ENSG00000166884,-9.966,-9.966,0.0,282,0.0,0.0,0.2605042014617612,1300
OR5M8,ENSG00000181371,-9.966,-9.966,0.0,34,0.001,0.0,0.2605042014617612,1301
MIP,ENSG00000135517,-4.035,-5.574,1.54,1171,0.002,0.0,0.2605042014617612,1302
TRPV5,ENSG00000127412,-6.506,-5.574,-0.93,965,0.0,-0.0,0.2605042014617612,1303
OR2T2,ENSG00000196240,-9.966,-9.966,0.0,102,0.0,0.0,0.2605042014617612,1304
GPR21,ENSG00000188394,-4.293,-3.047,-1.25,3997,0.011,-0.0,0.2605042014617612,1305
GP6,ENSG00000088053,-3.047,-1.938,-1.11,5784,0.029,-0.0,0.2605042014617612,1306
SPAM1,ENSG00000106304,-9.966,-9.966,0.0,387,0.0,0.0,0.2605042014617612,1307
GPR139,ENSG00000180269,-9.966,-9.966,0.0,254,0.015,0.0,0.2605042014617612,1308
OR4L1,ENSG00000176246,-9.966,-9.966,0.0,20,0.0,0.0,0.2605042014617612,1309
SGCZ,ENSG00000185053,-9.966,-9.966,0.0,1611,0.013,0.0,0.2605042014617612,1310
OR4D9,ENSG00000172742,-9.966,-9.966,0.0,13,0.0,0.0,0.2605042014617612,1311
GPR42,ENSG00000126251,-6.506,-9.966,3.46,1304,0.004,0.0,0.2605042014617612,1312
CLEC1B,ENSG00000165682,-5.012,-5.012,0.0,2097,0.012,0.0,0.2605042014617612,1313
OR10H1,ENSG00000186723,-9.966,-9.966,0.0,262,0.011,0.0,0.2605042014617612,1314
RHO,ENSG00000163914,-6.506,-6.506,0.0,548,0.001,0.0,0.2605042014617612,1315
OPN5,ENSG00000124818,-9.966,-9.966,0.0,621,0.001,0.0,0.2605042014617612,1316
OR4F3,ENSG00000230178,-9.966,-9.966,0.0,563,0.001,0.0,0.2605042014617612,1317
OR52E6,ENSG00000205409,-9.966,-9.966,0.0,38,0.001,0.0,0.2605042014617612,1318
CEACAM20,ENSG00000273777,-9.966,-9.966,0.0,502,0.042,0.0,0.2605042014617612,1319
OR56A4,ENSG00000183389,-9.966,-9.966,0.0,56,0.0,0.0,0.2605042014617612,1320
PKD1L1,ENSG00000158683,-2.245,-1.994,-0.25,5656,0.087,-0.0,0.2605042014617612,1321
OR10H4,ENSG00000176231,-9.966,-9.966,0.0,58,0.0,0.0,0.2605042014617612,1322
CNTNAP5,ENSG00000155052,-9.966,-9.966,0.0,1180,0.051,0.0,0.2605042014617612,1323
OR52L1,ENSG00000183313,-9.966,-9.966,0.0,111,0.0,0.0,0.2605042014617612,1324
OR4K17,ENSG00000176230,-9.966,-9.966,0.0,12,0.0,0.0,0.2605042014617612,1325
GYPA,ENSG00000170180,-9.966,-9.966,0.0,1514,0.009,0.0,0.2605042014617612,1326
SLC22A8,ENSG00000149452,-9.966,-9.966,0.0,449,0.028,0.0,0.2605042014617612,1327
IL12RB2,ENSG00000081985,-1.552,-1.685,0.13,5878,0.279,0.0,0.2605042014617612,1328
GML,ENSG00000104499,-9.966,-9.966,0.0,315,0.0,0.0,0.2605042014617612,1329
ABCC12,ENSG00000140798,-9.966,-9.966,0.0,1299,0.036,0.0,0.2605042014617612,1330
GRM6,ENSG00000113262,-4.608,-3.458,-1.15,3179,0.011,-0.0,0.2605042014617612,1331
OR4K14,ENSG00000169484,-9.966,-9.966,0.0,2,0.0,0.0,0.2605042014617612,1332
TRPV2,ENSG00000187688,2.988,2.945,0.04,7835,0.994,0.0,0.2605042014617612,1333
OR13H1,ENSG00000171054,-9.966,-9.966,0.0,21,0.001,0.0,0.2605042014617612,1334
OR2M5,ENSG00000162727,-9.966,-9.966,0.0,39,0.0,0.0,0.2605042014617612,1335
SLC22A14,ENSG00000144671,-4.293,-3.047,-1.25,4041,0.003,-0.0,0.2605042014617612,1336
OR8J2,ENSG00000254658,-9.966,-9.966,0.0,54,0.0,0.0,0.2605042014617612,1337
TAAR1,ENSG00000146399,-9.966,-9.966,0.0,122,0.008,0.0,0.2605042014617612,1338
OR5P3,ENSG00000182334,-9.966,-9.966,0.0,534,0.0,0.0,0.2605042014617612,1339
OR52M1,ENSG00000197790,-9.966,-9.966,0.0,8,0.0,0.0,0.2605042014617612,1340
TAS2R8,ENSG00000121314,-9.966,-9.966,0.0,127,0.0,0.0,0.2605042014617612,1341
OR3A1,ENSG00000180090,-9.966,-9.966,0.0,332,0.003,0.0,0.2605042014617612,1342
ITGAM,ENSG00000169896,1.642,1.623,0.02,7659,0.817,0.0,0.2605042014617612,1343
OR1S2,ENSG00000197887,-9.966,-9.966,0.0,11,0.0,0.0,0.2605042014617612,1344
OR52E1,ENSG00000273085,-9.966,-9.966,0.0,2,0.0,0.0,0.2605042014617612,1345
OR1A1,ENSG00000172146,-9.966,-9.966,0.0,8,0.0,0.0,0.2605042014617612,1346
IL17RA,ENSG00000177663,2.266,2.296,-0.03,7835,0.991,-0.0,0.2605042014617612,1347
OTOP2,ENSG00000183034,-9.966,-9.966,0.0,1136,0.014,0.0,0.2605042014617612,1348
CHRM5,ENSG00000184984,-4.608,-3.458,-1.15,3038,0.017,-0.0,0.2605042014617612,1349
GRM1,ENSG00000152822,-5.574,-5.574,0.0,1689,0.038,0.0,0.2605042014617612,1350
SLC18A3,ENSG00000187714,-9.966,-9.966,0.0,1208,0.065,0.0,0.2605042014617612,1351
CD160,ENSG00000117281,-2.114,-1.685,-0.43,6079,0.082,-0.0,0.2605042014617612,1352
OR9K2,ENSG00000170605,-9.966,-9.966,0.0,21,0.0,0.0,0.2605042014617612,1353
KLRF2,ENSG00000256797,-9.966,-9.966,0.0,406,0.007,0.0,0.2605042014617612,1354
OR13D1,ENSG00000179055,-9.966,-9.966,0.0,159,0.0,0.0,0.2605042014617612,1355
OR2B2,ENSG00000168131,-9.966,-9.966,0.0,46,0.0,0.0,0.2605042014617612,1356
AREG,ENSG00000109321,1.977,1.953,0.02,6983,0.712,0.0,0.2605042014617612,1357
PTCHD3,ENSG00000182077,-9.966,-9.966,0.0,988,0.016,0.0,0.2605042014617612,1358
MPL,ENSG00000117400,-4.293,-3.626,-0.67,2454,0.001,-0.0,0.2605042014617612,1359
SLC13A1,ENSG00000081800,-9.966,-9.966,0.0,187,0.067,0.0,0.2605042014617612,1360
OR51I1,ENSG00000167359,-9.966,-9.966,0.0,340,0.001,0.0,0.2605042014617612,1361
TAS2R3,ENSG00000127362,-9.966,-4.293,-5.67,2018,0.003,-0.0,0.2605042014617612,1362
OR5AK2,ENSG00000181273,-9.966,-9.966,0.0,179,0.0,0.0,0.2605042014617612,1363
OR2A14,ENSG00000221938,-9.966,-9.966,0.0,306,0.0,0.0,0.2605042014617612,1364
SLC15A5,ENSG00000188991,-9.966,-9.966,0.0,294,0.001,0.0,0.2605042014617612,1365
CHRM4,ENSG00000180720,-3.308,-3.047,-0.26,3956,0.085,-0.0,0.2605042014617612,1366
OR4N2,ENSG00000176294,-9.966,-9.966,0.0,327,0.03,0.0,0.2605042014617612,1367
OR4B1,ENSG00000175619,-9.966,-9.966,0.0,8,0.0,0.0,0.2605042014617612,1368
IZUMO3,ENSG00000205442,-9.966,-9.966,0.0,208,0.001,0.0,0.2605042014617612,1369
OR12D2,ENSG00000280236,-9.966,-9.966,0.0,79,0.003,0.0,0.2605042014617612,1370
OR1J1,ENSG00000136834,-9.966,-9.966,0.0,345,0.0,0.0,0.2605042014617612,1371
OR9G4,ENSG00000172457,-9.966,-9.966,0.0,43,0.0,0.0,0.2605042014617612,1372
CLDN24,ENSG00000185758,-9.966,-9.966,0.0,1221,0.019,0.0,0.2605042014617612,1373
MCHR2,ENSG00000152034,-9.966,-9.966,0.0,606,0.01,0.0,0.2605042014617612,1374
OR2T11,ENSG00000279301,-9.966,-9.966,0.0,43,0.0,0.0,0.2605042014617612,1375
KLRK1,ENSG00000213809,0.67,0.642,0.03,7524,0.642,0.0,0.2605042014617612,1376
TAAR2,ENSG00000146378,-9.966,-9.966,0.0,22,0.0,0.0,0.2605042014617612,1377
NCR1,ENSG00000189430,-3.458,-4.035,0.58,2515,0.038,0.0,0.2605042014617612,1378
OR2A4,ENSG00000180658,-9.966,-9.966,0.0,939,0.04,0.0,0.2605042014617612,1379
OR2V2,ENSG00000182613,-9.966,-9.966,0.0,58,0.0,0.0,0.2605042014617612,1380
OR4S1,ENSG00000176555,-9.966,-9.966,0.0,11,0.0,0.0,0.2605042014617612,1381
ADAM20,ENSG00000134007,-5.012,-3.816,-1.2,2414,0.001,-0.0,0.2605042014617612,1382
OR2B11,ENSG00000177535,-9.966,-9.966,0.0,313,0.0,0.0,0.2605042014617612,1383
OR51Q1,ENSG00000167360,-9.966,-9.966,0.0,178,0.0,0.0,0.2605042014617612,1384
CXCR2,ENSG00000180871,-2.114,-1.938,-0.18,5246,0.16,-0.0,0.2605042014617612,1385
AMIGO3,ENSG00000176020,-9.966,-9.966,0.0,3040,0.095,0.0,0.2605042014617612,1386
OR7E24,ENSG00000237521,-9.966,-9.966,0.0,166,0.009,0.0,0.2605042014617612,1387
OR51V1,ENSG00000176742,-9.966,-9.966,0.0,28,0.0,0.0,0.2605042014617612,1388
OR5B17,ENSG00000197786,-9.966,-9.966,0.0,6,0.0,0.0,0.2605042014617612,1389
OR1E2,ENSG00000127780,-9.966,-9.966,0.0,107,0.0,0.0,0.2605042014617612,1390
OR2H2,ENSG00000204657,-6.506,-3.816,-2.69,3104,0.006,-0.0,0.2605042014617612,1391
OR10X1,ENSG00000279111,-9.966,-9.966,0.0,8,0.0,0.0,0.2605042014617612,1392
OR8I2,ENSG00000172154,-9.966,-9.966,0.0,15,0.0,0.0,0.2605042014617612,1393
OR51G2,ENSG00000176893,-9.966,-9.966,0.0,16,0.0,0.0,0.2605042014617612,1394
ASIC5,ENSG00000256394,-9.966,-9.966,0.0,15,0.001,0.0,0.2605042014617612,1395
OR5AS1,ENSG00000181785,-9.966,-9.966,0.0,6,0.0,0.0,0.2605042014617612,1396
OR2T8,ENSG00000177462,-9.966,-9.966,0.0,1364,0.003,0.0,0.2605042014617612,1397
INSR,ENSG00000171105,3.383,3.377,0.01,7820,0.994,0.0,0.2605042014617612,1398
OR2A1,ENSG00000221970,-4.035,-2.466,-1.57,4490,0.014,-0.0,0.2605042014617612,1399
SLC17A6,ENSG00000091664,-9.966,-9.966,0.0,760,0.024,0.0,0.2605042014617612,1400
SPACA1,ENSG00000118434,-9.966,-9.966,0.0,247,0.005,0.0,0.2605042014617612,1401
OR5B2,ENSG00000172365,-9.966,-9.966,0.0,234,0.001,0.0,0.2605042014617612,1402
OR10K2,ENSG00000180708,-9.966,-9.966,0.0,17,0.0,0.0,0.2605042014617612,1403
OR5AK3P,ENSG00000181282,-9.966,-9.966,0.0,108,0.0,0.0,0.2605042014617612,1404
GPR101,ENSG00000165370,-9.966,-9.966,0.0,408,0.002,0.0,0.2605042014617612,1405
OR1J4,ENSG00000239590,-9.966,-9.966,0.0,328,0.001,0.0,0.2605042014617612,1406
OR8A1,ENSG00000196119,-9.966,-9.966,0.0,215,0.002,0.0,0.2605042014617612,1407
GPR156,ENSG00000175697,-2.727,-2.727,0.0,4420,0.125,0.0,0.2605042014617612,1408
OR4K1,ENSG00000155249,-9.966,-9.966,0.0,66,0.0,0.0,0.2605042014617612,1409
CCKAR,ENSG00000163394,-9.966,-9.966,0.0,889,0.02,0.0,0.2605042014617612,1410
HTR1A,ENSG00000178394,-9.966,-9.966,0.0,732,0.02,0.0,0.2605042014617612,1411
OR5AU1,ENSG00000169327,-9.966,-9.966,0.0,47,0.001,0.0,0.2605042014617612,1412
OR14A2,ENSG00000241128,-9.966,-9.966,0.0,162,0.001,0.0,0.2605042014617612,1413
OR2T3,ENSG00000196539,-9.966,-9.966,0.0,141,0.0,0.0,0.2605042014617612,1414
OR4D1,ENSG00000141194,-9.966,-9.966,0.0,82,0.0,0.0,0.2605042014617612,1415
OR5D13,ENSG00000279761,-9.966,-9.966,0.0,3,0.0,0.0,0.2605042014617612,1416
OR13C3,ENSG00000204246,-9.966,-9.966,0.0,84,0.0,0.0,0.2605042014617612,1417
OR2A12,ENSG00000221858,-9.966,-9.966,0.0,45,0.0,0.0,0.2605042014617612,1418
NRG1,ENSG00000157168,0.402,0.423,-0.02,6552,0.558,-0.0,0.2605042014617612,1419
SIGLECL1,ENSG00000179213,-9.966,-9.966,0.0,355,0.002,0.0,0.2605042014617612,1420
GPRC6A,ENSG00000173612,-9.966,-9.966,0.0,124,0.011,0.0,0.2605042014617612,1421
ADAM18,ENSG00000168619,-9.966,-9.966,0.0,306,0.026,0.0,0.2605042014617612,1422
OR2F1,ENSG00000213215,-9.966,-9.966,0.0,84,0.0,0.0,0.2605042014617612,1423
GABRR1,ENSG00000146276,-5.574,-5.574,0.0,1292,0.091,0.0,0.2605042014617612,1424
OR7D4,ENSG00000174667,-9.966,-9.966,0.0,97,0.0,0.0,0.2605042014617612,1425
OR2T1,ENSG00000175143,-9.966,-9.966,0.0,5,0.0,0.0,0.2605042014617612,1426
SLC10A2,ENSG00000125255,-9.966,-9.966,0.0,237,0.051,0.0,0.2605042014617612,1427
SLC24A5,ENSG00000188467,-9.966,-9.966,0.0,1333,0.024,0.0,0.2605042014617612,1428
OR14I1,ENSG00000189181,-9.966,-9.966,0.0,705,0.007,0.0,0.2605042014617612,1429
OR14A16,ENSG00000196772,-9.966,-9.966,0.0,167,0.0,0.0,0.2605042014617612,1430
TAS2R7,ENSG00000121377,-9.966,-9.966,0.0,42,0.0,0.0,0.2605042014617612,1431
GPR32P1,ENSG00000269565,-9.966,-9.966,0.0,34,0.0,0.0,0.2605042014617612,1432
OR1F2P,ENSG00000203581,-9.966,-9.966,0.0,654,0.0,0.0,0.2605042014617612,1433
TAS1R2,ENSG00000179002,-9.966,-9.966,0.0,167,0.0,0.0,0.2605042014617612,1434
OR2G6,ENSG00000188558,-9.966,-9.966,0.0,190,0.001,0.0,0.2605042014617612,1435
OR2C1,ENSG00000168158,-5.012,-5.012,0.0,1079,0.001,0.0,0.2605042014617612,1436
OR8J3,ENSG00000167822,-9.966,-9.966,0.0,9,0.0,0.0,0.2605042014617612,1437
ADRB3,ENSG00000188778,-5.574,-5.574,0.0,1947,0.016,0.0,0.2605042014617612,1438
OR11H12,ENSG00000257115,-9.966,-9.966,0.0,59,0.0,0.0,0.2605042014617612,1439
GABRR2,ENSG00000111886,-3.308,-1.283,-2.02,6555,0.013,-0.0,0.2605042014617612,1440
OR4F4,ENSG00000177693,-9.966,-9.966,0.0,79,0.0,0.0,0.2605042014617612,1441
OR5I1,ENSG00000167825,-9.966,-9.966,0.0,2,0.0,0.0,0.2605042014617612,1442
OR5P2,ENSG00000183303,-9.966,-9.966,0.0,412,0.0,0.0,0.2605042014617612,1443
OR10H5,ENSG00000172519,-9.966,-9.966,0.0,73,0.001,0.0,0.2605042014617612,1444
GLP1R,ENSG00000112164,-5.012,-5.012,0.0,2010,0.058,0.0,0.2605042014617612,1445
DSG3,ENSG00000134757,-4.608,-4.608,0.0,1835,0.278,0.0,0.2605042014617612,1446
OR1A2,ENSG00000172150,-9.966,-9.966,0.0,19,0.0,0.0,0.2605042014617612,1447
CLEC9A,ENSG00000197992,-2.315,-2.548,0.23,4296,0.141,0.0,0.2605042014617612,1448
CD200,ENSG00000091972,2.787,2.772,0.01,7598,0.94,0.0,0.2605042014617612,1449
UMOD,ENSG00000169344,-9.966,-9.966,0.0,888,0.029,0.0,0.2605042014617612,1450
OR5AL1,ENSG00000272987,-9.966,-9.966,0.0,1,0.0,0.0,0.2605042014617612,1451
OR13A1,ENSG00000256574,-4.608,-4.293,-0.31,2104,0.033,-0.0,0.2605042014617612,1452
OR5J2,ENSG00000174957,-9.966,-9.966,0.0,30,0.0,0.0,0.2605042014617612,1453
OPN1MW,ENSG00000268221,-9.966,-9.966,0.0,214,0.0,0.0,0.2605042014617612,1454
OR1D5,ENSG00000262628,-9.966,-9.966,0.0,47,0.0,0.0,0.2605042014617612,1455
MRGPRX3,ENSG00000179826,-9.966,-9.966,0.0,663,0.053,0.0,0.2605042014617612,1456
HTR1F,ENSG00000179097,-4.035,-3.626,-0.41,2837,0.027,-0.0,0.2605042014617612,1457
OR2D2,ENSG00000166368,-9.966,-9.966,0.0,148,0.0,0.0,0.2605042014617612,1458
OR2T27,ENSG00000187701,-9.966,-9.966,0.0,63,0.0,0.0,0.2605042014617612,1459
ADAM7,ENSG00000069206,-9.966,-9.966,0.0,208,0.014,0.0,0.2605042014617612,1460
OR56B4,ENSG00000180919,-5.574,-9.966,4.39,576,0.001,0.0,0.2605042014617612,1461
SIGLEC1,ENSG00000088827,1.015,1.015,0.0,7110,0.71,0.0,0.2605042014617612,1462
GPR55,ENSG00000135898,-2.826,-3.171,0.35,3513,0.048,0.0,0.2605042014617612,1463
AGTR2,ENSG00000180772,-9.966,-9.966,0.0,876,0.044,0.0,0.2605042014617612,1464
SLCO1B7,ENSG00000205754,-9.966,-9.966,0.0,424,0.018,0.0,0.2605042014617612,1465
HTR3C,ENSG00000178084,-9.966,-9.966,0.0,634,0.006,0.0,0.2605042014617612,1466
PKDREJ,ENSG00000130943,-4.035,-3.626,-0.41,2575,0.001,-0.0,0.2605042014617612,1467
EPGN,ENSG00000182585,-4.608,-4.608,0.0,2378,0.141,0.0,0.2605042014617612,1468
CACNG3,ENSG00000006116,-9.966,-9.966,0.0,1308,0.047,0.0,0.2605042014617612,1469
OR52N5,ENSG00000181009,-9.966,-9.966,0.0,196,0.0,0.0,0.2605042014617612,1470
OR2W1,ENSG00000204704,-9.966,-9.966,0.0,137,0.0,0.0,0.2605042014617612,1471
ERVFRD-1,ENSG00000244476,-5.012,-4.035,-0.98,2709,0.013,-0.0,0.2605042014617612,1472
OR10G4,ENSG00000254737,-9.966,-9.966,0.0,205,0.0,0.0,0.2605042014617612,1473
OR56A1,ENSG00000180934,-9.966,-9.966,0.0,142,0.0,0.0,0.2605042014617612,1474
SLC6A18,ENSG00000164363,-9.966,-9.966,0.0,76,0.038,0.0,0.2605042014617612,1475
OR5T3,ENSG00000172489,-9.966,-9.966,0.0,8,0.0,0.0,0.2605042014617612,1476
OR5F1,ENSG00000149133,-9.966,-9.966,0.0,4,0.0,0.0,0.2605042014617612,1477
OR5M10,ENSG00000254834,-9.966,-9.966,0.0,37,0.0,0.0,0.2605042014617612,1478
OR8G1,ENSG00000197849,-9.966,-9.966,0.0,163,0.0,0.0,0.2605042014617612,1479
OR4F5,ENSG00000186092,-9.966,-9.966,0.0,91,0.0,0.0,0.2605042014617612,1480
OR7G1,ENSG00000161807,-9.966,-9.966,0.0,5,0.0,0.0,0.2605042014617612,1481
OR5D14,ENSG00000186113,-9.966,-9.966,0.0,5,0.0,0.0,0.2605042014617612,1482
GLRA3,ENSG00000145451,-6.506,-6.506,0.0,1370,0.071,0.0,0.2605042014617612,1483
OR10G9,ENSG00000236981,-9.966,-9.966,0.0,27,0.0,0.0,0.2605042014617612,1484
SLC2A7,ENSG00000197241,-9.966,-9.966,0.0,249,0.0,0.0,0.2605042014617612,1485
OR4Q2,ENSG00000196383,-9.966,-9.966,0.0,1,0.0,0.0,0.2605042014617612,1486
OR4F6,ENSG00000184140,-9.966,-9.966,0.0,31,0.0,0.0,0.2605042014617612,1487
OR10W1,ENSG00000172772,-9.966,-9.966,0.0,10,0.0,0.0,0.2605042014617612,1488
TLR9,ENSG00000239732,-3.458,-1.781,-1.68,5866,0.014,-0.0,0.2605042014617612,1489
GP1BA,ENSG00000185245,-1.732,-1.392,-0.34,6859,0.121,-0.0,0.2605042014617612,1490
ALK,ENSG00000171094,-3.308,-3.171,-0.14,3793,0.132,-0.0,0.2605042014617612,1491
OR5AC2,ENSG00000196578,-9.966,-9.966,0.0,56,0.0,0.0,0.2605042014617612,1492
OR6Q1,ENSG00000279051,-9.966,-9.966,0.0,0,0.0,0.0,0.2605042014617612,1493
GJD2,ENSG00000159248,-9.966,-9.966,0.0,1517,0.05,0.0,0.2605042014617612,1494
FAT2,ENSG00000086570,-2.727,-2.826,0.1,4114,0.318,0.0,0.2605042014617612,1495
HTR3B,ENSG00000149305,-9.966,-9.966,0.0,877,0.011,0.0,0.2605042014617612,1496
OR1J2,ENSG00000197233,-9.966,-9.966,0.0,262,0.0,0.0,0.2605042014617612,1497
ABCB5,ENSG00000004846,-5.574,-5.012,-0.56,2561,0.044,-0.0,0.2605042014617612,1498
LPAR4,ENSG00000147145,-2.932,-2.727,-0.21,4440,0.083,-0.0,0.2605042014617612,1499
OR2V1,ENSG00000185372,-9.966,-9.966,0.0,172,0.002,0.0,0.2605042014617612,1500
OR2H1,ENSG00000204688,-9.966,-9.966,0.0,242,0.001,0.0,0.2605042014617612,1501
TRPV6,ENSG00000165125,-1.117,-1.214,0.1,5710,0.375,0.0,0.2605042014617612,1502
OR5K4,ENSG00000196098,-9.966,-9.966,0.0,46,0.0,0.0,0.2605042014617612,1503
OR5G3,ENSG00000241356,-9.966,-9.966,0.0,198,0.002,0.0,0.2605042014617612,1504
ART1,ENSG00000129744,-9.966,-9.966,0.0,1133,0.009,0.0,0.2605042014617612,1505
OR1L8,ENSG00000171496,-5.012,-3.816,-1.2,2719,0.005,-0.0,0.2605042014617612,1506
OR11H2,ENSG00000258453,-9.966,-9.966,0.0,44,0.0,0.0,0.2605042014617612,1507
KCNV2,ENSG00000168263,-5.574,-3.816,-1.76,2297,0.012,-0.0,0.2605042014617612,1508
SLC26A8,ENSG00000112053,-3.626,-2.826,-0.8,4341,0.022,-0.0,0.2605042014617612,1509
LY6G6F,ENSG00000204424,-9.966,-9.966,0.0,1010,0.0,0.0,0.2605042014617612,1510
OR2T33,ENSG00000177212,-9.966,-9.966,0.0,1006,0.001,0.0,0.2605042014617612,1511
OR51M1,ENSG00000184698,-9.966,-9.966,0.0,54,0.0,0.0,0.2605042014617612,1512
SLC6A5,ENSG00000165970,-9.966,-9.966,0.0,554,0.005,0.0,0.2605042014617612,1513
GPR50,ENSG00000102195,-9.966,-9.966,0.0,355,0.043,0.0,0.2605042014617612,1514
TMEM95,ENSG00000182896,-9.966,-9.966,0.0,345,0.0,0.0,0.2605042014617612,1515
OR10G7,ENSG00000182634,-9.966,-9.966,0.0,25,0.0,0.0,0.2605042014617612,1516
MEP1B,ENSG00000141434,-6.506,-5.574,-0.93,976,0.016,-0.0,0.2605042014617612,1517
OR6K6,ENSG00000180433,-9.966,-9.966,0.0,11,0.0,0.0,0.2605042014617612,1518
OR2G2,ENSG00000177489,-9.966,-9.966,0.0,39,0.0,0.0,0.2605042014617612,1519
OR8D4,ENSG00000181518,-9.966,-9.966,0.0,75,0.0,0.0,0.2605042014617612,1520
OR2A25,ENSG00000221933,-9.966,-9.966,0.0,206,0.0,0.0,0.2605042014617612,1521
VN1R2,ENSG00000196131,-9.966,-9.966,0.0,297,0.0,0.0,0.2605042014617612,1522
CD33,ENSG00000105383,1.434,1.46,-0.03,7568,0.816,-0.0,0.2605042014617612,1523
FGFRL1,ENSG00000127418,3.756,3.767,-0.01,7820,0.973,-0.0,0.2605042014617612,1524
OR11L1,ENSG00000197591,-9.966,-9.966,0.0,223,0.0,0.0,0.2605042014617612,1525
OR10J4,ENSG00000249730,-9.966,-9.966,0.0,6,0.0,0.0,0.2605042014617612,1526
OR6C6,ENSG00000188324,-9.966,-9.966,0.0,10,0.0,0.0,0.2605042014617612,1527
HTR1E,ENSG00000168830,-9.966,-9.966,0.0,1986,0.023,0.0,0.2605042014617612,1528
SDC2,ENSG00000169439,5.157,5.201,-0.04,7796,0.992,-0.0,0.2605042014617612,1529
CDH24,ENSG00000139880,1.923,1.953,-0.03,7655,0.933,-0.0,0.2605042014617612,1530
DSG4,ENSG00000175065,-9.966,-9.966,0.0,674,0.012,0.0,0.2605042014617612,1531
VN1R4,ENSG00000228567,-9.966,-9.966,0.0,140,0.0,0.0,0.2605042014617612,1532
OR5D16,ENSG00000205029,-9.966,-9.966,0.0,9,0.0,0.0,0.2605042014617612,1533
OR2M3,ENSG00000228198,-9.966,-9.966,0.0,65,0.0,0.0,0.2605042014617612,1534
SLC9A6,ENSG00000198689,2.549,2.549,0.0,7823,0.984,0.0,0.2605042014617612,1535
OR1Q1,ENSG00000165202,-9.966,-9.966,0.0,668,0.001,0.0,0.2605042014617612,1536
OR10J3,ENSG00000196266,-9.966,-9.966,0.0,116,0.0,0.0,0.2605042014617612,1537
OR1C1,ENSG00000221888,-9.966,-9.966,0.0,257,0.0,0.0,0.2605042014617612,1538
KCNMB2,ENSG00000275163,-9.966,-9.966,0.0,253,0.007,0.0,0.2605042014617612,1539
OR10P1,ENSG00000175398,-9.966,-9.966,0.0,196,0.0,0.0,0.2605042014617612,1540
SLC13A3,ENSG00000158296,0.576,0.517,0.06,7321,0.624,0.0,0.2605042014617612,1541
LRIT1,ENSG00000148602,-9.966,-9.966,0.0,172,0.0,0.0,0.2605042014617612,1542
IGSF5,ENSG00000183067,-3.308,-3.308,0.0,3474,0.137,0.0,0.2605042014617612,1543
OR8K3,ENSG00000280314,-9.966,-9.966,0.0,1,0.0,0.0,0.2605042014617612,1544
GPR149,ENSG00000174948,-9.966,-9.966,0.0,709,0.011,0.0,0.2605042014617612,1545
GUCY2C,ENSG00000070019,-4.608,-4.608,0.0,1286,0.105,0.0,0.2605042014617612,1546
SLC4A10,ENSG00000144290,-5.012,-5.012,0.0,2264,0.085,0.0,0.2605042014617612,1547
SPPL2C,ENSG00000185294,-9.966,-9.966,0.0,815,0.0,0.0,0.2605042014617612,1548
KIR2DS4,ENSG00000221957,-5.012,-5.574,0.56,1331,0.016,0.0,0.2605042014617612,1549
OR10G6,ENSG00000198674,-9.966,-9.966,0.0,31,0.0,0.0,0.2605042014617612,1550
OR2AE1,ENSG00000244623,-9.966,-9.966,0.0,758,0.0,0.0,0.2605042014617612,1551
OR4E1,ENSG00000276240,-9.966,-9.966,0.0,39,0.0,0.0,0.2605042014617612,1552
OR7G3,ENSG00000170920,-9.966,-9.966,0.0,36,0.001,0.0,0.2605042014617612,1553
TARM1,ENSG00000248385,-9.966,-9.966,0.0,488,0.001,0.0,0.2605042014617612,1554
KIR3DL1,ENSG00000167633,-5.012,-5.012,0.0,1315,0.007,0.0,0.2605042014617612,1555
VSIG2,ENSG00000019102,0.455,0.455,0.0,7624,0.535,0.0,0.2605042014617612,1556
OR2T10,ENSG00000184022,-9.966,-9.966,0.0,216,0.024,0.0,0.2605042014617612,1557
OR52R1,ENSG00000279270,-9.966,-9.966,0.0,16,0.0,0.0,0.2605042014617612,1558
OR8D1,ENSG00000196341,-9.966,-9.966,0.0,198,0.001,0.0,0.2605042014617612,1559
OR6N2,ENSG00000188340,-9.966,-9.966,0.0,18,0.0,0.0,0.2605042014617612,1560
LYPD4,ENSG00000273111,-9.966,-9.966,0.0,310,0.002,0.0,0.2605042014617612,1561
OR2M4,ENSG00000171180,-9.966,-9.966,0.0,141,0.0,0.0,0.2605042014617612,1562
CHRNA7,ENSG00000175344,-1.49,-1.392,-0.1,6164,0.247,-0.0,0.2605042014617612,1563
AQP2,ENSG00000167580,-6.506,-6.506,0.0,1234,0.042,0.0,0.2605042014617612,1564
OR2AT4,ENSG00000171561,-9.966,-9.966,0.0,211,0.0,0.0,0.2605042014617612,1565
UPK1A,ENSG00000105668,-3.458,-3.458,0.0,3293,0.162,0.0,0.2605042014617612,1566
OR52N2,ENSG00000180988,-9.966,-9.966,0.0,911,0.005,0.0,0.2605042014617612,1567
OR52N4,ENSG00000181074,-4.608,-2.388,-2.22,4854,0.013,-0.0,0.2605042014617612,1568
CD200R1L,ENSG00000206531,-9.966,-9.966,0.0,214,0.0,0.0,0.2605042014617612,1569
OR5D18,ENSG00000186119,-9.966,-9.966,0.0,41,0.0,0.0,0.2605042014617612,1570
PTPRG,ENSG00000144724,2.735,2.701,0.03,7424,0.951,0.0,0.2605042014617612,1571
RXFP3,ENSG00000182631,-9.966,-9.966,0.0,188,0.005,0.0,0.2605042014617612,1572
OR4C45,ENSG00000260811,-9.966,-9.966,0.0,1,0.0,0.0,0.2605042014617612,1573
HTR2C,ENSG00000147246,-9.966,-9.966,0.0,1114,0.055,0.0,0.2605042014617612,1574
OR51L1,ENSG00000176798,-9.966,-9.966,0.0,11,0.0,0.0,0.2605042014617612,1575
OR10V1,ENSG00000172289,-9.966,-9.966,0.0,60,0.0,0.0,0.2605042014617612,1576
OR2AG1,ENSG00000279486,-9.966,-9.966,0.0,5,0.0,0.0,0.2605042014617612,1577
ENTPD3,ENSG00000168032,0.276,0.288,-0.01,6667,0.529,-0.0,0.2605042014617612,1578
OR7A2P,ENSG00000172148,-9.966,-9.966,0.0,11,0.0,0.0,0.2605042014617612,1579
OR13C2,ENSG00000276119,-9.966,-9.966,0.0,382,0.0,0.0,0.2605042014617612,1580
OR12D3,ENSG00000112462,-9.966,-9.966,0.0,5,0.0,0.0,0.2605042014617612,1581
OR4M1,ENSG00000176299,-9.966,-9.966,0.0,166,0.0,0.0,0.2605042014617612,1582
DISP1,ENSG00000154309,1.351,1.374,-0.02,7601,0.853,-0.0,0.2605042014617612,1583
IZUMO1R,ENSG00000183560,-9.966,-9.966,0.0,1003,0.01,0.0,0.2605042014617612,1584
OR4Q3,ENSG00000182652,-9.966,-9.966,0.0,58,0.0,0.0,0.2605042014617612,1585
EMP1,ENSG00000134531,5.77,5.813,-0.04,7814,0.999,-0.0,0.2605042014617612,1586
OR4F17,ENSG00000176695,-9.966,-9.966,0.0,283,0.001,0.0,0.2605042014617612,1587
ADAM2,ENSG00000104755,-9.966,-9.966,0.0,295,0.044,0.0,0.2605042014617612,1588
TAS2R9,ENSG00000121381,-9.966,-9.966,0.0,50,0.0,0.0,0.2605042014617612,1589
MDGA2,ENSG00000139915,-6.506,-6.506,0.0,1770,0.084,0.0,0.2605042014617612,1590
OR52I2,ENSG00000226288,-9.966,-9.966,0.0,59,0.0,0.0,0.2605042014617612,1591
OR4M2,ENSG00000274102,-9.966,-9.966,0.0,145,0.0,0.0,0.2605042014617612,1592
OR56B1,ENSG00000181023,-9.966,-9.966,0.0,865,0.0,0.0,0.2605042014617612,1593
OR2K2,ENSG00000171133,-9.966,-9.966,0.0,1225,0.0,0.0,0.2605042014617612,1594
TAAR9,ENSG00000237110,-9.966,-9.966,0.0,10,0.0,0.0,0.2605042014617612,1595
CATSPERD,ENSG00000174898,-9.966,-9.966,0.0,1065,0.042,0.0,0.2605042014617612,1596
OPN1SW,ENSG00000128617,-3.458,-3.171,-0.29,3663,0.011,-0.0,0.2605042014617612,1597
MUC17,ENSG00000169876,-9.966,-9.966,0.0,485,0.082,0.0,0.2605042014617612,1598
MYADML2,ENSG00000185105,-4.608,-4.293,-0.31,2624,0.047,-0.0,0.2605042014617612,1599
PCDHGA8,ENSG00000253767,-3.626,-3.171,-0.45,3703,0.023,-0.0,0.2605042014617612,1600
OR13C8,ENSG00000186943,-9.966,-9.966,0.0,12,0.0,0.0,0.2605042014617612,1601
OR51A7,ENSG00000176895,-9.966,-9.966,0.0,93,0.0,0.0,0.2605042014617612,1602
OR4D5,ENSG00000171014,-9.966,-9.966,0.0,71,0.0,0.0,0.2605042014617612,1603
OR4C13,ENSG00000258817,-9.966,-9.966,0.0,7,0.0,0.0,0.2605042014617612,1604
GPR32,ENSG00000142511,-9.966,-9.966,0.0,78,0.002,0.0,0.2605042014617612,1605
NCR2,ENSG00000096264,-9.966,-9.966,0.0,193,0.003,0.0,0.2605042014617612,1606
OR6N1,ENSG00000197403,-9.966,-9.966,0.0,84,0.0,0.0,0.2605042014617612,1607
TM4SF5,ENSG00000142484,-9.966,-9.966,0.0,953,0.252,0.0,0.2605042014617612,1608
OR3A3,ENSG00000159961,-9.966,-9.966,0.0,872,0.002,0.0,0.2605042014617612,1609
CACNG5,ENSG00000075429,-9.966,-9.966,0.0,871,0.015,0.0,0.2605042014617612,1610
OR8B8,ENSG00000197125,-9.966,-9.966,0.0,12,0.0,0.0,0.2605042014617612,1611
OR11H4,ENSG00000176198,-9.966,-9.966,0.0,184,0.002,0.0,0.2605042014617612,1612
SCN10A,ENSG00000185313,-9.966,-9.966,0.0,176,0.0,0.0,0.2605042014617612,1613
TAS2R19,ENSG00000212124,-3.626,-2.178,-1.45,5611,0.021,-0.0,0.2605042014617612,1614
P2RY4,ENSG00000186912,-5.012,-3.816,-1.2,2590,0.006,-0.0,0.2605042014617612,1615
OR6C4,ENSG00000179626,-9.966,-9.966,0.0,28,0.0,0.0,0.2605042014617612,1616
OR1F1,ENSG00000168124,-9.966,-9.966,0.0,1174,0.011,0.0,0.2605042014617612,1617
OR10H2,ENSG00000171942,-9.966,-9.966,0.0,117,0.0,0.0,0.2605042014617612,1618
GRIK4,ENSG00000149403,-3.047,-3.047,0.0,3861,0.162,0.0,0.2605042014617612,1619
OR3A4P,ENSG00000180068,-9.966,-9.966,0.0,26,0.0,0.0,0.2605042014617612,1620
OR13F1,ENSG00000186881,-9.966,-9.966,0.0,22,0.0,0.0,0.2605042014617612,1621
GPR45,ENSG00000135973,-5.012,-4.608,-0.4,1766,0.03,-0.0,0.2605042014617612,1622
OR4P4,ENSG00000181927,-9.966,-9.966,0.0,9,0.0,0.0,0.2605042014617612,1623
CDH2,ENSG00000170558,1.064,1.064,0.0,6697,0.621,0.0,0.2605042014617612,1624
TEX101,ENSG00000131126,-9.966,-9.966,0.0,1549,0.035,0.0,0.2605042014617612,1625
LRRN2,ENSG00000170382,0.841,0.904,-0.06,7489,0.615,-0.0,0.2605042014617612,1626
OR1P1,ENSG00000262085,-9.966,-9.966,0.0,18,0.0,0.0,0.2605042014617612,1627
OR1I1,ENSG00000094661,-9.966,-9.966,0.0,1,0.0,0.0,0.2605042014617612,1628
OR6C2,ENSG00000179695,-9.966,-9.966,0.0,117,0.001,0.0,0.2605042014617612,1629
OPN4,ENSG00000122375,-5.574,-3.308,-2.27,3944,0.008,-0.0,0.2605042014617612,1630
OR51S1,ENSG00000176922,-9.966,-9.966,0.0,54,0.0,0.0,0.2605042014617612,1631
OR51T1,ENSG00000176900,-9.966,-9.966,0.0,19,0.0,0.0,0.2605042014617612,1632
OR11A1,ENSG00000204694,-9.966,-9.966,0.0,82,0.0,0.0,0.2605042014617612,1633
OR4K13,ENSG00000176253,-9.966,-9.966,0.0,6,0.0,0.0,0.2605042014617612,1634
SIGLEC16,ENSG00000161643,-2.727,-1.781,-0.95,6102,0.037,-0.0,0.2605042014617612,1635
SLC2A2,ENSG00000163581,-9.966,-9.966,0.0,677,0.128,0.0,0.2605042014617612,1636
TRHR,ENSG00000174417,-9.966,-9.966,0.0,267,0.003,0.0,0.2605042014617612,1637
OR8J1,ENSG00000172487,-9.966,-9.966,0.0,12,0.0,0.0,0.2605042014617612,1638
OR6K3,ENSG00000203757,-9.966,-9.966,0.0,211,0.0,0.0,0.2605042014617612,1639
OR2D3,ENSG00000178358,-9.966,-9.966,0.0,83,0.0,0.0,0.2605042014617612,1640
MC5R,ENSG00000176136,-9.966,-9.966,0.0,864,0.017,0.0,0.2605042014617612,1641
CACNG2,ENSG00000166862,-9.966,-9.966,0.0,1397,0.064,0.0,0.2605042014617612,1642
OR8G5,ENSG00000255298,-9.966,-9.966,0.0,526,0.013,0.0,0.2605042014617612,1643
GPR179,ENSG00000277399,-5.574,-4.608,-0.97,2215,0.02,-0.0,0.2605042014617612,1644
OR10A2,ENSG00000170790,-9.966,-9.966,0.0,67,0.0,0.0,0.2605042014617612,1645
OR13C4,ENSG00000148136,-9.966,-9.966,0.0,26,0.0,0.0,0.2605042014617612,1646
OR4C12,ENSG00000221954,-9.966,-9.966,0.0,10,0.0,0.0,0.2605042014617612,1647
OR5T2,ENSG00000181718,-9.966,-9.966,0.0,19,0.0,0.0,0.2605042014617612,1648
OR51B4,ENSG00000183251,-9.966,-9.966,0.0,626,0.007,0.0,0.2605042014617612,1649
OR2S2,ENSG00000278889,-9.966,-9.966,0.0,53,0.0,0.0,0.2605042014617612,1650
TACR3,ENSG00000169836,-9.966,-9.966,0.0,516,0.004,0.0,0.2605042014617612,1651
GDPD2,ENSG00000130055,-3.626,-3.626,0.0,3440,0.249,0.0,0.2605042014617612,1652
OR6C1,ENSG00000205330,-9.966,-9.966,0.0,14,0.0,0.0,0.2605042014617612,1653
TMPRSS15,ENSG00000154646,-9.966,-9.966,0.0,257,0.017,0.0,0.2605042014617612,1654
NPBWR2,ENSG00000125522,-9.966,-9.966,0.0,240,0.008,0.0,0.2605042014617612,1655
OR6F1,ENSG00000169214,-9.966,-9.966,0.0,218,0.0,0.0,0.2605042014617612,1656
GPR6,ENSG00000146360,-9.966,-9.966,0.0,1017,0.01,0.0,0.2605042014617612,1657
OR52H1,ENSG00000181616,-9.966,-9.966,0.0,218,0.0,0.0,0.2605042014617612,1658
OR6C76,ENSG00000185821,-9.966,-9.966,0.0,13,0.0,0.0,0.2605042014617612,1659
MMP16,ENSG00000156103,-1.732,-1.595,-0.14,5643,0.268,-0.0,0.2605042014617612,1660
OR6Y1,ENSG00000197532,-9.966,-9.966,0.0,8,0.0,0.0,0.2605042014617612,1661
KCNK18,ENSG00000186795,-9.966,-9.966,0.0,168,0.0,0.0,0.2605042014617612,1662
ERVFC1,ENSG00000233887,-9.966,-9.966,0.0,159,0.005,0.0,0.2605042014617612,1663
MFRP,ENSG00000235718,-9.966,-9.966,0.0,75,0.0,0.0,0.2605042014617612,1664
PCDHA5,ENSG00000204965,-4.035,-4.293,0.26,2216,0.058,0.0,0.2605042014617612,1665
OR5M1,ENSG00000255012,-9.966,-9.966,0.0,33,0.0,0.0,0.2605042014617612,1666
PCDHGA1,ENSG00000204956,-1.685,-1.781,0.1,6316,0.173,0.0,0.2605042014617612,1667
OR6C70,ENSG00000184954,-9.966,-9.966,0.0,27,0.005,0.0,0.2605042014617612,1668
SLC22A16,ENSG00000004809,-3.458,-3.626,0.17,3326,0.051,0.0,0.2605042014617612,1669
ZAN,ENSG00000146839,-9.966,-9.966,0.0,234,0.009,0.0,0.2605042014617612,1670
PCDHB11,ENSG00000197479,-0.941,-0.886,-0.05,6462,0.347,-0.0,0.2605042014617612,1671
OR1M1,ENSG00000170929,-9.966,-9.966,0.0,16,0.0,0.0,0.2605042014617612,1672
OR4C16,ENSG00000279514,-9.966,-9.966,0.0,9,0.0,0.0,0.2605042014617612,1673
OR2T34,ENSG00000183310,-9.966,-9.966,0.0,66,0.0,0.0,0.2605042014617612,1674
OR11H6,ENSG00000176219,-9.966,-9.966,0.0,86,0.0,0.0,0.2605042014617612,1675
OR1L3,ENSG00000171481,-9.966,-9.966,0.0,128,0.0,0.0,0.2605042014617612,1676
GLRA2,ENSG00000101958,-9.966,-9.966,0.0,1537,0.04,0.0,0.2605042014617612,1677
OR1L1,ENSG00000173679,-9.966,-9.966,0.0,41,0.0,0.0,0.2605042014617612,1678
GPR150,ENSG00000178015,-2.826,-2.178,-0.65,5421,0.047,-0.0,0.2605042014617612,1679
OR5B12,ENSG00000172362,-9.966,-9.966,0.0,207,0.002,0.0,0.2605042014617612,1680
OR52B2,ENSG00000255307,-9.966,-9.966,0.0,43,0.0,0.0,0.2605042014617612,1681
FFAR3,ENSG00000185897,-3.626,-3.047,-0.58,3857,0.031,-0.0,0.2605042014617612,1682
OR52B6,ENSG00000187747,-9.966,-9.966,0.0,402,0.001,0.0,0.2605042014617612,1683
OR2Z1,ENSG00000181733,-9.966,-9.966,0.0,52,0.0,0.0,0.2605042014617612,1684
RAMP2,ENSG00000131477,4.687,4.72,-0.03,7664,1.0,-0.0,0.2605042014617612,1685
OR5B21,ENSG00000198283,-9.966,-9.966,0.0,240,0.0,0.0,0.2605042014617612,1686
OR6B2,ENSG00000182083,-9.966,-9.966,0.0,516,0.0,0.0,0.2605042014617612,1687
CLRN1,ENSG00000163646,-9.966,-9.966,0.0,559,0.008,0.0,0.2605042014617612,1688
SLC39A14,ENSG00000104635,4.295,4.313,-0.02,7755,0.997,-0.0,0.2605042014617612,1689
OR10A3,ENSG00000170683,-9.966,-9.966,0.0,388,0.0,0.0,0.2605042014617612,1690
MRGPRG,ENSG00000182170,-9.966,-9.966,0.0,185,0.0,0.0,0.2605042014617612,1691
OR2T5,ENSG00000203661,-9.966,-9.966,0.0,146,0.003,0.0,0.2605042014617612,1692
TAS2R38,ENSG00000257138,-9.966,-9.966,0.0,117,0.011,0.0,0.2605042014617612,1693
TMX4,ENSG00000125827,3.791,3.754,0.04,7835,0.998,0.0,0.2605042014617612,1694
OR8H2,ENSG00000181767,-9.966,-9.966,0.0,35,0.0,0.0,0.2605042014617612,1695
HTR5A,ENSG00000157219,-9.966,-9.966,0.0,1422,0.022,0.0,0.2605042014617612,1696
DAGLA,ENSG00000134780,0.888,0.896,-0.01,7437,0.738,-0.0,0.2605042014617612,1697
SLC35F4,ENSG00000151812,-5.574,-4.608,-0.97,2648,0.021,-0.0,0.2605042014617612,1698
MRGPRX4,ENSG00000179817,-9.966,-9.966,0.0,67,0.002,0.0,0.2605042014617612,1699
HTR3E,ENSG00000186038,-9.966,-9.966,0.0,322,0.008,0.0,0.2605042014617612,1700
OR4X2,ENSG00000172208,-9.966,-9.966,0.0,5,0.0,0.0,0.2605042014617612,1701
OR8U1,ENSG00000172199,-9.966,-9.966,0.0,16,0.0,0.0,0.2605042014617612,1702
OR1L4,ENSG00000136939,-9.966,-9.966,0.0,86,0.0,0.0,0.2605042014617612,1703
CEACAM3,ENSG00000170956,-2.932,-2.932,0.0,4019,0.062,0.0,0.2605042014617612,1704
TAS2R39,ENSG00000236398,-9.966,-9.966,0.0,46,0.0,0.0,0.2605042014617612,1705
TAAR6,ENSG00000146383,-9.966,-9.966,0.0,43,0.0,0.0,0.2605042014617612,1706
OR5K3,ENSG00000206536,-9.966,-9.966,0.0,30,0.0,0.0,0.2605042014617612,1707
TMEM132E,ENSG00000181291,-2.932,-2.727,-0.21,4288,0.152,-0.0,0.2605042014617612,1708
SCAP,ENSG00000114650,5.033,5.075,-0.04,7835,1.0,-0.0,0.2605042014617612,1709
OR8H1,ENSG00000181693,-9.966,-9.966,0.0,16,0.0,0.0,0.2605042014617612,1710
SLC45A2,ENSG00000164175,-3.816,-4.035,0.22,2371,0.069,0.0,0.2605042014617612,1711
SERINC4,ENSG00000184716,-2.635,-1.355,-1.28,6905,0.025,-0.0,0.2605042014617612,1712
LRRC4,ENSG00000128594,-0.199,-0.284,0.09,7138,0.464,0.0,0.2605042014617612,1713
KIR2DL3,ENSG00000243772,-4.608,-5.574,0.97,1362,0.014,0.0,0.2605042014617612,1714
OR10T2,ENSG00000186306,-9.966,-9.966,0.0,14,0.002,0.0,0.2605042014617612,1715
DRD3,ENSG00000151577,-9.966,-9.966,0.0,384,0.001,0.0,0.2605042014617612,1716
OR6C65,ENSG00000205328,-9.966,-9.966,0.0,7,0.0,0.0,0.2605042014617612,1717
SLC22A12,ENSG00000197891,-9.966,-9.966,0.0,351,0.078,0.0,0.2605042014617612,1718
OR13C9,ENSG00000136839,-9.966,-9.966,0.0,72,0.0,0.0,0.2605042014617612,1719
BRS3,ENSG00000102239,-9.966,-9.966,0.0,539,0.009,0.0,0.2605042014617612,1720
LCT,ENSG00000115850,-6.506,-6.506,0.0,249,0.014,0.0,0.2605042014617612,1721
GFRA4,ENSG00000125861,-9.966,-9.966,0.0,737,0.005,0.0,0.2605042014617612,1722
OR4A5,ENSG00000221840,-9.966,-9.966,0.0,3,0.0,0.0,0.2605042014617612,1723
GABRR3,ENSG00000183185,-9.966,-9.966,0.0,164,0.003,0.0,0.2605042014617612,1724
PCDHB1,ENSG00000171815,-6.506,-9.966,3.46,326,0.002,0.0,0.2605042014617612,1725
PCDHA2,ENSG00000204969,-3.626,-3.458,-0.17,3246,0.079,-0.0,0.2605042014617612,1726
CHRM3,ENSG00000133019,-0.759,-0.808,0.05,5898,0.403,0.0,0.2605042014617612,1727
TAS2R1,ENSG00000169777,-9.966,-9.966,0.0,534,0.001,0.0,0.2605042014617612,1728
HTR7,ENSG00000148680,-2.466,-2.245,-0.22,5157,0.133,-0.0,0.2605042014617612,1729
OR2A2,ENSG00000221989,-9.966,-9.966,0.0,96,0.0,0.0,0.2605042014617612,1730
OR10J1,ENSG00000196184,-9.966,-9.966,0.0,196,0.0,0.0,0.2605042014617612,1731
SHISA8,ENSG00000234965,-4.035,-4.035,0.0,3303,0.052,0.0,0.2605042014617612,1732
CD300LD,ENSG00000204345,-9.966,-9.966,0.0,397,0.002,0.0,0.2605042014617612,1733
TECTB,ENSG00000119913,-9.966,-9.966,0.0,573,0.011,0.0,0.2605042014617612,1734
MTNR1A,ENSG00000168412,-9.966,-9.966,0.0,646,0.017,0.0,0.2605042014617612,1735
OR10Q1,ENSG00000180475,-9.966,-9.966,0.0,376,0.002,0.0,0.2605042014617612,1736
MFSD2B,ENSG00000205639,-2.245,-2.932,0.69,4032,0.04,0.0,0.2605042014617612,1737
GPR148,ENSG00000173302,-9.966,-9.966,0.0,528,0.001,0.0,0.2605042014617612,1738
OR10S1,ENSG00000196248,-9.966,-9.966,0.0,8,0.0,0.0,0.2605042014617612,1739
OR52K1,ENSG00000196778,-9.966,-9.966,0.0,69,0.0,0.0,0.2605042014617612,1740
USH2A,ENSG00000042781,-6.506,-5.574,-0.93,523,0.008,-0.0,0.2605042014617612,1741
OR52K2,ENSG00000181963,-9.966,-9.966,0.0,55,0.0,0.0,0.2605042014617612,1742
SLC22A9,ENSG00000149742,-9.966,-9.966,0.0,588,0.043,0.0,0.2605042014617612,1743
GPR78,ENSG00000155269,-4.035,-4.293,0.26,2663,0.071,0.0,0.2605042014617612,1744
ATP13A1,ENSG00000105726,5.14,5.126,0.01,7834,1.0,0.0,0.2605042014617612,1745
ADAM21,ENSG00000139985,-3.626,-3.047,-0.58,3835,0.016,-0.0,0.2605042014617612,1746
ADAM30,ENSG00000134249,-9.966,-9.966,0.0,171,0.0,0.0,0.2605042014617612,1747
SLC22A6,ENSG00000197901,-9.966,-9.966,0.0,1149,0.089,0.0,0.2605042014617612,1748
OR51A4,ENSG00000205497,-9.966,-9.966,0.0,22,0.0,0.0,0.2605042014617612,1749
DCC,ENSG00000187323,-4.608,-4.293,-0.31,2792,0.077,-0.0,0.2605042014617612,1750
OR1B1,ENSG00000280094,-9.966,-9.966,0.0,99,0.0,0.0,0.2605042014617612,1751
OR52E8,ENSG00000183269,-9.966,-9.966,0.0,13,0.0,0.0,0.2605042014617612,1752
OR2T12,ENSG00000177201,-9.966,-9.966,0.0,57,0.0,0.0,0.2605042014617612,1753
GFY,ENSG00000261949,-9.966,-9.966,0.0,566,0.026,0.0,0.2605042014617612,1754
OR4C5,ENSG00000176540,-9.966,-9.966,0.0,3,0.0,0.0,0.2605042014617612,1755
OR5K1,ENSG00000232382,-9.966,-9.966,0.0,87,0.0,0.0,0.2605042014617612,1756
OR9A1P,ENSG00000237621,-9.966,-9.966,0.0,426,0.0,0.0,0.2605042014617612,1757
SLC38A4,ENSG00000139209,-1.994,-2.114,0.12,4895,0.221,0.0,0.2605042014617612,1758
SLC36A3,ENSG00000186334,-9.966,-9.966,0.0,181,0.0,0.0,0.2605042014617612,1759
OR4A15,ENSG00000181958,-9.966,-9.966,0.0,10,0.0,0.0,0.2605042014617612,1760
OR1N1,ENSG00000171505,-9.966,-9.966,0.0,275,0.004,0.0,0.2605042014617612,1761
MRGPRX2,ENSG00000183695,-9.966,-6.506,-3.46,1710,0.001,-0.0,0.2605042014617612,1762
OR4X1,ENSG00000176567,-9.966,-9.966,0.0,0,0.0,0.0,0.2605042014617612,1763
OR4K2,ENSG00000165762,-9.966,-9.966,0.0,19,0.001,0.0,0.2605042014617612,1764
TAS2R46,ENSG00000226761,-9.966,-9.966,0.0,869,0.002,0.0,0.2605042014617612,1765
TAAR5,ENSG00000135569,-9.966,-9.966,0.0,8,0.0,0.0,0.2605042014617612,1766
ROBO1,ENSG00000169855,3.176,3.217,-0.04,7476,0.951,-0.0,0.2605042014617612,1767
OR6C75,ENSG00000187857,-9.966,-9.966,0.0,8,0.0,0.0,0.2605042014617612,1768
SCN11A,ENSG00000168356,-4.608,-3.047,-1.56,3772,0.007,-0.0,0.2605042014617612,1769
OR52A5,ENSG00000171944,-9.966,-9.966,0.0,98,0.0,0.0,0.2605042014617612,1770
MUC22,ENSG00000261272,-9.966,-9.966,0.0,297,0.009,0.0,0.2605042014617612,1771
OR2M2,ENSG00000198601,-9.966,-9.966,0.0,39,0.0,0.0,0.2605042014617612,1772
OR5AC1,ENSG00000213439,-9.966,-9.966,0.0,3,0.0,0.0,0.2605042014617612,1773
OR7D2,ENSG00000188000,-5.574,-4.608,-0.97,1557,0.013,-0.0,0.2605042014617612,1774
SLC5A8,ENSG00000256870,-6.506,-6.506,0.0,1383,0.157,0.0,0.2605042014617612,1775
GPR152,ENSG00000175514,-9.966,-9.966,0.0,337,0.0,0.0,0.2605042014617612,1776
OR5H2,ENSG00000197938,-9.966,-9.966,0.0,45,0.0,0.0,0.2605042014617612,1777
OR10H3,ENSG00000171936,-9.966,-9.966,0.0,19,0.0,0.0,0.2605042014617612,1778
GFRAL,ENSG00000187871,-9.966,-9.966,0.0,252,0.001,0.0,0.2605042014617612,1779
OR10A7,ENSG00000179919,-9.966,-9.966,0.0,61,0.0,0.0,0.2605042014617612,1780
OR6A2,ENSG00000184933,-9.966,-9.966,0.0,197,0.0,0.0,0.2605042014617612,1781
OR2T29,ENSG00000182783,-9.966,-9.966,0.0,71,0.001,0.0,0.2605042014617612,1782
OR5H6,ENSG00000230301,-9.966,-9.966,0.0,21,0.0,0.0,0.2605042014617612,1783
SLC10A5,ENSG00000253598,-1.884,-2.114,0.23,5759,0.072,0.0,0.2605042014617612,1784
OR10D3,ENSG00000197309,-9.966,-9.966,0.0,163,0.0,0.0,0.2605042014617612,1785
CHRNA3,ENSG00000080644,-2.635,-2.727,0.09,4331,0.131,0.0,0.2605042014617612,1786
OPN1LW,ENSG00000102076,-9.966,-9.966,0.0,195,0.002,0.0,0.2605042014617612,1787
ZP4,ENSG00000116996,-9.966,-9.966,0.0,31,0.007,0.0,0.2605042014617612,1788
OR14J1,ENSG00000204695,-9.966,-9.966,0.0,169,0.0,0.0,0.2605042014617612,1789
GPR151,ENSG00000173250,-9.966,-9.966,0.0,292,0.001,0.0,0.2605042014617612,1790
GP5,ENSG00000178732,-5.012,-5.012,0.0,964,0.004,0.0,0.2605042014617612,1791
KIRREL3,ENSG00000149571,-1.806,-1.214,-0.59,6364,0.185,-0.001,0.252100840124285,1792
SLC22A13,ENSG00000172940,-5.574,-4.608,-0.97,1084,0.022,-0.001,0.252100840124285,1793
AMHR2,ENSG00000135409,-4.293,-3.171,-1.12,3740,0.053,-0.001,0.252100840124285,1794
APLP1,ENSG00000105290,2.125,2.218,-0.09,7693,0.869,-0.001,0.252100840124285,1795
SLC10A1,ENSG00000100652,-6.506,-5.574,-0.93,714,0.04,-0.001,0.252100840124285,1796
GPC2,ENSG00000213420,-0.15,0.044,-0.19,7602,0.473,-0.001,0.252100840124285,1797
SLC2A14,ENSG00000173262,-3.626,-3.047,-0.58,4031,0.079,-0.001,0.252100840124285,1798
LRIT2,ENSG00000204033,-9.966,-6.506,-3.46,1934,0.017,-0.001,0.252100840124285,1799
LDLRAD4,ENSG00000168675,2.563,2.676,-0.11,7619,0.929,-0.001,0.252100840124285,1800
SLC14A2,ENSG00000132874,-4.293,-3.816,-0.48,2814,0.07,-0.001,0.252100840124285,1801
SUSD2,ENSG00000099994,2.011,2.164,-0.15,7504,0.849,-0.001,0.252100840124285,1802
PCDHB12,ENSG00000120328,-0.886,-0.512,-0.37,6827,0.266,-0.001,0.252100840124285,1803
PIEZO1,ENSG00000103335,5.823,5.91,-0.09,7835,1.0,-0.001,0.252100840124285,1804
SIGLEC11,ENSG00000161640,-2.727,-1.781,-0.95,5393,0.095,-0.001,0.252100840124285,1805
CSMD1,ENSG00000183117,-4.035,-3.816,-0.22,3132,0.16,-0.001,0.252100840124285,1806
MMP25,ENSG00000008516,-0.134,0.03,-0.16,7670,0.464,-0.001,0.252100840124285,1807
CLDN19,ENSG00000164007,-5.574,-5.012,-0.56,1836,0.089,-0.001,0.252100840124285,1808
IL18RAP,ENSG00000115607,-1.831,-0.913,-0.92,6840,0.133,-0.001,0.252100840124285,1809
SELE,ENSG00000007908,-0.759,-0.642,-0.12,5690,0.389,-0.001,0.252100840124285,1810
LINGO2,ENSG00000174482,-5.012,-4.293,-0.72,2715,0.073,-0.001,0.252100840124285,1811
ADAM22,ENSG00000008277,-0.233,-0.042,-0.19,7347,0.456,-0.001,0.252100840124285,1812
SLC5A11,ENSG00000158865,-3.626,-3.047,-0.58,3962,0.093,-0.001,0.252100840124285,1813
NUP210L,ENSG00000143552,-6.506,-5.012,-1.49,929,0.011,-0.001,0.252100840124285,1814
CUZD1,ENSG00000138161,-1.43,-0.664,-0.77,7353,0.108,-0.001,0.252100840124285,1815
MEGF9,ENSG00000106780,2.799,2.888,-0.09,7835,0.978,-0.001,0.252100840124285,1816
GPR61,ENSG00000156097,-2.178,-1.181,-1.0,6531,0.109,-0.001,0.252100840124285,1817
IZUMO1,ENSG00000182264,-3.458,-2.053,-1.41,5371,0.029,-0.001,0.252100840124285,1818
HAVCR1,ENSG00000113249,-4.293,-4.035,-0.26,2524,0.165,-0.001,0.252100840124285,1819
PCDHA3,ENSG00000255408,-2.635,-1.994,-0.64,5081,0.153,-0.001,0.252100840124285,1820
SIGLEC6,ENSG00000105492,-2.932,-2.548,-0.38,4187,0.11,-0.001,0.252100840124285,1821
TREH,ENSG00000118094,-3.816,-3.047,-0.77,3738,0.112,-0.001,0.252100840124285,1822
CRHR2,ENSG00000106113,-3.816,-2.178,-1.64,5396,0.033,-0.001,0.252100840124285,1823
SLC39A12,ENSG00000148482,-6.506,-5.574,-0.93,1765,0.063,-0.001,0.252100840124285,1824
SCN2A,ENSG00000136531,-3.626,-3.047,-0.58,3887,0.155,-0.001,0.252100840124285,1825
GABRA5,ENSG00000186297,-5.574,-5.012,-0.56,2715,0.094,-0.001,0.252100840124285,1826
SLC36A2,ENSG00000186335,-9.966,-5.574,-4.39,1450,0.012,-0.001,0.252100840124285,1827
SIRPB2,ENSG00000196209,0.03,0.264,-0.23,7189,0.509,-0.001,0.252100840124285,1828
PCDHGB3,ENSG00000262209,-2.178,-1.214,-0.96,6704,0.101,-0.001,0.252100840124285,1829
GABRB2,ENSG00000145864,-3.816,-3.308,-0.51,3402,0.128,-0.001,0.252100840124285,1830
PTGDR,ENSG00000168229,-2.727,-1.43,-1.3,5990,0.044,-0.001,0.252100840124285,1831
CA14,ENSG00000118298,-0.834,-0.642,-0.19,6746,0.315,-0.001,0.252100840124285,1832
SLC7A9,ENSG00000021488,-1.781,-1.248,-0.53,6333,0.206,-0.001,0.252100840124285,1833
TNFRSF8,ENSG00000120949,-1.283,-0.86,-0.42,6215,0.196,-0.001,0.252100840124285,1834
CD177,ENSG00000204936,-1.685,-1.43,-0.25,6136,0.29,-0.001,0.252100840124285,1835
SLITRK5,ENSG00000165300,-4.608,-3.816,-0.79,3233,0.086,-0.001,0.252100840124285,1836
VSIG8,ENSG00000243284,-4.293,-2.826,-1.47,4385,0.057,-0.001,0.252100840124285,1837
OSMR,ENSG00000145623,3.753,3.885,-0.13,7655,0.969,-0.001,0.252100840124285,1838
BEST4,ENSG00000142959,-1.831,-1.552,-0.28,6287,0.145,-0.001,0.252100840124285,1839
HTR1B,ENSG00000135312,-3.816,-2.548,-1.27,4513,0.045,-0.001,0.252100840124285,1840
TYRP1,ENSG00000107165,-2.826,-2.548,-0.28,4338,0.177,-0.001,0.252100840124285,1841
TAS2R30,ENSG00000256188,-9.966,-5.574,-4.39,540,0.005,-0.001,0.252100840124285,1842
NETO1,ENSG00000166342,-3.047,-2.727,-0.32,4339,0.175,-0.001,0.252100840124285,1843
SLC28A2,ENSG00000137860,-5.012,-4.608,-0.4,1657,0.061,-0.001,0.252100840124285,1844
ERMAP,ENSG00000164010,2.436,2.506,-0.07,7834,0.987,-0.001,0.252100840124285,1845
SLC10A4,ENSG00000145248,-3.308,-2.826,-0.48,4318,0.14,-0.001,0.252100840124285,1846
TAS2R4,ENSG00000127364,-2.466,-1.149,-1.32,6916,0.046,-0.001,0.252100840124285,1847
OPCML,ENSG00000183715,-4.293,-3.626,-0.67,3406,0.126,-0.001,0.252100840124285,1848
ISLR2,ENSG00000167178,-1.181,-1.026,-0.15,6270,0.266,-0.001,0.252100840124285,1849
NTRK1,ENSG00000198400,-2.315,-1.355,-0.96,6398,0.077,-0.001,0.252100840124285,1850
OR51E2,ENSG00000167332,-3.816,-3.458,-0.36,3317,0.101,-0.001,0.252100840124285,1851
UTS2R,ENSG00000181408,-5.574,-4.608,-0.97,2129,0.04,-0.001,0.252100840124285,1852
FZD9,ENSG00000188763,-2.053,-1.595,-0.46,6077,0.2,-0.001,0.252100840124285,1853
HTR4,ENSG00000164270,-6.506,-4.035,-2.47,2973,0.018,-0.001,0.252100840124285,1854
PROKR1,ENSG00000169618,-6.506,-5.574,-0.93,1095,0.025,-0.001,0.252100840124285,1855
CEACAM8,ENSG00000124469,-9.966,-6.506,-3.46,1378,0.008,-0.001,0.252100840124285,1856
GRM2,ENSG00000164082,-2.466,-1.552,-0.91,6327,0.074,-0.001,0.252100840124285,1857
SLC5A4,ENSG00000100191,-3.458,-2.466,-0.99,4636,0.037,-0.001,0.252100840124285,1858
CORIN,ENSG00000145244,-1.43,-1.117,-0.31,6331,0.27,-0.001,0.252100840124285,1859
PCDH8,ENSG00000136099,-5.012,-4.608,-0.4,2827,0.177,-0.001,0.252100840124285,1860
DRD1,ENSG00000184845,-4.293,-3.171,-1.12,3491,0.073,-0.001,0.252100840124285,1861
PTPRT,ENSG00000196090,-4.035,-3.816,-0.22,2988,0.218,-0.001,0.252100840124285,1862
TMEM231,ENSG00000205084,2.568,2.628,-0.06,7720,0.942,-0.001,0.252100840124285,1863
ABCB11,ENSG00000073734,-6.506,-5.574,-0.93,1507,0.031,-0.001,0.252100840124285,1864
ATP1B3,ENSG00000069849,6.509,6.588,-0.08,7835,1.0,-0.001,0.252100840124285,1865
SLC4A4,ENSG00000080493,0.139,0.38,-0.24,6931,0.513,-0.001,0.252100840124285,1866
CDHR1,ENSG00000148600,-1.181,-0.941,-0.24,6603,0.386,-0.001,0.252100840124285,1867
KCNJ4,ENSG00000168135,-5.012,-4.608,-0.4,2941,0.134,-0.001,0.252100840124285,1868
CEACAM4,ENSG00000105352,-2.114,-1.685,-0.43,5610,0.121,-0.001,0.252100840124285,1869
P2RY12,ENSG00000169313,-1.685,-1.214,-0.47,5850,0.244,-0.001,0.252100840124285,1870
SLC6A7,ENSG00000011083,-5.574,-4.608,-0.97,2376,0.041,-0.001,0.252100840124285,1871
SLC15A4,ENSG00000139370,3.912,4.025,-0.11,7835,1.0,-0.001,0.252100840124285,1872
CLEC4M,ENSG00000104938,-6.506,-4.035,-2.47,2670,0.02,-0.001,0.252100840124285,1873
SLC4A1,ENSG00000004939,-5.574,-3.816,-1.76,3063,0.023,-0.001,0.252100840124285,1874
VN1R1,ENSG00000178201,-1.117,-0.576,-0.54,7370,0.216,-0.001,0.252100840124285,1875
CACNG6,ENSG00000130433,-5.012,-4.608,-0.4,2167,0.127,-0.001,0.252100840124285,1876
TECTA,ENSG00000109927,-2.548,-1.595,-0.95,6707,0.058,-0.001,0.252100840124285,1877
IL15RA,ENSG00000134470,3.339,3.413,-0.07,7827,0.974,-0.001,0.252100840124285,1878
SORCS2,ENSG00000184985,0.6,0.715,-0.11,7371,0.596,-0.001,0.252100840124285,1879
IL20RB,ENSG00000174564,-0.512,-0.302,-0.21,7556,0.39,-0.001,0.252100840124285,1880
GJC3,ENSG00000176402,-2.114,-1.685,-0.43,5856,0.23,-0.001,0.252100840124285,1881
FLT3,ENSG00000122025,-2.548,-2.178,-0.37,4963,0.109,-0.001,0.252100840124285,1882
SCTR,ENSG00000080293,-3.047,-2.635,-0.41,4304,0.207,-0.001,0.252100840124285,1883
SLC26A5,ENSG00000170615,-4.608,-3.308,-1.3,3454,0.026,-0.001,0.252100840124285,1884
EGFR,ENSG00000146648,3.552,3.644,-0.09,7390,0.932,-0.001,0.252100840124285,1885
CD1D,ENSG00000158473,-0.072,0.112,-0.18,6861,0.476,-0.001,0.252100840124285,1886
MRGPRE,ENSG00000184350,-5.574,-4.608,-0.97,1885,0.045,-0.001,0.252100840124285,1887
CR1,ENSG00000203710,-2.388,-1.781,-0.61,5438,0.149,-0.001,0.252100840124285,1888
GPR20,ENSG00000204882,-3.308,-1.732,-1.58,5506,0.056,-0.001,0.252100840124285,1889
LINGO3,ENSG00000220008,-3.171,-1.884,-1.29,5757,0.062,-0.001,0.252100840124285,1890
SEMA4C,ENSG00000168758,4.195,4.304,-0.11,7830,0.999,-0.001,0.252100840124285,1891
AQP8,ENSG00000103375,-4.608,-2.826,-1.78,4320,0.051,-0.001,0.252100840124285,1892
SLC22A1,ENSG00000175003,-1.355,-0.913,-0.44,6981,0.185,-0.001,0.252100840124285,1893
LNPEP,ENSG00000113441,2.632,2.749,-0.12,7831,0.986,-0.001,0.252100840124285,1894
TAS2R20,ENSG00000255837,-2.114,-0.472,-1.64,7419,0.032,-0.001,0.252100840124285,1895
LAYN,ENSG00000204381,2.284,2.382,-0.1,7548,0.922,-0.001,0.252100840124285,1896
ATG9A,ENSG00000198925,4.831,4.949,-0.12,7835,1.0,-0.001,0.252100840124285,1897
CXCR1,ENSG00000163464,-3.308,-2.245,-1.06,5065,0.094,-0.001,0.252100840124285,1898
SLC5A6,ENSG00000138074,4.125,4.171,-0.05,7835,1.0,-0.001,0.252100840124285,1899
ABCC10,ENSG00000124574,3.531,3.579,-0.05,7835,1.0,-0.001,0.252100840124285,1900
GPR83,ENSG00000123901,-4.293,-3.458,-0.84,3157,0.065,-0.001,0.252100840124285,1901
EPHA6,ENSG00000080224,-3.171,-2.548,-0.62,4316,0.149,-0.001,0.252100840124285,1902
INSRR,ENSG00000027644,-5.574,-4.608,-0.97,2187,0.035,-0.001,0.252100840124285,1903
IL1RAPL1,ENSG00000169306,-5.574,-4.608,-0.97,2162,0.04,-0.001,0.252100840124285,1904
CCKBR,ENSG00000110148,-4.608,-3.816,-0.79,3386,0.109,-0.001,0.252100840124285,1905
CHRNA10,ENSG00000129749,-1.248,-0.394,-0.85,7683,0.099,-0.001,0.252100840124285,1906
GRIN3B,ENSG00000116032,-4.035,-3.047,-0.99,4011,0.044,-0.001,0.252100840124285,1907
BDKRB1,ENSG00000100739,-0.664,-0.472,-0.19,5760,0.395,-0.001,0.252100840124285,1908
MUSK,ENSG00000030304,-5.574,-2.932,-2.64,4124,0.015,-0.001,0.252100840124285,1909
GSG1,ENSG00000111305,-5.012,-3.626,-1.39,2898,0.029,-0.001,0.252100840124285,1910
ABCG4,ENSG00000172350,-3.047,-2.053,-0.99,5454,0.084,-0.001,0.252100840124285,1911
CDH12,ENSG00000154162,-6.506,-5.574,-0.93,2243,0.075,-0.001,0.252100840124285,1912
SSTR5,ENSG00000162009,-5.574,-5.012,-0.56,2009,0.09,-0.001,0.252100840124285,1913
TSPAN5,ENSG00000168785,2.734,2.856,-0.12,7806,0.918,-0.001,0.252100840124285,1914
KEL,ENSG00000197993,-2.053,-1.392,-0.66,6550,0.105,-0.001,0.252100840124285,1915
ABCG2,ENSG00000118777,0.3,0.434,-0.13,7021,0.566,-0.001,0.252100840124285,1916
BEST2,ENSG00000039987,-6.506,-5.012,-1.49,1672,0.031,-0.001,0.252100840124285,1917
SLC24A4,ENSG00000140090,-3.626,-1.831,-1.79,5749,0.063,-0.001,0.252100840124285,1918
ZP1,ENSG00000149506,-3.626,-2.466,-1.16,4987,0.056,-0.001,0.252100840124285,1919
MFAP3L,ENSG00000198948,0.942,1.071,-0.13,7614,0.69,-0.001,0.252100840124285,1920
TAS1R1,ENSG00000173662,-4.035,-3.308,-0.73,3394,0.042,-0.001,0.252100840124285,1921
GPR62,ENSG00000180929,-3.816,-2.932,-0.88,3958,0.057,-0.001,0.252100840124285,1922
GPR63,ENSG00000112218,-2.178,-1.283,-0.9,6495,0.095,-0.001,0.252100840124285,1923
SLC2A8,ENSG00000136856,3.907,4.005,-0.1,7832,1.0,-0.001,0.252100840124285,1924
GPR88,ENSG00000181656,-4.293,-3.047,-1.25,3968,0.075,-0.001,0.252100840124285,1925
CRB1,ENSG00000134376,-4.035,-3.047,-0.99,3836,0.091,-0.001,0.252100840124285,1926
PCDHGB2,ENSG00000253910,-0.404,-0.199,-0.2,7248,0.419,-0.001,0.252100840124285,1927
PILRA,ENSG00000085514,2.799,2.905,-0.11,7834,0.977,-0.001,0.252100840124285,1928
CACNG8,ENSG00000142408,-5.012,-4.608,-0.4,2137,0.072,-0.001,0.252100840124285,1929
GPR52,ENSG00000203737,-9.966,-4.608,-5.36,1941,0.005,-0.001,0.252100840124285,1930
CRHR1,ENSG00000120088,-3.626,-3.171,-0.45,3784,0.136,-0.001,0.252100840124285,1931
OSTM1,ENSG00000081087,3.687,3.779,-0.09,7834,1.0,-0.001,0.252100840124285,1932
TNFRSF1A,ENSG00000067182,6.569,6.676,-0.11,7835,1.0,-0.001,0.252100840124285,1933
GLRA4,ENSG00000188828,-9.966,-4.293,-5.67,2444,0.012,-0.001,0.252100840124285,1934
CHRND,ENSG00000135902,-6.506,-5.574,-0.93,1109,0.03,-0.001,0.252100840124285,1935
ATP4B,ENSG00000186009,-6.506,-5.012,-1.49,1613,0.016,-0.001,0.252100840124285,1936
GRIN2A,ENSG00000183454,-3.626,-2.932,-0.69,4025,0.122,-0.001,0.252100840124285,1937
DLL4,ENSG00000128917,2.125,2.245,-0.12,7261,0.951,-0.001,0.252100840124285,1938
CD79B,ENSG00000007312,1.357,1.516,-0.16,7668,0.788,-0.001,0.252100840124285,1939
STAB2,ENSG00000136011,-3.308,-1.639,-1.67,5400,0.023,-0.001,0.252100840124285,1940
PCDHB3,ENSG00000113205,-1.117,-0.834,-0.28,6807,0.284,-0.001,0.252100840124285,1941
FNDC9,ENSG00000172568,-5.574,-4.293,-1.28,2421,0.046,-0.001,0.252100840124285,1942
CTNS,ENSG00000040531,2.996,3.06,-0.06,7834,0.999,-0.001,0.252100840124285,1943
ADAM19,ENSG00000135074,1.532,1.59,-0.06,7804,0.809,-0.001,0.252100840124285,1944
KREMEN1,ENSG00000183762,2.778,2.86,-0.08,7828,0.964,-0.001,0.252100840124285,1945
ACVR1C,ENSG00000123612,-2.388,-1.938,-0.45,5385,0.152,-0.001,0.252100840124285,1946
GRM7,ENSG00000196277,-4.608,-3.816,-0.79,3039,0.056,-0.001,0.252100840124285,1947
KLRF1,ENSG00000150045,-1.552,-1.214,-0.34,6483,0.209,-0.001,0.252100840124285,1948
CLCNKB,ENSG00000184908,-2.388,-1.884,-0.5,5178,0.181,-0.001,0.252100840124285,1949
SLC10A6,ENSG00000145283,-2.388,-1.884,-0.5,5190,0.157,-0.001,0.252100840124285,1950
PCDHGA10,ENSG00000253846,-0.25,-0.057,-0.19,7355,0.451,-0.001,0.252100840124285,1951
ITGAE,ENSG00000083457,4.505,4.623,-0.12,7835,1.0,-0.001,0.252100840124285,1952
SLC26A4,ENSG00000091137,-2.548,-1.831,-0.72,5843,0.148,-0.001,0.252100840124285,1953
RHAG,ENSG00000112077,-9.966,-4.035,-5.93,2911,0.005,-0.001,0.252100840124285,1954
SLC5A10,ENSG00000154025,-3.626,-3.047,-0.58,3942,0.109,-0.001,0.252100840124285,1955
NPC1,ENSG00000141458,4.525,4.651,-0.13,7835,1.0,-0.001,0.252100840124285,1956
PTGER1,ENSG00000160951,-2.727,-2.114,-0.61,5174,0.13,-0.001,0.252100840124285,1957
SCN5A,ENSG00000183873,-3.171,-2.315,-0.86,5215,0.07,-0.001,0.252100840124285,1958
FCAR,ENSG00000186431,-3.047,-2.053,-0.99,5179,0.075,-0.001,0.252100840124285,1959
CDON,ENSG00000064309,1.098,1.215,-0.12,7436,0.747,-0.001,0.252100840124285,1960
SHISA9,ENSG00000237515,-2.932,-2.635,-0.3,4288,0.281,-0.001,0.252100840124285,1961
NOTCH2,ENSG00000134250,3.914,4.017,-0.1,7834,0.984,-0.001,0.252100840124285,1962
S1PR3,ENSG00000213694,2.311,2.398,-0.09,7693,0.909,-0.001,0.252100840124285,1963
GINM1,ENSG00000055211,4.864,4.957,-0.09,7835,1.0,-0.001,0.252100840124285,1964
ERVW-1,ENSG00000242950,-4.608,-2.727,-1.88,4720,0.022,-0.001,0.252100840124285,1965
FFAR1,ENSG00000126266,-9.966,-5.574,-4.39,1900,0.014,-0.001,0.252100840124285,1966
ABCA1,ENSG00000165029,2.299,2.401,-0.1,7701,0.951,-0.001,0.252100840124285,1967
MCOLN1,ENSG00000090674,4.096,4.285,-0.19,7835,1.0,-0.002,0.24369747878680884,1968
CDHR4,ENSG00000187492,-4.293,-2.826,-1.47,4253,0.072,-0.002,0.24369747878680884,1969
P2RX2,ENSG00000187848,-5.012,-3.816,-1.2,3268,0.092,-0.002,0.24369747878680884,1970
SLC8A1,ENSG00000183023,0.228,0.586,-0.36,7378,0.542,-0.002,0.24369747878680884,1971
PCDH19,ENSG00000165194,-1.994,-1.318,-0.68,6024,0.275,-0.002,0.24369747878680884,1972
MEGF8,ENSG00000105429,3.057,3.259,-0.2,7815,0.993,-0.002,0.24369747878680884,1973
PCDHGA5,ENSG00000253485,-1.552,-0.533,-1.02,7045,0.165,-0.002,0.24369747878680884,1974
ICAM5,ENSG00000105376,-1.392,-0.941,-0.45,6595,0.331,-0.002,0.24369747878680884,1975
VSIG10L,ENSG00000186806,0.758,1.05,-0.29,7686,0.724,-0.002,0.24369747878680884,1976
PTPRN2,ENSG00000155093,1.071,1.379,-0.31,7729,0.645,-0.002,0.24369747878680884,1977
TSPAN2,ENSG00000134198,0.896,1.164,-0.27,7419,0.655,-0.002,0.24369747878680884,1978
PCDHGC4,ENSG00000242419,-3.308,-1.938,-1.37,5982,0.103,-0.002,0.24369747878680884,1979
GRM3,ENSG00000198822,-5.574,-4.035,-1.54,2444,0.074,-0.002,0.24369747878680884,1980
NTNG2,ENSG00000196358,-1.117,-0.533,-0.58,7392,0.273,-0.002,0.24369747878680884,1981
MEGF11,ENSG00000157890,-2.388,-1.831,-0.56,5699,0.215,-0.002,0.24369747878680884,1982
PTGDR2,ENSG00000183134,-2.932,-1.51,-1.42,6002,0.087,-0.002,0.24369747878680884,1983
ABCA2,ENSG00000107331,4.526,4.67,-0.14,7835,0.999,-0.002,0.24369747878680884,1984
SLC6A17,ENSG00000197106,-3.171,-2.548,-0.62,4469,0.167,-0.002,0.24369747878680884,1985
RTN4RL1,ENSG00000185924,-0.166,0.178,-0.34,7048,0.478,-0.002,0.24369747878680884,1986
PCDHB6,ENSG00000113211,-1.47,-0.86,-0.61,6459,0.262,-0.002,0.24369747878680884,1987
SLC46A3,ENSG00000139508,2.665,2.83,-0.17,7833,0.95,-0.002,0.24369747878680884,1988
CASD1,ENSG00000127995,3.139,3.31,-0.17,7809,0.993,-0.002,0.24369747878680884,1989
TMEM132D,ENSG00000151952,-6.506,-5.574,-0.93,1895,0.072,-0.002,0.24369747878680884,1990
JAG1,ENSG00000101384,4.134,4.323,-0.19,7753,0.992,-0.002,0.24369747878680884,1991
SLC2A12,ENSG00000146411,-0.284,0.126,-0.41,6775,0.455,-0.002,0.24369747878680884,1992
GHRHR,ENSG00000106128,-5.012,-4.035,-0.98,3288,0.103,-0.002,0.24369747878680884,1993
AVPR1A,ENSG00000166148,-1.056,-0.492,-0.56,6261,0.289,-0.002,0.24369747878680884,1994
ASGR1,ENSG00000141505,0.391,0.732,-0.34,7558,0.607,-0.002,0.24369747878680884,1995
CNTN6,ENSG00000134115,-4.608,-3.816,-0.79,3116,0.124,-0.002,0.24369747878680884,1996
ANTXRL,ENSG00000274209,-9.966,-5.012,-4.95,2554,0.02,-0.002,0.24369747878680884,1997
LHCGR,ENSG00000138039,-9.966,-4.035,-5.93,3038,0.016,-0.002,0.24369747878680884,1998
TYRO3,ENSG00000092445,2.814,3.03,-0.22,7638,0.959,-0.002,0.24369747878680884,1999
LRRTM2,ENSG00000146006,-3.626,-2.548,-1.08,4923,0.109,-0.002,0.24369747878680884,2000
PCDHGA11,ENSG00000253873,-1.732,-0.472,-1.26,7224,0.147,-0.002,0.24369747878680884,2001
GPR75,ENSG00000119737,-1.026,-0.302,-0.72,7434,0.245,-0.002,0.24369747878680884,2002
PCDH11Y,ENSG00000099715,-9.966,-6.506,-3.46,1877,0.023,-0.002,0.24369747878680884,2003
DRD4,ENSG00000069696,-1.355,-0.394,-0.96,7210,0.181,-0.002,0.24369747878680884,2004
DRD2,ENSG00000149295,-3.047,-1.938,-1.11,5168,0.156,-0.002,0.24369747878680884,2005
DSC1,ENSG00000134765,-6.506,-5.012,-1.49,1503,0.052,-0.002,0.24369747878680884,2006
ATP6V0A2,ENSG00000185344,2.696,2.83,-0.13,7834,0.996,-0.002,0.24369747878680884,2007
PRNP,ENSG00000171867,5.802,5.979,-0.18,7835,0.999,-0.002,0.24369747878680884,2008
CSF3R,ENSG00000119535,2.278,2.439,-0.16,7764,0.905,-0.002,0.24369747878680884,2009
FAT3,ENSG00000165323,-3.171,-1.884,-1.29,4993,0.137,-0.002,0.24369747878680884,2010
CHPT1,ENSG00000111666,5.0,5.203,-0.2,7861,0.998,-0.002,0.24369747878680884,2011
SLC39A5,ENSG00000139540,-2.245,-1.51,-0.73,6426,0.256,-0.002,0.24369747878680884,2012
SLC6A2,ENSG00000103546,-5.012,-4.035,-0.98,2816,0.12,-0.002,0.24369747878680884,2013
SLC8B1,ENSG00000089060,4.01,4.184,-0.17,7835,1.0,-0.002,0.24369747878680884,2014
SLC6A4,ENSG00000108576,-3.816,-2.826,-0.99,4086,0.111,-0.002,0.24369747878680884,2015
TMEM255A,ENSG00000125355,-0.394,0.001,-0.4,6776,0.426,-0.002,0.24369747878680884,2016
SSTR2,ENSG00000180616,-1.732,-1.026,-0.71,6435,0.23,-0.002,0.24369747878680884,2017
ANO3,ENSG00000134343,-4.035,-2.635,-1.4,4247,0.078,-0.002,0.24369747878680884,2018
PTGER2,ENSG00000125384,0.152,0.476,-0.32,6625,0.529,-0.002,0.24369747878680884,2019
TSPAN11,ENSG00000110900,0.126,0.527,-0.4,7090,0.523,-0.002,0.24369747878680884,2020
SLC18A2,ENSG00000165646,-2.548,-1.639,-0.91,5090,0.159,-0.002,0.24369747878680884,2021
SLC16A8,ENSG00000100156,-0.86,-0.267,-0.59,7156,0.309,-0.002,0.24369747878680884,2022
OPRK1,ENSG00000082556,-6.506,-5.574,-0.93,1692,0.086,-0.002,0.24369747878680884,2023
LY6D,ENSG00000167656,-1.595,-1.181,-0.41,6732,0.385,-0.002,0.24369747878680884,2024
KCNMB3,ENSG00000171121,0.586,0.849,-0.26,7700,0.696,-0.002,0.24369747878680884,2025
GPR22,ENSG00000172209,-6.506,-5.012,-1.49,2284,0.048,-0.002,0.24369747878680884,2026
SLC8A2,ENSG00000118160,-2.727,-1.831,-0.9,5541,0.18,-0.002,0.24369747878680884,2027
DCT,ENSG00000080166,-4.608,-1.938,-2.67,5606,0.059,-0.002,0.24369747878680884,2028
TENM3,ENSG00000218336,-0.15,0.264,-0.41,7044,0.48,-0.002,0.24369747878680884,2029
GPC5,ENSG00000179399,-3.816,-2.548,-1.27,4193,0.127,-0.002,0.24369747878680884,2030
SLC9A3,ENSG00000066230,-2.826,-2.114,-0.71,5394,0.195,-0.002,0.24369747878680884,2031
SLC13A4,ENSG00000164707,-1.831,-0.432,-1.4,7522,0.127,-0.002,0.24369747878680884,2032
CLEC4G,ENSG00000182566,-3.458,-1.026,-2.43,6199,0.081,-0.002,0.24369747878680884,2033
PCDHB7,ENSG00000113212,-0.834,-0.302,-0.53,6856,0.316,-0.002,0.24369747878680884,2034
HTR2A,ENSG00000102468,-3.816,-2.466,-1.35,4597,0.092,-0.002,0.24369747878680884,2035
C5AR2,ENSG00000134830,-0.997,-0.452,-0.54,6732,0.3,-0.002,0.24369747878680884,2036
CACNA1G,ENSG00000006283,-3.458,-2.114,-1.34,5060,0.119,-0.002,0.24369747878680884,2037
NIPAL4,ENSG00000172548,-2.388,-1.884,-0.5,5427,0.252,-0.002,0.24369747878680884,2038
ATRNL1,ENSG00000107518,-1.47,-1.026,-0.44,6100,0.312,-0.002,0.24369747878680884,2039
CACNA1I,ENSG00000100346,-4.035,-2.826,-1.21,4347,0.105,-0.002,0.24369747878680884,2040
LRRC38,ENSG00000162494,-5.574,-3.816,-1.76,3251,0.049,-0.002,0.24369747878680884,2041
SLC1A6,ENSG00000105143,-5.574,-5.012,-0.56,2432,0.143,-0.002,0.24369747878680884,2042
LRP10,ENSG00000197324,5.892,6.073,-0.18,7835,1.0,-0.002,0.24369747878680884,2043
LRRTM4,ENSG00000176204,-5.012,-4.035,-0.98,2973,0.114,-0.002,0.24369747878680884,2044
CACNG1,ENSG00000108878,-5.012,-4.293,-0.72,2381,0.129,-0.002,0.24369747878680884,2045
OR2W3,ENSG00000238243,-3.816,-2.727,-1.09,4138,0.111,-0.002,0.24369747878680884,2046
LRRC37A3,ENSG00000176809,1.971,2.131,-0.16,7820,0.932,-0.002,0.24369747878680884,2047
MRC1,ENSG00000260314,1.008,1.233,-0.23,7142,0.692,-0.002,0.24369747878680884,2048
FAS,ENSG00000026103,3.128,3.329,-0.2,7833,0.974,-0.002,0.24369747878680884,2049
HRH3,ENSG00000101180,-6.506,-5.012,-1.49,1852,0.065,-0.002,0.24369747878680884,2050
KLRG1,ENSG00000139187,0.391,0.624,-0.23,7703,0.608,-0.002,0.24369747878680884,2051
CEACAM7,ENSG00000007306,-5.012,-4.608,-0.4,2126,0.215,-0.002,0.24369747878680884,2052
PCDHGA4,ENSG00000262576,-1.214,-0.472,-0.74,6978,0.247,-0.002,0.24369747878680884,2053
CHRNA2,ENSG00000120903,-6.506,-5.012,-1.49,2125,0.074,-0.002,0.24369747878680884,2054
LILRA6,ENSG00000244482,0.058,0.346,-0.29,7318,0.514,-0.002,0.24369747878680884,2055
SLC7A10,ENSG00000130876,-4.035,-2.727,-1.31,4218,0.123,-0.002,0.24369747878680884,2056
ADRA1D,ENSG00000171873,-3.308,-1.355,-1.95,5893,0.082,-0.002,0.24369747878680884,2057
PCDHGA7,ENSG00000253537,-1.552,-0.711,-0.84,7075,0.209,-0.002,0.24369747878680884,2058
SLC51B,ENSG00000186198,-2.245,-1.781,-0.46,5310,0.244,-0.002,0.24369747878680884,2059
SLC7A3,ENSG00000165349,-5.574,-5.012,-0.56,2045,0.128,-0.002,0.24369747878680884,2060
ENPP4,ENSG00000001561,2.542,2.712,-0.17,7710,0.879,-0.002,0.24369747878680884,2061
LY6K,ENSG00000160886,-0.216,0.152,-0.37,6985,0.478,-0.002,0.24369747878680884,2062
CHRNE,ENSG00000108556,-1.056,-0.233,-0.82,7548,0.209,-0.002,0.24369747878680884,2063
MEGF10,ENSG00000145794,-2.727,-1.994,-0.73,5179,0.189,-0.002,0.24369747878680884,2064
ADAM32,ENSG00000197140,-1.248,-0.576,-0.67,6936,0.255,-0.002,0.24369747878680884,2065
LY6G6C,ENSG00000204421,-2.28,-1.639,-0.64,6178,0.303,-0.002,0.24369747878680884,2066
ATP13A5,ENSG00000187527,-4.293,-3.458,-0.84,3499,0.13,-0.002,0.24369747878680884,2067
NPC1L1,ENSG00000015520,-3.816,-2.635,-1.18,4516,0.134,-0.002,0.24369747878680884,2068
IL3RA,ENSG00000185291,2.039,2.192,-0.15,7648,0.956,-0.002,0.24369747878680884,2069
MALRD1,ENSG00000204740,-3.171,-1.639,-1.53,5483,0.117,-0.002,0.24369747878680884,2070
CD93,ENSG00000125810,3.07,3.231,-0.16,7443,0.973,-0.002,0.24369747878680884,2071
PCDHGC5,ENSG00000240764,-2.727,-1.181,-1.55,6718,0.127,-0.002,0.24369747878680884,2072
TMEM150A,ENSG00000168890,3.986,4.185,-0.2,7833,1.0,-0.002,0.24369747878680884,2073
P2RY1,ENSG00000169860,-0.32,0.139,-0.46,7386,0.448,-0.002,0.24369747878680884,2074
SEZ6,ENSG00000063015,-4.035,-3.047,-0.99,3936,0.14,-0.002,0.24369747878680884,2075
NMUR1,ENSG00000171596,-2.548,-1.214,-1.33,5851,0.091,-0.002,0.24369747878680884,2076
AJAP1,ENSG00000196581,-2.466,-1.732,-0.73,5404,0.209,-0.002,0.24369747878680884,2077
GLP2R,ENSG00000065325,-5.012,-2.548,-2.46,4402,0.053,-0.002,0.24369747878680884,2078
P2RY11,ENSG00000244165,2.766,2.986,-0.22,7834,0.993,-0.002,0.24369747878680884,2079
GPR26,ENSG00000154478,-9.966,-5.574,-4.39,1753,0.018,-0.002,0.24369747878680884,2080
NKAIN2,ENSG00000188580,-3.626,-2.727,-0.9,4259,0.177,-0.002,0.24369747878680884,2081
SLC12A1,ENSG00000074803,-6.506,-4.608,-1.9,2553,0.049,-0.002,0.24369747878680884,2082
ATP1A4,ENSG00000132681,-3.816,-2.727,-1.09,4489,0.116,-0.002,0.24369747878680884,2083
CHODL,ENSG00000154645,-1.639,-1.149,-0.49,5893,0.279,-0.002,0.24369747878680884,2084
SLC6A3,ENSG00000142319,-4.608,-3.816,-0.79,3059,0.106,-0.002,0.24369747878680884,2085
TBXA2R,ENSG00000006638,0.126,0.507,-0.38,7669,0.546,-0.002,0.24369747878680884,2086
EPHA3,ENSG00000044524,-0.432,-0.042,-0.39,7032,0.428,-0.002,0.24369747878680884,2087
PRPH2,ENSG00000112619,-2.178,-0.554,-1.62,7114,0.126,-0.002,0.24369747878680884,2088
GCGR,ENSG00000215644,-4.608,-3.308,-1.3,3640,0.105,-0.002,0.24369747878680884,2089
TACR2,ENSG00000075073,-1.056,-0.375,-0.68,7073,0.247,-0.002,0.24369747878680884,2090
ENPP6,ENSG00000164303,-3.171,-2.245,-0.93,4673,0.134,-0.002,0.24369747878680884,2091
PCDH11X,ENSG00000102290,-6.506,-5.012,-1.49,2021,0.061,-0.002,0.24369747878680884,2092
SLC1A2,ENSG00000110436,-2.727,-1.938,-0.79,5669,0.195,-0.002,0.24369747878680884,2093
THSD7A,ENSG00000005108,-0.735,-0.357,-0.38,6786,0.361,-0.002,0.24369747878680884,2094
NCR3LG1,ENSG00000188211,-1.47,-0.783,-0.69,7099,0.26,-0.002,0.24369747878680884,2095
UPK3B,ENSG00000243566,-0.619,-0.25,-0.37,7073,0.408,-0.002,0.24369747878680884,2096
ASIC4,ENSG00000072182,-4.293,-2.932,-1.36,4325,0.096,-0.002,0.24369747878680884,2097
ITLN1,ENSG00000179914,-3.171,-1.938,-1.23,5182,0.157,-0.003,0.2352941174493327,2098
SLITRK4,ENSG00000179542,-1.831,-1.117,-0.71,6187,0.278,-0.003,0.2352941174493327,2099
TPSG1,ENSG00000116176,-3.626,-1.831,-1.79,5117,0.12,-0.003,0.2352941174493327,2100
TAS2R14,ENSG00000212127,-0.472,0.391,-0.86,7620,0.313,-0.003,0.2352941174493327,2101
TACR1,ENSG00000115353,-2.388,-0.783,-1.6,5504,0.152,-0.003,0.2352941174493327,2102
PCDHGA6,ENSG00000253731,-0.783,0.165,-0.95,7371,0.299,-0.003,0.2352941174493327,2103
LRP3,ENSG00000130881,3.866,4.178,-0.31,7699,0.973,-0.003,0.2352941174493327,2104
ROR1,ENSG00000185483,-0.119,0.434,-0.55,7114,0.479,-0.003,0.2352941174493327,2105
HRH2,ENSG00000113749,-0.941,-0.267,-0.67,6641,0.312,-0.003,0.2352941174493327,2106
SLC26A1,ENSG00000145217,0.557,0.934,-0.38,7700,0.65,-0.003,0.2352941174493327,2107
GRIN2C,ENSG00000161509,-2.635,-1.026,-1.61,6991,0.163,-0.003,0.2352941174493327,2108
PGAP1,ENSG00000197121,1.098,1.444,-0.35,7612,0.78,-0.003,0.2352941174493327,2109
IL1R2,ENSG00000115590,0.986,1.385,-0.4,7430,0.663,-0.003,0.2352941174493327,2110
ABCC2,ENSG00000023839,-2.466,-1.149,-1.32,6703,0.196,-0.003,0.2352941174493327,2111
PTCHD1,ENSG00000165186,-4.608,-2.466,-2.14,4497,0.094,-0.003,0.2352941174493327,2112
TMEM108,ENSG00000144868,0.044,0.614,-0.57,7097,0.509,-0.003,0.2352941174493327,2113
GRID2,ENSG00000152208,-6.506,-5.012,-1.49,2255,0.088,-0.003,0.2352941174493327,2114
PLXNA3,ENSG00000130827,4.079,4.348,-0.27,7853,0.987,-0.003,0.2352941174493327,2115
PAM,ENSG00000145730,6.236,6.545,-0.31,7835,1.0,-0.003,0.2352941174493327,2116
ART4,ENSG00000111339,-3.383,-1.732,-1.65,5004,0.136,-0.003,0.2352941174493327,2117
CHRM1,ENSG00000168539,-4.248,-3.458,-0.79,3391,0.195,-0.003,0.2352941174493327,2118
LRRC4C,ENSG00000148948,-1.831,-1.086,-0.75,6018,0.273,-0.003,0.2352941174493327,2119
GPBAR1,ENSG00000179921,-0.913,-0.028,-0.89,6658,0.268,-0.003,0.2352941174493327,2120
ADORA2A,ENSG00000128271,1.362,1.701,-0.34,7820,0.873,-0.003,0.2352941174493327,2121
ADAM11,ENSG00000073670,-2.114,-0.432,-1.68,7097,0.148,-0.003,0.2352941174493327,2122
PIK3IP1,ENSG00000100100,4.362,4.606,-0.24,7834,0.998,-0.003,0.2352941174493327,2123
PECAM1,ENSG00000261371,4.296,4.555,-0.26,7788,0.998,-0.003,0.2352941174493327,2124
SLC4A5,ENSG00000188687,-0.597,0.276,-0.87,7726,0.324,-0.003,0.2352941174493327,2125
RPRML,ENSG00000179673,-5.574,-3.308,-2.27,3840,0.075,-0.003,0.2352941174493327,2126
CD163,ENSG00000177575,3.917,4.188,-0.27,7783,0.982,-0.003,0.2352941174493327,2127
CHRM2,ENSG00000181072,-9.966,-4.608,-5.36,2843,0.034,-0.003,0.2352941174493327,2128
SLC6A13,ENSG00000010379,-2.388,-1.639,-0.75,5595,0.276,-0.003,0.2352941174493327,2129
KCNJ12,ENSG00000184185,-1.552,-0.413,-1.14,6784,0.245,-0.003,0.2352941174493327,2130
PTPRQ,ENSG00000139304,-5.574,-2.114,-3.46,4701,0.051,-0.003,0.2352941174493327,2131
NIPAL2,ENSG00000104361,3.025,3.292,-0.27,7752,0.96,-0.003,0.2352941174493327,2132
IGDCC4,ENSG00000103742,-0.233,0.264,-0.5,7188,0.457,-0.003,0.2352941174493327,2133
CNTN2,ENSG00000184144,-4.293,-2.315,-1.98,4776,0.094,-0.003,0.2352941174493327,2134
SLCO1C1,ENSG00000139155,-2.315,-1.181,-1.13,5814,0.205,-0.003,0.2352941174493327,2135
NALCN,ENSG00000102452,-1.994,-0.913,-1.08,5901,0.236,-0.003,0.2352941174493327,2136
ACKR4,ENSG00000129048,-0.512,0.099,-0.61,6968,0.412,-0.003,0.2352941174493327,2137
LTK,ENSG00000062524,-1.639,-0.711,-0.93,7017,0.237,-0.003,0.2352941174493327,2138
TM4SF20,ENSG00000168955,-6.506,-5.574,-0.93,926,0.085,-0.003,0.2352941174493327,2139
NRG4,ENSG00000169752,-1.181,-0.302,-0.88,7181,0.313,-0.003,0.2352941174493327,2140
SORT1,ENSG00000134243,4.314,4.563,-0.25,7835,0.997,-0.003,0.2352941174493327,2141
TSPAN18,ENSG00000157570,2.483,2.736,-0.25,7770,0.914,-0.003,0.2352941174493327,2142
SLC2A11,ENSG00000133460,3.128,3.352,-0.22,7832,0.991,-0.003,0.2352941174493327,2143
CD248,ENSG00000174807,3.519,3.823,-0.3,7674,0.97,-0.003,0.2352941174493327,2144
FLRT1,ENSG00000126500,-2.635,-1.056,-1.58,6477,0.151,-0.003,0.2352941174493327,2145
SV2A,ENSG00000159164,0.497,0.949,-0.45,7525,0.601,-0.003,0.2352941174493327,2146
TMPRSS5,ENSG00000166682,-2.315,-0.394,-1.92,7435,0.132,-0.003,0.2352941174493327,2147
CLEC2D,ENSG00000069493,1.938,2.211,-0.27,7834,0.921,-0.003,0.2352941174493327,2148
SLC4A7,ENSG00000033867,2.004,2.337,-0.33,7786,0.912,-0.003,0.2352941174493327,2149
SLC8A3,ENSG00000100678,-4.293,-2.178,-2.12,5142,0.105,-0.003,0.2352941174493327,2150
OXGR1,ENSG00000165621,-3.171,-2.114,-1.06,4847,0.186,-0.003,0.2352941174493327,2151
C19orf18,ENSG00000177025,-0.886,-0.072,-0.81,7407,0.283,-0.003,0.2352941174493327,2152
EREG,ENSG00000124882,-3.626,-2.727,-0.9,4182,0.211,-0.003,0.2352941174493327,2153
HBEGF,ENSG00000113070,2.943,3.219,-0.28,7801,0.979,-0.003,0.2352941174493327,2154
FLT1,ENSG00000102755,2.786,3.034,-0.25,7728,0.966,-0.003,0.2352941174493327,2155
AQP4,ENSG00000171885,-2.879,-2.114,-0.77,4746,0.241,-0.003,0.2352941174493327,2156
IGSF1,ENSG00000147255,-1.47,-0.687,-0.78,6335,0.302,-0.003,0.2352941174493327,2157
PCDH15,ENSG00000150275,-6.506,-4.608,-1.9,2845,0.087,-0.003,0.2352941174493327,2158
SLC22A7,ENSG00000137204,-6.506,-4.608,-1.9,2372,0.079,-0.003,0.2352941174493327,2159
CDH20,ENSG00000101542,-4.608,-2.114,-2.49,5136,0.088,-0.003,0.2352941174493327,2160
TMEM132B,ENSG00000139364,-2.826,-0.969,-1.86,5952,0.143,-0.003,0.2352941174493327,2161
SCN9A,ENSG00000169432,-2.466,-1.283,-1.18,6249,0.2,-0.003,0.2352941174493327,2162
SLC2A13,ENSG00000151229,0.964,1.258,-0.29,7654,0.76,-0.003,0.2352941174493327,2163
CD22,ENSG00000012124,0.652,1.118,-0.47,7558,0.622,-0.003,0.2352941174493327,2164
RGMB,ENSG00000174136,2.749,3.0,-0.25,7604,0.977,-0.003,0.2352941174493327,2165
ASTN1,ENSG00000152092,-4.293,-3.047,-1.25,3899,0.164,-0.003,0.2352941174493327,2166
TMPRSS11D,ENSG00000153802,-6.506,-5.574,-0.93,1428,0.142,-0.003,0.2352941174493327,2167
CDH4,ENSG00000179242,-3.047,-2.053,-0.99,5348,0.229,-0.003,0.2352941174493327,2168
BCAN,ENSG00000132692,-3.047,-1.884,-1.16,5956,0.188,-0.003,0.2352941174493327,2169
CLDN18,ENSG00000066405,-4.293,-2.826,-1.47,4378,0.142,-0.003,0.2352941174493327,2170
NRXN2,ENSG00000110076,1.132,1.496,-0.36,7578,0.697,-0.003,0.2352941174493327,2171
SLC51A,ENSG00000163959,1.982,2.214,-0.23,7831,0.981,-0.003,0.2352941174493327,2172
SLC43A3,ENSG00000134802,4.515,4.768,-0.25,7835,0.997,-0.003,0.2352941174493327,2173
LYPD2,ENSG00000197353,-4.608,-3.816,-0.79,2993,0.191,-0.003,0.2352941174493327,2174
UNC5C,ENSG00000182168,-0.834,-0.183,-0.65,6194,0.34,-0.003,0.2352941174493327,2175
GABRB3,ENSG00000166206,-0.86,-0.375,-0.48,6792,0.435,-0.003,0.2352941174493327,2176
PTGER4,ENSG00000171522,1.387,1.665,-0.28,7530,0.793,-0.003,0.2352941174493327,2177
LRRC3B,ENSG00000179796,-4.608,-3.047,-1.56,3925,0.11,-0.003,0.2352941174493327,2178
KL,ENSG00000133116,-1.732,-0.808,-0.92,6672,0.254,-0.003,0.2352941174493327,2179
TMX3,ENSG00000166479,3.622,3.887,-0.26,7851,0.998,-0.003,0.2352941174493327,2180
EPHA7,ENSG00000135333,-2.548,-1.781,-0.77,5135,0.28,-0.003,0.2352941174493327,2181
PCDH18,ENSG00000189184,1.46,1.745,-0.28,7372,0.786,-0.003,0.2352941174493327,2182
SSPN,ENSG00000123096,2.651,2.905,-0.25,7512,0.901,-0.003,0.2352941174493327,2183
NRXN3,ENSG00000021645,-0.057,0.412,-0.47,6985,0.492,-0.003,0.2352941174493327,2184
SCN4A,ENSG00000007314,-3.626,-1.884,-1.74,5273,0.114,-0.003,0.2352941174493327,2185
CSF1,ENSG00000184371,3.733,4.008,-0.28,7831,0.995,-0.003,0.2352941174493327,2186
NPY2R,ENSG00000185149,-9.966,-5.574,-4.39,2130,0.029,-0.003,0.2352941174493327,2187
DSG1,ENSG00000134760,-5.012,-3.626,-1.39,2870,0.12,-0.003,0.2352941174493327,2188
EDA2R,ENSG00000131080,-0.32,0.264,-0.58,7087,0.451,-0.003,0.2352941174493327,2189
EPHA5,ENSG00000145242,-6.506,-4.035,-2.47,2906,0.075,-0.003,0.2352941174493327,2190
NPY5R,ENSG00000164129,-5.012,-1.639,-3.37,5272,0.064,-0.003,0.2352941174493327,2191
GPR4,ENSG00000177464,1.423,1.753,-0.33,7473,0.859,-0.003,0.2352941174493327,2192
ITGA2B,ENSG00000005961,-0.886,-0.057,-0.83,7304,0.331,-0.003,0.2352941174493327,2193
NCAM2,ENSG00000154654,-1.214,-0.554,-0.66,6829,0.33,-0.003,0.2352941174493327,2194
PCDHGA3,ENSG00000254245,-2.178,-0.357,-1.82,7029,0.142,-0.003,0.2352941174493327,2195
TENM2,ENSG00000145934,-2.315,-1.392,-0.92,5255,0.255,-0.003,0.2352941174493327,2196
GRIK1,ENSG00000171189,-5.574,-3.458,-2.12,3457,0.094,-0.003,0.2352941174493327,2197
SHISA7,ENSG00000187902,-6.506,-4.608,-1.9,2122,0.073,-0.003,0.2352941174493327,2198
CDH26,ENSG00000124215,-1.117,-0.134,-0.98,7493,0.295,-0.003,0.2352941174493327,2199
LRIG1,ENSG00000144749,4.281,4.566,-0.28,7815,0.978,-0.003,0.2352941174493327,2200
PCDH20,ENSG00000280165,-2.388,-1.214,-1.17,5744,0.225,-0.003,0.2352941174493327,2201
SIRPA,ENSG00000198053,4.211,4.444,-0.23,7835,0.994,-0.003,0.2352941174493327,2202
ACKR2,ENSG00000144648,-0.759,-0.072,-0.69,7165,0.327,-0.003,0.2352941174493327,2203
GSG1L,ENSG00000169181,-4.293,-2.635,-1.66,4343,0.123,-0.003,0.2352941174493327,2204
LGR5,ENSG00000139292,-1.884,-1.149,-0.73,5708,0.326,-0.003,0.2352941174493327,2205
SEMA4D,ENSG00000187764,3.753,4.044,-0.29,7834,0.982,-0.003,0.2352941174493327,2206
GJA1,ENSG00000152661,5.312,5.538,-0.23,7622,0.993,-0.003,0.2352941174493327,2207
IL4R,ENSG00000077238,4.479,4.803,-0.32,7835,0.997,-0.004,0.22689075611185652,2208
ADCY9,ENSG00000162104,2.446,2.795,-0.35,7767,0.957,-0.004,0.22689075611185652,2209
KCNMB1,ENSG00000145936,-0.267,0.586,-0.85,7111,0.432,-0.004,0.22689075611185652,2210
LGR6,ENSG00000133067,-0.462,0.19,-0.65,6623,0.44,-0.004,0.22689075611185652,2211
LSAMP,ENSG00000185565,-0.134,0.497,-0.63,6910,0.482,-0.004,0.22689075611185652,2212
NLGN4X,ENSG00000146938,-1.181,-0.338,-0.84,6620,0.341,-0.004,0.22689075611185652,2213
DPP10,ENSG00000175497,-4.293,-3.047,-1.25,3834,0.2,-0.004,0.22689075611185652,2214
PLB1,ENSG00000163803,0.942,1.34,-0.4,7727,0.789,-0.004,0.22689075611185652,2215
ACKR3,ENSG00000144476,3.94,4.341,-0.4,7726,0.985,-0.004,0.22689075611185652,2216
ADRB1,ENSG00000043591,-2.315,-0.997,-1.32,5718,0.216,-0.004,0.22689075611185652,2217
NRN1L,ENSG00000188038,-1.102,0.3,-1.4,7561,0.24,-0.004,0.22689075611185652,2218
SLC38A11,ENSG00000169507,-1.026,0.058,-1.08,6984,0.34,-0.004,0.22689075611185652,2219
GIPR,ENSG00000010310,-0.759,0.178,-0.94,6805,0.344,-0.004,0.22689075611185652,2220
NLGN3,ENSG00000196338,-1.214,0.126,-1.34,7467,0.252,-0.004,0.22689075611185652,2221
LRP4,ENSG00000134569,1.585,1.982,-0.4,7471,0.781,-0.004,0.22689075611185652,2222
SLC47A1,ENSG00000142494,0.614,1.227,-0.61,7442,0.61,-0.004,0.22689075611185652,2223
PLD5,ENSG00000180287,-4.293,-1.781,-2.51,5329,0.118,-0.004,0.22689075611185652,2224
CNTNAP4,ENSG00000152910,-6.506,-4.293,-2.21,3083,0.104,-0.004,0.22689075611185652,2225
ATP2B4,ENSG00000058668,4.777,5.126,-0.35,7835,0.999,-0.004,0.22689075611185652,2226
GJC2,ENSG00000198835,-0.375,0.557,-0.93,7400,0.396,-0.004,0.22689075611185652,2227
OMG,ENSG00000126861,-2.114,-0.432,-1.68,7210,0.206,-0.004,0.22689075611185652,2228
NPY6R,ENSG00000226306,-4.608,-2.466,-2.14,4894,0.125,-0.004,0.22689075611185652,2229
CALY,ENSG00000130643,-3.458,-1.595,-1.86,5776,0.149,-0.004,0.22689075611185652,2230
BACE1,ENSG00000186318,3.539,3.885,-0.35,7805,0.995,-0.004,0.22689075611185652,2231
GNRHR2,ENSG00000211451,0.455,1.015,-0.56,7727,0.673,-0.004,0.22689075611185652,2232
LRIG2,ENSG00000198799,1.665,2.043,-0.38,7811,0.95,-0.004,0.22689075611185652,2233
OPALIN,ENSG00000197430,-9.966,-6.506,-3.46,1281,0.045,-0.004,0.22689075611185652,2234
IL6ST,ENSG00000134352,4.487,4.825,-0.34,7831,0.998,-0.004,0.22689075611185652,2235
ACVR2A,ENSG00000121989,2.098,2.491,-0.39,7760,0.977,-0.004,0.22689075611185652,2236
SLC19A3,ENSG00000135917,-0.808,-0.072,-0.74,6710,0.392,-0.004,0.22689075611185652,2237
VASN,ENSG00000168140,3.529,3.875,-0.35,7631,0.968,-0.004,0.22689075611185652,2238
SCN3A,ENSG00000153253,-3.816,-1.181,-2.63,6262,0.118,-0.004,0.22689075611185652,2239
PCDHGB4,ENSG00000253953,-1.552,-0.267,-1.29,7217,0.257,-0.004,0.22689075611185652,2240
KCNMB4,ENSG00000135643,0.605,1.171,-0.57,7544,0.631,-0.004,0.22689075611185652,2241
TRHDE,ENSG00000072657,-3.308,-1.595,-1.71,5723,0.155,-0.004,0.22689075611185652,2242
SLC17A7,ENSG00000104888,-2.466,0.19,-2.66,7243,0.14,-0.004,0.22689075611185652,2243
ATP2B3,ENSG00000067842,-6.506,-4.035,-2.47,2882,0.082,-0.004,0.22689075611185652,2244
SLC3A1,ENSG00000138079,-2.826,-1.685,-1.14,6240,0.254,-0.004,0.22689075611185652,2245
ITGA9,ENSG00000144668,1.218,1.692,-0.47,7362,0.772,-0.004,0.22689075611185652,2246
LRIG3,ENSG00000139263,3.096,3.475,-0.38,7454,0.939,-0.004,0.22689075611185652,2247
LRFN5,ENSG00000165379,-2.932,-0.941,-1.99,5954,0.147,-0.004,0.22689075611185652,2248
SV2B,ENSG00000185518,-2.315,-0.735,-1.58,6464,0.189,-0.004,0.22689075611185652,2249
PCDHGB5,ENSG00000276547,-0.028,0.749,-0.78,7402,0.495,-0.004,0.22689075611185652,2250
EPHB1,ENSG00000154928,-0.512,0.3,-0.81,7333,0.402,-0.004,0.22689075611185652,2251
SLCO3A1,ENSG00000176463,3.612,3.938,-0.33,7784,0.98,-0.004,0.22689075611185652,2252
SCNN1B,ENSG00000168447,0.537,1.057,-0.52,5982,0.562,-0.004,0.22689075611185652,2253
MC1R,ENSG00000258839,1.47,1.907,-0.44,7825,0.881,-0.004,0.22689075611185652,2254
ADRA2B,ENSG00000274286,-1.831,0.178,-2.01,6902,0.17,-0.004,0.22689075611185652,2255
GRIK2,ENSG00000164418,-2.548,-0.997,-1.55,6336,0.193,-0.004,0.22689075611185652,2256
GABRA4,ENSG00000109158,-9.966,-4.035,-5.93,3295,0.041,-0.004,0.22689075611185652,2257
CDH10,ENSG00000040731,-5.574,-4.035,-1.54,2968,0.136,-0.004,0.22689075611185652,2258
SCN2B,ENSG00000149575,-3.458,-1.685,-1.77,5147,0.158,-0.004,0.22689075611185652,2259
SLC5A7,ENSG00000115665,-9.966,-4.608,-5.36,1991,0.034,-0.004,0.22689075611185652,2260
GRIK3,ENSG00000163873,-3.171,-1.938,-1.23,5137,0.249,-0.004,0.22689075611185652,2261
VLDLR,ENSG00000147852,2.573,2.997,-0.42,7736,0.904,-0.004,0.22689075611185652,2262
TNFRSF10D,ENSG00000173530,0.979,1.527,-0.55,7736,0.711,-0.004,0.22689075611185652,2263
ICAM2,ENSG00000108622,3.918,4.271,-0.35,7834,0.998,-0.004,0.22689075611185652,2264
EMP3,ENSG00000142227,5.626,5.941,-0.31,7835,1.0,-0.004,0.22689075611185652,2265
FKRP,ENSG00000181027,2.907,3.275,-0.37,7831,0.998,-0.004,0.22689075611185652,2266
P2RX7,ENSG00000089041,0.507,1.092,-0.58,7637,0.625,-0.004,0.22689075611185652,2267
P2RY14,ENSG00000174944,-0.687,0.288,-0.98,6904,0.329,-0.004,0.22689075611185652,2268
CDH22,ENSG00000149654,-4.035,-2.727,-1.31,4135,0.182,-0.004,0.22689075611185652,2269
DSCAML1,ENSG00000177103,-2.826,-1.392,-1.43,5895,0.227,-0.004,0.22689075611185652,2270
RPRM,ENSG00000177519,-1.685,-0.834,-0.85,5582,0.32,-0.004,0.22689075611185652,2271
LRRN3,ENSG00000173114,-1.831,-0.338,-1.49,6718,0.242,-0.004,0.22689075611185652,2272
GRIA4,ENSG00000152578,-4.293,-2.548,-1.75,4507,0.153,-0.004,0.22689075611185652,2273
AVPR2,ENSG00000126895,-1.781,0.072,-1.85,6307,0.168,-0.004,0.22689075611185652,2274
CRIM1,ENSG00000150938,3.986,4.353,-0.37,7754,0.989,-0.004,0.22689075611185652,2275
LHFPL4,ENSG00000156959,-5.574,-4.293,-1.28,2454,0.153,-0.004,0.22689075611185652,2276
SLC41A1,ENSG00000133065,3.609,4.0,-0.39,7828,0.991,-0.004,0.22689075611185652,2277
SORCS3,ENSG00000156395,-6.506,-4.608,-1.9,2956,0.117,-0.004,0.22689075611185652,2278
CHRNA4,ENSG00000101204,-6.506,-4.293,-2.21,2845,0.104,-0.004,0.22689075611185652,2279
LRRC37A,ENSG00000176681,-0.357,0.557,-0.91,7791,0.372,-0.004,0.22689075611185652,2280
ABCA7,ENSG00000064687,2.81,3.173,-0.36,7835,0.986,-0.004,0.22689075611185652,2281
ESYT3,ENSG00000158220,-0.969,0.044,-1.01,6873,0.327,-0.004,0.22689075611185652,2282
SLC36A4,ENSG00000180773,1.99,2.328,-0.34,7834,0.923,-0.004,0.22689075611185652,2283
CDHR5,ENSG00000099834,-3.816,-2.727,-1.09,4429,0.26,-0.004,0.22689075611185652,2284
SLC5A9,ENSG00000117834,-2.826,-0.86,-1.97,6466,0.179,-0.004,0.22689075611185652,2285
GABRG1,ENSG00000163285,-9.966,-6.506,-3.46,2006,0.054,-0.004,0.22689075611185652,2286
SUSD5,ENSG00000173705,-1.181,0.085,-1.27,6961,0.285,-0.004,0.22689075611185652,2287
PCDHGA9,ENSG00000261934,-0.886,0.126,-1.01,7183,0.296,-0.004,0.22689075611185652,2288
CDH18,ENSG00000145526,-6.506,-5.012,-1.49,2590,0.133,-0.004,0.22689075611185652,2289
PCDHB5,ENSG00000113209,-0.413,0.3,-0.71,7129,0.438,-0.004,0.22689075611185652,2290
GRIN2B,ENSG00000273079,-9.966,-6.506,-3.46,1758,0.05,-0.004,0.22689075611185652,2291
ACHE,ENSG00000087085,0.492,1.105,-0.61,7629,0.578,-0.004,0.22689075611185652,2292
GPR35,ENSG00000178623,0.605,1.151,-0.55,7783,0.673,-0.004,0.22689075611185652,2293
MAG,ENSG00000105695,-3.458,-2.114,-1.34,4913,0.237,-0.005,0.21848739477438034,2294
GPC1,ENSG00000063660,4.89,5.317,-0.43,7720,0.996,-0.005,0.21848739477438034,2295
NOTCH1,ENSG00000148400,2.943,3.383,-0.44,7835,0.982,-0.005,0.21848739477438034,2296
PKD1L2,ENSG00000166473,-1.831,0.252,-2.08,6940,0.212,-0.005,0.21848739477438034,2297
PTGFR,ENSG00000122420,-2.053,0.03,-2.08,6589,0.196,-0.005,0.21848739477438034,2298
PCDH10,ENSG00000138650,-3.047,-1.639,-1.41,4871,0.249,-0.005,0.21848739477438034,2299
SLC23A2,ENSG00000089057,2.806,3.211,-0.41,7831,0.988,-0.005,0.21848739477438034,2300
TSPAN4,ENSG00000214063,5.155,5.637,-0.48,7835,1.0,-0.005,0.21848739477438034,2301
PCDHGA12,ENSG00000253159,-0.711,0.507,-1.22,7342,0.344,-0.005,0.21848739477438034,2302
GFRA2,ENSG00000168546,-1.318,0.215,-1.53,7001,0.283,-0.005,0.21848739477438034,2303
SERINC1,ENSG00000111897,6.155,6.62,-0.46,7835,1.0,-0.005,0.21848739477438034,2304
PCDHB15,ENSG00000113248,-0.512,0.758,-1.27,7244,0.361,-0.005,0.21848739477438034,2305
SCN3B,ENSG00000166257,-1.938,0.085,-2.02,6831,0.192,-0.005,0.21848739477438034,2306
ZFYVE27,ENSG00000155256,3.855,4.308,-0.45,7835,1.0,-0.005,0.21848739477438034,2307
MFSD8,ENSG00000164073,2.342,2.801,-0.46,7818,0.991,-0.005,0.21848739477438034,2308
RHCG,ENSG00000140519,-1.732,-0.554,-1.18,6854,0.327,-0.005,0.21848739477438034,2309
PTGER3,ENSG00000050628,-0.394,0.596,-0.99,6482,0.441,-0.005,0.21848739477438034,2310
LRRC24,ENSG00000254402,-0.302,0.8,-1.1,7644,0.43,-0.005,0.21848739477438034,2311
SSTR1,ENSG00000139874,-2.245,-0.86,-1.38,6626,0.283,-0.005,0.21848739477438034,2312
DCHS1,ENSG00000166341,1.368,1.971,-0.6,7652,0.782,-0.005,0.21848739477438034,2313
ATP2B2,ENSG00000157087,-4.035,-2.727,-1.31,4339,0.231,-0.005,0.21848739477438034,2314
IGSF11,ENSG00000144847,-2.245,-0.597,-1.65,6432,0.265,-0.005,0.21848739477438034,2315
EDA,ENSG00000158813,0.276,0.972,-0.7,7528,0.563,-0.005,0.21848739477438034,2316
ADRA1B,ENSG00000170214,-1.355,-0.183,-1.17,6648,0.317,-0.005,0.21848739477438034,2317
ANPEP,ENSG00000166825,3.205,3.661,-0.46,7829,0.928,-0.005,0.21848739477438034,2318
PTPRD,ENSG00000153707,0.178,0.964,-0.79,7268,0.526,-0.005,0.21848739477438034,2319
BST1,ENSG00000109743,1.595,2.125,-0.53,7777,0.859,-0.005,0.21848739477438034,2320
HEPACAM,ENSG00000165478,-6.506,-2.932,-3.57,4072,0.091,-0.005,0.21848739477438034,2321
SLC6A1,ENSG00000157103,-1.595,0.19,-1.79,6927,0.234,-0.005,0.21848739477438034,2322
SLITRK3,ENSG00000121871,-6.506,-3.626,-2.88,3391,0.094,-0.005,0.21848739477438034,2323
PCDHGA2,ENSG00000081853,-1.086,0.252,-1.34,7241,0.304,-0.005,0.21848739477438034,2324
FAT4,ENSG00000196159,-0.687,0.567,-1.25,7240,0.354,-0.005,0.21848739477438034,2325
ERBB4,ENSG00000178568,-2.932,-1.47,-1.46,5256,0.245,-0.005,0.21848739477438034,2326
GALR1,ENSG00000166573,-9.966,-5.574,-4.39,1752,0.046,-0.005,0.21848739477438034,2327
ADRA1A,ENSG00000120907,-4.293,-0.886,-3.41,5978,0.119,-0.005,0.21848739477438034,2328
SLC17A9,ENSG00000101194,1.609,2.131,-0.52,7754,0.805,-0.005,0.21848739477438034,2329
LRP1B,ENSG00000168702,-4.608,-1.831,-2.78,5211,0.13,-0.005,0.21848739477438034,2330
MICA,ENSG00000204520,3.601,4.055,-0.45,7834,0.994,-0.005,0.21848739477438034,2331
CLSTN2,ENSG00000158258,-0.834,0.165,-1.0,7021,0.384,-0.005,0.21848739477438034,2332
SLC26A3,ENSG00000091138,-6.506,-4.035,-2.47,2646,0.104,-0.005,0.21848739477438034,2333
PCDH9,ENSG00000184226,-2.826,-0.183,-2.64,6934,0.157,-0.005,0.21848739477438034,2334
TLR4,ENSG00000136869,1.486,2.0,-0.51,7724,0.803,-0.005,0.21848739477438034,2335
GRIA1,ENSG00000155511,-5.012,-1.51,-3.5,5608,0.11,-0.005,0.21848739477438034,2336
AMIGO1,ENSG00000181754,1.299,1.8,-0.5,7748,0.815,-0.005,0.21848739477438034,2337
SEMA6B,ENSG00000167680,1.949,2.452,-0.5,7689,0.926,-0.005,0.21848739477438034,2338
GABRA1,ENSG00000022355,-9.966,-6.506,-3.46,1633,0.061,-0.005,0.21848739477438034,2339
C1orf159,ENSG00000131591,2.858,3.305,-0.45,7831,0.997,-0.005,0.21848739477438034,2340
MDGA1,ENSG00000112139,0.723,1.322,-0.6,7651,0.659,-0.005,0.21848739477438034,2341
CLCA4,ENSG00000016602,-5.012,-3.171,-1.84,3846,0.182,-0.005,0.21848739477438034,2342
NPR3,ENSG00000113389,0.3,1.057,-0.76,6697,0.546,-0.005,0.21848739477438034,2343
LILRB3,ENSG00000204577,0.904,1.532,-0.63,7700,0.712,-0.005,0.21848739477438034,2344
ADAM23,ENSG00000114948,-0.216,0.723,-0.94,7305,0.468,-0.005,0.21848739477438034,2345
GABRA2,ENSG00000151834,-5.012,-2.114,-2.9,4910,0.124,-0.005,0.21848739477438034,2346
IL17RC,ENSG00000163702,4.474,4.918,-0.44,7830,1.0,-0.005,0.21848739477438034,2347
PCDHGB6,ENSG00000253305,-0.512,0.67,-1.18,7405,0.372,-0.005,0.21848739477438034,2348
GRIA3,ENSG00000125675,-2.178,-0.357,-1.82,6700,0.223,-0.005,0.21848739477438034,2349
TMPRSS11B,ENSG00000185873,-9.966,-4.608,-5.36,1975,0.045,-0.005,0.21848739477438034,2350
AXL,ENSG00000167601,3.388,3.878,-0.49,7566,0.973,-0.005,0.21848739477438034,2351
GRID1,ENSG00000182771,-0.533,0.605,-1.14,7118,0.401,-0.005,0.21848739477438034,2352
ANO2,ENSG00000047617,-1.149,0.605,-1.75,7024,0.236,-0.005,0.21848739477438034,2353
EVC2,ENSG00000173040,0.323,1.085,-0.76,7237,0.574,-0.005,0.21848739477438034,2354
SHISA6,ENSG00000188803,-2.635,-1.086,-1.55,5736,0.241,-0.005,0.21848739477438034,2355
SLC1A3,ENSG00000079215,2.257,2.812,-0.55,7738,0.869,-0.005,0.21848739477438034,2356
KCNJ3,ENSG00000162989,-3.816,-2.548,-1.27,4233,0.25,-0.005,0.21848739477438034,2357
SGCD,ENSG00000170624,0.346,1.098,-0.75,7230,0.565,-0.005,0.21848739477438034,2358
GFRA3,ENSG00000146013,-2.388,-0.808,-1.58,5675,0.242,-0.005,0.21848739477438034,2359
OXER1,ENSG00000162881,-0.284,0.652,-0.94,7420,0.442,-0.005,0.21848739477438034,2360
FLT3LG,ENSG00000090554,2.982,3.433,-0.45,7833,0.994,-0.005,0.21848739477438034,2361
SCARF2,ENSG00000244486,2.234,2.766,-0.53,7739,0.903,-0.005,0.21848739477438034,2362
SLC1A7,ENSG00000162383,-2.114,0.357,-2.47,7214,0.183,-0.005,0.21848739477438034,2363
BTN2A3P,ENSG00000124549,0.252,0.949,-0.7,7571,0.589,-0.005,0.21848739477438034,2364
ADRB2,ENSG00000169252,-0.357,0.706,-1.06,7531,0.433,-0.005,0.21848739477438034,2365
ART3,ENSG00000156219,-2.178,0.264,-2.44,7094,0.182,-0.005,0.21848739477438034,2366
ITGA1,ENSG00000213949,2.618,3.162,-0.54,7653,0.96,-0.006,0.2100840334369042,2367
PLXNA4,ENSG00000221866,-1.552,0.178,-1.73,6927,0.277,-0.006,0.2100840334369042,2368
P2RX6,ENSG00000099957,-2.466,-0.028,-2.44,7187,0.192,-0.006,0.2100840334369042,2369
CDH13,ENSG00000140945,2.63,3.157,-0.53,7514,0.921,-0.006,0.2100840334369042,2370
IL1R1,ENSG00000115594,4.028,4.593,-0.57,7835,0.98,-0.006,0.2100840334369042,2371
GPRC5B,ENSG00000167191,3.602,4.133,-0.53,7637,0.978,-0.006,0.2100840334369042,2372
SLC12A6,ENSG00000140199,2.416,2.932,-0.52,7834,0.954,-0.006,0.2100840334369042,2373
EPOR,ENSG00000187266,2.088,2.644,-0.56,7835,0.962,-0.006,0.2100840334369042,2374
ENG,ENSG00000106991,5.475,6.036,-0.56,7860,1.0,-0.006,0.2100840334369042,2375
CNTN1,ENSG00000018236,0.139,1.158,-1.02,6845,0.515,-0.006,0.2100840334369042,2376
SLC6A15,ENSG00000072041,-3.458,-1.595,-1.86,5258,0.235,-0.006,0.2100840334369042,2377
SGCB,ENSG00000163069,3.441,3.961,-0.52,7653,0.986,-0.006,0.2100840334369042,2378
GGT7,ENSG00000131067,3.3,3.878,-0.58,7833,0.981,-0.006,0.2100840334369042,2379
GPR17,ENSG00000144230,-2.826,1.66,-4.49,7294,0.119,-0.006,0.2100840334369042,2380
TTYH1,ENSG00000167614,-0.413,0.919,-1.33,7491,0.421,-0.006,0.2100840334369042,2381
PLA2R1,ENSG00000153246,1.357,2.008,-0.65,7240,0.774,-0.006,0.2100840334369042,2382
FAIM2,ENSG00000135472,0.03,0.994,-0.96,7335,0.506,-0.006,0.2100840334369042,2383
ANO5,ENSG00000171714,-1.47,0.126,-1.6,6606,0.292,-0.006,0.2100840334369042,2384
TMEM8B,ENSG00000137103,3.189,3.688,-0.5,7824,0.989,-0.006,0.2100840334369042,2385
SLC14A1,ENSG00000141469,-0.664,0.596,-1.26,7445,0.401,-0.006,0.2100840334369042,2386
XPNPEP2,ENSG00000122121,-2.388,0.152,-2.54,5934,0.182,-0.006,0.2100840334369042,2387
PTPRS,ENSG00000105426,3.844,4.426,-0.58,7676,0.941,-0.006,0.2100840334369042,2388
TRABD2B,ENSG00000269113,-1.117,0.323,-1.44,6437,0.32,-0.006,0.2100840334369042,2389
NTNG1,ENSG00000162631,-2.826,-1.117,-1.71,5581,0.244,-0.006,0.2100840334369042,2390
ABCB1,ENSG00000085563,1.078,1.844,-0.77,7660,0.722,-0.006,0.2100840334369042,2391
SLC16A12,ENSG00000152779,-3.626,-0.997,-2.63,5922,0.183,-0.006,0.2100840334369042,2392
BTN2A1,ENSG00000112763,3.514,4.067,-0.55,7835,0.998,-0.006,0.2100840334369042,2393
NRXN1,ENSG00000179915,-3.816,-0.687,-3.13,6302,0.154,-0.006,0.2100840334369042,2394
EPHA4,ENSG00000116106,1.84,2.441,-0.6,7648,0.828,-0.006,0.2100840334369042,2395
NLGN1,ENSG00000169760,-2.388,-0.492,-1.9,6346,0.265,-0.006,0.2100840334369042,2396
GPR12,ENSG00000132975,-9.966,-4.608,-5.36,2662,0.059,-0.006,0.2100840334369042,2397
CNTN4,ENSG00000144619,-0.057,0.927,-0.98,7059,0.491,-0.006,0.2100840334369042,2398
PCDHB4,ENSG00000081818,-0.472,0.766,-1.24,7133,0.399,-0.006,0.2100840334369042,2399
MCAM,ENSG00000076706,5.016,5.553,-0.54,7815,1.0,-0.006,0.2100840334369042,2400
ABCC5,ENSG00000114770,3.64,4.213,-0.57,7835,0.998,-0.006,0.2100840334369042,2401
TPO,ENSG00000115705,-3.308,0.517,-3.82,7026,0.138,-0.006,0.2100840334369042,2402
SLC6A16,ENSG00000063127,-0.913,0.942,-1.86,7754,0.285,-0.006,0.2100840334369042,2403
IL6R,ENSG00000160712,2.095,2.687,-0.59,7835,0.905,-0.006,0.2100840334369042,2404
LTB4R2,ENSG00000213906,0.139,1.19,-1.05,7768,0.545,-0.006,0.2100840334369042,2405
SLC38A2,ENSG00000134294,5.513,6.079,-0.57,7835,1.0,-0.006,0.2100840334369042,2406
IL18R1,ENSG00000115604,0.001,1.071,-1.07,7570,0.502,-0.006,0.2100840334369042,2407
GPR155,ENSG00000163328,0.912,1.581,-0.67,7826,0.746,-0.006,0.2100840334369042,2408
ESAM,ENSG00000149564,4.071,4.625,-0.55,7818,0.999,-0.006,0.2100840334369042,2409
CDH5,ENSG00000179776,3.014,3.572,-0.56,7184,0.981,-0.006,0.2100840334369042,2410
PCDHGC3,ENSG00000240184,5.141,5.684,-0.54,7675,0.998,-0.006,0.2100840334369042,2411
PLXDC1,ENSG00000161381,2.676,3.269,-0.59,7715,0.956,-0.006,0.2100840334369042,2412
SLC19A2,ENSG00000117479,2.637,3.206,-0.57,7755,0.985,-0.006,0.2100840334369042,2413
ADCYAP1R1,ENSG00000078549,-2.932,0.001,-2.93,6581,0.176,-0.006,0.2100840334369042,2414
PKHD1L1,ENSG00000205038,-2.388,0.19,-2.58,6210,0.197,-0.006,0.2100840334369042,2415
SLC29A1,ENSG00000112759,5.168,5.664,-0.5,7834,1.0,-0.006,0.2100840334369042,2416
CDH19,ENSG00000071991,-5.012,-0.166,-4.85,6619,0.098,-0.006,0.2100840334369042,2417
PCSK5,ENSG00000099139,0.904,1.619,-0.71,7584,0.705,-0.006,0.2100840334369042,2418
TMEM63A,ENSG00000196187,4.391,4.902,-0.51,7835,0.996,-0.006,0.2100840334369042,2419
SLITRK1,ENSG00000178235,-9.966,-6.506,-3.46,1812,0.078,-0.006,0.2100840334369042,2420
APCDD1,ENSG00000154856,3.358,3.952,-0.59,7643,0.928,-0.006,0.2100840334369042,2421
SELP,ENSG00000174175,0.919,1.82,-0.9,6561,0.646,-0.007,0.20168067209942803,2422
CD302,ENSG00000241399,2.329,2.969,-0.64,7790,0.91,-0.007,0.20168067209942803,2423
SHISA4,ENSG00000198892,3.99,4.662,-0.67,7828,0.986,-0.007,0.20168067209942803,2424
PTPRB,ENSG00000127329,1.576,2.337,-0.76,7455,0.828,-0.007,0.20168067209942803,2425
GRIA2,ENSG00000120251,-5.012,-2.053,-2.96,4935,0.163,-0.007,0.20168067209942803,2426
SLC22A15,ENSG00000163393,0.19,1.305,-1.11,7751,0.556,-0.007,0.20168067209942803,2427
TNFRSF14,ENSG00000157873,5.279,5.885,-0.61,7835,1.0,-0.007,0.20168067209942803,2428
CCR10,ENSG00000184451,-0.834,1.246,-2.08,7666,0.308,-0.007,0.20168067209942803,2429
SORCS1,ENSG00000108018,-3.308,-0.432,-2.88,6437,0.185,-0.007,0.20168067209942803,2430
STIM1,ENSG00000167323,4.586,5.206,-0.62,7835,1.0,-0.007,0.20168067209942803,2431
CDHR3,ENSG00000128536,0.596,1.481,-0.89,7564,0.646,-0.007,0.20168067209942803,2432
GPC3,ENSG00000147257,1.745,2.546,-0.8,7293,0.758,-0.007,0.20168067209942803,2433
CD300LG,ENSG00000161649,-3.458,0.732,-4.19,6202,0.132,-0.007,0.20168067209942803,2434
SLITRK2,ENSG00000185985,-4.608,-1.248,-3.36,5608,0.149,-0.007,0.20168067209942803,2435
ADRA2A,ENSG00000150594,0.434,1.522,-1.09,7086,0.57,-0.007,0.20168067209942803,2436
ECSCR,ENSG00000249751,3.045,3.639,-0.59,7430,0.992,-0.007,0.20168067209942803,2437
LRRC4B,ENSG00000131409,-0.969,0.865,-1.83,7229,0.309,-0.007,0.20168067209942803,2438
ADRA2C,ENSG00000184160,0.374,1.417,-1.04,7311,0.566,-0.007,0.20168067209942803,2439
SGCE,ENSG00000127990,4.021,4.692,-0.67,7652,0.97,-0.007,0.20168067209942803,2440
MERTK,ENSG00000153208,2.428,3.098,-0.67,7737,0.949,-0.007,0.20168067209942803,2441
CACHD1,ENSG00000158966,1.47,2.208,-0.74,7408,0.795,-0.007,0.20168067209942803,2442
THSD1,ENSG00000136114,0.849,1.647,-0.8,7428,0.735,-0.007,0.20168067209942803,2443
EMCN,ENSG00000164035,2.064,2.742,-0.68,7370,0.911,-0.007,0.20168067209942803,2444
GPR173,ENSG00000184194,-0.492,1.001,-1.49,7171,0.412,-0.007,0.20168067209942803,2445
CADM2,ENSG00000175161,-3.458,-0.533,-2.92,6321,0.192,-0.007,0.20168067209942803,2446
SPPL2B,ENSG00000005206,4.629,5.282,-0.65,7835,1.0,-0.007,0.20168067209942803,2447
DNER,ENSG00000187957,-1.994,-0.057,-1.94,6586,0.298,-0.007,0.20168067209942803,2448
ITGB3,ENSG00000259207,0.486,1.428,-0.94,7311,0.596,-0.007,0.20168067209942803,2449
ITGA8,ENSG00000077943,-0.119,1.171,-1.29,7175,0.477,-0.007,0.20168067209942803,2450
DPP6,ENSG00000130226,-3.626,-0.913,-2.71,5559,0.202,-0.007,0.20168067209942803,2451
CLEC14A,ENSG00000176435,2.848,3.47,-0.62,7375,0.988,-0.007,0.20168067209942803,2452
SLCO2A1,ENSG00000174640,2.862,3.453,-0.59,7217,0.941,-0.007,0.20168067209942803,2453
EVA1C,ENSG00000166979,4.009,4.668,-0.66,7725,0.981,-0.007,0.20168067209942803,2454
CNTNAP3,ENSG00000106714,-0.711,0.857,-1.57,7334,0.369,-0.007,0.20168067209942803,2455
GLDN,ENSG00000186417,-0.664,1.043,-1.71,7329,0.362,-0.007,0.20168067209942803,2456
TENM1,ENSG00000009694,-3.047,-0.576,-2.47,6767,0.243,-0.007,0.20168067209942803,2457
SEMA6A,ENSG00000092421,2.081,2.888,-0.81,7776,0.859,-0.008,0.19327731076195184,2458
GABRB1,ENSG00000163288,-9.966,-4.293,-5.67,2919,0.079,-0.008,0.19327731076195184,2459
VIPR2,ENSG00000106018,-2.466,0.252,-2.72,6962,0.238,-0.008,0.19327731076195184,2460
MXRA8,ENSG00000162576,5.374,6.046,-0.67,7825,0.997,-0.008,0.19327731076195184,2461
FNDC5,ENSG00000160097,-0.006,1.423,-1.43,7610,0.5,-0.008,0.19327731076195184,2462
LRRTM3,ENSG00000198739,-9.966,-5.574,-4.39,2428,0.089,-0.008,0.19327731076195184,2463
SCN1A,ENSG00000144285,-9.966,-6.506,-3.46,2047,0.104,-0.008,0.19327731076195184,2464
ANTXR2,ENSG00000163297,3.642,4.35,-0.71,7860,0.978,-0.008,0.19327731076195184,2465
TCIRG1,ENSG00000110719,5.616,6.316,-0.7,7835,1.0,-0.008,0.19327731076195184,2466
SLC11A1,ENSG00000018280,1.82,2.69,-0.87,7805,0.851,-0.008,0.19327731076195184,2467
CLDND1,ENSG00000080822,5.346,6.031,-0.68,7835,1.0,-0.008,0.19327731076195184,2468
NTSR2,ENSG00000169006,-9.966,-5.012,-4.95,2363,0.08,-0.008,0.19327731076195184,2469
SLC24A3,ENSG00000185052,1.305,2.314,-1.01,7476,0.695,-0.008,0.19327731076195184,2470
BTNL3,ENSG00000168903,-9.966,-5.574,-4.39,1436,0.071,-0.008,0.19327731076195184,2471
ABCA9,ENSG00000154258,-1.685,2.379,-4.06,7467,0.167,-0.008,0.19327731076195184,2472
P2RX1,ENSG00000108405,-1.086,1.258,-2.34,7349,0.293,-0.008,0.19327731076195184,2473
ADCY3,ENSG00000138031,4.5,5.197,-0.7,7834,0.995,-0.008,0.19327731076195184,2474
CSPG4,ENSG00000173546,1.926,2.674,-0.75,7480,0.869,-0.008,0.19327731076195184,2475
MMP17,ENSG00000198598,1.227,2.233,-1.01,7824,0.686,-0.008,0.19327731076195184,2476
L1CAM,ENSG00000198910,-0.006,1.46,-1.47,7561,0.5,-0.008,0.19327731076195184,2477
RNF150,ENSG00000170153,-0.119,1.334,-1.45,7270,0.48,-0.008,0.19327731076195184,2478
SCN7A,ENSG00000136546,-3.171,0.445,-3.62,6711,0.185,-0.008,0.19327731076195184,2479
SLC7A14,ENSG00000013293,-9.966,-5.574,-4.39,2079,0.08,-0.008,0.19327731076195184,2480
GPM6A,ENSG00000150625,-1.47,0.849,-2.32,7103,0.307,-0.008,0.19327731076195184,2481
PLXNB3,ENSG00000198753,2.245,3.176,-0.93,7711,0.733,-0.008,0.19327731076195184,2482
CNTN3,ENSG00000113805,-1.552,0.633,-2.19,6822,0.314,-0.008,0.19327731076195184,2483
MUC21,ENSG00000204544,-6.506,-3.458,-3.05,3133,0.155,-0.008,0.19327731076195184,2484
CLEC1A,ENSG00000150048,0.423,1.449,-1.03,7482,0.647,-0.008,0.19327731076195184,2485
IL1RL1,ENSG00000115602,-1.732,1.145,-2.88,7289,0.243,-0.008,0.19327731076195184,2486
SYP,ENSG00000102003,0.058,1.368,-1.31,7772,0.515,-0.008,0.19327731076195184,2487
PCDHGB7,ENSG00000254122,0.476,1.595,-1.12,7427,0.592,-0.008,0.19327731076195184,2488
ZDHHC11,ENSG00000188818,1.385,2.359,-0.97,7827,0.767,-0.008,0.19327731076195184,2489
HEPH,ENSG00000089472,1.964,2.77,-0.81,7541,0.827,-0.008,0.19327731076195184,2490
IGSF9B,ENSG00000080854,-0.088,1.276,-1.36,7451,0.484,-0.008,0.19327731076195184,2491
SLC16A7,ENSG00000118596,-0.267,1.305,-1.57,7683,0.451,-0.008,0.19327731076195184,2492
PKD2,ENSG00000118762,2.971,3.736,-0.76,7784,0.973,-0.008,0.19327731076195184,2493
PTCH1,ENSG00000185920,1.708,2.496,-0.79,7767,0.885,-0.008,0.19327731076195184,2494
RAMP3,ENSG00000122679,3.401,4.06,-0.66,7406,0.985,-0.008,0.19327731076195184,2495
NRG2,ENSG00000158458,-1.318,0.816,-2.13,7221,0.301,-0.008,0.19327731076195184,2496
LSMEM1,ENSG00000181016,-0.375,1.449,-1.82,7832,0.371,-0.008,0.19327731076195184,2497
LILRB5,ENSG00000105609,-0.196,1.239,-1.44,7171,0.459,-0.008,0.19327731076195184,2498
TEK,ENSG00000120156,0.816,1.872,-1.06,7381,0.683,-0.008,0.19327731076195184,2499
FLT4,ENSG00000037280,1.246,2.039,-0.79,7454,0.824,-0.008,0.19327731076195184,2500
CDH23,ENSG00000107736,-0.072,1.328,-1.4,7657,0.485,-0.008,0.19327731076195184,2501
LRRC37B,ENSG00000185158,2.712,3.392,-0.68,7835,0.996,-0.008,0.19327731076195184,2502
TIE1,ENSG00000066056,2.755,3.434,-0.68,7626,0.975,-0.008,0.19327731076195184,2503
DLL1,ENSG00000198719,1.688,2.506,-0.82,7557,0.816,-0.008,0.19327731076195184,2504
TMEM204,ENSG00000131634,3.275,4.116,-0.84,7779,0.995,-0.009,0.1848739494244757,2505
VSTM4,ENSG00000165633,1.401,2.365,-0.96,7470,0.763,-0.009,0.1848739494244757,2506
CALHM2,ENSG00000138172,3.454,4.266,-0.81,7834,0.992,-0.009,0.1848739494244757,2507
TTYH2,ENSG00000141540,1.444,2.398,-0.95,7825,0.822,-0.009,0.1848739494244757,2508
CNR1,ENSG00000118432,-2.114,1.396,-3.51,7356,0.229,-0.009,0.1848739494244757,2509
PTGIR,ENSG00000160013,0.38,1.714,-1.33,7519,0.597,-0.009,0.1848739494244757,2510
FNDC4,ENSG00000115226,2.306,3.141,-0.83,7509,0.897,-0.009,0.1848739494244757,2511
LEPR,ENSG00000116678,1.171,2.144,-0.97,7718,0.794,-0.009,0.1848739494244757,2512
SLC12A4,ENSG00000124067,4.256,5.081,-0.83,7834,1.0,-0.009,0.1848739494244757,2513
PLXNA2,ENSG00000076356,2.556,3.363,-0.81,7770,0.965,-0.009,0.1848739494244757,2514
KIT,ENSG00000157404,0.919,2.029,-1.11,7318,0.658,-0.009,0.1848739494244757,2515
GABRG2,ENSG00000113327,-9.966,-6.506,-3.46,1952,0.116,-0.009,0.1848739494244757,2516
ITGA10,ENSG00000143127,-0.969,1.71,-2.68,7678,0.291,-0.009,0.1848739494244757,2517
CLDN15,ENSG00000106404,2.322,3.129,-0.81,7835,0.987,-0.009,0.1848739494244757,2518
LRP1,ENSG00000123384,5.483,6.29,-0.81,7835,1.0,-0.009,0.1848739494244757,2519
MAMDC4,ENSG00000177943,1.164,2.208,-1.04,7846,0.773,-0.009,0.1848739494244757,2520
TMEFF2,ENSG00000144339,-5.574,-1.884,-3.69,5026,0.168,-0.009,0.1848739494244757,2521
MOG,ENSG00000204655,-9.966,-3.816,-6.15,3354,0.089,-0.009,0.1848739494244757,2522
SCN4B,ENSG00000177098,0.402,1.762,-1.36,7104,0.579,-0.009,0.1848739494244757,2523
GAS1,ENSG00000180447,1.919,2.888,-0.97,7365,0.771,-0.009,0.1848739494244757,2524
TNFRSF25,ENSG00000215788,2.75,3.564,-0.81,7793,0.952,-0.009,0.1848739494244757,2525
SLC7A2,ENSG00000003989,1.74,2.791,-1.05,7356,0.737,-0.009,0.1848739494244757,2526
LTB4R,ENSG00000213903,1.753,2.621,-0.87,7835,0.927,-0.009,0.1848739494244757,2527
NKAIN3,ENSG00000185942,-9.966,-5.012,-4.95,2531,0.088,-0.009,0.1848739494244757,2528
RECK,ENSG00000122707,1.588,2.462,-0.87,7776,0.88,-0.009,0.1848739494244757,2529
PLXNB1,ENSG00000164050,5.254,6.094,-0.84,7826,0.997,-0.009,0.1848739494244757,2530
DLK1,ENSG00000185559,-6.506,-2.245,-4.26,5087,0.153,-0.009,0.1848739494244757,2531
CACNA1C,ENSG00000151067,0.586,1.96,-1.37,7376,0.628,-0.01,0.1764705880869995,2532
NPY1R,ENSG00000164128,-0.759,1.406,-2.17,7186,0.396,-0.01,0.1764705880869995,2533
GDPD5,ENSG00000158555,2.307,3.265,-0.96,7835,0.966,-0.01,0.1764705880869995,2534
SYNPR,ENSG00000163630,-9.966,-4.608,-5.36,2379,0.094,-0.01,0.1764705880869995,2535
GJA4,ENSG00000187513,2.678,3.596,-0.92,7411,0.976,-0.01,0.1764705880869995,2536
LRRN4CL,ENSG00000177363,-0.808,1.527,-2.34,6995,0.354,-0.01,0.1764705880869995,2537
PRIMA1,ENSG00000175785,-0.394,1.428,-1.82,6860,0.451,-0.01,0.1764705880869995,2538
SLC2A4,ENSG00000181856,-0.783,1.683,-2.47,7491,0.345,-0.01,0.1764705880869995,2539
SCARF1,ENSG00000074660,1.604,2.511,-0.91,7807,0.926,-0.01,0.1764705880869995,2540
ATP1B2,ENSG00000129244,-0.267,1.705,-1.97,7505,0.45,-0.01,0.1764705880869995,2541
BOC,ENSG00000144857,2.632,3.621,-0.99,7468,0.895,-0.01,0.1764705880869995,2542
SCNN1D,ENSG00000162572,0.688,1.997,-1.31,7811,0.661,-0.01,0.1764705880869995,2543
PDGFRB,ENSG00000113721,4.245,5.126,-0.88,7802,0.994,-0.01,0.1764705880869995,2544
THBD,ENSG00000178726,2.69,3.678,-0.99,7736,0.914,-0.01,0.1764705880869995,2545
CD34,ENSG00000174059,3.948,4.846,-0.9,7614,0.998,-0.01,0.1764705880869995,2546
VIPR1,ENSG00000114812,1.486,2.642,-1.16,7590,0.722,-0.01,0.1764705880869995,2547
CACNG7,ENSG00000105605,-9.966,-4.608,-5.36,2691,0.098,-0.01,0.1764705880869995,2548
TSPAN8,ENSG00000127324,0.688,2.248,-1.56,7230,0.57,-0.01,0.1764705880869995,2549
ITGA5,ENSG00000161638,4.888,5.746,-0.86,7836,0.999,-0.01,0.1764705880869995,2550
GRIK5,ENSG00000105737,-0.941,1.428,-2.37,7488,0.38,-0.01,0.1764705880869995,2551
TMEM132C,ENSG00000181234,-4.293,0.3,-4.59,6437,0.173,-0.01,0.1764705880869995,2552
SLC22A17,ENSG00000092096,3.412,4.386,-0.97,7773,0.939,-0.01,0.1764705880869995,2553
CLMP,ENSG00000166250,0.792,2.151,-1.36,7187,0.61,-0.01,0.1764705880869995,2554
EPHB6,ENSG00000106123,2.483,3.498,-1.02,7827,0.852,-0.01,0.1764705880869995,2555
RGR,ENSG00000148604,-9.966,-2.826,-7.14,4261,0.09,-0.01,0.1764705880869995,2556
PARM1,ENSG00000169116,2.755,3.709,-0.95,7541,0.88,-0.01,0.1764705880869995,2557
FZD4,ENSG00000174804,2.183,3.101,-0.92,7435,0.943,-0.01,0.1764705880869995,2558
SLC26A6,ENSG00000225697,3.045,3.95,-0.91,7835,0.997,-0.01,0.1764705880869995,2559
SEMA6D,ENSG00000137872,0.402,1.82,-1.42,7299,0.581,-0.01,0.1764705880869995,2560
STAB1,ENSG00000010327,4.443,5.372,-0.93,7791,0.999,-0.011,0.16806722674952335,2561
GHR,ENSG00000112964,0.19,1.888,-1.7,7355,0.531,-0.011,0.16806722674952335,2562
ACVRL1,ENSG00000139567,2.787,3.727,-0.94,7755,0.991,-0.011,0.16806722674952335,2563
GPR162,ENSG00000250510,0.865,2.17,-1.31,7778,0.717,-0.011,0.16806722674952335,2564
FCGR2C,ENSG00000244682,1.164,2.531,-1.37,7593,0.72,-0.011,0.16806722674952335,2565
GPER1,ENSG00000164850,0.723,2.192,-1.47,7798,0.644,-0.011,0.16806722674952335,2566
PTPRZ1,ENSG00000106278,-1.732,0.758,-2.49,6698,0.37,-0.011,0.16806722674952335,2567
NGFR,ENSG00000064300,1.396,2.824,-1.43,7571,0.69,-0.011,0.16806722674952335,2568
ADCY6,ENSG00000174233,3.621,4.549,-0.93,7620,0.988,-0.011,0.16806722674952335,2569
LRRC32,ENSG00000137507,3.622,4.577,-0.95,7726,0.992,-0.011,0.16806722674952335,2570
SIDT2,ENSG00000149577,4.223,5.155,-0.93,7835,1.0,-0.011,0.16806722674952335,2571
MPZ,ENSG00000158887,-0.028,1.942,-1.97,7834,0.494,-0.011,0.16806722674952335,2572
PTPRM,ENSG00000173482,4.054,5.004,-0.95,7770,0.996,-0.011,0.16806722674952335,2573
SLC43A1,ENSG00000149150,2.208,3.263,-1.05,7834,0.922,-0.011,0.16806722674952335,2574
LPL,ENSG00000175445,1.357,2.71,-1.35,7569,0.731,-0.011,0.16806722674952335,2575
TGFBR2,ENSG00000163513,4.451,5.419,-0.97,7835,0.998,-0.011,0.16806722674952335,2576
ABCC9,ENSG00000069431,0.276,2.071,-1.79,7429,0.557,-0.012,0.1596638654120472,2577
NAALADL1,ENSG00000168060,1.848,3.011,-1.16,7834,0.924,-0.012,0.1596638654120472,2578
GFRA1,ENSG00000151892,-0.619,1.774,-2.39,7320,0.433,-0.012,0.1596638654120472,2579
F3,ENSG00000117525,3.93,5.093,-1.16,7584,0.927,-0.012,0.1596638654120472,2580
AGER,ENSG00000204305,1.755,2.928,-1.17,7835,0.896,-0.012,0.1596638654120472,2581
TMEM255B,ENSG00000184497,1.774,2.878,-1.1,7799,0.946,-0.012,0.1596638654120472,2582
CNTNAP3B,ENSG00000154529,0.178,2.148,-1.97,7534,0.537,-0.012,0.1596638654120472,2583
CHL1,ENSG00000134121,0.152,2.022,-1.87,7136,0.522,-0.012,0.1596638654120472,2584
C14orf132,ENSG00000227051,0.904,2.42,-1.52,7455,0.663,-0.012,0.1596638654120472,2585
NTRK3,ENSG00000140538,-1.392,1.82,-3.21,7173,0.319,-0.012,0.1596638654120472,2586
TPCN1,ENSG00000186815,4.054,5.074,-1.02,7834,1.0,-0.012,0.1596638654120472,2587
GPM6B,ENSG00000046653,1.105,2.63,-1.53,7636,0.71,-0.012,0.1596638654120472,2588
SLC22A3,ENSG00000146477,0.357,2.233,-1.88,7268,0.542,-0.012,0.1596638654120472,2589
NLGN2,ENSG00000169992,2.881,3.985,-1.1,7759,0.966,-0.012,0.1596638654120472,2590
TMEM178A,ENSG00000152154,0.323,2.115,-1.79,7567,0.566,-0.012,0.1596638654120472,2591
NTRK2,ENSG00000148053,0.706,2.498,-1.79,7201,0.586,-0.012,0.1596638654120472,2592
NOTCH4,ENSG00000204301,2.404,3.48,-1.08,7813,0.993,-0.012,0.1596638654120472,2593
SEMA6C,ENSG00000143434,2.079,3.21,-1.13,7807,0.951,-0.012,0.1596638654120472,2594
CEACAM19,ENSG00000186567,1.385,2.705,-1.32,7728,0.83,-0.012,0.1596638654120472,2595
DDR2,ENSG00000162733,1.816,3.208,-1.39,7564,0.818,-0.013,0.15126050407457103,2596
LMBR1L,ENSG00000139636,4.318,5.487,-1.17,7835,1.0,-0.013,0.15126050407457103,2597
SLC2A3,ENSG00000059804,3.494,4.699,-1.2,7835,0.988,-0.013,0.15126050407457103,2598
SCN1B,ENSG00000105711,2.506,3.743,-1.24,7828,0.938,-0.013,0.15126050407457103,2599
ADCY2,ENSG00000078295,-0.664,1.812,-2.48,6968,0.43,-0.013,0.15126050407457103,2600
EDNRB,ENSG00000136160,1.753,3.146,-1.39,7625,0.817,-0.013,0.15126050407457103,2601
CLDN11,ENSG00000013297,0.688,2.583,-1.89,7563,0.613,-0.013,0.15126050407457103,2602
FLRT2,ENSG00000185070,0.713,2.454,-1.74,7327,0.624,-0.013,0.15126050407457103,2603
GPIHBP1,ENSG00000277494,-0.492,2.054,-2.55,7071,0.416,-0.013,0.15126050407457103,2604
AQP1,ENSG00000240583,5.485,6.6,-1.12,7835,0.998,-0.013,0.15126050407457103,2605
TFPI,ENSG00000003436,3.128,4.308,-1.18,7756,0.951,-0.013,0.15126050407457103,2606
LIFR,ENSG00000113594,1.736,3.208,-1.47,7424,0.79,-0.013,0.15126050407457103,2607
NEGR1,ENSG00000172260,-0.597,2.272,-2.87,7260,0.408,-0.014,0.14285714273709485,2608
NPR1,ENSG00000169418,1.145,2.727,-1.58,7439,0.764,-0.014,0.14285714273709485,2609
PLP1,ENSG00000123560,-2.635,2.154,-4.79,7591,0.26,-0.014,0.14285714273709485,2610
NRN1,ENSG00000124785,1.993,3.48,-1.49,7717,0.836,-0.014,0.14285714273709485,2611
SPNS2,ENSG00000183018,2.737,4.034,-1.3,7812,0.968,-0.014,0.14285714273709485,2612
ERVK13-1,ENSG00000260565,1.351,2.77,-1.42,7825,0.887,-0.014,0.14285714273709485,2613
SCARA5,ENSG00000168079,-2.388,3.124,-5.51,6780,0.226,-0.015,0.1344537813996187,2614
FGFR1,ENSG00000077782,4.45,5.793,-1.34,7835,0.983,-0.015,0.1344537813996187,2615
AGTR1,ENSG00000144891,-1.086,2.254,-3.34,6903,0.366,-0.015,0.1344537813996187,2616
STEAP4,ENSG00000127954,1.208,3.131,-1.92,7225,0.649,-0.015,0.1344537813996187,2617
CNTNAP1,ENSG00000108797,1.164,2.787,-1.62,7775,0.806,-0.015,0.1344537813996187,2618
ZDHHC11B,ENSG00000206077,0.24,2.597,-2.36,7462,0.552,-0.015,0.1344537813996187,2619
LYNX1,ENSG00000180155,2.519,4.057,-1.54,7692,0.878,-0.015,0.1344537813996187,2620
PILRB,ENSG00000121716,3.617,4.987,-1.37,7835,0.988,-0.015,0.1344537813996187,2621
CADM3,ENSG00000162706,-0.512,2.64,-3.15,7410,0.432,-0.016,0.1260504200621425,2622
NLGN4Y,ENSG00000165246,-4.035,-0.941,-3.09,4617,0.346,-0.016,0.1260504200621425,2623
ADCY5,ENSG00000173175,0.661,2.988,-2.33,7440,0.595,-0.016,0.1260504200621425,2624
LPAR1,ENSG00000198121,2.287,3.832,-1.54,7608,0.876,-0.016,0.1260504200621425,2625
ABCA6,ENSG00000154262,-0.338,2.998,-3.34,7574,0.43,-0.016,0.1260504200621425,2626
SLC7A6,ENSG00000103064,2.393,3.855,-1.46,7835,0.97,-0.016,0.1260504200621425,2627
GPR146,ENSG00000164849,1.674,3.205,-1.53,7831,0.898,-0.016,0.1260504200621425,2628
JAM3,ENSG00000166086,2.948,4.368,-1.42,7815,0.97,-0.016,0.1260504200621425,2629
GABRE,ENSG00000102287,1.84,3.729,-1.89,7474,0.739,-0.016,0.1260504200621425,2630
PDGFRA,ENSG00000134853,2.233,3.969,-1.74,7525,0.813,-0.016,0.1260504200621425,2631
S1PR1,ENSG00000170989,2.786,4.271,-1.49,7835,0.961,-0.016,0.1260504200621425,2632
ABCA5,ENSG00000154265,2.59,4.056,-1.47,7821,0.957,-0.016,0.1260504200621425,2633
NCAM1,ENSG00000149294,-0.15,2.766,-2.92,7688,0.481,-0.016,0.1260504200621425,2634
CA4,ENSG00000167434,-0.997,2.521,-3.52,7551,0.405,-0.016,0.1260504200621425,2635
SLCO4A1,ENSG00000101187,1.872,3.757,-1.88,7786,0.789,-0.017,0.11764705872466634,2636
NPR2,ENSG00000159899,2.571,4.088,-1.52,7779,0.969,-0.017,0.11764705872466634,2637
PEAR1,ENSG00000187800,0.624,2.808,-2.18,7687,0.675,-0.017,0.11764705872466634,2638
JAM2,ENSG00000154721,1.795,3.482,-1.69,7556,0.852,-0.017,0.11764705872466634,2639
SGCA,ENSG00000108823,-0.216,2.932,-3.15,7648,0.46,-0.017,0.11764705872466634,2640
CD36,ENSG00000135218,2.538,4.291,-1.75,7816,0.859,-0.017,0.11764705872466634,2641
AOC3,ENSG00000131471,2.574,4.264,-1.69,7823,0.881,-0.017,0.11764705872466634,2642
GYPC,ENSG00000136732,4.228,5.752,-1.52,7835,0.998,-0.017,0.11764705872466634,2643
TGFBR3,ENSG00000069702,1.945,3.682,-1.74,7768,0.884,-0.017,0.11764705872466634,2644
NFASC,ENSG00000163531,1.19,3.237,-2.05,7467,0.726,-0.017,0.11764705872466634,2645
PI16,ENSG00000164530,-1.595,2.862,-4.46,7607,0.345,-0.018,0.10924369738719018,2646
CNTFR,ENSG00000122756,-0.969,2.991,-3.96,7174,0.398,-0.019,0.10084033604971401,2647
ROBO3,ENSG00000154134,1.96,3.844,-1.88,7826,0.915,-0.019,0.10084033604971401,2648
ATP1A2,ENSG00000018625,-1.392,3.885,-5.28,7614,0.312,-0.019,0.10084033604971401,2649
LYVE1,ENSG00000133800,0.264,3.377,-3.11,7556,0.556,-0.02,0.09243697471223784,2650
TSPAN7,ENSG00000156298,3.493,5.301,-1.81,7766,0.966,-0.02,0.09243697471223784,2651
RGMA,ENSG00000182175,1.718,4.138,-2.42,7632,0.737,-0.02,0.09243697471223784,2652
PTH1R,ENSG00000160801,0.19,3.413,-3.22,7394,0.54,-0.02,0.09243697471223784,2653
MRGPRF,ENSG00000172935,1.171,3.465,-2.29,7367,0.73,-0.02,0.09243697471223784,2654
PKD1,ENSG00000008710,4.41,6.245,-1.84,7835,0.998,-0.021,0.08403361337476166,2655
IL11RA,ENSG00000137070,2.862,4.828,-1.97,7835,0.989,-0.022,0.07563025203728552,2656
BTNL9,ENSG00000165810,1.05,3.817,-2.77,7534,0.691,-0.022,0.07563025203728552,2657
ABCA8,ENSG00000141338,0.112,3.913,-3.8,7518,0.516,-0.023,0.06722689069980935,2658
ACKR1,ENSG00000213088,2.42,4.986,-2.57,7795,0.819,-0.024,0.05882352936233317,2659
ADAM33,ENSG00000149451,-0.32,4.349,-4.67,7493,0.444,-0.024,0.05882352936233317,2660
GABBR1,ENSG00000204681,2.954,5.33,-2.38,7835,0.941,-0.025,0.05042016802485699,2661
GP2,ENSG00000169347,-9.966,-0.216,-9.75,5508,0.215,-0.028,0.025210084012428496,2662
ITGA7,ENSG00000135424,2.669,5.501,-2.83,7833,0.969,-0.031,0.0,2663
