gene,AML,Adrenocortical,Bladder,Breast,Cervical,Cholangiocarcinoma,Colorectal,DLBCL,Esophageal,Glioblastoma,Head&Neck,Kidney Chromophobe,Kidney Clear Cell,Kidney Papillary,Liver,Low Grade Glioma,Lung Adeno,Lung Squamous,Melanoma,Mesothelioma,Ovarian,Pancreatic,Pheochromocytoma,Prostate,Sarcoma,Stomach,Testicular,Thymoma,Thyroid,Uterine,Uterine Carcinosarcoma,Uveal Melanoma
ILDR1,0.0417,-0.0973,0.0226,0.6875,1.4387,1.6081,1.0221,0.1858,1.6031,0.0,0.4065,0.5763,-0.0498,0.3473,0.0833,0.0,0.5563,0.4609,-0.0147,-0.0534,1.793,0.3996,-0.0,0.6217,0.0109,1.4496,-0.0273,0.1368,0.3921,1.8136,0.551,-0.0
CLDN3,0.0112,0.3009,0.2224,0.3379,0.7128,0.5273,0.7065,0.0101,1.0917,-0.0008,-0.0133,-0.3052,-0.0519,0.6567,0.1221,-0.0036,0.6346,-0.1831,-0.0912,0.0029,1.752,-0.1072,0.0,0.5519,0.0327,1.5686,0.2289,0.1853,0.1293,2.0858,1.3674,-0.0345
PRSS8,-0.0094,-0.0363,0.5187,0.5491,1.4451,0.6031,0.6088,-0.0157,1.3332,-0.0,0.6384,0.1917,-0.1772,0.0938,-0.1864,-0.0016,0.2633,-0.0245,-0.2712,-0.263,1.1933,0.2692,-0.0114,0.4288,-0.0015,0.034,0.9175,0.5223,0.1289,1.7214,1.1601,-0.0469
CLDN4,-0.0,0.0967,0.3197,0.3163,1.2938,1.4061,0.7984,-0.013,1.3114,0.0068,1.12,0.188,-0.0393,0.411,0.2327,-0.0068,0.3764,0.1913,-0.4405,-0.0617,1.1596,0.5038,-0.0074,0.3646,0.2088,1.1658,0.49,0.0443,0.2755,1.3838,1.0005,-0.0659
CDH1,0.1742,-0.0105,0.3333,0.4712,1.3295,0.6168,0.7917,-0.0219,1.5472,0.101,0.8095,0.5164,0.14,0.088,0.1856,0.1336,0.4287,0.4263,-0.1386,0.4559,0.8065,0.3218,-0.01,0.353,0.088,0.3161,1.0154,0.5677,0.2205,1.3844,1.0094,0.7192
EPCAM,-0.1624,-0.0507,0.4421,0.6705,1.3237,1.4449,0.7534,0.0386,1.3744,-0.0653,0.3465,0.1238,-0.2506,0.027,-0.0068,-0.1119,0.5411,0.3294,-0.1104,-0.2343,1.1723,0.4672,0.0048,0.5814,0.0439,0.554,0.5113,0.1372,0.1931,1.7471,1.3707,-0.1297
SDC1,0.13,0.2998,0.2707,0.6554,1.0421,0.0232,0.6633,-0.0331,1.2414,0.6621,1.1244,-0.2253,-0.0097,0.1327,0.0751,0.1691,0.3797,0.535,-0.7716,0.2793,0.4524,0.8322,-0.3292,-0.0679,1.2806,0.453,0.32,0.354,0.3945,1.0776,1.0362,-0.0287
CD24,-0.5276,-0.0677,0.4694,0.5399,0.5926,1.0222,0.8615,0.1347,0.9882,0.5337,0.6539,0.0574,0.3351,0.442,0.4949,0.751,0.5477,0.5601,-0.4807,-0.3437,1.1592,-0.0069,1.5171,0.3219,0.5895,0.2951,0.7526,-0.3952,0.0476,1.1585,0.8674,-0.114
CRB3,0.0,-0.0014,0.2811,0.4671,1.1807,0.4059,0.6029,0.1679,0.7355,-0.0,0.7068,0.2185,0.0562,0.1497,0.0868,-0.0005,0.1511,0.0229,-0.1453,0.1857,0.906,0.1803,-0.002,0.2944,0.0091,0.1585,0.6292,0.0932,0.1645,1.2086,0.6537,-0.0299
TACSTD2,-0.031,-0.0232,0.3444,0.1774,1.3798,0.8465,0.4388,-0.0106,1.1132,0.0065,1.2581,-0.435,-0.538,0.1518,-0.0617,-0.0077,0.2327,0.3162,-0.5093,-0.1248,0.8919,0.4819,0.0212,0.3094,0.1067,0.6611,0.2036,0.1771,0.9571,1.0828,0.4387,-0.0
CLDN7,-0.1022,-0.254,0.2466,0.3158,1.1812,0.6508,0.4336,-0.0266,0.7846,0.332,0.5145,0.0828,-0.2072,0.2077,0.2154,0.0836,0.1829,0.032,-0.2718,-0.1183,0.8336,0.2992,-0.1676,0.2302,0.1562,1.0565,0.6054,0.1441,0.2067,1.0962,0.6205,-0.2622
RAET1L,0.0,0.0307,0.3438,0.1431,1.7664,0.3114,2.7974,0.0,2.6252,0.0312,6.656,-0.0328,-0.0014,0.1597,0.0,0.0,0.2512,5.4341,-0.2589,0.1496,0.0917,1.6401,0.0,0.0016,0.0,1.3935,-0.0793,0.0,0.092,0.9644,0.2225,0.0
CDH3,0.0051,-0.0042,0.5986,0.1613,0.5429,0.442,1.3429,0.0064,1.2745,-0.0272,1.3466,-0.1662,-0.1493,-0.1682,0.0067,0.0434,0.7156,0.9788,0.0623,0.8507,-0.123,1.3152,-0.0023,-0.0329,0.6434,0.7894,0.7799,0.988,0.9003,0.2249,0.2175,0.0618
IGSF9,0.0107,-0.0133,0.3397,0.4424,1.0955,-0.1085,0.3145,-0.0292,1.3203,0.1169,0.7486,0.0406,-0.0135,-0.0171,-0.3141,0.0265,0.6518,1.0086,-0.1398,0.811,0.8243,0.515,-0.0073,-0.0852,0.1867,0.0594,-0.344,0.6018,0.0915,0.7723,0.7811,-0.023
LAMP3,-0.0192,0.1422,0.5117,0.5142,1.1852,0.7878,0.637,0.4588,1.3016,0.1633,1.2682,0.3726,0.5445,0.0744,0.1679,0.0129,-0.272,-0.3211,0.0509,0.5298,1.0793,0.2882,0.0605,0.1235,0.4255,1.0827,-0.4765,0.8573,0.429,0.7627,0.5224,-0.0108
TREM2,0.1792,0.0022,0.2021,0.5635,0.8384,1.1465,0.5023,0.6364,0.6483,0.9386,0.7789,0.5715,1.0697,1.0652,0.728,0.7342,0.1919,0.0356,1.0285,1.0649,0.5532,0.861,-0.0288,0.278,1.411,0.7768,0.852,0.4408,0.6535,0.7187,0.776,0.3659
SERINC2,-0.1,-0.0708,0.2007,0.3455,1.0164,0.2251,0.5428,0.0405,1.0243,0.6606,0.7004,0.0536,0.0706,0.209,0.1189,0.2251,0.3982,0.3082,-0.2449,0.0595,0.7882,0.6193,-0.359,0.202,-0.3661,0.3251,0.1479,0.4046,0.3006,1.1217,0.8691,0.1548
GJB2,-0.0072,-0.064,0.7976,0.8906,1.1601,-0.1957,0.6936,0.4142,1.1055,0.3125,1.7248,-0.0835,0.4228,0.3329,-0.0328,-0.027,0.8537,1.4084,-0.4041,0.7366,0.6285,1.1665,-0.0051,0.2895,0.298,0.8204,-0.0739,0.719,0.2626,0.5821,0.4902,0.3882
CCR8,0.1886,0.0,0.5481,2.4564,0.6186,0.0,0.8806,0.0953,1.7004,0.0,3.2485,0.1064,0.4682,0.0156,0.0883,0.0,0.8644,0.5822,0.6238,0.3976,0.4535,1.4467,0.0,0.1033,0.2684,2.4299,2.947,3.1768,0.4037,0.278,0.0771,0.0
VTCN1,0.0,-0.0137,0.1873,0.3405,0.8522,2.0689,0.0585,0.0,1.8592,0.0112,0.333,-0.0723,-0.1768,-0.0398,-0.0697,0.0371,0.7082,1.6129,-0.0152,-0.0,1.8629,-0.007,0.0,-0.0011,0.0068,0.3256,-0.2049,-0.0137,0.415,2.3578,1.0556,-0.0
SLC44A4,-0.057,-0.2453,-0.0575,0.665,0.1597,0.1357,0.525,0.0004,0.6862,0.0016,-0.1573,-0.3624,-0.3742,0.373,0.0139,0.0004,0.4181,-0.2303,-0.0166,-0.0556,0.5375,0.9796,-0.2248,0.3333,0.2415,0.1475,-0.1153,-0.0944,-0.1191,0.5846,0.1695,-0.0
DSG2,-0.1495,0.1671,0.0738,0.187,1.1887,0.7764,0.6697,0.0597,1.0371,0.1642,0.5327,0.7763,0.4231,0.4508,0.1076,-0.0162,0.5392,0.727,-0.1292,0.3816,0.4393,0.5181,-0.0248,0.369,0.2903,0.5455,0.6037,0.261,0.2951,0.6678,0.4167,-0.1754
CEACAM6,0.088,-0.0,0.914,1.133,1.7782,1.5965,1.7718,-0.0322,1.8204,-0.0082,1.6488,-0.0,-0.0043,-0.0232,-0.0544,-0.0179,0.4665,-0.5603,-0.2192,-0.0492,0.1907,1.9898,-0.0,0.0607,-0.0928,2.1227,0.9116,-0.0537,0.4625,0.3635,0.2136,-0.0
TSPAN1,0.0027,-0.2623,-0.1555,0.5574,0.6843,0.2764,0.4746,0.0095,0.7359,0.085,0.3246,-0.3912,-0.2264,0.2394,-0.0582,0.0006,0.4022,0.2367,-0.1386,-0.1036,0.4662,1.2363,-0.1604,0.42,0.0061,0.1367,-0.3273,-0.1803,0.0537,0.9842,0.3144,-0.11
CLDN1,-0.0,-0.2386,0.252,0.1183,1.1921,0.4073,1.0986,0.0044,0.9175,0.0332,0.8744,-0.1847,0.2917,0.6571,0.0954,-0.0193,0.3908,0.8726,-0.7165,0.5184,0.1366,0.3738,-0.214,0.0087,0.1854,1.0977,-0.0481,0.1841,0.8541,-0.36,-0.3671,-0.0388
SEZ6L2,-0.0081,0.2662,0.4977,0.4723,0.4449,1.4622,0.4489,0.0981,0.935,-0.0811,0.2257,-0.104,0.646,0.8729,0.4627,0.0594,0.5478,0.3536,0.466,0.6637,0.5896,0.3729,0.7872,0.4476,0.6732,0.2787,0.0372,-0.0845,0.5143,0.5191,0.4983,0.6231
SLC6A14,0.0,0.0,0.2295,-0.1252,1.8107,0.9831,1.4193,0.0,1.939,0.0,2.0575,0.0,0.0,0.0,0.0,0.0,0.3376,-0.2131,-0.1885,0.0,0.0123,2.9819,0.0,0.4092,0.0,1.9331,-0.0502,-0.0195,0.2905,0.7813,0.1567,-0.0
EFNA2,-0.0283,0.5316,0.0098,0.0628,0.269,-0.3139,0.784,0.0,0.5874,0.3557,0.029,-0.0334,-0.0209,0.0,-0.2788,0.4109,0.3745,0.1933,0.2364,0.4983,0.3188,2.366,0.0879,0.1492,0.0187,3.4165,0.4578,0.0,0.0029,0.1679,0.7152,1.2569
CDCP1,-0.0949,-0.02,0.2628,0.3971,1.0507,1.1167,0.5474,0.1295,0.898,0.5303,0.8121,0.4775,0.1606,0.2504,0.0198,0.0772,0.3093,0.4119,-0.3544,0.5469,0.7661,0.5762,-0.0266,0.0636,0.4258,0.4377,0.3644,-0.0921,0.1643,0.2995,-0.0738,-0.0
F2RL1,0.3722,-0.0447,-0.0251,0.2864,0.9892,0.5496,0.6433,-0.0212,1.2371,0.5738,0.6951,-0.111,0.2678,0.3718,0.0858,0.269,0.3136,0.377,-0.296,0.2076,0.7388,0.468,-0.0348,0.4509,0.3947,0.3951,0.9907,-0.0781,0.2176,1.096,0.8117,-0.0114
SPINT2,0.5555,-0.2279,0.3016,0.4327,0.6037,1.1182,0.5502,0.2394,0.9877,-0.2504,0.4843,0.1203,0.1016,0.2139,-0.032,-0.2091,0.3018,0.3135,-0.8307,0.0391,0.5848,0.4601,0.2565,0.2825,0.808,0.2345,-0.0623,0.3774,0.1468,0.9927,0.792,-0.7025
CELSR1,0.3029,-0.0751,0.2086,0.4859,0.4629,0.4326,0.4456,0.157,0.6009,0.4976,0.6659,-0.3003,0.1328,0.1721,0.0249,0.0493,0.1202,0.162,-0.1427,0.2103,0.5781,0.777,-0.0087,-0.1582,0.3447,0.0168,0.1536,0.2325,-0.0392,0.6254,0.2808,0.1885
MS4A15,-0.0,0.2443,0.2624,1.9753,0.0631,0.0,0.1915,0.1672,0.3187,0.0,0.0747,0.0,0.0,0.0,0.0,0.0,-1.0943,-0.8365,0.1518,0.0,0.4608,0.0028,0.0,0.052,0.1331,0.4066,-0.0633,0.3729,0.1012,0.5322,1.7238,0.0196
GPR160,0.0309,0.1562,0.0662,0.4188,0.5015,0.6205,0.5516,-0.0759,0.7359,0.3986,0.0164,0.1995,0.172,0.2389,0.1205,0.1681,0.3221,0.0927,0.1449,-0.0069,0.6358,0.2386,0.0526,0.4745,0.3222,0.2854,0.3355,0.2257,0.0312,0.7693,0.4631,-0.1002
GJB1,-0.0,-0.0307,-0.1075,0.0186,0.0,0.0007,1.0277,-0.0122,0.4214,-0.0696,-0.0374,-0.3478,-0.002,0.2318,0.1552,0.1067,0.7436,-0.0095,1.68,-0.0219,1.1294,-0.0389,-0.0066,0.9499,-0.0246,0.3426,-0.4734,-0.0,-0.0205,1.5526,0.3532,0.4701
CXADR,0.0539,-0.0848,0.12,0.3491,1.022,0.3264,0.5911,-0.0,1.1482,0.3631,0.6087,0.1017,0.2855,0.4387,0.2166,0.2332,0.3595,0.4952,-0.3428,0.566,0.7519,0.3094,-0.043,0.2841,0.196,0.2903,0.2381,-0.0228,0.2547,0.6031,0.2795,-0.0847
CXCR3,0.4384,-0.0197,0.1456,0.7321,0.4849,0.2841,0.382,0.4614,0.4099,0.0972,0.4338,0.0217,0.9868,0.2912,0.1906,0.0116,0.4298,0.1811,0.8924,0.6758,0.4129,0.9317,-0.0008,0.0718,0.6562,0.6455,0.9531,1.0364,0.201,0.3256,0.0467,0.0152
SCNN1A,0.2556,-0.2089,-0.2192,0.1157,0.7609,0.2795,0.4414,-0.025,0.8488,-0.0009,0.1786,0.346,-0.6499,0.0328,-0.187,-0.0003,0.0477,-0.1997,-0.2181,0.2463,0.6293,0.3433,-0.0999,-0.2146,0.0426,-0.0951,0.0832,-0.3047,-0.1623,0.7365,0.0799,-0.0818
SLC34A2,-0.0036,-0.0,0.0,-0.0865,0.3523,1.6842,-0.0256,-0.0126,0.6267,0.2052,0.141,-0.1352,-0.0332,1.0118,-0.1065,0.0041,0.1334,-0.8046,-0.0518,1.0077,2.0071,0.4173,-0.0,0.1462,-0.0117,0.4821,-0.1959,0.352,1.2553,2.2004,1.1201,-0.0415
SLAMF7,0.3599,0.0039,0.1292,0.4083,0.5214,0.1517,0.1374,0.2923,0.6111,0.1704,0.6228,0.1459,0.8729,0.3913,0.036,0.0217,0.3159,0.2271,0.647,0.4985,0.1893,0.9007,0.0234,0.0943,0.5447,0.4825,1.3571,0.4217,0.1351,0.2569,0.0308,-0.0163
FOLR1,-0.0,-0.0581,0.0635,-0.1582,0.2377,1.2298,0.2744,-0.0056,0.1599,0.5332,-0.0024,-0.5845,0.0632,0.0801,0.0908,0.1778,0.0153,-0.6318,-0.0998,-0.0393,1.7864,0.5569,-0.003,-0.0542,0.1072,-0.2897,0.694,0.1308,0.0446,1.587,1.1935,-0.074
FCAMR,0.0,0.0,0.0726,0.076,0.0235,-0.1284,0.3835,0.1985,0.5478,0.0139,0.0536,-0.0,-0.2427,0.0871,-0.1155,0.0,0.1196,0.1055,0.2054,0.0551,0.0047,0.3292,0.0,0.009,0.0,1.3412,-0.0598,0.1421,0.1146,0.0125,0.0,0.0
OLR1,0.2588,-0.0001,0.2862,0.7025,0.6977,0.7542,0.3973,0.008,0.5118,0.6075,0.3143,0.0423,0.4887,0.4674,0.0366,0.4931,-0.3543,-0.549,0.3381,1.0021,0.5974,0.9116,0.0384,0.1115,0.2409,0.4653,-0.2498,0.0319,0.4063,0.3256,0.1606,-0.0222
UNC93A,0.0,0.0,0.0,0.0,0.0592,-0.2069,0.9029,0.0,0.9673,0.0,1.8794,-0.0,-0.0691,0.0,0.0858,0.0,0.1981,0.2215,-0.3119,0.0,0.6539,0.2198,0.0,0.0921,0.0,2.0237,0.7663,1.4353,0.0,1.1967,0.9316,0.0
PTK7,0.5755,-0.0842,0.1612,0.24,-0.0004,0.9699,0.3682,0.1076,0.4529,0.5498,0.5142,-0.0336,0.0159,0.2494,0.2052,0.4034,0.1023,0.0969,-0.0429,0.4433,-0.1285,0.5602,0.6301,0.0426,1.3233,0.2161,0.0611,0.5524,0.1045,-0.0536,0.0346,0.2728
CACNG4,0.1084,-0.0095,0.0134,0.8069,0.2906,0.7334,0.0841,-0.0,0.1384,0.3322,0.1496,-0.0,0.0,-0.0014,0.1232,0.5469,-0.1583,-0.272,-0.0665,1.321,1.3718,0.731,1.9166,0.1252,0.6782,-0.1006,0.1268,-0.0079,0.3902,0.4463,1.1611,-0.009
TNFRSF9,-0.0252,0.0556,0.2391,0.5396,0.6295,0.2524,0.3829,1.0023,1.2649,0.1047,1.1508,-0.002,0.9139,0.1077,0.0793,0.0043,0.5817,0.385,0.9749,1.1932,0.6495,0.5545,-0.0,0.022,1.2642,1.225,0.6834,0.4667,0.1311,0.2019,0.1181,-0.0695
SLC12A8,0.0082,-0.0753,0.3465,0.4797,0.4926,0.3684,0.5073,0.4551,0.8215,0.1743,0.4,0.0756,0.0455,0.3978,0.0849,0.0768,0.2528,0.3654,-0.0518,0.8851,0.6991,0.2641,-0.0275,0.2771,0.7595,0.3642,-0.1519,-0.0758,-0.0528,0.6145,0.484,-0.0207
ABCA12,0.0,-0.0,0.429,0.9564,1.909,0.6012,-0.0006,-0.0165,2.2897,0.0049,3.2902,-0.0058,0.8589,1.262,0.0,0.0034,1.3472,2.3639,-0.2411,0.1036,0.0015,0.6715,0.0038,-0.0036,0.0061,0.4757,-0.0275,0.0113,0.0017,0.1132,0.0347,0.0
GPR39,0.0,0.0,0.0749,0.4466,0.5374,0.4094,0.6885,0.0,0.6617,0.0823,0.4883,-0.0574,0.2229,0.4554,0.0884,0.0085,0.3253,-0.1883,-0.031,0.09,0.7098,0.4499,0.0845,-0.0025,0.5938,0.1936,-0.2707,-0.0111,0.1226,1.1093,0.5472,-0.0
CD2,0.6939,-0.0555,0.0468,0.5161,0.3762,0.3205,0.0321,0.2806,0.3864,0.4502,0.4335,0.0214,0.8731,0.4774,0.2126,0.0511,0.134,-0.0013,0.6382,0.438,0.1814,0.7375,0.0351,0.1067,0.6801,0.3629,0.6491,1.1996,0.1019,0.2846,-0.0072,-0.0952
GPRC5A,-0.0028,-0.0122,0.0815,0.6986,0.302,0.4716,0.7166,-0.0098,0.8451,0.5888,0.4531,0.06,-0.1703,-0.0724,-0.0114,0.0225,-0.0092,-0.3534,0.0184,0.5888,0.0919,1.2827,-0.1224,0.0243,0.5193,0.8369,0.9116,-0.1429,0.1763,0.2728,0.0497,-0.2013
PIGR,-0.0217,-0.0094,-0.2267,-0.2746,0.0933,-0.1011,0.5769,0.4762,0.7523,0.002,-0.0143,-0.4338,-0.3493,0.7429,0.16,0.0072,0.1001,-0.3865,-0.0172,-0.0425,0.0043,0.9342,-0.0,0.4947,-0.0102,0.4309,-0.0414,-0.0657,0.0571,1.0158,-0.025,-0.0
CD3D,-0.2717,-0.0382,0.1438,0.3583,0.5922,0.4244,0.0639,0.4691,0.4,0.4028,0.4978,0.0256,0.7986,0.4451,0.3175,0.0482,0.1606,0.0392,0.5424,0.4809,0.0826,0.7971,0.0791,0.1252,0.5716,0.3637,0.8587,1.5693,0.1127,0.3329,-0.0037,-0.0831
HLA-DQB2,0.312,-0.0373,0.2599,0.3318,0.4993,0.8448,0.0849,0.5419,0.3065,0.7732,0.5664,0.1872,0.6787,0.3009,0.2581,0.1125,0.2209,-0.079,-0.3181,0.3074,0.4954,1.029,0.2092,0.2417,0.4047,0.6032,0.5321,0.6878,0.5799,0.164,0.0894,-0.0704
PROM2,0.1971,-0.0,0.026,0.2636,0.7041,0.533,0.0078,-0.0074,0.71,-0.0516,0.7591,0.0958,-0.2981,-0.1844,-0.0377,-0.0504,0.5926,0.6778,-0.2054,-0.1473,0.505,0.4054,-0.0036,-0.0856,-0.0084,0.0267,-0.0821,0.016,0.0635,0.3257,-0.0689,-0.0121
TMEM184A,0.3328,0.3601,-0.2268,0.1408,0.6771,0.0426,0.2715,-0.0,0.7551,-0.0017,0.4397,-0.0051,-0.1577,-0.0946,-0.2557,-0.001,0.3327,0.1912,-0.1257,-0.0646,0.3987,-0.0811,-0.0061,-0.0483,-0.116,0.1064,-0.2728,-0.1014,0.1939,0.6116,0.1039,-0.0138
DSC2,-0.1522,-0.0483,0.3201,0.2212,1.2333,0.3981,0.4239,-0.0706,1.0248,0.0987,1.056,0.2802,0.3339,0.2584,0.0432,0.0317,0.287,0.598,-0.1684,0.2473,0.7519,0.3577,-0.0168,0.4555,0.3551,0.4806,0.6408,0.2743,0.3069,0.7446,0.5389,-0.0202
LYPD6B,0.1107,-0.0172,0.2989,0.3819,0.6297,1.3764,0.5038,-0.0697,1.0967,-0.0614,0.5702,0.0474,-0.1065,-0.0885,-0.0661,-0.0577,0.1956,0.6876,-0.2269,-0.0686,1.1282,0.3735,0.0033,-0.114,0.1121,-0.2856,-0.7307,0.127,-0.0029,0.93,1.1072,-0.0343
FCGR1A,0.5925,-0.0666,0.3173,0.5805,0.5219,0.5885,0.2632,0.1793,0.4225,0.703,0.2836,0.0551,0.5834,0.3641,0.3026,0.5562,0.0884,-0.0358,1.0961,0.8194,0.3391,0.7045,0.0271,0.0262,1.1897,0.5169,0.2016,0.1917,0.2568,0.5574,0.5806,0.0123
MUC1,0.1081,-0.2054,0.2378,0.4334,0.4019,1.1303,0.2464,0.1004,0.1416,0.447,-0.0164,-0.0826,-0.3476,-0.194,-0.0136,0.2501,0.1675,-0.4211,-0.2879,0.1076,0.6145,0.5328,-0.1465,-0.2553,0.6794,-0.1705,-0.7519,-0.5313,0.0865,0.6597,0.1762,-0.6293
GJB3,0.0071,-0.0034,0.5217,0.0349,1.7546,0.9382,1.1625,0.0042,1.5481,-0.0133,1.8549,-0.0103,-0.0275,0.2178,-0.0459,-0.0024,0.3387,1.2181,-0.2755,-0.0118,0.7541,1.6233,-0.0133,-0.1458,0.0,0.9257,-0.0776,0.1619,0.9751,0.7383,0.3569,-0.0
RNF43,0.4793,-0.1308,-0.0,0.2554,0.6175,0.1969,0.9271,-0.0102,0.9855,-0.0568,0.2872,0.1104,-0.0946,0.1431,0.095,-0.0631,0.3296,0.3483,-0.0662,-0.1566,0.4207,0.2159,-0.203,0.0723,0.0211,0.3699,0.007,0.2698,0.0899,0.6567,0.3691,-0.0912
SLCO1B3,0.0,0.0,0.4064,0.0,-0.0358,-0.9648,1.2249,-0.0,1.7532,0.0,1.7902,0.0,0.0,0.0,-0.9592,0.0,0.3507,0.8317,0.0,-0.0178,0.1284,0.8141,0.0,0.1387,0.0,0.4463,-0.1152,-0.0131,-0.0,0.0888,0.0,-0.0
HLA-DQA2,0.5709,-0.0615,0.1458,0.315,0.3265,0.6758,0.0713,0.4728,0.2664,0.7279,0.4204,-0.0174,0.517,0.1539,0.4296,0.2346,0.1097,-0.0747,0.1829,0.4572,0.3059,0.9792,0.1425,0.2676,0.596,0.4871,0.5338,0.5455,0.387,0.1442,0.096,-0.0584
LRP2,0.0057,0.0,0.0443,0.218,-0.0421,-0.0631,0.012,0.0116,0.0527,-0.0714,0.0,-0.1708,0.6129,0.4785,-0.1105,0.0349,-0.157,-0.2538,1.0359,2.8851,0.8114,0.0185,0.0,0.0032,0.0087,0.0223,-0.1493,0.0628,-0.3872,0.6432,0.9239,0.5362
FPR3,-0.0357,-0.1992,0.1039,0.447,0.2908,0.4368,0.1371,0.4723,0.3167,0.9803,0.4304,0.1317,0.833,0.376,0.2333,0.409,0.1122,0.0051,0.5653,0.5379,0.4136,0.6806,-0.1479,0.1273,0.9266,0.6101,0.5561,0.2452,0.2047,0.1804,0.2334,-0.0191
HLA-DQA1,0.8255,-0.1276,0.1307,0.3003,0.2147,0.6514,0.1322,0.4716,0.2804,0.98,0.3707,0.0767,0.727,0.3999,0.4819,0.5019,0.1028,-0.0851,0.4057,0.4832,0.4286,0.9718,0.134,0.2206,0.7704,0.663,0.9203,0.506,0.2968,0.1296,-0.0306,-0.0669
TMPRSS13,0.031,-0.0072,0.2206,0.283,1.0663,0.6519,0.5175,0.0439,0.6906,-0.0,1.1141,0.0345,0.0005,-0.0057,-0.0075,0.0,0.4336,0.4735,-0.3888,-0.0065,0.5291,0.0822,-0.0,-0.0127,0.0099,0.0683,0.1061,0.1048,-0.1915,0.9387,0.245,0.0496
FCGR3A,0.2583,-0.3642,0.0801,0.3994,0.5732,0.2526,0.3553,-0.4722,0.386,0.843,0.3365,0.2151,0.7704,0.3945,0.0714,0.4033,-0.0281,-0.1146,0.9411,0.7114,0.3966,0.7754,-0.2332,0.0427,0.9643,0.5888,0.6924,0.134,0.2475,0.3715,0.4225,-0.1109
CD1A,0.1082,0.0,0.502,0.3756,2.396,1.2864,0.1256,0.0794,0.6567,0.0975,3.3753,0.0,0.1519,0.1279,0.067,0.0,0.9247,0.5428,-0.2611,0.0305,0.3489,2.3015,0.0,0.0162,0.044,0.4749,-0.0103,6.8184,1.1927,0.5874,0.3574,0.0
CD52,-0.1415,0.0735,0.2263,0.3168,0.5436,0.3872,-0.0337,0.2851,0.1716,0.3863,0.3317,0.1,0.7655,0.6095,0.2309,0.0479,-0.1922,-0.36,0.3907,0.4282,0.4807,0.9479,0.1476,0.2098,0.7231,0.4371,1.1003,1.077,0.363,0.3288,0.1034,-0.2306
TMEM132A,0.0347,0.4093,0.6377,0.461,0.4556,1.1031,0.3142,0.331,0.4249,0.1231,0.5232,-0.0086,0.1628,0.269,0.2851,0.0902,0.185,0.3969,0.2477,0.5101,0.2931,0.6075,0.0513,0.2146,0.7543,-0.0242,0.3664,-0.0173,-0.0514,0.5647,0.5068,-0.099
ITGB6,0.0143,-0.0097,0.1318,0.315,1.0046,0.2953,0.4043,-0.0023,0.8772,0.0778,0.7669,-0.3441,-0.2741,0.0367,0.0111,0.1759,0.1792,-0.0039,-0.0552,-0.061,0.3614,0.5196,-0.0017,-0.113,-0.1664,0.286,-0.6746,-0.0523,0.0239,0.4388,0.3666,-0.0
TNFSF15,0.0527,-0.0543,-0.1291,0.2022,0.3097,1.1202,0.3105,0.1404,0.6067,0.004,0.1124,0.1653,-0.0585,-0.0821,0.0422,0.0006,0.2266,-0.0827,0.032,0.1328,0.2371,0.5795,-0.0055,0.0,0.2163,0.5949,0.2901,0.0057,0.3702,0.3359,0.1667,-0.0
CD48,0.3404,-0.0392,0.0219,0.4131,0.2884,0.2926,-0.0136,0.1462,0.2548,0.7829,0.2657,0.1032,0.7482,0.4951,0.1917,0.1679,0.0172,-0.0774,0.6367,0.4594,0.3707,0.7626,0.0798,0.1202,0.8221,0.4186,0.5664,0.8321,0.1143,0.2386,0.1725,-0.0957
ZP3,0.1846,0.2613,0.4089,0.3632,0.3533,0.6659,0.4879,0.1625,0.1927,0.1897,0.4225,0.1793,0.4906,0.5614,0.3536,0.2872,0.4177,0.5043,0.2216,0.4408,0.2985,0.3114,0.094,0.3954,0.6665,0.2438,0.0923,0.3827,0.2199,0.3647,0.3418,0.3687
CD27,0.5549,-0.0519,0.146,0.3688,0.309,0.1058,-0.0672,0.3721,0.3033,0.1017,0.4242,0.0023,0.7062,0.2865,0.0993,0.0281,0.2923,0.2028,0.585,0.439,0.0733,0.7119,0.0301,0.0712,0.5627,0.3039,0.9758,0.9104,0.1504,0.1832,-0.0363,-0.0383
TNFRSF21,0.2541,0.0623,0.1034,0.0138,0.457,0.8612,0.2656,0.3173,0.3173,0.3391,0.4444,0.1692,0.247,0.3129,0.2912,0.443,0.3405,0.2778,0.4767,0.1213,0.2079,0.7154,0.4173,0.1459,0.5693,0.277,0.1229,0.064,0.2719,0.1848,0.2092,-0.2232
IGSF3,-0.0131,0.0789,0.0382,0.4333,0.5067,1.1539,-0.0172,0.2157,0.3833,0.5109,0.6101,0.1123,0.0251,0.1762,0.3035,0.3896,0.1852,0.4299,0.3356,0.0245,0.2403,0.4788,0.5653,0.0875,0.5938,0.0304,0.2578,0.3164,0.1476,0.3526,0.4702,0.4352
NETO2,0.2233,0.3049,0.3717,0.32,0.8213,0.5094,0.4683,0.0749,0.6231,0.249,0.7163,0.3471,0.8463,-0.0125,0.1349,0.1152,0.1864,0.28,0.4146,0.1073,0.3054,0.2792,0.0296,0.2979,0.5161,0.2793,0.284,0.3482,-0.1398,0.4309,0.6592,0.35
IL2RG,0.1282,-0.0064,0.2471,0.2416,0.4868,0.4132,0.3917,0.0667,0.5415,0.3635,0.3833,0.0076,0.6247,0.3808,0.1979,0.0946,0.0097,-0.1023,0.4269,0.3818,0.2802,1.1075,0.0663,0.1321,0.5835,0.6636,0.7948,0.9972,0.1292,0.3433,0.1188,-0.1643
ERBB3,-0.0165,-0.024,0.1107,0.4138,0.3503,0.3043,0.2288,-0.0048,0.2317,-0.1519,0.1526,-0.1222,0.2951,0.297,0.0744,0.0605,0.2848,-0.0077,0.2359,-0.2311,0.6118,0.2652,0.0308,0.1697,-0.052,0.1495,0.5308,-0.3272,0.2176,0.7394,0.6188,0.3483
CD79A,0.3689,0.0077,0.2495,0.2664,0.4018,0.015,-0.0229,0.5111,0.5306,0.0275,0.4513,0.0045,0.3105,0.0673,-0.0017,0.0133,0.3939,0.342,0.5492,0.3267,0.0199,0.7986,0.0596,0.1011,0.1336,0.4463,0.8394,1.1271,0.1113,0.195,0.087,-0.0012
HLA-DRA,1.0273,-0.0855,0.2225,0.2079,0.3027,0.6538,0.0321,0.4152,0.3191,0.9383,0.3116,0.0913,0.5836,0.3104,0.4565,0.516,0.0805,-0.1404,0.3419,0.4347,0.4658,0.9001,-0.0162,0.174,0.7167,0.5413,0.7406,0.3899,0.317,0.2116,-0.0318,-0.1968
EFNA3,0.009,0.4169,0.2522,0.3712,0.4463,0.3021,0.6974,0.1213,0.4871,-0.0355,0.6209,-0.017,0.4513,0.2395,0.1605,0.0638,0.4169,0.5902,-0.7726,0.0961,0.4025,0.6463,0.066,0.0672,0.6227,0.5347,0.0573,0.1243,0.1828,0.3045,0.5222,-0.0254
HLA-H,0.8406,0.2007,0.2783,0.2342,0.3936,0.6465,0.2882,0.3701,0.1401,0.4161,0.4435,0.2403,0.5808,0.4752,0.564,0.4776,0.1932,0.1206,0.4638,0.3848,-0.1501,0.7737,0.2767,0.114,0.7947,0.2279,0.4467,0.2506,0.3244,0.1466,0.0215,0.2673
F11R,0.1144,-0.0744,0.2744,0.3248,0.6755,0.3164,0.3333,-0.166,0.6456,0.3087,0.425,-0.053,0.1224,0.1158,0.1513,0.0457,0.0698,0.1855,-0.2883,0.1533,0.3869,0.4004,-0.4259,0.0318,0.2109,0.3716,0.2633,0.0204,0.0818,0.4815,0.2619,-0.2333
PODXL2,-0.0318,-0.0921,0.3666,0.3566,0.6078,0.3372,0.5042,0.0878,0.4514,0.0013,0.0743,0.1637,-0.0989,0.2558,-0.0284,0.1818,0.5576,0.4981,0.3995,0.1711,0.3002,0.3221,0.4532,0.5706,0.2243,0.2042,-0.1839,0.0744,0.0776,0.7421,0.7534,0.6776
EFNA4,-0.057,0.1451,0.3069,0.3211,0.2096,0.4115,0.391,0.125,0.321,0.4074,0.2992,0.1025,0.114,0.2157,0.2469,0.1946,0.3523,0.3179,-0.2586,0.2442,0.2212,0.5298,-0.2167,0.1542,0.7491,0.3403,0.465,0.0901,0.1314,0.3715,0.3981,-0.086
MUC16,0.0063,0.0,0.2505,-0.0247,1.6023,0.1699,0.043,0.2157,0.6894,0.0,0.7876,-0.0,0.0272,0.0448,0.003,0.0,0.7394,0.0904,-0.011,2.3482,2.1726,1.9025,0.0,-0.0094,0.0304,0.4816,-0.303,0.012,0.0899,2.2398,0.9551,-0.0
LYPD1,0.0057,0.0363,0.2306,0.2406,0.5777,1.0535,-0.0576,0.5042,0.122,0.453,0.614,-0.0528,-0.1019,-0.0426,0.4233,0.3413,0.4088,0.2462,1.0034,0.5504,1.1822,0.455,0.7535,0.0055,0.8542,0.178,0.3456,0.4057,0.0817,1.1876,1.2102,0.0841
MET,-0.0029,0.1732,0.1021,-0.196,0.333,0.2534,0.5962,0.2032,0.6929,0.269,0.4384,0.6015,0.6074,0.729,0.2291,0.0018,0.416,0.336,0.2338,0.5796,0.2555,0.5963,0.1062,-0.067,-0.0989,0.5608,0.3695,0.1159,0.5804,0.242,0.2253,0.6964
HLA-DRB5,0.8488,0.0056,-0.0422,0.2232,0.3209,0.6148,-0.0003,0.4269,0.1015,0.7306,0.3292,0.0223,0.6452,0.3524,0.4205,0.4724,0.1087,-0.1179,0.5365,0.5208,0.1371,1.0384,0.0765,0.246,0.7104,0.38,0.6961,0.474,0.2741,0.1625,-0.0688,0.0182
SLC52A3,0.3843,0.0081,0.1338,0.3556,0.6358,1.2683,0.4544,0.0,0.5622,0.0882,0.4048,0.1669,-0.2129,-0.2409,0.0862,0.2704,0.3833,0.4503,-0.0523,0.039,0.4224,0.6991,0.0045,0.1143,0.0498,0.5011,-0.632,-0.0296,0.0041,0.4902,0.1579,-0.0416
TMEM171,-0.0,0.0045,0.1818,0.0358,1.2026,0.482,0.4685,-0.0467,1.1383,-0.0055,0.9809,0.1503,0.1809,0.4526,0.1812,-0.0193,0.1515,0.6132,0.129,0.0565,0.1563,1.0152,0.0077,0.0,0.0131,-0.0997,0.0302,0.4561,-0.4405,0.086,0.2534,0.0524
HLA-DQB1,0.8378,-0.051,0.3149,0.1723,0.3048,0.6161,0.0522,0.5206,0.2578,0.6686,0.241,-0.0409,0.5126,0.2378,0.4656,0.2453,-0.0345,-0.256,0.2215,0.3993,0.3204,0.8462,0.1925,0.0068,0.6576,0.5348,0.5603,0.5477,0.2709,0.3594,0.041,-0.1125
SIRPG,0.7964,-0.0106,0.1062,0.3365,0.329,0.4367,0.0091,0.3666,0.4323,0.0204,0.3744,0.0016,0.727,0.2575,0.0763,0.0,0.2671,0.1723,0.6458,0.3153,0.1437,0.6024,0.0014,0.0008,0.8631,0.4791,-0.2057,1.1094,0.059,0.1785,-0.0035,-0.0475
GPR143,0.0134,0.2228,0.2196,0.4076,0.2098,0.3509,0.7323,0.0332,0.2008,-0.161,0.1242,0.554,-0.0358,0.3921,0.1266,-0.1759,0.1691,0.1715,0.9865,0.7659,0.2107,0.3912,-0.036,0.2547,0.2764,-0.0172,0.3345,0.5828,0.086,0.3558,0.1804,1.647
IGSF6,0.5476,-0.0508,0.0844,0.3559,0.2076,0.3451,0.1406,-0.1164,0.349,0.6729,0.2183,0.1378,0.6526,0.4932,0.2765,0.5049,0.0339,-0.1134,0.3827,0.3632,0.1683,0.6878,-0.0035,0.1055,0.7491,0.5832,0.8044,0.3841,0.2269,0.1238,0.0336,0.0006
HLA-DMB,0.9536,-0.1438,0.1499,0.1541,0.256,0.5907,-0.1043,0.4724,0.2132,0.8703,0.1607,0.0644,0.385,0.2613,0.3654,0.5337,0.0583,-0.1647,0.2854,0.3393,0.3932,0.7573,-0.2267,0.1871,0.7319,0.4353,0.6282,0.3639,0.2631,0.3791,0.0515,-0.2298
ADAM12,0.0481,0.0538,0.1714,0.4074,-0.0215,0.4738,0.4739,0.3866,0.7105,0.6663,0.7351,-0.0268,0.1402,0.0443,0.029,-0.0127,0.257,0.5188,0.5495,0.5022,0.0459,1.1417,0.1807,-0.0062,1.5665,0.7041,-0.0015,0.0939,0.0152,0.1612,0.6567,0.6583
CCR5,0.8736,-0.0491,0.0486,0.5771,0.2549,0.2133,0.0546,0.4466,0.1158,0.6635,0.2594,0.0105,0.7946,0.3728,0.0736,0.1448,0.1215,-0.0247,0.6487,0.57,0.0891,0.5264,-0.0194,0.0439,0.6152,0.2409,1.0508,0.1972,0.0954,0.1504,0.004,-0.048
GPR87,0.4328,-0.0206,0.7147,-0.0892,2.3708,0.1495,-0.0114,-0.0,1.5405,-0.0,3.3727,0.0995,-0.0205,-0.0171,0.0,-0.0031,0.9274,2.7861,-0.3706,0.096,0.2246,1.5777,-0.0089,-0.2992,0.0,0.0443,-0.2146,0.3721,0.0766,0.2003,0.1725,-0.0
EPHB3,0.3386,-0.0227,0.0197,0.2048,0.0403,0.201,0.5551,0.0428,0.4013,0.3933,0.4716,-0.0587,0.085,-0.0407,-0.0205,0.3603,0.1797,0.4826,-0.4612,0.2725,0.1686,0.1825,0.0306,0.0517,0.9181,-0.1003,0.4463,-0.1941,0.3464,-0.0629,0.2717,-0.145
SLC39A4,-0.0584,0.0548,0.4762,0.2718,0.3059,0.466,0.2218,0.3207,0.4674,0.2076,0.3163,-0.1517,-0.2185,0.0094,0.1398,-0.0158,0.2784,0.2044,0.193,-0.0019,0.505,0.5024,-0.027,0.1332,0.2911,0.4345,0.1157,0.1361,0.0224,0.5391,0.4678,0.3832
LAMP5,0.1813,-0.1506,0.1958,0.9353,0.0881,0.9992,-0.036,0.0108,0.1715,-0.0997,0.3658,-0.0158,-0.0089,-0.028,0.0248,-0.0709,0.3728,0.3095,0.0901,0.3809,0.1991,1.4089,0.2853,0.2964,0.2545,0.1993,0.0729,0.3785,0.5167,0.2508,0.6927,-0.0372
CD74,0.9222,-0.1206,0.1979,0.1607,0.2572,0.6337,0.006,0.4046,0.3209,0.7815,0.2151,0.1193,0.4249,0.198,0.4688,0.4804,0.0759,-0.1548,0.3729,0.3613,0.4493,0.8049,-0.0013,0.0859,0.6688,0.4948,0.6861,0.3796,0.2048,0.2241,-0.0234,-0.1109
LRRC15,-0.0,-0.0051,0.2394,1.8481,0.0861,0.2105,0.7031,1.4385,0.608,0.0949,1.1995,0.0143,0.0568,0.0,0.0,0.0,0.6263,0.7411,-0.0102,0.6626,0.3841,1.9696,-0.0123,-0.0048,0.7197,0.3965,0.0744,-0.039,-0.2086,-0.0028,0.0872,-0.0
SLC12A5,0.0121,0.2522,0.1438,0.2132,0.4303,0.1998,-0.0164,0.5186,0.2353,-0.4825,0.1498,0.4665,0.3085,0.3601,0.3337,-0.3355,0.1234,0.1626,0.6633,0.4101,0.8853,0.408,0.3269,0.1564,0.8849,0.1834,0.0329,0.5217,0.461,0.5769,0.844,0.3818
ITGA2,0.1403,-0.2157,0.0753,0.2766,0.4869,0.9497,0.5009,-0.0024,0.5149,0.3245,0.6448,0.0251,0.1937,0.0055,0.1246,0.0825,0.0212,0.156,-0.1658,0.0093,-0.032,0.9658,-0.2369,-0.0495,0.349,0.6882,0.1446,0.1405,0.4346,-0.0091,-0.0394,-0.0194
CD68,0.0776,-0.2983,0.0489,0.1601,0.0685,0.4227,0.1287,0.1214,0.2505,0.8764,0.3433,0.0375,0.6636,0.5975,0.3194,0.6895,-0.0743,-0.1267,0.5195,0.3127,0.3959,0.8772,-0.2034,0.269,0.8057,0.461,1.1629,0.0368,0.1738,0.1683,0.2108,0.246
CXCL16,-0.0159,-0.1101,0.1503,0.2077,0.4342,0.2667,0.3489,-0.1191,0.4242,0.6328,0.2304,-0.0595,0.332,0.4833,0.1954,0.5128,-0.006,-0.1736,0.031,0.2576,0.4378,0.6757,-0.0844,0.1203,0.8779,0.4929,-0.5456,-0.0469,0.2746,0.3126,0.158,-0.2251
ANO9,-0.23,-0.0196,-0.067,-0.0306,0.5305,0.7188,0.1976,0.0002,0.5825,-0.0016,0.0852,-0.3625,-0.2222,-0.0726,-0.0643,-0.0031,-0.0529,-0.1776,-0.4983,0.0957,0.5005,0.047,-0.0085,-0.4294,0.0947,0.0113,0.0605,0.3958,-0.3305,0.558,0.2358,-0.2609
DDR1,-0.1774,0.04,0.0834,0.1674,0.4344,1.0199,0.2674,-0.0731,0.4748,0.5033,0.302,0.2946,0.0079,0.2422,0.1841,0.5717,0.2254,0.365,-0.1928,0.1351,0.2898,0.2568,-0.0934,0.0352,-0.1658,0.1786,0.1279,0.2156,0.1051,0.233,0.0956,-0.0834
IL2RB,0.1088,0.0142,0.0743,0.312,0.4289,-0.0561,0.1364,-0.0697,0.5464,0.1547,0.3973,0.2888,0.7845,0.2392,-0.0934,0.014,0.0131,-0.0133,0.1881,0.4153,0.304,0.6305,0.0478,-0.0137,0.563,0.5667,0.5391,0.3687,0.1841,0.159,0.0012,-0.0345
CNTNAP2,0.014,0.0642,-0.0406,1.3487,-0.0293,0.4425,0.3337,-0.0111,0.3567,-0.5151,0.6516,0.5144,0.0027,0.0,0.097,-0.1068,0.1141,1.167,-0.0026,0.0358,-0.0468,0.1752,1.6472,0.6486,0.2535,0.6714,0.6929,2.0066,0.0031,0.2912,0.5798,-0.0316
CD86,0.6613,-0.052,0.0729,0.3595,0.3552,0.4421,0.032,0.2077,0.3819,0.7679,0.4321,0.0829,0.673,0.455,0.2119,0.5546,0.024,-0.0539,0.4269,0.5477,0.3986,0.7584,-0.0523,0.0575,0.8884,0.517,0.3572,0.313,0.2402,0.1847,0.1926,-0.0369
CXCR4,0.9573,0.1698,-0.0735,0.2556,0.0192,0.4591,-0.0789,-0.1496,0.2522,0.6688,-0.0021,0.1917,0.831,0.4479,0.1713,0.3849,-0.1086,-0.1576,0.4533,0.208,0.3459,0.8423,-0.2577,-0.0046,0.7692,0.2942,0.6391,0.6432,-0.0139,0.3632,0.3366,-0.2502
HLA-DPA1,0.8888,-0.0911,0.0696,0.168,0.118,0.5955,-0.0196,0.3261,0.1906,0.7504,0.1981,0.1821,0.6199,0.3176,0.3621,0.39,0.0396,-0.1839,0.3893,0.3313,0.4106,0.8041,0.1109,0.0918,0.6806,0.5455,0.5907,0.3395,0.2149,-0.0231,-0.1709,-0.1095
THY1,0.1191,0.1427,0.193,0.3054,-0.1488,0.8619,0.2983,0.8317,0.1772,0.1133,0.2249,-0.1116,0.3423,-0.3713,0.614,0.0961,0.2163,0.2311,0.0966,0.4466,0.4964,0.9174,0.6122,-0.0769,1.2325,0.5107,0.6124,0.3171,0.0247,-0.1761,0.0842,-0.096
BST2,0.0059,0.0777,0.4025,0.186,0.4059,0.0882,-0.0875,0.2481,0.3028,0.474,0.3556,-0.2619,0.2248,-0.2719,0.1662,0.1959,0.0831,-0.1031,0.6726,0.3458,0.0249,0.7972,-0.5916,-0.1887,0.5003,0.4005,0.2181,0.3415,-0.122,0.3956,0.1034,-0.4236
CD1B,-0.0953,0.0,0.0115,0.1782,0.0594,0.4641,0.0395,0.2179,0.0802,0.0,0.4801,0.0,0.077,0.0407,0.1317,0.0,0.3389,0.0374,0.0315,0.0,0.0317,0.5122,0.0,0.02,0.2174,0.0971,0.2351,6.5033,0.8088,0.0925,0.0,-0.0
TREM1,0.4055,0.0594,0.3866,0.2173,0.2849,0.0809,0.3539,-0.4237,0.4547,0.9157,0.5677,-0.0503,0.2231,0.192,-0.0568,0.0476,-0.01,-0.3628,0.4021,0.5329,0.2845,0.9591,-0.0161,-0.0252,0.233,0.4651,0.1711,-0.0377,0.4607,0.314,0.3222,-0.0169
CA12,-0.0036,0.0439,-0.2551,0.5547,-0.2452,0.2958,0.286,0.2976,0.2518,0.6062,0.6964,0.5463,0.2015,-0.2034,0.2259,0.2213,0.103,0.5953,-0.6154,0.0836,0.0844,-0.2072,-0.0129,-0.1325,0.9993,0.1226,-0.0068,-0.1963,0.3405,-0.1761,-0.2958,-0.209
PLAUR,0.0947,-0.1042,0.3168,0.2418,0.2554,0.5947,0.4707,0.0179,0.5644,0.6175,0.4391,-0.1289,0.2189,0.1871,0.1275,0.1338,0.0136,-0.0708,0.2978,0.5825,0.1478,1.032,-0.0759,-0.1472,0.8688,0.4947,0.3513,-0.1573,0.1665,0.1388,0.095,-0.3816
TSPAN13,0.1918,-0.0099,0.1825,0.3244,0.2461,-0.0228,0.3514,0.3641,0.4509,0.1563,0.0962,0.1947,0.298,0.0422,-0.0794,0.0335,0.1127,-0.0687,-0.0569,-0.189,0.3144,0.1738,0.0293,0.4309,0.1936,0.2662,0.4493,0.1516,0.1348,0.3254,0.2199,-0.2719
CD3G,0.3098,-0.0104,-0.0463,0.3036,0.25,0.2238,0.0238,0.1596,0.3632,0.0668,0.3036,0.0074,0.8512,0.1862,0.0578,0.0184,0.1673,0.0681,0.4427,0.1529,0.0963,0.4839,0.0138,0.0477,0.3678,0.3564,0.4166,1.3008,0.0016,0.0851,-0.002,-0.0639
ITGB2,0.4848,-0.2321,-0.0443,0.2282,0.2686,0.3822,-0.0082,0.0341,0.1655,0.7534,0.2739,0.0915,0.625,0.5116,0.1875,0.5407,-0.022,-0.2081,0.4436,0.5814,0.2017,0.7642,-0.1767,0.0579,0.8923,0.3665,0.8001,0.6162,0.2517,0.1988,0.1164,-0.0485
TNFSF11,-0.0128,0.0407,0.1254,0.4824,0.6387,0.6509,1.1411,0.8453,0.5543,0.0301,0.4793,-0.0,0.0799,0.006,-0.0144,0.0,0.4752,0.4384,0.266,0.11,0.1507,2.3849,0.0378,0.0004,0.5525,2.0507,-0.115,0.1284,0.2628,0.464,0.2378,-0.0
NUP210,0.3263,-0.1038,0.3685,0.5283,0.7976,0.012,0.2434,0.2652,0.3623,0.1805,0.1445,0.0278,-0.0591,0.047,-0.0218,0.0893,0.1539,0.1601,0.4285,0.2446,0.4891,0.1598,0.0554,0.1957,0.1113,0.2681,-0.0436,0.4651,-0.1646,0.6969,0.5817,-0.0715
HLA-DPB1,0.7162,-0.0744,0.1647,0.1847,0.2076,0.6714,-0.0204,0.4626,0.1305,0.6294,0.2127,0.2126,0.6264,0.3922,0.4126,0.3201,0.046,-0.1425,0.3617,0.3946,0.2841,0.7678,0.1402,0.133,0.7855,0.3996,0.6482,0.4172,0.2523,0.0406,-0.0769,0.0614
UGT8,-0.0199,0.0,0.036,-0.0351,0.1587,0.5728,0.7042,0.3187,0.9709,-0.0397,0.0524,0.592,0.1131,0.0542,0.0112,0.4297,0.4954,0.6528,0.2946,-0.0169,0.8081,0.4047,0.047,-0.0036,0.1158,0.3417,-0.1174,-0.0509,-0.1311,0.7894,0.4841,-0.0175
HLA-DOA,0.7966,-0.1252,0.0779,0.14,-0.0655,0.5348,-0.0338,0.4497,0.0828,0.7039,0.0885,-0.0163,0.4331,0.2217,0.2081,0.3566,0.093,-0.0933,0.343,0.2973,0.291,0.7319,-0.0288,0.019,0.7565,0.4883,0.6398,0.2456,0.1757,-0.0324,0.0604,-0.1481
SIT1,0.3701,-0.0159,0.1042,0.1244,0.2403,0.1574,0.0333,0.519,0.1955,0.1732,0.2751,-0.0044,0.7192,0.2273,0.1205,0.0172,0.1728,0.0633,0.3918,0.2925,0.1965,0.5632,-0.0022,0.0339,0.6496,0.361,0.9988,1.3463,0.0501,0.1657,0.0201,-0.0446
ALPP,0.0311,0.0,0.336,0.0,-0.1359,0.0785,0.093,0.0,0.608,0.0,0.167,0.0,0.0,0.0,0.0,0.0,-0.3606,-0.1538,0.0,0.0,0.4302,1.1558,0.0,-0.0,0.0,0.9128,1.3839,0.0,0.0,2.2519,0.446,0.0
MUC15,-0.0,-0.1011,-0.2996,-0.1373,0.4043,-0.024,-0.0215,-0.0,-0.0606,-0.0,0.8368,-0.2561,-0.0758,-0.0744,-0.0903,-0.0,0.1477,-0.0684,-0.4949,-0.0186,0.3616,-0.0993,0.0239,0.0205,-0.0446,-0.0282,-0.0249,0.2761,0.2204,0.2685,0.1636,-0.0
RNF128,0.0,-0.1008,0.136,0.0419,0.3384,0.086,0.9308,0.0092,1.212,-0.0913,0.2523,-0.2348,0.511,0.4535,0.1214,-0.1117,0.1013,-0.0582,-0.214,-0.0763,-0.008,0.5125,-0.1923,0.0237,-0.1225,0.2376,-0.0276,-0.0108,0.3103,0.0396,0.1281,-0.04
CHRNA5,0.0063,0.0577,0.3835,0.1548,0.5201,0.5559,0.4062,0.3427,0.4828,0.3101,0.4257,0.0213,0.1003,0.1456,0.0155,0.0344,0.4857,0.6198,0.4486,0.2552,0.1981,0.4735,0.8153,0.295,0.1618,0.5737,0.2333,0.2839,0.0006,0.1386,0.2918,-0.0103
HLA-DRB1,0.8889,-0.1061,0.156,0.133,0.1545,0.5852,-0.0311,0.4266,0.1662,0.7936,0.2501,0.0051,0.5117,0.2589,0.3518,0.3854,0.0104,-0.1952,0.3135,0.4309,0.324,0.8541,0.0095,0.1149,0.6496,0.4103,0.5821,0.3842,0.1622,0.1362,-0.1043,-0.1522
EPHB2,0.0434,0.0824,0.1297,0.2024,0.3205,0.798,0.6965,0.1564,0.8466,0.4659,0.3921,-0.0141,0.0288,0.1023,0.1436,0.2928,0.308,0.312,0.0516,0.6734,0.2473,0.5284,-0.0191,-0.0443,1.1192,1.0303,0.1526,-0.0738,0.0213,0.2544,0.6315,-0.058
MSR1,-0.0202,-0.2642,-0.0753,0.2937,0.0663,0.419,0.0297,0.0983,0.2683,0.9619,0.1192,0.0818,0.6237,0.3805,0.2346,0.4244,-0.2065,-0.3386,0.5044,0.4632,0.3124,0.6504,-0.2061,0.0514,0.8388,0.4759,0.1473,0.1144,0.2046,0.0517,0.1786,-0.106
ITGB4,0.0792,-0.083,0.3964,-0.0441,0.3642,1.1775,0.2235,-0.1282,0.4578,0.216,0.6726,-0.1462,0.2053,0.4454,0.2687,0.1103,0.3413,0.5997,-0.7488,0.5227,0.3926,0.8545,0.1682,-0.3351,0.2329,0.3489,0.0894,0.0389,0.1739,0.1681,-0.1737,-0.3076
TIGIT,0.605,-0.0079,0.2249,0.3267,0.4591,0.0798,0.1204,0.4085,0.3681,0.0133,0.4791,0.0064,0.637,0.0622,0.0269,0.0159,0.2195,0.1528,0.5823,0.2524,0.0736,0.6158,0.0027,0.0313,0.4835,0.4295,0.5056,0.2386,0.0801,0.1909,0.0008,-0.0436
CYBB,0.6382,-0.2949,-0.0757,0.3298,0.2628,0.3998,-0.0112,0.0985,0.2641,0.7103,0.231,0.0492,0.6262,0.401,0.1526,0.5426,0.0012,-0.1748,0.6258,0.5289,0.2496,0.5977,-0.2231,0.0391,0.7478,0.4379,0.7486,0.2262,0.2404,0.1133,0.0514,-0.1085
PTAFR,0.496,-0.0963,0.1187,0.2339,0.5369,0.7041,0.0271,0.0452,0.2437,0.6584,0.5198,-0.0374,0.3693,0.3071,0.1236,0.5488,0.0111,-0.0465,0.1533,0.3185,0.4429,0.7407,-0.0734,-0.0099,0.6451,0.4828,0.3346,0.0469,0.2264,0.1829,0.0326,-0.0688
IL22RA1,-0.0,0.2002,0.2898,-0.0225,0.8822,0.1599,0.64,0.1371,0.8698,0.002,0.7604,-0.0,0.2886,0.2486,0.1058,-0.0004,0.043,0.331,-0.2741,0.074,0.091,-0.4563,-0.0057,-0.015,0.1237,0.7163,0.4104,-0.0225,0.0764,0.0351,0.0461,-0.0
CLDN8,0.0,0.0,-0.0601,-0.3924,0.109,0.1986,-0.1653,0.0,0.2322,0.0,0.1667,0.8452,-0.2569,-0.239,0.0,0.0,0.1678,0.354,-0.0225,-0.0,-0.0127,0.0,0.0,0.8464,0.0,0.0,0.0,0.2541,-0.0206,0.1595,0.1205,-0.0
RPN1,0.1278,0.1194,0.2725,0.2443,0.246,0.3076,0.2887,0.1043,0.3155,0.4134,0.2683,0.221,0.2777,0.3023,0.2769,0.2918,0.1082,0.175,0.2807,0.2826,0.288,0.374,0.1036,0.2667,0.4063,0.3096,0.2152,0.0947,0.1427,0.2154,0.2025,0.0507
EFNA1,-0.0401,0.0241,0.0282,0.0862,0.2177,-0.0362,0.2567,-0.0031,0.2254,0.235,0.1829,-0.1813,0.1691,0.0249,0.007,0.066,0.0593,-0.0634,-0.4221,0.1496,0.1914,0.3519,-0.138,0.0358,0.1356,0.1442,0.068,0.0489,-0.1085,0.1365,0.0306,-0.2551
TGFA,0.2102,0.0238,0.1688,0.1161,0.8198,0.7679,0.4104,-0.1024,0.9176,-0.0187,0.7933,-0.1411,0.6425,0.3345,-0.0612,0.0782,0.3067,0.468,-0.2304,-0.0402,0.3682,0.4858,0.0024,0.0618,0.2846,0.4401,-0.128,-0.0025,0.5374,0.5477,0.331,-0.013
CD300LF,0.9602,-0.018,0.0098,0.2988,0.2134,0.2825,0.0003,-0.2667,0.1865,0.5058,0.1923,0.0656,0.5999,0.3696,0.0499,0.1489,-0.2792,-0.3768,0.4905,0.3145,0.1114,0.755,-0.0095,0.0085,0.4204,0.3692,0.4102,0.2402,0.1736,0.0793,0.0123,-0.0289
CEACAM1,0.0845,-0.2066,0.0642,0.0556,0.1901,-0.0863,0.5245,-0.3103,0.5784,0.0155,0.0343,-0.4027,-0.2884,-0.5107,0.0756,-0.0016,0.2487,-0.0109,0.5549,-0.1676,0.0452,0.8532,-0.3332,-0.2219,0.0398,0.5994,-0.0287,-0.1255,-0.2087,0.0207,-0.242,-0.0626
TLR7,0.4437,-0.0207,0.0199,0.6367,0.0776,0.3024,0.0009,0.0348,0.0698,0.9315,0.0899,0.1479,1.0079,0.3953,0.0283,0.6441,0.2416,0.044,0.4708,0.7285,0.3382,0.5106,0.014,0.037,0.9342,0.3744,0.2979,0.7556,0.0926,0.0334,0.0499,0.0084
GJB4,0.0,-0.0,0.3453,-0.0053,2.3574,1.2329,1.2033,-0.0,1.6706,-0.0,2.881,0.0,0.0139,0.2991,-0.0182,0.0,0.0273,1.4776,-0.184,-0.0,0.0039,2.6533,-0.0,-0.0394,-0.0,1.2747,-0.0583,0.1121,0.296,0.0541,0.0037,-0.0
SLC2A1,-0.119,0.2128,0.0401,0.2169,0.2603,0.6024,0.5134,-0.0422,0.5564,0.198,0.852,-0.0556,0.498,-0.0014,0.1053,0.1328,0.4278,0.96,-0.3476,0.1414,0.4598,0.9824,-0.0342,0.0941,0.597,0.4745,0.5031,-0.1246,0.1321,0.3958,0.3168,-0.0455
IL2RA,0.4848,-0.0475,0.1699,0.1377,0.4788,0.163,-0.0055,0.5508,0.4337,0.8907,0.5545,-0.0028,0.2363,0.0274,0.0235,0.0733,0.1714,0.1371,0.5441,0.4047,0.2352,1.0321,-0.0433,0.0095,0.7954,0.5732,0.5527,0.0691,-0.0556,0.2033,0.086,-0.0194
TRPV4,0.0094,-0.0311,-0.0003,0.0597,0.7447,0.2712,0.0619,-0.0001,0.4481,0.1195,0.5944,-0.0126,0.0958,-0.0827,-0.162,0.0087,0.1123,0.5142,-0.0825,0.511,0.3597,0.3311,-0.0071,-0.2563,0.8686,0.2383,0.2826,-0.0343,-0.0349,0.3955,0.4338,0.2102
SELPLG,0.3043,-0.1658,0.0156,0.3197,0.314,0.4056,-0.0165,-0.3101,0.1711,0.5322,0.2723,0.1102,0.5339,0.4139,0.1976,0.539,-0.1595,-0.3018,0.35,0.4348,0.2158,0.9108,-0.0505,0.0819,0.7741,0.3366,0.377,0.7267,0.2404,0.1767,0.0553,-0.0974
TSPAN6,0.0323,-0.0034,0.1697,-0.0517,-0.002,0.2327,0.43,0.0615,0.2238,0.6318,0.0283,0.1113,0.1766,0.2124,0.1664,0.5174,0.2732,0.2701,0.1362,-0.0973,-0.043,0.262,-0.3728,0.143,0.5198,0.1549,-0.2554,-0.0372,0.1454,0.1407,0.1103,-0.0308
PTPRF,0.0155,0.0003,0.0937,0.182,0.281,0.3219,0.1068,0.1187,0.2486,0.1522,0.3097,0.1591,0.2339,0.2475,0.0386,0.161,0.2257,0.3263,-0.4724,0.406,0.2055,0.3219,0.1268,0.1993,0.6233,0.1932,0.2497,0.2558,0.2024,0.1357,0.0254,-0.2874
MSLN,0.0886,-0.0058,0.1057,0.0432,1.1567,0.3038,0.9544,0.0304,0.6224,0.0962,0.3866,-0.0145,-0.1157,0.3826,-0.0024,0.0598,0.1276,-0.5538,-0.0421,1.9947,1.3785,1.9929,-0.0026,-0.0597,0.0858,0.936,-0.0913,-0.0378,0.0604,0.3385,0.1145,-0.025
P2RY6,0.4657,-0.0492,0.3172,0.2588,0.4719,0.3446,0.0482,0.1504,0.3723,0.5207,0.4036,-0.1106,-0.0592,-0.0802,0.1235,0.1069,0.3295,0.1368,0.4078,0.3762,0.535,0.5523,-0.0359,-0.0652,0.3076,0.4908,0.377,0.1002,-0.0274,0.2904,0.1922,-0.0619
CD4,0.7614,-0.1988,-0.2012,0.2019,0.2287,-0.0161,-0.0033,0.1097,0.2341,0.5586,0.1768,0.0019,0.517,0.3104,-0.0607,0.4024,-0.0842,-0.2238,0.3887,0.4003,0.2606,0.6291,-0.057,0.0162,0.9544,0.429,0.5422,0.7085,0.1293,0.17,0.1301,-0.0225
SLC5A1,-0.0,0.0,-0.0108,0.0762,0.4332,0.612,0.4403,-0.0,1.1071,-0.0,0.4502,0.0682,0.8858,0.503,-0.0757,-0.0,-0.0428,-0.0436,-0.1566,-0.0,0.6843,1.0552,0.002,0.3407,-0.0062,1.1629,-0.1197,-0.0,-0.0034,0.3085,0.1172,-0.0
SLC15A1,0.0,-0.0,0.4138,-0.0401,-0.1011,0.0195,-0.2636,0.0,0.6954,0.0,0.2481,-0.0616,-0.2333,0.1687,-0.0493,0.0,0.197,0.332,-0.129,-0.0187,0.1056,0.1519,-0.0061,-0.0699,0.0,0.1537,0.0627,0.5071,-0.0198,0.6931,0.2029,-0.0
ERVMER34-1,0.0043,0.04,0.371,0.4565,0.5335,0.3518,0.2025,0.0,0.8388,0.0179,0.7698,-0.0536,-0.0321,-0.0345,0.0238,0.0429,0.0791,0.4729,-0.0273,0.0084,0.1062,0.1153,-0.0143,0.2439,0.3826,0.1894,-0.0056,0.0166,-0.0036,0.5696,0.6943,0.0
CD164L2,-0.0214,-0.0091,0.2522,-0.1183,0.301,0.1058,0.0265,-0.0,0.181,-0.0107,0.7258,0.0648,-0.0145,-0.0178,0.0,-0.0034,0.0117,-0.1305,-0.1853,-0.098,0.3227,0.0158,-0.0184,-0.1557,0.0,-0.0199,-0.0033,0.0254,0.6045,0.8242,0.2616,-0.0081
CCR1,0.5916,-0.1367,0.0212,0.2846,0.1954,0.2256,0.0593,-0.1906,0.1545,0.7495,0.2215,0.0147,0.4919,0.2595,0.1293,0.5204,-0.0204,-0.1425,0.636,0.4982,0.2299,0.5101,-0.1573,0.0167,0.7278,0.4243,0.7932,0.0708,0.2028,0.1856,0.1872,-0.029
SUSD4,-0.0106,-0.1227,-0.0347,0.4535,0.9151,0.4672,-0.014,0.0037,-0.0044,-0.1391,0.3368,-0.1727,-0.17,-0.1332,0.2008,0.0896,0.3382,0.637,-0.1252,0.0372,0.1206,0.1083,0.481,-0.0191,0.069,-0.2483,-0.3163,0.396,0.3782,0.5553,0.8316,-0.0369
MFSD6L,0.8665,-0.0,-0.03,0.3027,0.0592,0.6825,0.288,-0.0,0.0594,0.0,-0.004,0.2821,-0.0398,-0.0329,-0.0056,0.0,0.2897,0.0077,-0.0015,-0.0,1.2044,-0.0394,-0.0013,0.2197,0.0103,-0.0992,-0.5186,0.0343,0.2163,1.0681,0.3114,-0.011
FLRT3,0.0649,-0.0068,0.1334,0.1755,0.1556,0.2609,0.0389,0.0015,0.4072,0.1911,0.3399,-0.209,-0.0228,0.3915,-0.0464,0.1633,-0.0398,-0.2203,-0.1273,0.5058,-0.0553,0.5264,0.6927,-0.132,0.0816,0.0681,-0.0789,0.1256,0.3573,0.0471,0.3781,-0.0
SELL,0.9668,-0.0076,0.2002,0.2918,0.2654,0.1758,0.0285,-0.3722,0.2714,0.3687,0.242,0.0557,0.4117,0.1135,0.0029,0.7608,-0.1778,-0.2733,0.5733,0.3802,0.2232,0.804,0.086,0.0807,0.4186,0.5302,0.5626,0.9161,0.2026,0.0989,0.0498,-0.0693
HLA-A,0.6837,0.044,0.1766,0.0728,0.2734,0.5699,0.1691,0.0952,0.2935,0.5949,0.2975,0.1267,0.4508,0.4084,0.43,0.3449,0.0655,-0.0385,0.3152,0.2869,0.0898,0.7611,0.1444,0.0354,0.5883,0.3013,0.3365,0.1316,0.1861,0.1627,-0.0047,0.2353
ATP1B1,0.6096,0.0871,0.0835,0.314,0.3486,0.6025,0.2833,0.2099,0.3658,-0.2409,0.2333,0.2596,0.1949,0.1247,0.29,-0.1992,0.4102,0.269,-0.0493,0.0963,-0.0771,0.4799,0.5833,-0.0007,-0.4002,0.1251,-0.0376,-0.1517,0.1327,-0.0946,-0.2369,-0.4774
LYPD3,-0.0125,-0.0266,0.3606,0.3573,1.0726,0.1676,0.0654,0.0423,0.8114,-0.0022,1.3948,-0.0265,-0.0275,-0.0254,0.012,-0.0061,0.2526,0.9741,-1.0526,-0.022,0.0091,0.5875,-0.0698,0.1389,0.2376,0.212,0.3139,0.2269,0.0411,0.0962,0.1454,-0.0666
RHBDL2,0.1191,-0.0166,0.0211,0.2542,0.8347,0.3653,0.5596,0.0088,0.6833,0.014,0.7556,-0.019,0.1908,0.2268,0.0027,-0.0576,0.5898,0.5207,-0.1411,0.5323,0.3375,0.9612,0.0049,0.0194,0.187,0.25,-0.1505,-0.0175,0.0659,0.2614,0.0235,-0.0173
TNFRSF18,0.0338,-0.0023,0.2847,0.302,0.6839,0.4028,-0.0116,0.2757,0.4829,0.022,0.7306,-0.0033,0.1866,0.0953,0.1367,-0.0174,0.1321,0.3853,-0.3664,0.2167,0.1696,0.7573,0.022,-0.0667,0.3814,0.2075,0.4492,0.2845,0.1699,0.6634,0.5044,-0.0384
LPAR5,-0.0651,-0.0807,0.143,0.2979,0.5787,0.2714,0.3009,0.1245,0.5527,0.55,0.5538,0.083,0.4691,0.4123,0.0265,0.4893,0.1311,0.3478,-0.1803,0.4412,0.3513,0.829,-0.057,-0.0297,0.6002,0.2618,-0.0463,0.1395,0.7094,0.0539,0.0971,-0.0493
PTCRA,-0.0849,-0.0021,0.0703,0.0406,0.1821,0.0218,0.0119,-0.3789,0.0518,2.2037,0.1508,0.0,0.0284,0.1473,0.007,0.7233,-0.2376,-0.0983,1.9527,0.3272,0.0043,0.2252,0.0038,0.0304,0.3423,0.1095,0.3149,7.4806,0.1106,0.0552,0.0571,2.527
GGT1,-0.0699,-0.1128,0.0166,0.2471,0.0639,0.3697,0.051,0.1184,0.1349,0.0611,0.0775,-0.3172,0.2218,0.3192,-0.0279,0.0843,-0.1061,-0.3352,0.0325,-0.174,-0.0273,0.189,-0.0238,0.3829,0.3939,-0.0315,-0.0471,0.3315,0.0434,0.4836,0.1344,-0.2249
SLAMF8,0.1335,-0.1617,0.0333,0.2918,0.2578,0.6911,0.0471,0.7055,0.2776,0.4469,0.2718,-0.1184,0.3437,0.1243,0.4073,0.0479,0.1228,0.0443,0.335,0.3379,0.0892,0.7108,-0.1418,-0.0392,0.7389,0.4817,0.68,0.2719,-0.0047,0.0759,-0.0339,-0.1527
SPN,0.5368,-0.0015,-0.0323,0.3447,0.2616,0.2765,0.0302,0.0561,0.2843,0.4468,0.2234,0.0264,0.6249,0.4022,0.0393,0.2395,-0.1686,-0.3184,0.2663,0.3347,0.1442,0.685,0.0091,0.0344,0.3258,0.4556,0.8849,1.0079,0.1854,0.0702,-0.0091,-0.0513
SLC9A7,1.1021,-0.0877,0.3687,0.3366,0.5296,0.3828,0.1533,0.4797,0.3996,-0.0933,0.2583,0.3118,0.1843,0.247,0.0239,0.0416,0.3016,0.3867,-0.0173,0.3291,0.0448,0.3067,0.3081,0.2901,-0.1555,0.1258,0.126,0.005,0.1307,0.3158,0.332,-0.0098
SLC44A3,0.0789,-0.2692,0.1823,0.2018,0.3254,0.9892,0.4357,0.0102,0.2681,0.1854,-0.0387,-0.0029,0.2262,0.377,0.4266,0.0513,0.1913,-0.0722,0.0553,-0.0191,0.2139,0.2118,0.2489,0.1294,0.5626,0.1416,-0.1484,0.0735,0.0033,0.4431,0.1959,0.3234
SUSD3,-0.1991,0.0159,0.1045,0.5468,-0.2995,-0.2518,0.0876,0.0767,0.2472,0.4888,-0.0369,0.1762,-0.1163,-0.1296,0.0029,0.4009,0.0964,0.0193,0.1035,0.4657,-0.0453,0.5436,-0.0464,-0.0964,0.6613,0.2548,-0.4289,0.4895,0.0864,-0.4066,-0.4987,-0.0641
CD276,0.0403,0.1014,0.2037,0.1948,-0.0834,0.3935,0.2417,0.5204,0.3152,0.5835,0.2842,0.2293,0.3311,0.3462,0.0949,0.3104,0.1348,0.2363,0.206,0.2962,0.1358,0.5062,0.0165,0.0997,0.8525,0.2816,0.3065,-0.1324,0.1073,0.1301,0.1911,0.135
RTN4R,0.3656,0.2233,0.484,0.2682,0.2525,0.1299,0.3091,-0.0499,0.4706,-0.2589,0.3072,0.299,0.1516,0.3366,-0.0211,-0.0608,0.1319,0.2885,0.0613,0.2343,0.3934,0.2862,-0.0461,0.0831,0.2768,0.4072,0.1775,0.3205,0.2277,0.0108,0.2097,0.3093
FZD2,0.1416,0.203,0.1946,0.2922,-0.1229,0.4863,0.0501,0.2469,0.3996,0.5742,0.2391,0.1028,-0.0079,0.198,0.049,0.2609,0.0394,0.07,0.2973,0.5333,0.2195,0.551,-0.0524,-0.0508,1.0261,0.4661,0.028,0.0109,0.0372,0.1802,0.4456,-0.0736
LY75,1.3411,-0.0327,0.1508,0.0592,0.3025,0.2441,0.4848,0.3889,0.6736,0.2289,0.2576,-0.0678,0.3238,0.0114,0.0201,0.0873,0.0841,0.0381,-0.1457,0.2397,0.4533,0.7804,0.0191,-0.0327,0.3186,0.5921,0.5608,0.6009,0.1569,0.3743,0.1076,-0.0653
HLA-DMA,0.7808,-0.1586,0.1975,0.0171,0.165,0.466,-0.0651,0.47,0.1619,0.6426,0.0801,0.0124,0.3771,0.2066,0.3572,0.3815,0.0009,-0.2534,0.3066,0.2929,0.2473,0.637,-0.2149,0.0104,0.6042,0.3594,0.4291,0.2176,0.0936,0.1462,-0.0942,-0.062
KLRB1,0.5811,0.0185,-0.0939,0.0424,0.1801,0.0683,-0.091,-0.1873,0.1365,0.088,0.0462,0.0408,0.6903,0.3913,0.053,0.0126,-0.106,-0.2245,0.2606,0.2899,-0.0174,0.6751,0.0829,0.0652,0.4807,0.2023,0.8073,0.5805,0.0029,0.0603,-0.0353,-0.0371
CD7,0.3034,-0.0276,0.1421,0.0252,0.3565,0.1099,-0.1329,0.0944,0.3354,0.2265,0.3426,0.0158,0.3093,0.0831,0.0215,0.0631,-0.1136,-0.1769,0.3184,0.334,0.151,0.6573,0.0352,-0.0617,0.6687,0.3197,0.7185,1.0429,-0.0391,0.1511,-0.0377,-0.1225
HCAR1,0.0629,-0.0049,0.3192,0.1306,-0.0944,0.0065,0.0882,-0.0094,0.1219,0.0242,-0.0431,0.5807,-0.0191,-0.0318,0.0,0.002,0.4196,-0.034,-0.006,0.0463,0.4711,0.4683,0.002,0.229,0.1612,-0.1284,0.2522,0.3503,-0.0305,0.0393,0.1371,0.2875
OPN3,0.3681,0.0933,0.2494,0.3303,0.2604,0.2722,0.208,-0.0441,0.369,0.2897,0.2776,0.1537,0.2849,0.2267,0.247,0.0668,0.2205,0.0704,0.2829,0.2448,0.307,0.5667,-0.1703,0.1367,0.3963,0.1752,-0.2694,0.1909,0.1346,0.3776,0.3673,-0.0306
SSR1,0.2059,-0.0606,0.1422,0.2502,0.088,0.2839,0.2773,0.0671,0.3283,0.3832,0.2731,0.0717,0.3484,0.2162,0.1993,0.2848,0.1854,0.2273,0.3227,0.2615,0.1815,0.1724,0.0449,0.2271,0.4036,0.3648,0.1573,0.0182,0.0887,0.0923,0.1441,0.0294
GABRD,0.0456,0.2718,0.222,0.3579,0.0861,1.0769,0.1505,0.0187,0.1212,-0.6253,0.0259,0.1534,1.0634,0.0045,0.6798,-0.3033,0.0193,-0.0255,0.0852,0.2015,0.0405,0.7697,0.581,0.0336,0.4757,0.4028,-0.2526,0.0508,0.346,0.0748,0.18,0.0464
TMEM182,0.3338,-0.0385,-0.033,0.2445,0.2177,0.2358,0.3727,0.2316,0.4564,0.2165,0.2558,0.0965,0.2646,0.2775,-0.0037,0.1381,0.4153,0.4258,0.3301,0.1645,0.3993,0.3038,0.2534,0.1209,-0.3905,0.3731,0.1052,0.0669,0.157,0.254,0.3577,0.0426
LY6E,0.0615,0.2846,0.3402,0.1236,0.1998,-0.0885,0.2083,-0.0011,0.3193,-0.0532,0.3769,-0.623,0.2418,0.0074,-0.3604,-0.1276,0.13,0.0467,0.3152,0.4641,0.4546,0.7698,-0.1409,-0.0669,0.6849,0.5742,0.4763,0.1778,0.2034,0.1935,0.1988,0.393
MST1R,-0.0447,-0.0038,-0.0003,0.2565,0.7357,0.9199,0.2128,0.1189,0.3168,-0.0145,0.3096,-0.0552,-0.0929,0.0242,-0.0153,-0.0172,0.0609,-0.2092,-0.4447,0.4457,0.1523,0.683,0.0162,-0.2074,0.017,-0.0515,-0.3413,0.231,0.06,0.3499,-0.0367,-0.1054
KREMEN2,-0.0097,0.2726,0.2625,0.2954,1.1173,0.4098,0.1024,1.0154,0.6574,-0.0046,1.3815,-0.0,-0.0017,0.0,0.0275,0.0447,0.0683,0.9236,-0.0709,0.3419,1.3644,0.0794,0.0062,-0.0472,0.0577,0.1932,-0.0321,2.4204,0.0016,0.4754,1.6233,0.3375
HAVCR2,0.7159,-0.1909,0.0122,0.2296,0.2706,0.354,0.0292,0.1647,0.24,0.6374,0.1922,-0.152,0.4308,0.2999,0.0878,0.4132,-0.1187,-0.224,0.3384,0.424,0.2875,0.6467,-0.1802,-0.0196,0.6775,0.43,0.3013,0.2282,0.1402,0.1266,0.1006,-0.0874
SERINC5,0.4769,-0.0247,-0.0277,0.1941,0.1323,0.043,0.4184,-0.0866,0.4875,0.2741,0.2467,0.2103,0.2286,0.0515,0.1034,0.5188,0.0894,0.0983,0.017,0.116,-0.0016,0.4286,-0.4098,0.3144,0.5338,0.3997,-0.108,-0.1134,0.0935,0.2607,0.0259,-0.1681
ULBP2,-0.023,0.5542,0.8915,0.0408,0.9778,0.1222,0.3094,0.0937,0.7797,0.3223,1.1149,-0.014,0.1483,0.0152,0.0501,-0.0012,-0.1527,0.2549,0.0627,0.3133,0.064,0.582,0.3284,0.0273,0.6006,0.3526,-0.0665,-0.007,0.3778,0.0929,0.4161,-0.0111
TTYH3,0.4702,-0.28,0.1778,0.1264,0.0476,0.2896,0.2227,0.0258,0.5274,0.3525,0.1896,-0.3852,0.282,0.1305,0.01,0.1388,0.0698,0.0935,0.4436,0.1745,0.1854,0.672,-0.1115,0.0219,0.8601,0.4734,0.3167,0.0368,-0.1537,0.1238,0.3252,0.3849
ICAM3,0.0626,0.1652,0.2079,0.1896,0.202,-0.0603,0.1633,-0.0259,0.0449,0.362,0.0986,0.1653,0.2122,0.1021,-0.0278,0.0324,0.0097,-0.1184,0.3757,0.2475,0.2949,0.2857,-0.153,0.2502,0.3395,0.1388,0.3891,0.5638,0.1462,0.2897,0.1038,0.2376
MPZL2,-0.0043,-0.0779,0.0307,-0.1438,0.1261,0.2323,0.1752,-0.0714,0.176,0.2593,0.3913,-0.0958,0.3543,0.2009,0.0736,-0.0546,0.115,0.1236,-0.523,-0.4143,0.3482,0.4986,0.2463,-0.1567,0.1335,0.0108,0.0705,-0.0149,0.313,0.1092,-0.1466,-0.2182
IL21R,0.0291,-0.0046,0.0801,0.4343,0.3007,0.1646,0.1096,0.6966,0.2771,0.1778,0.3582,-0.0048,0.3588,-0.0018,0.003,0.0304,-0.0404,-0.1127,0.2787,0.5092,0.0978,0.5884,0.012,-0.011,0.4949,0.3695,-0.2052,0.7955,0.054,0.1325,0.0323,-0.0222
HLA-B,0.6587,0.0053,0.2269,0.0485,0.2537,0.405,0.1016,0.0044,0.3203,0.5722,0.3175,0.1474,0.4315,0.2813,0.295,0.2796,-0.0822,-0.1953,0.139,0.3071,0.158,0.6822,0.052,0.0283,0.5964,0.3035,0.3464,0.1422,0.1313,0.0904,-0.1835,-0.0603
ADAM10,0.266,-0.0735,-0.0006,0.2119,0.0955,0.5777,0.1854,-0.2139,0.3485,0.3119,0.2588,0.3942,0.5138,0.4369,0.2453,0.311,0.0945,0.1665,0.321,0.2978,0.0796,0.4656,0.061,0.2391,0.3519,0.4464,0.2146,-0.0189,0.0566,-0.0538,-0.1169,0.0783
ITGAL,0.9525,-0.0589,-0.1452,0.2563,0.1054,-0.0915,-0.1294,-0.1736,0.2769,0.4077,0.0867,-0.0233,0.5257,0.2234,0.0111,0.2118,-0.2359,-0.3659,0.4624,0.2439,0.0226,0.509,-0.0521,-0.1022,0.4257,0.3069,0.5249,0.6861,-0.0927,0.0272,-0.0908,-0.1158
MPZL3,-0.1291,0.0754,0.149,0.074,0.2072,0.2602,0.2612,-0.2039,0.4523,0.0303,0.2678,0.0571,0.137,0.1734,0.0052,-0.0027,0.077,-0.0237,-0.3358,-0.0977,0.1955,0.257,0.1864,0.0712,0.0967,0.0992,-0.0603,-0.0602,0.1339,0.3191,0.1003,-0.0076
TNFRSF4,0.0952,0.4234,0.1468,-0.1336,0.1403,0.6067,0.0115,0.3202,0.2298,0.2987,0.2624,0.1093,0.4818,0.006,0.4927,0.0199,-0.0683,-0.1768,0.3617,0.1107,0.2205,0.527,0.5151,-0.1778,0.5504,0.2911,0.6377,0.262,-0.0981,0.1461,0.2714,-0.0617
EBP,-0.2036,0.2056,0.3634,0.2285,0.4628,-0.1806,0.3419,0.2543,0.1675,0.2115,0.3239,0.1326,0.012,0.1012,0.1084,0.1038,0.0687,0.1545,-0.0036,0.115,0.1427,0.3946,-0.3145,0.2207,0.6024,0.0619,0.2387,0.22,0.0333,0.3275,0.2181,0.0709
TMEM123,0.4168,-0.0796,-0.0274,0.2347,0.0294,0.1238,0.285,0.2214,0.3097,0.3477,0.1658,0.2227,0.4893,0.2535,0.0682,0.3434,0.1583,0.2492,-0.1134,0.0796,0.1272,0.4004,-0.182,0.2149,0.4896,0.3501,0.1088,0.0921,0.0664,-0.1117,-0.2448,-0.2788
CCR6,0.1394,0.0,0.1165,0.4881,0.4993,0.5083,0.3481,-0.2544,0.3973,0.0,0.5322,-0.0028,0.5634,0.0613,0.3619,-0.0008,0.3906,0.0685,0.0941,0.1028,0.0182,2.3519,0.1006,0.0568,0.1102,0.8301,-0.265,0.2619,0.2738,0.1185,0.0404,-0.0057
ICOS,0.4971,-0.0,0.2022,0.2004,0.321,0.068,0.0564,0.2383,0.4337,0.0215,0.6512,-0.0,0.304,0.0151,0.0252,0.0039,-0.0071,-0.0534,0.418,0.1477,0.0292,0.3867,0.0,0.0082,0.3548,0.347,0.3535,1.4245,0.0,0.0616,-0.0019,-0.0204
VCAM1,0.2631,0.0272,-0.029,0.0941,-0.0466,0.3568,-0.0174,0.3489,0.1902,0.8169,0.0125,-0.4868,0.5835,0.4685,0.2834,0.647,0.1239,0.0613,0.3053,0.4732,-0.1035,0.4821,-0.4586,-0.0183,0.6972,0.5119,0.4005,0.2099,-0.1427,-0.1044,0.188,-0.1819
LMAN2,-0.0033,0.1753,0.1251,0.2137,0.1182,0.257,0.2497,0.0911,0.0982,0.4125,0.1376,0.193,0.2876,0.2506,0.2589,0.2819,0.1524,0.0787,0.23,0.2097,0.1334,0.2451,0.0592,0.215,0.4808,0.2065,0.0176,0.1734,0.1228,0.2035,0.1572,0.0813
MPEG1,1.0537,-0.2311,-0.117,0.1552,0.2126,0.26,-0.1577,-0.094,0.093,0.4965,0.101,0.1985,0.7289,0.4108,0.3265,0.5502,-0.0219,-0.1353,0.4963,0.2605,0.1942,0.5576,-0.0802,0.0812,0.8162,0.4011,0.7878,0.3963,-0.0058,0.0035,0.0379,-0.0291
CD5,0.4528,0.0176,0.022,0.2127,0.1541,0.2303,0.1451,0.0701,0.2517,0.0296,0.2204,0.0019,0.5985,0.1556,0.0818,0.0017,0.0553,-0.064,0.2707,0.1833,0.0142,0.524,0.0433,0.0236,0.2709,0.3682,0.221,0.944,0.0218,0.0577,-0.0147,-0.0394
ICAM1,-0.1094,-0.2461,0.1634,-0.0147,0.2083,0.3814,0.0843,0.2388,0.3189,0.5685,0.2899,-0.2679,0.3652,0.1511,0.104,0.2559,-0.0394,-0.3457,0.4659,0.4901,0.2458,0.6383,-0.1381,-0.0352,0.4238,0.3701,0.3113,0.1151,0.1964,0.0522,0.0033,0.1527
SLC31A1,-0.0877,-0.0282,0.1299,0.2456,0.1373,-0.1892,0.2106,0.0953,0.2996,0.3878,0.2096,0.242,0.1504,0.1142,0.0163,0.268,0.0737,0.055,-0.0115,0.1014,0.101,0.2582,0.379,0.2161,0.5227,0.2213,0.1309,-0.1368,0.04,0.1984,0.1311,-0.0179
CD180,1.2782,-0.0098,0.0171,0.2935,0.1318,0.1536,-0.0249,0.4075,0.1349,0.6716,0.0829,0.0205,0.5459,0.3525,0.0257,0.2608,0.2148,0.0754,0.5238,0.4385,0.2114,0.5592,-0.0129,0.0146,0.6167,0.3118,0.2619,0.1054,0.0499,0.0812,0.0475,-0.0019
PTGFRN,-0.0457,-0.0129,0.1821,0.253,0.1864,0.4796,-0.0283,0.4056,0.022,0.4306,0.3896,0.0029,0.3206,0.6192,0.1561,0.1535,0.2321,0.403,-0.0549,0.2223,-0.1887,0.4895,-0.4744,-0.1152,0.9836,0.261,0.2493,0.1149,0.0365,-0.0096,0.0073,-0.0726
SLC7A5,0.0725,0.116,0.2025,0.3909,0.5506,0.0374,0.4912,0.2526,0.5714,0.1971,0.7804,-0.1763,0.1841,0.0193,-0.1727,0.2505,0.2331,0.5228,0.5308,0.1262,0.1901,0.6247,0.4184,-0.1632,0.0475,0.1936,-0.2159,-0.033,-0.0008,0.7198,0.6364,0.9433
CD96,0.6846,0.0654,-0.1106,0.0421,0.1342,0.1731,-0.0987,0.0907,0.3739,0.0602,0.1796,0.0023,0.6234,0.2035,0.0254,0.0035,-0.0758,-0.0894,0.3165,0.1499,0.0082,0.6639,-0.0104,-0.0706,0.3482,0.2706,0.4326,0.7793,-0.1089,0.084,-0.0203,-0.0917
HM13,0.2366,0.1002,0.2448,0.2056,0.101,0.2337,0.3,0.1321,0.1689,0.3744,0.2207,0.0261,0.1439,0.1941,0.1818,0.253,0.1351,0.145,0.2694,0.2379,0.1673,0.0953,0.0473,0.1615,0.5316,0.188,0.2079,0.047,0.0444,0.207,0.2377,0.1952
CEACAM5,-0.0,-0.0,0.3695,0.6864,1.6084,0.2151,1.8006,-0.0,1.8718,-0.0,1.446,-0.0,-0.0105,-0.0521,-0.0495,-0.0179,1.2592,0.4856,-0.1836,-0.0202,-0.0733,2.6105,-0.0,0.0809,-0.0457,2.211,-0.1306,-0.0297,-0.0277,0.0842,-0.0317,-0.0
ULBP3,0.1653,-0.0502,0.1665,-0.0276,0.4145,0.3365,0.5459,0.0198,0.789,0.3064,0.6597,0.0188,0.1401,0.2898,-0.0008,-0.0019,0.1671,0.441,0.003,0.0702,0.169,0.3339,-0.0406,0.0318,0.3025,0.5024,-0.122,-0.0006,0.2626,0.4226,0.4497,-0.009
AMN,0.8419,-0.0222,0.1683,-0.0333,0.6477,-0.2603,0.0138,-0.0503,0.7291,-0.0008,0.1615,-0.2945,-0.0651,0.1687,-0.1735,-0.0004,-0.155,-0.1621,-0.0516,0.1165,0.4173,0.8849,-0.0017,-0.0445,0.0127,0.4428,-0.157,0.0319,-0.0494,0.3986,0.3314,0.346
CD14,0.2273,-0.4616,-0.0366,0.0403,0.2738,-0.3304,-0.0038,0.1071,0.1484,0.6964,0.1689,0.0043,0.4149,0.2987,0.055,0.4207,-0.0845,-0.1396,0.5217,0.5051,0.19,0.5796,-0.1676,0.0347,0.9557,0.377,0.4515,0.1789,0.1127,0.1755,0.1825,0.0196
CXCR6,0.3194,-0.0504,0.0524,0.2421,0.2704,0.1002,0.0209,0.4081,0.2549,0.138,0.3078,0.0195,0.7419,0.3215,0.1113,0.0143,0.0768,0.0078,0.3107,0.2532,-0.0206,0.3936,-0.0151,0.042,0.0379,0.1839,0.7075,0.168,0.0012,0.071,-0.056,-0.0713
F2R,0.1621,-0.0547,0.1167,0.2569,-0.0394,0.4907,0.2266,-0.0499,0.3975,1.0953,0.2142,-0.1316,0.3775,-0.1696,0.1371,0.9512,-0.1293,-0.1237,0.0404,0.2775,0.2294,0.8224,0.0193,0.1089,0.6639,0.5329,0.1056,0.0426,0.0881,-0.0601,0.1584,-0.1963
ALCAM,0.853,-0.173,-0.1034,0.3439,0.2691,0.2931,0.1143,0.1476,0.2589,0.091,0.1554,0.3324,0.2677,0.2251,0.1378,0.3418,0.0506,-0.0011,-0.1523,0.1544,-0.0621,0.2129,0.5802,0.26,0.9641,-0.0887,-0.0748,0.0819,0.0929,0.2596,0.1277,-0.3031
TMEM9,-0.0544,0.0569,0.1044,0.2759,-0.0271,0.4083,0.2005,0.1414,0.0479,0.2105,0.0327,-0.0949,0.1652,0.208,0.2641,0.1562,0.2105,0.1313,0.197,0.1968,0.0404,0.2815,0.0733,0.1548,0.3865,0.053,0.021,0.0946,0.1084,0.1745,0.1408,0.0856
CD47,0.3631,0.0269,0.1811,0.2148,0.3719,0.3989,0.2347,0.2665,0.2503,0.1671,0.3456,0.1533,0.218,0.1467,0.2134,0.0647,0.1666,0.026,0.132,0.2674,0.4245,0.4477,0.0349,0.1157,0.5135,0.1672,-0.0566,0.1642,0.1944,0.3516,0.1838,-0.1825
SLC40A1,0.3094,-0.7144,-0.3238,0.1803,-0.4063,0.2637,0.2515,-0.3158,0.3138,0.5229,-0.2033,0.1111,0.3734,0.3219,0.1738,0.3587,-0.0306,-0.1837,0.0515,-0.0186,-0.2355,0.411,-0.6299,-0.0118,0.243,0.3744,0.1208,-0.01,0.1682,-0.1407,-0.2877,-0.1318
HTR1D,-0.0,0.0,0.0539,0.179,0.5863,1.08,0.8609,-0.0,0.8051,0.0037,0.1058,0.0,0.012,0.0534,0.3313,-0.0179,0.2229,0.0046,0.0116,0.3176,0.0029,2.0415,0.0,0.0,0.0402,2.3307,0.7354,0.0,0.0032,0.0701,0.0845,0.0
CD300A,0.1236,-0.1934,-0.0097,0.1717,0.271,0.1387,-0.0445,-0.5317,0.1157,0.5987,0.1824,0.048,0.5784,0.3629,-0.0313,0.3474,-0.1135,-0.1491,0.2523,0.4232,0.1612,0.723,-0.1234,-0.124,0.7758,0.2059,0.5398,0.4826,0.0311,0.1785,0.1508,-0.1259
TMEM37,0.0151,-0.2402,-0.2382,-0.227,0.0306,0.0223,-0.127,0.2099,0.2147,0.6998,0.1211,-0.628,0.2641,-0.0674,0.0927,0.3781,-0.0726,-0.0487,-0.0783,0.5361,-0.059,0.4365,-0.3169,-0.075,0.6254,0.0086,0.2461,0.2297,0.1507,0.3839,0.3741,-0.1735
CSF2RA,0.9159,-0.0861,-0.0593,0.0319,0.2463,0.5389,0.0068,-0.1005,0.2067,0.5518,0.1708,0.0111,0.4276,0.3459,0.1124,0.5407,-0.1057,-0.3301,0.2656,0.526,0.1552,0.7352,-0.021,-0.0214,0.7029,0.3858,0.5419,0.3027,0.0789,0.065,0.0248,-0.0656
SLC44A5,-0.0685,0.2591,0.1563,0.1034,0.2099,0.3463,0.1934,-0.021,0.7034,0.1664,0.5591,-0.0229,-0.0558,0.0628,0.0702,0.396,0.4873,0.713,-0.0871,-0.0282,0.0384,0.0398,-0.0438,0.0407,-0.0484,0.2507,-0.2329,0.3285,-0.099,0.0313,0.2327,-0.0121
SLAMF9,0.0036,0.0,0.54,0.1582,0.8571,-0.0931,0.6079,-0.0101,1.0476,2.0474,1.8805,0.0239,0.0747,0.1595,-0.03,0.0325,0.3728,0.7401,0.6059,0.725,0.3249,1.0004,0.0,0.0096,0.5481,0.1194,-0.1541,0.0,0.0295,0.3229,0.711,0.0
CD8B,0.4275,-0.0298,0.0447,0.1903,0.2983,0.1143,-0.0184,0.2343,0.0675,0.0555,0.1153,-0.0002,0.674,0.1443,0.0437,0.0106,-0.0339,-0.0259,0.2907,0.2314,0.0843,0.4297,-0.0031,0.0499,0.3723,0.1124,0.7991,1.4939,0.0167,0.1391,0.1377,-0.0984
DPP4,0.3783,0.1049,0.0131,-0.175,-0.1118,-0.0832,-0.0671,-0.0919,0.3888,0.5612,-0.022,-0.2769,0.4051,0.4311,0.4064,0.0366,0.3336,-0.2032,-0.2329,0.4396,-0.0558,0.5077,-0.0795,0.3809,0.3445,0.5525,0.0908,0.2623,0.8998,-0.0179,0.0156,-0.0795
CD1E,0.2915,-0.0046,0.0229,0.3069,0.1684,0.4058,0.02,0.1663,0.0282,0.0475,0.2305,0.0068,0.3785,0.2709,0.0869,0.0231,0.2347,0.0222,-0.0904,0.058,0.0318,0.7634,0.01,0.1195,0.404,0.1437,0.006,2.2499,0.3789,0.0243,0.0,-0.0
CD83,0.2571,0.2487,0.3497,0.2302,-0.2502,0.3802,0.1494,0.7226,0.3094,0.0939,0.2062,0.1373,0.0717,-0.0119,0.2092,0.01,-0.0959,-0.1536,0.4261,0.1808,-0.0004,0.5793,0.0348,-0.0934,0.6253,0.3742,0.3546,0.3773,0.2854,0.1146,0.232,0.0978
HLA-G,0.0904,0.0783,0.065,0.0096,0.109,0.1871,0.0616,0.0133,0.1599,0.1489,0.1771,0.0033,0.9724,0.4725,0.1339,0.0527,-0.1222,-0.12,0.1577,0.1148,0.0877,0.3312,0.102,0.0115,0.2188,0.1935,-0.2285,0.1211,0.4641,0.0782,0.0626,0.2819
CELSR2,-0.0517,-0.09,0.0152,0.2592,0.343,0.3147,0.0106,0.0319,0.2017,0.0306,0.3768,-0.2555,0.0978,0.172,0.0362,0.1134,0.0475,0.4089,-0.1269,-0.0272,0.5022,0.0786,0.3664,-0.1719,-0.1524,0.1141,-0.3665,-0.1586,-0.0078,0.302,0.1323,0.4151
SLC39A6,0.3366,0.0035,-0.0359,0.5351,0.095,0.6247,0.1234,0.2003,0.2186,0.3019,0.2698,0.1333,0.3248,0.2243,0.2075,0.334,0.1948,0.3049,0.1409,0.1399,-0.1739,0.2704,0.3404,0.3942,0.405,0.2139,-0.0858,-0.0617,0.1873,0.0852,0.0734,0.2523
CADM1,0.1623,-0.0274,-0.1381,0.2264,-0.1296,0.0356,-0.1525,0.502,-0.0953,0.1775,-0.0635,-0.1058,0.2036,0.1607,0.3181,0.1287,-0.0095,-0.2492,0.326,0.1439,0.2847,0.2815,0.374,0.3603,0.3489,0.1315,-0.4864,0.0522,0.1449,0.4407,0.4445,-0.1162
SLC15A3,0.1499,-0.093,0.091,0.1797,0.2046,0.3254,-0.1313,0.1815,-0.0337,0.5155,0.2432,0.0506,0.4206,0.3342,0.2394,0.3825,-0.1074,-0.1951,0.3973,0.392,0.0234,0.7891,0.0851,-0.1265,0.737,0.1814,0.3836,0.2177,0.0189,-0.0207,-0.0746,0.0818
SLC1A5,-0.0142,-0.2182,0.023,0.0637,0.2922,0.7955,0.4177,0.2598,0.2433,0.7189,0.3059,-0.1522,0.1351,0.1211,0.2621,0.5707,0.0575,0.2026,0.0433,0.0176,0.0383,0.4607,0.0066,0.1217,0.7564,0.2061,-0.0594,-0.1265,0.0525,0.0851,0.1422,-0.1111
LAMP2,0.1799,0.0091,0.0331,0.216,0.0629,0.3583,0.1642,-0.0589,0.279,0.3363,0.208,0.2625,0.2941,0.2292,0.2992,0.2788,0.0856,0.1337,0.2179,0.0981,0.101,0.338,-0.0112,0.2723,0.2241,0.2113,0.133,0.0828,0.1441,0.0989,0.0074,0.0574
IL27RA,0.1707,-0.0083,0.0639,0.0221,0.2315,0.5399,0.1717,0.0051,0.2586,0.1549,0.2722,-0.095,0.314,0.2114,0.2205,0.0847,0.102,-0.0545,0.3165,0.0898,0.2054,0.4688,0.1111,-0.0811,0.3644,0.3062,0.2499,0.4264,0.1528,0.1164,0.1865,-0.0886
SLC52A2,0.1044,0.1355,0.2967,0.1953,0.2109,0.5133,0.328,0.2537,0.2372,0.3176,0.272,0.1048,0.0063,0.1557,0.2314,0.2193,0.1908,0.1685,0.1963,0.174,0.2698,0.3395,0.1249,0.12,0.5189,0.2814,0.0914,0.0189,0.0056,0.2597,0.2266,0.1829
EPHA10,0.0057,0.0077,-0.0523,0.2564,0.0955,1.4315,0.0271,0.0854,0.1505,-0.1734,-0.0118,-0.0071,-0.0146,0.0187,0.0162,-0.1353,0.5664,-0.0132,-0.0065,0.3132,0.1402,0.1748,0.3347,0.371,0.0,0.2829,-0.6068,-0.0078,0.4668,0.036,0.0179,-0.0121
DCSTAMP,0.0988,-0.0185,0.1868,0.2826,0.0807,0.0027,0.4586,0.9671,0.7111,0.0813,0.1487,-0.0141,0.1093,0.2688,-0.011,-0.0016,-0.3171,-0.3073,1.4174,0.1448,0.2319,1.4338,0.0079,0.0429,0.5472,0.9365,0.2084,0.0,2.6599,0.2489,0.2988,0.1858
CD6,1.1311,-0.0092,-0.0447,0.18,0.1299,0.1693,-0.0372,0.0206,0.3424,0.0224,0.2041,-0.0105,0.5364,0.2563,0.0456,-0.0157,-0.0706,-0.1561,0.2813,0.2336,0.0428,0.5925,0.0029,-0.0232,0.3544,0.248,0.2952,0.8321,-0.0372,0.1309,0.0247,-0.0395
SLC9A2,-0.0021,0.0241,-0.0431,0.2321,0.1967,0.2675,0.4998,0.0,1.0945,-0.0041,0.115,0.7716,-0.0932,-0.102,-0.0025,0.0032,0.0938,0.5916,-0.0203,-0.0,0.5728,0.9476,0.1178,0.5978,-0.0638,-0.2612,-0.0,0.0429,0.0427,0.6274,0.1119,-0.0
UNC5B,0.006,-0.0803,-0.0498,0.4622,0.3248,0.586,0.1716,0.2494,0.367,0.1646,0.3431,0.0219,0.4005,-0.1741,0.1128,0.1298,-0.0727,-0.0079,-0.138,0.2814,0.283,0.6184,0.7764,-0.1835,0.7997,0.2028,0.0572,0.0647,0.2208,-0.0623,0.1898,-0.124
C3AR1,0.2832,-0.2528,-0.0925,0.2041,0.0419,0.3791,-0.0892,-0.1735,0.0835,0.7698,0.0983,0.0529,0.5238,0.3475,0.2249,0.6406,-0.1305,-0.2447,0.5052,0.3905,0.1675,0.5254,-0.1858,0.0111,0.8082,0.2951,0.3174,0.0606,0.1296,-0.0482,-0.0156,-0.1257
FOLH1,0.1407,0.4953,0.0861,0.0481,-0.0201,-0.1742,0.0797,0.0093,0.1237,-0.0862,0.1324,-0.0146,0.6117,-0.1119,0.0037,-0.0411,0.0059,0.189,0.1258,0.0505,0.041,0.5394,0.3775,0.4872,0.7057,0.2705,-0.0167,-0.0518,0.186,0.7189,0.4731,-0.0274
PMEPA1,0.2025,-0.1553,0.1768,0.1881,-0.2472,1.185,0.4213,0.2317,0.4698,0.2358,0.2974,0.0244,0.4308,0.078,0.0997,0.1054,0.1244,0.0317,-0.1027,0.134,0.001,0.6484,0.5159,0.3161,0.4295,0.6587,0.1634,-0.3496,0.0685,-0.2313,-0.0499,-0.3276
CD70,-0.0937,0.0245,0.6727,0.0929,0.6463,0.1269,0.0946,0.8725,0.1937,0.3598,0.5768,-0.0141,1.6755,0.8693,0.026,0.003,0.0694,0.0858,0.1578,0.9539,0.2836,1.0798,0.0005,-0.0002,1.7129,0.4514,0.4514,0.15,0.1807,0.0661,0.0482,0.0743
FGFR3,-0.0667,-0.0861,-0.0334,0.2299,0.5837,0.3147,0.1088,-0.0,0.7416,-0.2483,0.5879,-0.0784,-0.1798,-0.1406,-0.0917,-0.159,-0.1188,0.2504,-0.3819,-0.1839,0.0846,-0.2594,-0.0246,-0.106,0.1089,0.1648,0.2003,-0.0849,-0.0634,0.1023,0.2824,-0.1401
TSPAN33,0.6781,0.0401,-0.0394,0.3271,0.2887,0.0221,0.087,0.527,0.146,0.1859,0.0569,0.0984,-0.0583,0.2227,0.1785,0.196,0.067,0.1735,0.2199,0.2012,0.418,-0.0074,0.1497,0.1064,0.199,0.17,0.0276,0.3059,-0.0142,0.5195,0.5961,0.0245
TMEM106B,0.2737,0.0234,-0.0397,0.2543,-0.0732,0.2203,0.2026,0.0157,0.3766,0.4616,0.088,0.2829,0.32,0.27,0.1773,0.3985,0.3063,0.2762,0.1344,0.1203,0.1146,0.3493,-0.1115,0.1216,0.16,0.4047,0.1414,-0.0888,0.1074,0.0152,-0.0079,-0.165
TNFSF13B,0.6097,-0.0043,0.0394,0.2796,0.1241,0.1516,0.0422,0.0072,0.2866,0.581,0.1762,-0.0329,0.443,0.0964,-0.0384,0.277,-0.0282,-0.1747,0.3897,0.5547,0.3211,0.5131,-0.0713,-0.0297,0.5959,0.4904,0.5348,0.0224,-0.126,0.1458,0.0822,-0.0762
SLCO1A2,-0.0,0.0,0.6156,-0.0098,0.0549,-0.1248,0.0441,-0.0008,1.2878,-0.5719,0.6801,-0.0,0.0178,0.0,-0.1384,0.0633,-0.092,0.7739,0.1386,0.0,0.7511,0.0109,0.0,0.5073,-0.0183,0.178,0.8803,0.3497,-0.0041,0.1026,0.6579,0.0187
CD9,0.4322,-0.1349,0.048,0.2655,0.1651,0.3482,0.2111,-0.0783,-0.011,0.5034,0.3299,0.4605,0.107,0.0652,0.1411,0.3805,0.0461,0.322,-0.1954,0.1347,0.4774,0.5165,-0.0452,0.208,0.2729,0.3113,0.7396,-0.122,0.1153,0.0373,-0.172,-0.6491
APLNR,-0.0182,-0.0812,0.3709,0.3193,0.2852,0.263,0.2432,0.3898,0.2614,0.4897,0.1411,0.2419,0.5999,-0.1039,0.0669,0.4117,0.1799,0.1019,0.3809,0.3042,0.3772,0.8316,0.2598,0.1833,0.4162,0.6636,0.5547,0.1137,0.1197,0.2403,0.2709,-0.0866
FCGR2A,-0.3122,-0.2976,0.0263,0.1772,0.1046,0.3019,0.0619,-0.5375,0.2469,0.7225,0.1656,-0.0185,0.3972,0.1711,0.1345,0.4114,-0.1296,-0.2615,0.7591,0.3462,0.191,0.6415,-0.1924,-0.0242,0.8314,0.4423,0.148,0.021,0.0362,0.0127,0.1112,-0.1109
CHRNA1,-0.0104,0.0186,0.4267,0.518,0.0327,0.0497,0.1912,1.1572,0.7253,0.8017,0.6446,0.0243,0.2231,0.6573,0.0057,0.0599,0.3532,0.1953,0.7502,0.082,1.1249,0.4405,0.0497,0.0532,-0.8614,0.4234,-0.0702,0.0959,0.0242,0.6338,3.5146,0.0148
LILRA4,0.6405,0.0045,0.0123,0.4987,0.0314,0.2086,-0.0115,-0.1418,0.0615,0.4858,0.2854,0.6042,1.4496,1.7261,0.0495,0.5491,0.1209,0.0504,0.3892,0.155,0.0954,1.0324,0.0043,0.0984,0.323,0.4085,0.3465,1.428,0.0789,0.1374,0.1438,0.1041
GABRA3,-0.0,0.0586,0.4879,0.1116,0.0899,0.0,-0.0295,0.0,0.918,-0.1679,1.7931,0.0,0.0129,0.0,0.0,0.753,0.3399,3.3034,0.8532,0.0572,0.6931,0.0375,0.1064,-0.0058,0.8932,0.4631,0.4768,0.1817,0.0,0.3203,1.2041,0.0331
ERBB2,-0.0124,-0.2044,0.1314,0.3292,0.0957,0.4909,0.1515,-0.0359,0.1763,0.3263,0.0771,-0.0459,-0.0745,0.1327,0.1353,0.1828,0.1974,-0.0044,-0.352,0.0473,0.1167,0.368,-0.1124,0.0409,0.1965,0.2257,0.0479,-0.3281,0.0247,0.1452,0.1009,-0.1418
CD82,0.2373,0.1943,0.0595,0.1272,0.3059,0.4145,0.1178,0.1721,0.1389,0.3509,0.424,0.5243,0.1889,0.1515,0.1116,0.4371,-0.1934,-0.0845,-0.1726,0.2082,0.1692,0.5661,-0.1488,0.0945,0.3942,0.2533,0.2294,0.1751,0.2392,0.2742,0.1988,-0.0204
HLA-C,0.4261,-0.0115,0.174,0.0791,0.107,0.3263,0.0808,0.013,0.2859,0.5332,0.2201,0.1945,0.3426,0.2243,0.238,0.3157,-0.0754,-0.1791,0.1874,0.2024,0.0963,0.5468,0.1201,0.1067,0.5126,0.2784,0.4023,0.0272,0.0912,-0.0082,-0.2262,0.0246
ACE,0.1563,-0.1003,0.1325,-0.0064,-0.1423,0.6831,-0.1678,0.4639,0.3241,0.3239,0.0083,-0.0893,0.3697,0.1836,0.2601,-0.0273,-0.1963,-0.3209,0.0148,0.026,0.2775,0.5846,0.6363,-0.0291,0.4788,0.443,-0.4838,-0.1305,-0.1093,0.1597,0.1082,-0.1874
SLC29A3,0.3901,0.1128,-0.0768,0.2449,-0.1643,0.1379,0.2126,0.3563,0.1659,0.2216,-0.0056,-0.0622,0.3161,0.3067,0.0904,0.2694,0.1341,0.0546,0.1062,0.1264,0.0617,0.3602,0.0678,0.0051,0.6196,0.1963,0.1508,0.1486,0.0715,-0.138,-0.082,-0.0415
PTPRJ,0.1342,-0.0556,-0.071,0.255,0.0534,0.2116,0.0753,-0.0248,0.2832,0.1818,-0.0914,0.3838,0.153,0.2321,0.0463,0.2419,-0.0059,-0.1433,0.5621,0.1634,0.197,0.3898,0.3378,0.1351,0.4102,0.1082,0.282,-0.0149,-0.0485,0.284,0.1461,0.4691
CD37,0.3283,-0.1935,-0.1065,0.198,0.0579,0.3106,-0.2648,0.0853,0.0862,0.6135,0.042,-0.0155,0.4855,0.3998,0.059,0.5175,-0.1976,-0.3628,0.363,0.315,0.1911,0.5747,-0.1204,-0.0349,0.6637,0.3067,0.0433,0.5785,0.0513,0.006,-0.0643,-0.1878
SLC52A1,0.0,0.0,0.0008,0.0916,0.549,0.0761,-0.0535,0.0972,0.4506,0.0259,0.742,-0.0393,-0.0039,0.4814,0.0,0.001,0.3055,0.5918,-0.0266,0.0004,0.0139,0.0598,0.0,-0.0588,-0.0018,0.1462,0.2415,1.1414,0.0463,0.1431,0.0181,-0.0
SLC37A1,0.6962,-0.193,0.1899,0.2348,0.187,0.4584,0.1809,0.1874,0.2438,0.0015,-0.0438,0.0271,0.1299,0.1543,0.0906,-0.0343,0.0753,-0.1208,-0.0478,-0.0136,0.1025,0.5052,0.1369,0.1855,0.0158,0.3193,-0.3274,-0.0166,-0.0361,0.2756,0.1034,0.3
ENPP5,0.0673,0.0396,-0.2116,0.3699,0.0319,1.0117,0.2863,-0.0327,0.1791,-0.0574,-0.1712,0.1567,0.1702,0.3043,0.005,0.012,0.2282,-0.0633,-0.1035,-0.0142,0.3521,0.1282,0.1724,0.3248,-0.18,-0.0823,-0.515,0.1076,0.1557,0.7466,0.482,-0.0495
IFNLR1,0.1226,-0.0379,0.1659,0.0315,0.6209,-0.1305,0.3389,0.3874,0.3974,0.1326,0.3133,-0.0352,0.0503,0.0314,-0.1123,0.0389,0.022,0.1202,-0.1656,-0.0363,0.1616,0.0656,0.0766,-0.0594,-0.082,0.1774,0.1516,-0.0188,0.0789,0.2516,0.174,-0.0055
CD53,-0.0225,-0.2869,-0.131,0.1719,0.0898,0.2087,-0.1845,-0.0521,0.0901,0.6199,0.0675,-0.0683,0.4881,0.2825,0.0138,0.3775,-0.1943,-0.299,0.49,0.292,0.0964,0.6441,-0.1873,-0.0954,0.7404,0.1906,0.7113,0.4152,0.029,0.0478,-0.0255,-0.3423
CD8A,0.9898,-0.0792,0.1347,0.2615,0.1765,0.1731,-0.0882,0.0077,0.1359,-0.076,0.1881,0.0502,0.9206,0.3887,0.0598,-0.1012,-0.0785,-0.1189,0.5541,0.2879,0.0232,0.4432,0.0491,-0.0403,0.5858,0.0815,0.7092,1.151,-0.0272,0.0609,-0.0555,-0.1287
NIPAL1,0.0483,-0.0,0.0442,0.0588,0.4062,-0.0459,0.505,0.0013,0.7577,-0.0,0.5319,0.3743,-0.0192,-0.0192,-0.061,-0.001,0.1942,0.3647,-0.1524,-0.0076,0.2876,0.2029,0.013,0.207,0.0,0.3144,0.1178,-0.0078,0.0214,0.3058,0.164,-0.0
ERMP1,0.443,-0.2516,0.0902,0.4114,0.2747,0.5196,0.3022,0.0988,0.3497,-0.0222,0.1242,0.3194,0.0134,-0.0042,0.2081,0.0877,0.0392,0.2096,-0.0513,0.0979,0.0949,0.2889,-0.1547,0.0972,0.0798,0.2073,-0.1661,0.0055,0.0787,0.2095,0.0648,0.0393
TM4SF1,0.5146,-0.165,0.1799,-0.0215,0.3978,0.9552,0.2583,0.1836,0.2982,0.282,0.3546,-0.2258,0.201,0.018,0.3755,-0.0784,0.0418,0.0535,-0.1687,0.7972,0.3974,0.5977,0.0465,0.1696,0.2613,0.293,-0.0354,-0.3417,0.0247,-0.0977,-0.1689,-0.5904
ABCC4,0.2349,0.0262,-0.407,0.0286,-0.0055,0.8139,-0.0183,0.0742,0.312,0.4886,0.0987,0.1807,0.2307,0.3401,0.2193,0.5017,0.0055,-0.0394,0.0016,0.1339,0.1421,0.3258,0.248,0.5593,0.0336,0.1528,0.069,-0.098,-0.1262,-0.0019,0.0792,-0.0773
SLC16A1,0.0491,0.0508,-0.1371,0.0748,0.2939,-0.243,0.2794,0.4254,0.3219,0.4497,0.443,0.257,0.6429,0.0634,0.1194,0.3422,-0.0399,0.4807,0.2524,0.546,0.0653,0.7017,-0.0953,0.2473,0.1514,0.3066,0.053,0.0139,-0.0336,-0.1133,0.0403,0.2084
NOX4,0.0,0.0804,0.0892,0.0988,-0.0261,0.6614,0.1323,0.5929,0.1081,0.7507,0.2599,-0.1513,-0.0435,0.0093,0.1813,0.0562,0.0608,0.0931,0.1715,0.1067,0.2114,0.9247,0.2533,0.0047,0.2568,0.3229,0.0359,-0.0543,0.059,-0.2312,-0.2174,-0.027
FCRL5,1.2004,-0.0,0.1404,0.0962,0.1194,-0.1131,-0.079,0.3455,0.3361,0.0,0.2163,-0.0081,0.061,-0.0142,-0.0593,-0.0051,0.1457,0.1609,0.4475,0.0846,-0.0758,0.5022,-0.0055,-0.0137,0.0371,0.1468,-0.1235,0.1091,-0.0222,0.0306,-0.0161,-0.0645
FAP,-0.0002,0.2102,0.346,0.2311,-0.2331,0.8134,0.314,0.933,0.1065,0.2903,0.4228,-0.0314,0.357,0.0304,0.1977,0.0348,0.1422,0.1252,-0.0452,0.5443,0.0414,0.7986,0.2967,-0.0311,0.7282,0.6088,0.0865,-0.1157,-0.1443,-0.5622,-0.4143,-0.1258
BAMBI,-0.1007,0.0382,-0.1636,0.4487,-0.0138,0.4585,0.3244,-0.0508,0.2986,0.1238,-0.1142,-0.0656,0.035,0.3787,0.2399,0.1849,-0.1594,-0.1249,0.7438,0.206,-0.3828,0.4493,-0.4549,0.2838,0.4427,0.2898,0.2491,-0.1988,-0.0629,-0.1807,-0.0226,0.5441
IL12RB1,0.6691,-0.0344,0.0034,0.1424,0.1873,0.0916,0.0055,0.1076,0.2373,0.3341,0.2385,0.0386,0.5102,0.1226,0.0374,0.1911,-0.0906,-0.1426,0.5202,0.2845,0.0685,0.5831,-0.0198,-0.013,0.5306,0.3533,0.423,0.4965,0.0255,0.0244,-0.0293,-0.0306
EDAR,0.0524,0.0,-0.1853,0.0,0.5781,0.4799,1.175,-0.0089,1.3639,0.0,0.3208,-0.0,-0.0166,0.2756,0.0061,0.0087,0.0232,0.2671,-0.0177,0.0225,0.1942,1.2158,0.0,-0.0036,0.0458,1.0145,-0.0189,0.7323,0.0116,0.4467,0.4874,-0.0
TSPAN15,-0.016,0.1132,-0.0376,0.1548,0.1987,1.0905,0.1239,0.1092,0.0116,0.0504,0.0588,-0.0564,0.1816,0.1018,0.2879,0.1507,0.1048,-0.106,0.1063,0.0751,0.3772,0.6506,0.1682,0.0103,0.339,0.1111,-0.1611,-0.2585,-0.0724,0.0405,-0.1294,-0.2842
DLL3,-0.0425,0.4664,0.3548,0.0699,0.6083,0.0,0.0161,0.6297,0.0937,0.9576,0.153,-0.0117,-0.0038,0.0566,0.0,2.0839,0.8394,0.9473,2.1871,0.0948,0.669,0.0958,0.457,0.0463,0.4112,0.0735,0.6864,0.0044,-0.0037,0.809,3.4356,1.5142
CHRNA9,0.0,0.0,-0.0195,0.3386,0.3694,0.0,0.0,0.0,0.3155,6.3856,0.9808,0.0,0.0,0.0,0.0,0.6369,0.8472,0.2549,-0.2643,0.0281,0.0325,0.0138,0.0417,0.0,0.3204,0.0119,0.0091,0.2651,0.0615,0.3931,1.2184,0.0
FZD5,0.1288,-0.1707,0.0234,-0.0565,-0.0178,0.0147,0.0725,0.0001,0.2002,0.315,0.0416,-0.079,0.2797,0.1469,-0.0486,0.0859,0.0092,-0.1666,0.077,-0.0983,0.0886,0.1082,-0.0786,0.1338,0.0237,0.226,0.8666,-0.0893,-0.0871,0.2798,0.0849,-0.0944
SLC39A8,0.3906,0.2642,0.0493,0.1112,-0.122,-0.123,0.4175,0.4609,0.4269,0.3235,0.0572,0.117,0.4102,0.4788,0.1167,0.1221,-0.2385,-0.54,0.0202,0.7299,0.1666,-0.1321,0.0233,0.1661,0.8232,0.4494,0.4103,0.2029,0.0729,0.2334,0.1812,-0.2091
EVI2B,0.4583,-0.1315,-0.1469,0.226,0.1417,0.216,-0.1487,-0.3798,0.2554,0.5697,0.0918,0.0012,0.6151,0.3497,0.0283,0.4026,-0.1856,-0.3238,0.2692,0.3149,0.3196,0.6889,-0.1041,-0.0389,0.662,0.4257,0.4698,0.4695,0.0662,-0.0156,-0.0952,-0.1478
GPR19,0.116,-0.0094,0.2176,0.2303,0.5384,0.3645,0.0728,0.1222,0.4833,0.1223,0.1323,-0.0027,0.0201,0.0043,0.0388,0.2049,0.1205,0.3826,0.9225,0.017,0.5889,0.1195,1.0937,0.0,0.4119,0.2136,0.2096,0.4752,0.0007,0.09,0.6526,0.3952
ITGB7,0.3663,-0.083,0.0082,0.1368,0.3499,-0.0204,-0.0393,-0.0889,0.143,0.0747,0.2295,0.2008,0.1746,0.2033,0.0084,-0.0109,0.0843,-0.001,0.0601,0.1125,0.2607,0.5075,-0.0595,-0.0894,0.263,0.3077,0.4702,0.2875,0.126,0.3335,0.0055,0.1601
ITGB8,0.2355,0.025,-0.1745,-0.0601,-0.0551,0.9758,0.0668,0.0129,0.3883,0.4756,0.3413,-0.1859,0.2958,0.6409,-0.0406,0.4029,0.0674,0.4374,-0.0759,-0.0355,0.3737,0.3919,0.2823,-0.1712,0.1917,0.4931,-0.2051,-0.1943,0.1036,0.1577,-0.1368,-0.1451
CPD,0.2214,0.0277,0.0053,0.1601,0.0692,0.3122,0.2119,-0.2433,0.3366,0.2437,0.1084,0.2779,0.3519,0.4258,0.2555,0.1738,0.1599,0.0435,0.1229,-0.0473,-0.0018,0.4142,0.1514,0.1902,0.2044,0.3231,-0.4527,-0.1188,0.1332,0.0598,-0.0359,-0.2419
GJB5,0.0027,-0.0048,0.2715,0.0321,1.6223,0.2696,0.1867,-0.0,1.1228,-0.0056,1.903,0.0,0.0119,0.0292,-0.0059,0.0047,0.0692,1.4908,-0.2032,-0.0181,0.0046,0.9627,-0.0143,-0.2217,0.0054,0.4495,-0.173,1.0339,0.0347,0.1394,0.0373,-0.0
SLC28A3,0.4263,-0.011,0.1016,-0.2877,0.7266,0.5042,0.1782,-0.0087,0.7317,0.0023,1.0506,0.0,0.0023,0.0019,-0.0289,0.0077,-0.0,0.1177,-0.1722,0.7233,0.4095,0.0943,0.0,-0.0046,0.0348,0.6699,0.3177,-0.038,0.0665,0.3162,0.0477,-0.0
CCRL2,0.1687,0.002,0.0606,-0.1767,-0.004,0.2185,0.2653,0.1161,0.2954,0.5242,0.0293,0.4868,0.4245,0.1324,0.1153,0.2542,-0.2533,-0.3457,0.1901,0.1199,0.1065,0.6245,0.05,-0.0112,0.3255,0.4682,0.5419,0.2716,-0.0283,-0.0448,-0.0661,-0.0456
SIGLEC10,0.0875,-0.2497,-0.2123,0.2004,0.1639,0.1962,-0.1398,-0.0944,0.1706,0.6493,0.1207,0.0084,0.4935,0.2046,-0.0293,0.5292,-0.1903,-0.2065,0.3054,0.2622,0.0506,0.3962,-0.3136,-0.1943,0.406,0.3013,0.2068,0.2792,-0.0224,0.0377,-0.0375,-0.1082
IL17RB,0.2935,-0.0549,-0.0117,0.0679,-0.1637,0.0223,0.2151,0.2293,0.257,0.0901,-0.132,-0.437,-0.1684,0.0268,0.0835,0.0249,-0.0649,-0.1977,-0.0196,-0.1636,-0.1608,-0.0228,-0.059,-0.0486,-0.0193,0.3193,-0.2545,-0.1439,-0.1489,0.0058,-0.075,-0.0878
TM9SF2,0.2381,-0.0206,0.0285,0.225,0.0351,0.3109,0.255,-0.0189,0.2205,0.2743,0.1001,0.183,0.2386,0.2072,0.2107,0.2196,0.1362,0.0723,0.1446,0.0742,0.0778,0.258,0.171,0.2675,0.3356,0.2559,0.0229,-0.0747,0.0797,0.0658,0.0611,0.0171
SLC1A4,0.4763,-0.1836,0.1145,0.4494,0.0553,0.1457,0.3232,0.4615,0.3266,0.0693,0.3369,0.1783,0.5313,0.2811,0.1698,0.3069,0.1974,0.3807,0.2672,-0.0316,-0.1084,-0.117,0.0835,0.1878,0.0991,0.2248,-0.2595,0.1456,0.133,-0.1412,-0.1186,0.1829
TNFRSF17,0.5678,-0.0282,0.1618,0.2452,0.1783,-0.0039,-0.019,0.7171,0.2537,0.0,0.1992,-0.0,0.1041,0.032,-0.0131,-0.0004,0.432,0.3362,0.338,0.0439,-0.0303,0.4703,0.0082,0.0039,0.1568,0.1372,-0.0535,0.3634,0.0142,0.0292,-0.0225,-0.0622
GPRC5C,-0.1083,-0.0661,0.0076,0.1071,-0.0359,-0.0195,0.1819,-0.2203,0.2582,0.0949,-0.156,-0.0033,0.0067,0.2032,0.0219,0.0022,0.2238,0.0003,-0.5516,-0.0212,0.0658,0.1413,-0.1947,0.0243,-0.3969,-0.3916,0.5343,0.0089,0.0952,0.2676,0.2399,-0.0622
EMB,1.3975,-0.2598,0.1429,0.2261,0.1188,0.5105,-0.1016,-0.1429,0.3467,0.3001,0.1038,0.1496,0.5249,0.1663,0.0007,0.1295,0.1963,-0.1306,-0.2818,0.436,0.1566,0.8876,-0.32,0.3487,0.6548,0.434,-0.0036,0.2863,0.1696,0.0285,0.1371,-0.1257
MS4A6A,0.5636,-0.3511,-0.1634,0.1076,0.0641,0.1316,-0.2323,-0.1576,-0.0428,0.9417,0.1014,0.0219,0.625,0.3588,0.0046,0.5444,-0.0623,-0.1638,0.4214,0.3835,0.0946,0.5983,-0.2005,-0.0547,0.8028,0.2054,0.498,0.2308,0.0738,-0.0141,-0.0061,-0.238
CTLA4,0.1252,-0.0089,0.0342,0.0504,0.2411,0.1863,0.0243,0.4465,0.3771,0.0156,0.4306,-0.0,0.1764,0.0116,0.0637,0.0031,-0.0367,-0.0953,0.4553,0.0917,0.0154,0.5507,0.0018,0.0013,0.2471,0.3499,0.1259,0.0467,0.002,0.1219,0.0369,-0.0377
UNC93B1,0.2711,-0.2433,0.0486,0.0773,0.2069,0.377,0.0766,-0.0455,0.2821,0.4548,0.1109,-0.1162,0.1441,0.2463,0.1439,0.2378,0.006,-0.1602,0.0416,0.2225,0.4136,0.4958,-0.3385,-0.0083,0.5884,0.3197,0.4978,0.0421,0.0515,0.2981,0.1628,0.1333
IL20RA,-0.0,-0.1328,0.0407,-0.0539,0.054,0.6395,0.7464,0.0,0.3203,-0.1006,0.1746,0.1345,-0.0154,0.1064,-0.1013,-0.101,-0.0604,0.1395,-0.1127,-0.1002,-0.0961,0.2702,0.2104,0.1201,-0.0438,0.1574,-0.1139,0.217,-0.0415,-0.0046,-0.1831,-0.0181
GABRP,-0.0,-0.0,-0.0097,-0.3394,0.9917,0.2867,0.09,-0.0002,0.6756,0.0,0.2317,-0.0129,-0.0806,-0.0609,-0.0516,0.0,0.045,0.3161,-0.3066,-0.0193,0.514,1.6178,-0.0,-0.0959,-0.0003,0.7509,0.0899,-0.0223,0.0,0.7438,0.2244,0.0
SLC39A9,0.3316,0.083,0.0835,0.2875,0.0858,0.1399,0.1536,0.1284,0.2605,0.2294,0.1496,0.2223,0.2046,0.1686,0.1047,0.2408,0.1262,0.1366,0.1161,0.0913,0.0396,0.2753,0.1097,0.1867,0.4525,0.2221,-0.0501,0.0689,0.0396,0.099,0.0557,0.0003
EPHA1,0.4035,-0.0057,0.1479,0.0246,0.2135,-0.0338,0.1183,-0.1995,0.2602,0.1704,0.2851,-0.1061,-0.2472,0.0968,0.0115,-0.0088,-0.0249,0.1057,-0.3454,-0.2557,0.2471,0.2416,-0.0343,-0.1601,0.1341,0.2157,0.0241,0.4141,-0.1857,0.1351,-0.138,-0.0444
SECTM1,0.0132,-0.1236,-0.0879,0.1462,0.1332,0.5398,-0.1814,-0.3219,0.206,0.6886,0.2059,-0.3031,0.0365,0.1403,0.2843,0.1812,-0.009,-0.1101,-0.0998,0.3609,0.2326,0.5701,-0.1063,-0.0217,0.7663,0.3137,0.438,0.0572,-0.1193,-0.0623,-0.2165,-0.2905
TMEM158,-0.0853,-0.0405,0.0103,0.2026,-0.1612,0.4693,0.2362,0.1202,0.3695,0.363,0.3217,-0.0297,-0.0664,-0.0623,0.0114,-0.0239,0.0532,0.483,0.2277,0.4182,0.2346,0.6661,-0.2463,-0.115,0.7259,0.6303,-0.0272,-0.0759,-0.0182,-0.623,-0.5122,-0.0487
SORL1,1.0116,0.0522,-0.2743,0.1856,-0.1398,-0.287,0.1706,-0.275,0.3507,0.0468,0.1397,0.5572,0.2884,0.1257,-0.2301,0.2645,-0.098,-0.0008,0.0531,-0.1786,0.032,0.486,0.2543,0.0241,0.1769,0.3113,-0.0878,0.1323,0.0321,0.1918,-0.0216,-0.2554
NFAM1,0.5652,-0.0422,-0.0283,0.1983,0.172,0.1744,-0.0032,-0.2771,0.0885,0.5566,0.1112,0.0124,0.4767,0.3047,0.0101,0.3127,-0.1912,-0.2546,0.2182,0.3197,0.0908,0.5415,-0.0515,-0.0113,0.72,0.2864,0.2565,0.3097,0.2662,0.1196,0.0787,-0.022
TNFRSF10A,0.0888,0.0606,0.0886,0.0251,0.1303,0.3189,0.2862,0.2052,0.304,0.0655,0.3434,-0.0692,0.3142,0.196,0.0652,0.021,0.0762,0.0311,-0.1488,0.1357,0.1427,0.5599,-0.0685,0.0336,0.1313,0.4031,0.2115,0.0135,0.0725,0.0634,-0.0955,-0.0852
GPR158,-0.0121,0.1792,0.4119,0.0982,0.0237,-0.0863,-0.0263,0.0087,1.1398,-0.3307,0.6216,-0.0051,0.0016,-0.0106,0.5128,0.2529,0.0377,0.4345,0.9655,-0.0104,0.5448,0.0732,3.3372,0.5003,0.3377,0.3612,-0.0092,0.1714,-0.0117,0.1725,0.8527,-0.0064
LRRC37A2,2.7977,0.0,0.0,0.0808,0.1811,0.0,0.5942,0.2914,1.0899,-0.1996,0.0,0.0,0.2806,0.173,0.0418,0.2639,0.4786,0.3537,0.3705,0.0,0.0,0.222,0.2017,-0.0946,-0.2313,1.1602,0.0,0.0,0.1582,0.0,0.0,0.0362
CLDN16,-0.0033,-0.0406,0.0184,-0.0032,0.6415,0.5464,0.3716,0.0598,0.3004,-0.0,0.1932,-0.1153,-0.144,-0.23,0.0591,-0.0013,0.0522,0.5857,-0.0359,0.0,1.4981,0.1606,-0.0,-0.0015,0.0071,0.3034,-0.005,0.0192,1.5483,0.0416,-0.0266,-0.0
SIGLEC15,1.2455,-0.0,-0.0303,0.2672,0.0174,0.3708,0.139,0.6113,0.2056,0.004,0.0116,1.2055,0.0305,0.0513,0.176,0.0,0.0295,0.0062,0.0595,0.0975,0.2241,0.3731,0.0131,-0.0015,0.3596,0.3144,0.0063,0.2432,0.6651,0.4123,0.2012,0.0073
MR1,0.2273,0.0187,-0.0323,0.2096,0.1468,0.3933,-0.0119,0.0857,0.0945,0.6262,0.154,0.4452,0.302,0.2857,0.2305,0.3376,0.1108,0.0657,0.125,0.151,0.0015,0.6019,-0.0622,-0.1001,0.648,0.3042,0.1167,0.1114,0.1575,-0.093,-0.1336,-0.01
CLEC5A,1.15,-0.0788,0.0687,0.3675,0.0841,0.3032,0.2481,-0.0626,0.1486,0.8497,0.2261,-0.0241,0.302,0.2234,-0.0135,0.0149,-0.0781,-0.1639,-0.0177,0.3661,0.2564,0.4204,-0.0588,-0.0111,0.1937,0.2527,-0.0452,-0.0167,0.0635,0.0729,0.0756,-0.0
ACP2,0.2024,-0.0739,0.0446,0.1045,0.1069,0.0031,-0.0362,0.304,0.1375,0.2852,0.0504,-0.0426,0.085,0.1712,0.0391,0.2144,0.0636,0.0141,0.2448,0.1315,0.1523,0.1208,0.0475,0.0898,0.4394,0.1571,0.081,0.0459,-0.0241,0.1286,0.114,0.0864
LPAR2,0.0425,-0.1328,0.2125,0.1344,0.1818,0.6432,0.0885,-0.3505,0.3261,0.2029,0.0743,-0.2039,0.0805,0.1172,-0.0934,0.1922,-0.2034,-0.1419,-0.2097,0.0687,0.0924,0.1617,0.091,0.0059,0.5056,-0.0928,-0.075,0.0781,-0.2145,0.3458,0.3188,-0.2515
SLC38A1,0.2641,0.067,0.0775,0.389,0.1784,0.7092,0.1222,0.2137,0.168,-0.0429,0.2037,0.6025,0.5091,0.4478,0.0694,0.2446,0.0718,0.2336,-0.3439,-0.0475,0.2257,0.2477,0.61,0.0379,-0.2968,0.3131,0.5347,0.1666,-0.0619,0.0169,-0.0292,-0.2803
CDH11,0.1816,0.048,-0.3496,0.3425,-0.408,0.7736,0.3012,0.2501,0.2606,0.5016,0.1007,-0.1436,0.4367,-0.1451,0.1088,0.3882,-0.1346,-0.2115,-0.1526,0.6218,-0.2641,0.9366,0.0159,-0.0796,0.9171,0.5169,0.0114,-0.2295,-0.0954,-0.3792,0.0043,-0.2762
SLC33A1,0.2905,-0.0936,0.0036,0.1706,0.0303,0.1421,0.1529,0.1229,0.266,0.3637,0.1294,0.2604,0.4227,0.2703,0.0629,0.2836,0.0869,0.1891,0.1249,0.1199,0.0568,-0.0411,-0.0393,0.1924,0.3502,0.1828,0.0231,-0.0618,0.0042,-0.0163,-0.0994,-0.2746
TLR3,0.2847,-0.009,-0.1524,0.1199,0.0873,0.2267,0.0262,0.0001,0.1922,0.5982,0.0671,0.0807,0.8564,0.3201,0.055,0.4097,0.0674,-0.1097,0.1073,0.0485,0.0858,0.3295,-0.1163,0.0299,0.4838,0.3513,-0.1103,-0.0988,0.0492,-0.0262,-0.0994,-0.0804
IFNGR2,-0.0512,-0.0233,0.1186,0.0905,0.0658,0.3776,0.1565,0.0014,0.0705,0.3695,0.1809,-0.0537,0.2698,0.1512,0.1097,0.1271,0.0907,0.0344,0.1438,0.1266,0.0888,0.5595,-0.0088,0.1522,0.4443,0.2276,0.0337,0.0647,0.0945,0.1251,0.1568,-0.161
SCNN1G,-0.0,0.0,0.1931,-0.0213,0.199,0.0,-0.0378,-0.0036,0.138,0.0596,0.2793,-0.0896,-0.2739,-0.1296,-0.0043,-0.0022,-0.2252,-0.3033,-0.0472,0.0252,0.017,-0.0941,0.0239,-0.3104,-0.0017,-0.0993,0.0092,0.7192,-0.0189,0.7005,0.0743,-0.0
FASLG,0.0527,-0.004,-0.0031,0.1861,0.3494,0.0036,0.037,0.3429,0.0924,0.003,0.1625,0.0,0.7075,0.0305,-0.0065,0.0006,0.0166,-0.0159,0.485,0.251,0.0409,0.0878,0.0,0.0,0.4542,0.1568,0.7776,0.1126,0.0043,0.0645,-0.0084,-0.0254
ZACN,0.6881,0.6016,0.6928,0.3224,0.3016,0.1774,-0.065,0.4614,-0.0466,-0.1606,0.0696,-0.2948,-0.328,0.0883,-0.0017,-0.0835,0.1572,0.1316,-0.1021,0.1713,-0.136,0.1388,0.7799,-0.0665,0.9939,-0.1757,0.007,0.3915,-0.1896,0.9993,0.9569,-0.2283
P2RX4,0.2037,0.0527,-0.0166,0.1687,-0.0325,0.3191,0.0428,0.0006,0.1382,0.3178,-0.0968,0.02,0.2174,0.2337,0.1617,0.2004,0.0373,-0.0742,0.236,-0.0112,-0.0188,0.1267,0.036,0.1233,0.7161,0.0503,0.037,-0.0641,0.0728,0.1741,-0.0114,0.2416
RTN4RL2,0.0427,0.0406,-0.0089,0.0774,-0.092,-0.093,0.0089,0.0013,0.1525,0.2677,-0.0108,-0.0031,0.1662,-0.064,0.0301,0.5109,0.3104,-0.058,0.0232,0.1271,0.0855,0.1969,0.112,0.1869,0.4467,0.2313,0.1,0.2271,-0.1383,-0.0425,0.1816,0.0659
ITGA6,1.2006,0.0837,-0.1764,-0.1915,0.1056,0.5087,0.327,-0.1688,0.5112,0.2958,0.5543,0.3698,0.2646,0.1158,0.3379,0.2794,-0.1908,0.2616,-0.0555,-0.0938,-0.0553,0.311,0.486,0.045,0.0885,0.2742,0.0746,0.0482,-0.0169,-0.2235,-0.3486,-0.46
BCAM,0.1063,0.0446,0.1187,0.038,-0.1664,0.4331,-0.2254,0.0116,0.0194,0.2317,0.0679,-0.1029,-0.1854,-0.1587,0.2471,0.0778,-0.0174,-0.1501,-0.3174,0.2857,0.5868,0.1369,0.1865,0.2375,0.0923,0.0205,0.0404,0.0941,-0.193,-0.0127,-0.0518,-0.0709
CD101,0.3478,-0.0441,0.0337,0.2004,0.2535,0.3496,-0.1175,-0.1458,0.1726,0.5671,0.2794,-0.004,0.3377,0.23,0.0511,0.1778,-0.1494,-0.1552,0.0606,0.1079,-0.0017,0.2662,-0.03,-0.0889,0.7404,0.1677,0.1603,0.1203,0.0239,0.1144,0.1831,-0.0365
SVOPL,1.1677,-0.0429,0.4295,0.1838,0.5071,0.0,-0.0048,-0.0,0.0317,0.003,0.0185,0.5698,-0.0906,-0.0862,0.0,-0.0178,0.2121,0.2801,-0.0089,0.1345,0.45,0.0217,-0.093,-0.0011,0.0626,0.0254,-0.156,0.7057,0.5746,0.7297,0.3499,-0.011
P2RY13,1.0449,-0.0494,0.0055,0.2158,0.0919,0.0668,-0.0552,-0.3784,0.0496,0.513,0.0697,0.0477,0.6405,0.3398,0.0118,0.5275,-0.0434,-0.1432,0.1758,0.2729,0.1124,0.3243,0.0029,0.031,0.3628,0.2906,0.5262,0.3189,0.2149,0.0008,-0.0068,-0.0126
FAM171A2,0.0269,0.0052,0.2763,0.1279,-0.2063,0.6248,-0.0067,0.0047,0.0881,-0.0609,0.0995,-0.0112,0.0108,0.1104,0.0552,0.1497,0.1399,0.1997,0.1279,0.3542,0.415,0.2864,0.853,-0.0163,0.7925,0.1274,0.6532,0.08,0.2481,0.1908,0.4044,0.2053
LRRC25,0.1633,-0.074,-0.1132,0.0644,0.0972,0.1595,-0.0672,-0.4901,0.071,0.7818,0.0586,0.1909,0.5135,0.3125,0.1136,0.4086,-0.2133,-0.2857,0.5099,0.377,0.188,0.4969,-0.2734,-0.0507,0.5116,0.299,0.3408,0.108,0.0704,0.0549,0.0939,-0.0474
BACE2,0.2571,0.0663,0.0613,0.025,0.0772,0.9974,0.3615,0.3008,0.1782,0.5812,0.0929,0.6205,0.1271,0.2339,0.1386,0.2465,0.1694,0.1447,0.5348,0.2707,0.3051,0.414,-0.144,0.1548,0.5439,0.2421,0.2463,0.0328,-0.0039,0.0478,-0.0918,0.4097
NCMAP,0.0,-0.0114,-0.0672,-0.0405,0.1349,0.1302,0.2349,0.0,0.1897,0.081,-0.0027,-0.0513,-0.041,-0.0225,0.0622,0.0064,0.278,-0.0693,-0.0309,-0.0056,0.139,0.1073,0.0,-0.0651,-0.0074,-0.1881,0.0639,-0.0,0.382,1.2987,0.3075,-0.0
CD80,-0.0634,-0.0035,0.1133,0.2595,0.1804,0.1102,0.0696,1.0062,0.3617,0.0489,0.2983,0.0036,0.1574,0.0086,0.0034,0.0034,-0.1482,-0.1664,0.24,0.1836,0.1131,0.3251,-0.002,-0.0005,0.1681,0.4382,0.324,0.0164,-0.016,0.031,0.0277,-0.0
FAT1,-0.0725,0.3581,0.0754,-0.016,0.2231,0.4536,0.1734,0.2774,0.3446,0.2383,0.2456,-0.2599,0.1958,0.3533,0.2693,0.2809,0.0432,0.1121,-0.0912,0.1639,-0.0214,0.4459,0.2903,0.1338,0.8369,0.3678,-0.0215,-0.1516,-0.105,-0.1046,0.0785,0.0608
TMEM150B,0.2109,-0.0401,-0.0754,-0.0013,0.0839,0.0693,0.2792,0.0312,0.2193,0.3001,0.0826,-0.031,0.0339,0.0117,0.5922,0.0335,-0.2574,-0.3134,0.4364,0.1898,0.1169,0.7212,-0.0757,-0.0046,0.6002,0.717,0.5411,0.005,0.0295,0.0119,0.0758,-0.0258
LAIR1,0.9884,-0.3751,-0.2312,0.0225,0.0387,0.3641,-0.1736,-0.073,0.0925,0.6287,0.0311,-0.0881,0.4203,0.2644,0.1479,0.4189,-0.2238,-0.3569,0.5316,0.3602,0.154,0.5756,-0.2902,-0.1556,0.7929,0.2508,0.1275,0.6714,0.0211,-0.0413,-0.0603,-0.2327
TMEM154,0.3176,-0.0,-0.2113,0.1658,0.4327,0.0359,0.1993,-0.2123,0.6596,0.4262,0.8824,-0.0004,0.1578,0.0402,-0.0344,0.0403,0.0754,0.2391,-0.2851,0.1797,0.0184,0.789,0.0019,-0.0295,0.0985,0.4861,0.4334,0.0707,0.1472,-0.0096,-0.0268,-0.0
BTN3A2,0.3747,-0.0517,0.0273,0.0699,0.0703,0.2861,0.0051,-0.0548,0.254,0.5086,0.0752,0.0098,0.4373,0.237,0.1147,0.3678,-0.0699,-0.1547,0.2579,0.1982,-0.0469,0.3935,-0.1218,-0.1249,0.5911,0.3093,0.0455,0.0711,-0.0354,-0.1489,-0.283,-0.0037
FAM174B,0.3462,-0.0038,-0.1477,0.3018,-0.103,0.4166,0.0295,0.0481,-0.002,-0.0959,-0.185,0.6503,0.2339,0.0772,0.1109,-0.0156,0.0035,-0.2696,0.27,0.0292,0.1683,-0.0754,0.6275,0.3514,0.1157,-0.169,-0.1354,0.1887,0.0414,0.3849,0.1603,0.554
EPHA2,0.0083,-0.2919,0.2794,-0.3183,0.3227,0.2419,0.3331,0.0659,0.5008,0.3205,0.4262,-0.2442,0.1663,0.2149,-0.0493,0.0494,0.0036,0.0764,-0.2017,0.3525,0.1815,0.6631,-0.1265,-0.2686,0.2577,0.4298,0.1182,-0.1315,0.0531,-0.1017,-0.0776,0.0594
ATP1A1,0.0671,0.0766,0.1031,0.1051,0.2794,0.7706,0.1485,0.2061,0.2284,0.0862,0.231,0.0406,-0.1908,-0.0357,0.2792,-0.0383,-0.0262,-0.0152,0.3511,0.128,0.1287,0.2344,0.3331,0.1332,0.3084,0.1766,0.0602,-0.0035,-0.0358,0.1948,0.1343,0.3221
PTPRK,0.0641,-0.0475,-0.1023,0.1287,0.1469,0.3347,0.1655,0.0464,0.4034,0.09,0.23,0.1002,0.3661,0.339,0.0791,0.1886,0.037,0.1138,-0.2338,-0.0568,-0.0355,0.2851,0.3626,0.0885,0.3329,0.2185,0.0531,-0.1182,0.0046,0.0252,-0.0781,-0.2971
SLC37A2,0.2218,-0.5949,-0.1187,0.178,0.2821,0.1716,-0.1015,-0.1514,0.1337,0.5097,0.4349,0.1706,0.5772,0.4731,0.0498,0.3527,-0.0844,0.1198,-0.3425,0.0763,0.1019,0.5132,-0.5861,-0.1003,0.5949,0.2571,0.0042,-0.0607,0.0175,-0.0289,0.0105,0.0117
SLAMF6,0.1123,-0.0241,-0.0277,0.1591,-0.0184,0.0138,-0.048,-0.0136,0.179,0.0999,0.0874,-0.0018,0.6758,0.1151,-0.0067,0.01,-0.0433,-0.1044,0.3311,0.123,-0.0032,0.6026,-0.0074,-0.0271,0.3159,0.1857,0.3326,0.5135,-0.0442,-0.0115,-0.035,-0.0662
SLC41A2,0.0923,0.0829,0.1509,0.1093,-0.0275,0.0672,0.1016,0.4724,0.3152,0.2434,-0.0646,0.4064,0.6919,0.5291,-0.0225,0.1871,0.3011,-0.022,0.0876,0.2629,0.0924,0.2763,0.0095,0.0812,0.812,0.0812,-0.3116,-0.1073,0.0873,0.1953,0.0052,-0.0737
DSC3,-0.0,-0.0,0.1431,-0.0894,1.8203,0.2559,0.1925,-0.0,1.4695,-0.0083,2.7188,-0.0,-0.003,-0.0035,-0.0197,-0.0052,-0.0082,2.1472,-0.489,1.1449,0.1084,0.1952,-0.0102,-0.0608,0.0,0.0549,0.009,1.0934,0.1469,-0.0127,0.0041,-0.0
CCR4,0.1511,-0.0,0.0731,0.3481,0.1285,0.103,0.0654,0.0079,0.2608,0.024,0.2722,-0.0021,0.4846,0.0339,0.009,0.0062,0.002,-0.1028,0.0575,0.0671,0.0066,0.7476,-0.0,0.0449,0.0941,0.4691,-0.0671,0.4206,0.0293,0.0063,-0.0056,-0.0
CD300C,0.6296,-0.0414,-0.0487,0.138,0.0458,0.1358,0.0072,-0.2211,0.0208,0.7439,0.0821,0.0112,0.4551,0.2702,0.0194,0.3363,-0.1973,-0.2378,0.2975,0.4128,0.0798,0.4847,-0.034,-0.006,0.6417,0.122,0.3779,0.0723,0.121,-0.0055,0.0213,-0.0234
PCDH1,-0.0225,0.1489,0.1191,0.0708,0.2271,0.2227,0.2227,0.0662,0.2421,0.1629,0.0357,0.2255,-0.0343,-0.4128,0.0212,0.1834,-0.124,-0.3503,-0.1738,-0.2911,0.4068,0.564,0.5975,0.1835,0.1946,0.301,0.5118,-0.3566,0.0058,-0.0601,-0.1347,-0.3343
SLC37A4,0.1642,-0.0529,0.0637,0.0754,0.0258,-0.0222,0.0625,0.2145,0.0766,0.3123,-0.1266,-0.1381,0.3347,0.2378,-0.0107,0.2356,0.0976,0.0519,0.0924,0.0443,0.1458,-0.0445,-0.0169,0.0466,-0.1659,-0.0325,0.0334,0.0107,0.0102,0.1713,0.0952,0.0503
GABRQ,-0.0218,0.0035,0.088,0.0883,-0.1238,0.0,0.0002,0.0,0.3615,0.1974,0.7188,0.0,0.2409,0.0,0.0121,0.4027,0.0272,1.4409,0.0,0.0632,0.0446,0.0187,1.3138,-0.0105,1.2545,0.0249,0.5805,0.0,0.0048,-0.0085,0.209,0.0
SIGLEC7,0.1749,-0.0791,-0.0534,0.1054,0.0573,-0.094,-0.0594,-0.1862,0.0756,0.7628,0.0238,-0.0131,0.365,0.1802,-0.1192,0.2468,-0.1362,-0.1881,0.5095,0.3719,0.2035,0.4402,-0.1158,-0.0238,0.6127,0.276,0.2396,0.1322,0.0915,0.0203,0.0571,-0.022
SLC13A2,0.0,0.0963,-0.0396,-0.1421,0.0844,0.0246,-0.2783,0.0,0.4155,0.0,0.0342,-0.0454,-0.2023,-0.404,0.131,0.0,0.1038,0.0074,-0.0407,-0.0,0.1447,0.4351,0.0262,0.0034,0.0,0.419,-0.1017,0.1812,0.0,0.0456,0.0,-0.0
FREM2,0.0,-0.0905,-0.1675,0.0,-0.1052,0.2521,0.0884,-0.0,0.4335,0.6357,-0.059,-0.2209,-0.0545,0.0727,-0.0579,0.1534,0.0422,0.0146,0.2025,-0.0308,-0.0333,-0.0347,-0.0088,-0.0052,-0.0855,-0.0808,0.0534,0.0018,-0.1671,0.5341,0.76,-0.0
ZDHHC5,0.188,-0.0153,0.0656,0.159,0.11,0.2895,0.1504,0.0484,0.2552,0.1996,0.2375,0.2012,0.1855,0.1957,0.1118,0.1215,0.0736,0.131,-0.0392,0.1285,0.1386,0.3691,0.0472,0.0842,0.1675,0.2807,-0.0933,0.0453,0.071,0.0577,0.0392,0.0633
TMED7,0.187,0.0926,-0.0255,0.168,-0.0332,0.1287,0.1171,0.0344,0.1739,0.3352,0.0672,0.2659,0.3721,0.1917,0.0502,0.2631,0.0773,0.0186,0.0921,0.1204,-0.0,0.249,0.2185,0.1553,0.3216,0.2268,0.0017,-0.1147,0.0826,-0.0302,-0.0584,-0.1838
MMEL1,0.3326,-0.0735,0.0107,0.1134,0.0695,0.2318,0.1213,0.0365,0.0111,0.1078,-0.1049,-0.124,-0.067,0.0325,0.057,0.0072,-0.1363,-0.2256,0.1738,0.3241,0.5325,0.6321,-0.0285,0.1867,0.149,-0.1976,-0.4917,-0.089,-0.1182,0.5634,0.3339,0.1725
IFNAR2,0.2047,-0.0984,-0.01,-0.0263,0.0708,0.2303,0.0589,-0.0954,0.1785,0.3707,0.0773,-0.1373,0.3341,0.2738,0.1405,0.2579,0.0464,-0.0656,0.2773,0.1895,0.1021,0.4614,0.117,-0.0243,0.383,0.298,0.3003,0.1755,0.0268,-0.053,-0.0156,-0.1986
FOLR2,0.1017,-0.2146,-0.1371,-0.1736,-0.0513,0.2464,-0.3231,0.5336,-0.204,0.6591,0.0288,0.0414,0.4917,0.2162,0.4202,0.6816,-0.0061,-0.1377,0.3886,0.463,0.0583,0.6239,-0.0529,0.1016,0.9442,0.1207,0.4543,0.4429,0.1135,-0.1636,0.2017,0.2284
CLSTN1,0.3365,-0.0516,0.0672,0.1415,0.0701,0.5164,0.106,0.2488,0.1964,0.0107,0.2701,-0.0532,0.1597,0.2373,0.2268,0.0626,0.0926,0.2488,0.0167,0.0711,-0.0105,0.3092,0.3214,0.1205,0.5382,0.2767,0.18,0.2127,0.0597,-0.1329,-0.1364,0.1482
TMEM87B,0.337,-0.1149,-0.0185,0.2202,0.0537,0.3787,0.1667,0.0514,0.3456,0.1433,0.1252,0.0635,0.1548,0.0532,0.0524,0.0601,0.0683,0.0543,-0.0307,0.1267,0.0687,0.3475,-0.0043,0.2355,0.5057,0.2645,0.1818,-0.1286,0.0494,-0.0288,-0.1303,-0.3143
EVI2A,0.7871,-0.0431,-0.0699,0.2538,0.0929,0.3772,-0.1146,0.0534,0.1589,0.1411,0.1114,0.0554,0.6867,0.4037,0.1396,0.2153,-0.0978,-0.2193,0.3362,0.3709,0.2178,0.7411,-0.001,0.008,0.9213,0.2408,0.5083,0.6625,0.105,0.0477,0.0,-0.0963
MICB,0.048,0.0547,0.2036,0.1445,0.2201,0.2766,0.0772,-0.0292,0.3496,0.3815,0.2498,-0.0341,0.2092,0.0352,0.1684,0.0635,-0.0872,-0.1523,0.248,0.186,0.2569,0.4831,-0.0291,-0.0384,0.6647,0.3932,0.3571,0.2188,-0.0496,0.0399,-0.0694,-0.0763
NCSTN,0.2279,0.0174,0.0923,0.1433,0.0902,0.2961,0.0314,-0.088,0.2,0.3398,0.0268,-0.0066,0.208,0.1743,0.2307,0.2433,0.0511,0.0319,0.1288,0.0316,0.1099,0.2202,0.1395,0.0912,0.3067,0.1808,0.0652,0.0205,0.0607,0.1176,0.0706,0.0458
PTPRC,0.2863,-0.1712,-0.1472,0.1517,0.1097,0.1132,-0.1182,-0.1143,0.213,0.4979,0.0925,0.0847,0.6162,0.251,-0.1025,0.3194,-0.2612,-0.3991,0.2923,0.1981,0.0321,0.5587,-0.1189,-0.0201,0.5129,0.3158,0.5226,0.5507,-0.0702,-0.0663,-0.1458,-0.1392
UPK2,0.0,0.0012,0.1392,0.0672,0.3141,0.1243,0.1084,0.0,0.153,-0.0061,0.1738,-0.0,0.0063,0.0068,0.0123,0.3285,0.0946,0.2358,0.0012,0.017,0.5133,0.1678,-0.0013,-0.0005,0.0096,0.2683,-0.136,0.4123,0.4512,0.3883,0.7419,0.6018
PRND,0.0,0.0,0.0128,0.7689,-0.0,0.0487,0.028,0.0543,0.0654,0.0347,0.0727,0.2685,1.1225,0.0115,0.0725,-0.0032,0.1709,0.0356,0.2597,0.2609,0.0167,0.4561,0.227,-0.0,2.1443,0.3033,-1.7344,0.1305,0.0344,-0.1037,-0.3312,0.0
SLC30A1,0.163,-0.0454,0.0099,0.2201,0.1129,-0.1901,0.1653,-0.099,0.2759,0.1946,0.0805,-0.0461,0.3462,0.2229,-0.0449,0.2088,0.155,0.0518,-0.1536,0.1841,0.0772,0.4071,-0.1957,0.0915,0.6029,0.3035,-0.1258,-0.0211,0.1586,0.1027,-0.0237,-0.23
F2RL2,0.5896,-0.006,0.0101,0.4525,0.0075,0.0393,0.1049,-0.0004,0.2534,0.3964,0.5681,-0.0,0.0764,-0.0059,-0.0054,0.0367,0.006,0.1446,-0.0694,0.017,0.0066,0.7846,0.0061,0.0208,0.3154,0.6805,0.1167,0.0489,0.0035,-0.0493,0.1207,-0.0072
ATRN,0.4297,-0.1398,0.0044,0.1354,-0.009,0.2136,-0.0224,0.0431,0.2941,0.1304,0.0874,0.2074,0.1723,0.2135,0.3046,0.2251,0.0907,0.1851,0.1142,0.0455,0.0713,0.1552,-0.02,0.1283,0.2236,0.1387,0.0369,-0.1454,0.0746,-0.011,0.0143,0.1041
LRP11,0.4681,0.0955,0.1081,0.1586,0.124,0.3399,0.364,0.1314,0.2448,-0.1835,0.1954,0.2885,0.1455,0.0523,0.2226,-0.0758,0.127,0.1326,-0.1939,0.2314,-0.2679,0.3128,0.1974,0.249,0.5301,0.2748,-0.1188,-0.2683,0.1068,0.0597,-0.0036,-0.1553
FLVCR1,0.2739,-0.019,0.0911,0.2473,0.0055,0.4332,0.146,0.2669,0.3507,0.1212,0.01,-0.0509,0.1571,0.1187,0.3195,0.147,0.0848,0.1102,0.0684,-0.0067,-0.0054,0.2826,0.1466,0.095,0.2729,0.3133,0.1203,0.1104,-0.0993,0.11,0.0154,-0.1389
SLC6A11,0.0,0.0,0.3894,0.1685,0.8249,0.6819,-0.0,-0.0,0.2525,0.0854,1.3767,0.0,0.0041,0.0,0.3658,0.1706,0.0371,0.3269,-0.2084,0.0072,0.3156,-0.0033,0.0112,0.5658,0.0,0.0,-0.1505,-0.0113,-0.0,-0.108,0.3088,0.0453
PIGT,0.1998,0.0809,0.0622,0.1838,0.0223,0.3847,0.2069,0.1575,0.2234,0.3639,0.0494,0.1554,0.1758,0.2625,0.3142,0.2107,0.1088,0.0984,0.2318,0.1027,0.1758,0.3403,0.1959,0.0952,0.3406,0.2539,-0.0298,-0.0357,0.0874,0.0684,0.0792,0.1179
P2RY10,1.1472,-0.0,0.0439,0.246,0.0712,0.0405,-0.0177,-0.0076,0.2015,0.0273,0.1591,0.001,0.5665,0.0558,-0.0091,0.0111,0.039,-0.0512,0.2343,0.098,0.0334,0.4183,0.001,0.0085,0.1871,0.4082,0.5737,0.3289,-0.0083,0.0048,-0.0196,-0.0463
IFNAR1,0.0552,0.1094,-0.0307,0.1109,0.0747,0.0632,0.1234,-0.0762,0.1832,0.271,0.069,0.1908,0.3352,0.2256,0.0333,0.2448,0.0624,-0.0095,0.121,0.1646,0.0736,0.2807,0.1025,0.193,0.2928,0.2307,0.0345,0.0697,0.1007,0.0336,0.0145,-0.1046
CADM4,-0.0243,-0.1047,0.1109,0.2715,0.1403,0.4401,-0.1164,0.0093,-0.3307,0.1573,0.1717,0.2431,-0.2556,0.3038,0.1021,0.2412,0.2697,0.3935,0.0463,0.1588,0.0258,0.1499,0.1133,0.1076,-0.0008,-0.1062,0.0,-0.0878,0.075,0.2142,0.2444,-0.029
ITGA3,0.1046,-0.2067,0.1693,-0.0098,0.1979,0.8392,0.0189,0.0295,0.2995,0.279,0.3521,-0.4122,0.0711,0.2932,0.0643,0.0182,0.0337,-0.2057,0.1321,0.4584,0.1836,0.6772,0.0289,-0.2255,0.1679,0.2074,0.0598,-0.1175,0.2176,-0.0875,-0.2614,0.0767
CD44,0.5146,-0.1154,-0.0152,0.1383,0.1503,0.5553,0.2609,0.1574,0.2626,1.0307,0.4693,0.2664,0.3069,0.2091,0.1566,0.7027,-0.0644,0.1667,-0.0125,0.1169,0.0115,0.138,0.4645,-0.0431,0.7294,0.5246,0.4304,-0.2799,0.2435,-0.3677,-0.4746,0.618
GRIN2D,-0.0456,0.0094,0.563,0.052,0.4646,0.0884,1.1387,0.0318,1.1119,0.078,0.3358,0.0,0.0139,0.0172,0.0125,0.2331,0.0731,0.1892,0.1085,0.0778,0.1587,0.8865,-0.0087,-0.005,0.6686,1.2907,0.1243,0.0234,-0.0114,0.3648,0.542,0.0041
LRP8,0.3307,-0.0513,0.2385,0.0948,0.2939,0.3625,0.4341,0.1795,0.52,0.0286,0.3335,-0.0227,-0.0232,-0.0352,0.0082,0.1518,0.0336,0.253,0.3451,0.0803,0.22,0.5354,0.123,-0.0303,0.3182,0.5091,-0.541,-0.0565,-0.313,0.1241,0.1,-0.0403
PIGO,0.3387,-0.0579,0.0043,0.1416,0.0508,0.1654,0.1108,0.106,0.1368,0.2685,0.0263,0.1566,0.0595,0.1084,0.1284,0.2383,0.0044,0.0257,0.0404,0.0197,-0.0184,0.1796,-0.0134,0.0671,0.3522,0.0665,-0.0955,0.0634,-0.0953,-0.0014,-0.077,0.0716
ADAM28,1.455,-0.0812,-0.4664,0.0322,0.272,0.7585,-0.2603,0.0025,0.307,0.4171,-0.0169,-0.139,0.2901,0.2104,-0.0145,0.3576,0.1561,0.0068,-0.0039,0.0744,0.0955,0.7102,-0.0917,-0.2389,0.3568,-0.3286,0.1797,-0.0426,-0.0918,0.3626,-0.0067,-0.0941
LY9,1.2084,-0.0096,-0.0789,-0.0296,0.0349,0.0215,-0.0782,-0.0654,0.1526,0.0136,0.0832,0.0049,0.4643,0.1553,-0.0049,0.0014,-0.0806,-0.1322,0.2041,0.1205,-0.0026,0.4301,0.0005,0.0035,0.2298,0.1527,0.513,0.731,-0.0413,-0.0,-0.0101,-0.043
SLC7A1,0.4128,0.0115,0.0517,0.1317,0.2249,0.7453,0.2831,0.3147,0.3326,0.1881,0.3653,0.0828,0.2727,0.0609,0.0629,0.3129,0.1105,0.3009,0.0705,-0.0088,0.2867,0.0824,0.2893,0.2102,0.5882,0.3146,-0.2036,-0.0729,-0.0759,0.104,-0.0261,0.2903
RHBDF2,0.481,-0.2644,0.1285,-0.0452,0.1882,0.6223,0.1577,-0.2008,0.3372,0.4228,0.266,-0.0151,0.2564,0.2891,0.1558,0.3633,-0.1096,-0.054,-0.0005,0.2722,0.1934,0.2754,-0.2761,-0.263,0.1378,0.2897,0.2548,-0.0835,-0.1292,0.0304,0.0271,0.0891
IGFLR1,0.0907,-0.0648,0.0116,0.0418,0.2409,-0.2154,-0.0716,0.1194,0.1003,0.3913,0.0525,-0.2136,0.0379,0.0327,-0.1247,0.2371,0.0317,-0.0578,0.3038,0.1348,0.1179,0.2027,-0.2776,-0.0634,0.4424,0.147,0.0759,0.2145,-0.093,0.1844,0.1728,-0.1426
SLC18A1,0.029,-0.0,0.0,0.0333,0.0048,0.0445,0.0041,0.0449,0.0873,0.166,0.0055,0.0,0.0,0.0,0.0,0.0877,0.0092,0.0063,0.2091,0.0,0.0,0.0571,4.4298,0.0017,0.0,-0.0304,-0.0363,0.0152,0.0,0.016,0.0,0.0
CDH7,-0.0117,0.0,-0.0278,0.2942,0.0,0.0,0.0077,0.0,0.0,-0.0919,0.0,0.1738,0.0,0.0,0.0,-0.0696,0.0639,0.0,0.2608,0.0,-0.0216,0.0,2.7082,0.4269,0.0,0.0,-0.1126,0.1976,0.0,0.0,0.1734,0.0768
TNFRSF19,0.1631,-0.1176,-0.2146,0.2023,-0.2123,0.9366,-0.0372,-0.0,0.0305,0.8099,0.0295,-0.1805,0.2048,0.2767,0.0673,0.537,-0.083,-0.1962,-0.0677,0.1211,-0.0615,0.4098,0.1482,0.0421,0.5589,0.0446,0.0771,0.0986,-0.1372,0.1399,0.3516,0.0403
MPZL1,-0.0121,-0.1457,0.0564,0.1335,-0.0015,0.5674,0.1915,0.0197,0.1619,0.3985,0.1611,-0.1545,0.2898,0.2928,0.2453,0.3599,0.1383,0.1299,0.0629,0.231,-0.0289,0.5056,-0.0573,0.0891,0.5333,0.3017,-0.0253,-0.1706,-0.182,-0.0416,-0.016,-0.0345
MMP14,0.0577,-0.0957,-0.0171,0.0691,-0.1306,0.8143,0.0648,0.6183,0.1043,0.8773,0.265,-0.0571,0.3726,0.3927,0.2713,0.4916,-0.0401,0.0711,0.1694,0.3345,-0.1018,0.7245,-0.1869,-0.2426,1.0312,0.2826,0.3732,-0.1177,-0.0805,-0.1779,-0.0536,0.2446
SEMA4A,0.3512,-0.0506,0.086,0.1608,0.1756,0.4137,0.0593,0.1267,0.3209,-0.306,0.267,-0.2668,-0.0723,-0.1916,-0.0033,-0.0931,-0.0258,0.0849,-0.3429,-0.0997,0.1301,0.3781,0.0123,0.0545,0.1452,0.0916,0.2106,0.1488,-0.0933,0.1801,-0.0186,-0.0763
DPEP1,0.1771,-0.0942,-0.0043,0.0435,-0.0693,0.1893,0.6467,-0.0045,0.0547,0.9611,-0.0322,-0.1326,-0.7162,-0.4314,0.0338,0.1198,0.0695,-0.0153,-0.0391,-0.014,-0.0827,-0.5101,-0.067,-0.0191,0.2136,0.1476,-0.7362,0.0889,-0.0346,0.0205,0.0055,-0.0257
OR2B6,-0.0858,-0.0,0.1834,0.3609,0.7466,0.0973,0.0061,-0.0553,0.3588,0.0713,0.0544,0.0,0.0039,0.0,0.0,0.0044,-0.0032,0.0033,0.0101,0.0275,0.2398,0.043,-0.0,-0.0085,0.0403,0.0839,0.1806,0.0272,0.0,0.3286,0.3055,0.0
TNFRSF10C,-0.0475,0.025,0.0585,0.0444,0.0401,0.5307,0.1575,-0.5632,0.0711,0.3504,-0.0271,0.3203,0.2934,0.5788,0.056,0.1158,0.0069,-0.2645,0.1597,-0.0084,-0.0128,0.4367,0.0357,-0.0418,0.3664,0.2637,-0.0047,-0.0073,0.4013,0.0617,-0.0365,-0.0855
SUCNR1,1.2755,-0.0401,0.0308,0.0126,0.0831,0.0633,0.0506,0.0014,0.2158,0.1113,0.0883,-0.1453,-0.0162,-0.1737,0.0009,0.014,0.1325,0.0038,0.0684,0.0619,0.1116,0.5351,-0.0216,0.0226,0.2221,0.5435,0.1518,0.0213,-0.3354,0.0122,0.0342,-0.0
ADAM8,0.0634,-0.0737,0.093,0.195,0.4297,0.1911,-0.0041,-0.265,0.3798,0.1142,0.3075,-0.1579,-0.0091,-0.0139,-0.1814,-0.0193,-0.0104,-0.2464,0.1162,0.1979,0.1123,0.6231,-0.0669,-0.1903,0.3112,0.3131,0.143,0.0245,-0.1948,0.0689,0.03,-0.0997
FZD6,0.4884,-0.0366,0.0025,0.0925,0.3319,0.5465,0.1413,0.1278,0.2135,0.1939,0.4132,0.4056,0.2708,0.2276,0.1518,-0.0454,0.0781,0.3419,-0.0849,0.1569,0.1718,0.2594,-0.086,0.0783,0.4531,0.1954,0.0204,0.0716,0.102,0.117,-0.155,-0.2486
ITM2C,0.4705,0.0837,-0.0579,0.0103,-0.2412,0.3865,-0.001,-0.1016,-0.0761,0.1834,-0.011,-0.4665,0.0029,0.0641,0.1473,0.1589,0.1706,0.1422,0.4498,0.0325,0.0836,0.4724,0.8339,-0.0018,0.665,0.0906,0.6253,0.4246,0.1432,0.0994,0.429,0.3081
CHRNB4,0.0308,-0.0761,0.0436,0.0107,0.4435,0.3957,-0.0086,0.0338,0.1959,0.0148,0.2881,-0.0013,-0.0093,-0.002,0.0719,-0.0007,0.3754,1.5415,0.0244,0.004,0.3839,0.0589,1.6531,-0.0,0.1056,0.2074,-0.4961,0.4835,0.0229,0.006,0.0901,0.0301
GPC4,0.0226,-0.1666,-0.2654,0.245,-0.2133,0.6803,0.0949,0.0142,-0.1705,0.4396,-0.1234,-0.0637,0.093,0.3898,-0.0046,0.3828,0.093,-0.0687,-0.0567,-0.1232,-0.0639,0.2831,-0.2047,0.0513,0.2381,0.1664,0.1606,0.5197,0.0692,-0.0152,0.1326,-0.1992
GPR37,-0.0061,-0.0174,-0.1351,0.1912,0.3221,-0.139,-0.0082,-0.0,-0.1504,0.23,0.1588,0.9188,0.2332,0.2609,-0.0003,0.1511,0.2816,0.1687,0.3334,0.6235,0.3272,0.0421,0.0089,0.3101,-0.0192,-0.0446,-0.4322,-0.0192,0.0182,0.0184,0.0367,0.9277
PSEN1,0.3023,0.0392,0.0371,0.1873,0.0944,0.2772,0.1059,-0.064,0.2055,0.2163,0.157,0.1987,0.2137,0.2385,0.1898,0.2163,0.0984,0.0685,-0.0216,0.0701,0.0694,0.439,-0.0349,0.1317,0.2801,0.2467,0.0402,0.0129,0.096,0.0805,0.0098,0.0659
SMO,0.4926,-0.0511,-0.1759,0.0446,-0.374,0.0313,-0.1434,0.307,-0.114,0.4852,-0.0336,-0.1424,0.0851,0.3311,0.1853,0.332,-0.0377,0.3647,0.0865,0.1716,-0.1541,0.2988,-0.1922,-0.0506,0.5548,-0.0104,0.2803,0.135,-0.0889,-0.1389,0.0807,0.2434
C11orf24,0.0175,0.0147,0.182,0.1187,0.0144,-0.0473,0.001,0.3005,0.1537,0.2468,0.1159,-0.0101,0.0824,0.1032,-0.0427,0.1391,0.0483,0.0291,0.37,0.1526,0.0724,0.3148,-0.0108,0.0129,0.5489,0.2325,0.0015,-0.1041,-0.0713,0.0006,0.0209,0.297
TCTN2,0.3526,0.0583,-0.0232,0.0876,-0.1211,0.808,0.0278,0.0793,0.1493,0.2157,-0.0273,-0.0607,0.3262,0.3827,0.0634,0.0679,0.0509,0.0434,0.0228,0.1799,-0.0953,0.2828,0.2406,0.0811,0.5717,0.1266,-0.1555,-0.0592,-0.1236,-0.0798,-0.1573,-0.0291
SUCO,0.4388,0.0266,-0.0847,0.2955,-0.058,0.413,0.0661,0.0518,0.213,0.2673,-0.0167,0.2836,0.1977,0.1685,0.2234,0.2651,0.1276,0.08,0.0565,0.0825,-0.109,0.0636,0.1233,0.1039,0.503,0.1555,-0.0593,0.0213,0.0391,-0.0105,0.0583,-0.1651
TMEM179B,0.1618,-0.0353,0.0893,0.0902,-0.038,0.2187,0.079,0.0454,0.1465,0.3947,0.0323,0.0798,0.1113,0.1352,0.1625,0.2604,0.0339,0.0212,0.0459,0.0835,0.2228,0.2624,-0.0734,0.1482,0.3922,0.2164,-0.122,0.022,0.0344,0.074,0.0279,0.0768
DAG1,0.2921,-0.1185,0.0076,0.219,0.0487,0.2452,0.1006,0.1154,0.1564,0.3974,0.0542,0.2068,0.0528,0.1862,0.1759,0.3566,0.0499,0.029,0.2195,0.1734,0.2374,0.2312,-0.0212,0.1283,-0.0531,0.3129,0.0188,-0.1318,0.0896,-0.0018,-0.0418,0.037
LAG3,0.0028,-0.002,0.0185,0.0617,0.1487,-0.0593,-0.1937,0.5046,0.0393,0.1713,0.1477,-0.0296,0.2725,-0.0174,-0.0941,0.078,-0.0181,-0.0136,0.371,0.1953,-0.2958,0.4217,0.1056,-0.1786,0.6665,0.2332,0.2447,-0.0103,-0.0196,-0.266,-0.325,-0.1532
ADAM9,-0.034,-0.1889,-0.1075,0.0696,0.0839,0.6991,0.1697,-0.2476,0.2265,0.4757,0.1177,0.19,0.4023,0.3343,0.1586,0.3086,-0.0212,-0.0411,-0.0122,0.2326,-0.0782,0.6702,-0.2035,0.1733,0.3055,0.1631,-0.0238,-0.416,0.0315,-0.1023,-0.2282,-0.4536
CX3CR1,1.1003,0.0142,-0.0203,0.3034,0.0119,0.1041,0.0119,-0.1869,0.0091,0.6983,0.0029,0.1419,0.7676,0.4409,0.0042,0.694,0.0372,-0.0443,0.0571,0.4636,0.3793,0.199,0.1026,0.0942,0.1587,0.1165,0.0081,0.2762,0.3581,0.0114,0.0008,0.001
ITGAV,0.3169,-0.1714,-0.1034,0.135,-0.047,0.5835,0.0726,0.1823,0.2616,0.3515,0.2025,0.2081,0.3272,0.0837,0.1646,0.3266,0.033,0.0883,-0.0022,0.0339,-0.1134,0.4678,-0.1206,0.0787,0.3674,0.25,-0.0512,-0.1296,0.1294,-0.2283,-0.2405,-0.3458
ATRAID,0.1104,0.0229,0.0147,0.0643,-0.007,0.3738,0.0893,0.1053,0.0902,0.4503,0.0206,0.095,0.1772,0.2433,0.2045,0.2744,0.0852,0.1156,0.0817,0.1128,0.0536,0.2734,0.0298,0.0803,0.2132,0.1208,-0.097,0.0829,0.0886,0.0371,0.0321,0.0789
IL10RB,0.0675,0.0729,0.075,0.0694,0.1908,0.2386,0.1138,-0.1102,0.1007,0.4023,0.1095,0.0104,0.3466,0.2068,0.1121,0.2245,0.0505,0.0109,0.0263,0.2086,0.1057,0.335,-0.0509,0.1216,0.4504,0.1511,0.2778,0.1323,0.0223,0.0219,0.044,-0.0629
CD63,-0.068,0.2155,0.065,0.0617,-0.0354,0.4901,0.0794,0.1724,-0.0895,0.5451,-0.0192,0.2715,0.2968,0.3549,0.3241,0.2647,0.0711,-0.094,0.4746,0.2304,-0.0239,0.3901,0.0845,0.1096,0.3653,0.0545,0.2146,0.0052,0.2043,0.0366,0.0187,0.428
SUSD1,0.2895,-0.2047,-0.0106,0.0694,0.0564,0.3693,0.2744,-0.074,0.3084,0.3353,0.0038,0.2565,-0.0483,0.0486,0.1123,0.2142,-0.0097,-0.1161,0.0879,0.0589,0.0226,0.4338,0.1555,0.0588,0.5404,0.21,-0.1162,0.0419,0.1529,0.0995,0.1177,-0.0665
ITGB1,0.1482,0.0171,-0.0758,0.061,-0.0282,0.5213,0.0728,-0.0212,0.0892,0.3861,0.1382,0.0009,0.3817,0.2173,0.2006,0.2029,-0.0048,-0.0515,0.1606,0.1734,-0.0721,0.5894,0.2253,0.0717,0.3764,0.3157,0.2202,-0.1845,0.0334,-0.1207,-0.1,-0.1255
IL1RL2,0.0,-0.086,0.1875,-0.0441,0.3295,-0.0445,0.1413,-0.0,0.4171,-0.0032,0.4146,0.188,0.1828,0.016,-0.0534,-0.0061,0.1222,0.1696,-0.0383,0.0349,0.1251,0.0966,-0.0409,-0.0516,0.0633,0.0253,-0.0049,-0.0197,0.0179,0.0882,0.0212,-0.0
TM9SF1,0.2043,-0.0129,-0.0097,0.119,-0.0069,0.3372,0.0684,-0.0034,0.1606,0.3787,0.0721,0.1693,0.1815,0.1775,0.1868,0.2814,0.0615,0.019,0.083,0.1,0.0327,0.1311,0.0032,0.1589,0.3666,0.1518,-0.108,-0.0889,-0.0036,-0.0189,-0.0829,0.0366
GPR132,0.377,-0.0197,0.0527,0.1692,0.148,0.3484,-0.0388,-0.1222,0.1418,0.1929,0.1479,-0.0753,0.1002,0.0926,0.0108,0.0782,0.0281,-0.1255,0.0159,0.1988,0.1394,0.7668,-0.0065,-0.0242,0.3473,0.2556,0.2592,0.1612,-0.123,0.2111,0.0027,-0.0396
GABRG3,-0.0,0.0,-0.088,-0.0359,-0.1173,0.3699,-0.0085,-0.0,0.162,-0.0529,-0.1377,-0.0,-0.0,0.0083,0.0,-0.1078,0.1158,0.586,-0.0576,-0.0301,0.5995,0.0,0.5987,0.6122,0.0,0.0561,-0.1763,0.2697,0.5341,0.4566,1.1084,0.2908
ATP13A2,0.1704,-0.0657,0.1643,0.165,0.1501,0.3808,0.2003,0.0882,0.2939,-0.0881,0.1562,-0.1169,0.0786,0.1355,0.1419,-0.0839,0.0136,-0.0023,0.2323,0.1462,0.2006,0.0446,0.1197,0.0755,0.2107,0.2734,0.1691,0.0347,-0.054,0.1437,0.0816,0.2097
TGFBR1,0.1182,0.0588,-0.0456,0.1646,0.0308,0.2833,-0.0132,-0.1315,0.1981,0.4842,0.1606,0.2655,0.3579,0.2287,0.0976,0.3749,-0.0299,-0.0331,0.2799,0.0802,-0.1457,0.4982,0.3684,0.0045,0.4232,0.2493,0.0191,-0.1165,0.2643,-0.1538,-0.0654,-0.104
MUC13,-0.0,-0.0182,-0.0375,-0.0231,0.1313,1.7972,1.1245,-0.0107,1.1453,0.0011,-0.0272,-0.0,-0.0951,0.0707,1.0977,0.0014,0.6044,0.0108,-0.0057,-0.0036,-0.0028,1.85,-0.0147,0.1265,0.0072,2.0502,-0.1332,-0.0309,-0.0,0.3945,0.0271,-0.0
BSG,-0.1299,0.1968,0.0665,0.062,0.068,0.3661,0.1343,0.0566,0.1163,0.1439,0.0987,0.3654,0.0712,0.2383,0.278,0.1136,0.0774,0.0589,0.2907,0.2603,0.0003,0.3975,0.1582,0.116,0.2625,0.0697,0.0574,0.0818,0.0869,0.1361,0.0082,0.3797
PRSS21,-0.2404,-0.012,-0.027,0.0413,0.4602,0.428,-0.0387,-0.0537,0.7682,0.005,0.3188,-0.0122,0.0068,0.0248,-0.009,-0.0009,-0.0835,0.3773,-0.0489,0.0082,1.1289,0.3813,-0.0053,-0.1513,0.1962,0.2498,-0.8982,0.7983,-0.0019,0.2705,0.6726,-0.0796
CLDN12,0.2311,0.0456,-0.0121,0.1348,0.0836,0.0297,0.2531,0.0685,0.2212,0.2539,-0.0008,0.0864,0.1426,0.2293,-0.006,0.1565,0.1795,0.0715,0.2499,0.0117,-0.064,0.3179,0.0514,0.1218,0.0538,0.2519,-0.2134,-0.1699,0.0199,-0.0264,-0.0378,-0.2487
LRP5,0.4386,-0.1179,0.0436,-0.1225,-0.0393,-0.0606,0.1034,0.2055,0.2664,0.3756,-0.0906,-0.0498,0.0922,0.1602,0.0058,0.4238,0.101,-0.0109,-0.1,-0.0118,0.0702,0.3541,-0.1476,0.0335,0.3208,0.2793,0.1179,0.0918,-0.0808,0.0129,0.0067,-0.0698
TM7SF3,0.5578,-0.198,-0.0042,0.1661,0.1871,0.3287,0.0858,0.0126,0.0505,0.3571,0.068,-0.0031,0.2987,0.298,0.1076,0.2387,0.0869,0.1672,0.1989,0.1498,0.1161,0.0117,-0.1073,0.0128,0.37,0.1545,0.0358,0.1683,0.1086,-0.0111,-0.1338,0.0685
PLXNC1,0.4961,0.1303,0.0031,0.2554,-0.2682,0.2092,-0.0099,-0.2256,0.19,0.1496,0.0008,0.044,0.4322,0.3276,0.1996,0.1094,-0.1148,-0.2085,0.587,0.1228,-0.222,0.5775,0.3764,-0.0748,0.5858,0.359,-0.2717,-0.096,0.3664,-0.1913,-0.1449,0.7234
HRH1,0.0244,0.0016,0.0051,-0.0798,-0.0032,0.5104,0.198,0.0656,0.2515,0.7286,0.3562,-0.0146,0.4476,0.601,0.0358,0.4324,0.0294,-0.0453,-0.2018,0.4166,-0.0221,1.0213,0.5518,-0.0421,0.8428,0.5938,-0.0208,-0.0318,0.1662,0.0008,-0.0125,-0.0
CD164,0.2094,0.0978,-0.0621,0.158,0.0113,0.0931,0.1756,-0.0265,0.1983,0.3522,0.0089,0.0808,0.2259,0.1872,0.062,0.1601,0.0605,0.04,-0.0131,0.0174,0.0229,0.3066,0.1688,0.1727,0.3022,0.2204,0.0267,0.0826,0.1068,0.0745,0.0777,-0.1673
ICOSLG,0.2388,-0.0155,0.095,0.0721,-0.1287,0.177,0.1833,0.2783,0.2767,0.1412,0.0448,-0.1077,0.0048,-0.0813,0.1326,0.0789,-0.0864,-0.0736,-0.1765,0.2351,0.3521,0.5497,-0.0086,-0.0657,0.3982,0.2462,0.419,0.0235,-0.0149,0.1114,0.0585,-0.0668
NKAIN1,0.01,-0.3508,0.0703,1.3525,0.0023,0.0501,-0.0058,0.0,0.027,-0.1276,0.0431,-0.0018,0.2282,0.0148,0.0053,0.3725,0.062,0.3536,-0.0281,0.02,0.0588,0.0124,0.2395,0.8862,-0.3058,0.0193,0.3487,-0.0107,-0.0007,0.272,1.8039,0.8578
PTPRH,-0.0614,0.1871,0.0809,-0.0455,0.2814,0.0709,0.1132,-0.0204,0.6034,0.0308,0.1807,0.003,0.0258,0.2642,0.1283,0.0464,0.6809,0.4922,0.5845,0.4283,-0.0356,0.6685,0.0655,-0.0028,0.5013,0.195,-0.0648,-0.0143,-0.0013,-0.0947,-0.0733,0.038
PANX1,0.2464,-0.0119,0.0658,0.1958,0.0961,0.2273,0.1034,0.2227,0.2389,0.3496,0.3005,0.0669,0.2826,0.1117,0.1276,0.3451,0.0403,0.0794,0.1047,0.2293,0.0289,0.4414,0.1631,0.0826,0.1148,0.2646,-0.1187,-0.0472,0.0422,0.0046,0.0012,-0.1199
STT3B,0.3148,-0.0427,0.058,0.2132,-0.0308,0.1193,0.2504,0.0564,0.2079,0.2425,0.0296,0.2266,0.151,0.1923,0.1545,0.1914,0.0771,0.0197,0.1109,0.1251,-0.1191,0.226,-0.0609,0.1185,0.1809,0.1992,-0.1351,0.0627,0.0262,0.0112,0.0168,-0.1617
CLDN10,0.4695,-0.0306,-0.0778,-0.0579,0.0639,1.28,-0.0425,-0.0,-0.0552,-0.1107,-0.0808,-0.3673,-0.0868,-0.1212,-0.1685,-0.2848,0.2302,0.2749,-0.0662,-0.0632,0.6158,0.0087,0.0041,0.0173,0.0151,-0.0536,0.2202,0.0261,0.8437,0.2909,0.4334,-0.0344
CLN3,0.1267,0.0565,0.037,0.1586,0.0377,0.3273,0.1416,-0.0429,0.0754,0.2849,-0.0204,0.1251,0.1049,0.1757,0.2832,0.2525,-0.0098,-0.097,0.0114,0.1187,-0.0032,0.2481,-0.154,0.1075,0.335,0.0577,0.1519,0.0346,-0.1461,0.0651,-0.0229,0.0575
KISS1R,-0.0452,0.0644,0.2261,0.2484,0.135,0.4866,0.0007,-0.0489,0.1379,0.0384,0.0133,-0.0346,1.1139,-0.0307,0.1237,-0.0306,0.3417,0.0468,0.0215,0.6376,0.3447,0.004,0.2435,0.0214,0.0431,0.3267,0.0062,0.0,0.3383,0.703,0.1396,0.0
TSPAN17,0.0038,0.0923,0.1172,0.1569,0.1404,0.3851,0.1264,0.1405,0.0436,0.2247,0.1659,0.0634,0.0552,0.1552,0.159,0.1027,0.0865,0.0684,0.1153,0.1385,0.133,0.2822,-0.1391,-0.007,0.0874,0.0698,-0.1545,-0.1215,-0.0316,0.1425,0.1125,0.0044
EPHB4,-0.0493,-0.0211,0.0167,0.0118,-0.1413,0.2216,0.2517,-0.2515,0.1894,0.5127,0.1519,-0.3231,0.0189,0.0311,0.0741,0.3034,-0.0156,0.0148,-0.0853,-0.0101,-0.2195,0.2989,-0.4612,-0.0618,0.6087,0.2183,0.4471,-0.2093,-0.2187,-0.2557,-0.1971,-0.2375
ANO1,-0.0127,0.0807,0.2616,0.0942,-0.136,-0.123,0.1625,0.1308,0.3871,0.0677,0.3973,0.0297,0.5457,-0.0748,-0.1443,-0.0034,-0.1203,0.0503,-0.4162,-0.1831,-0.0815,0.9206,0.5454,-0.1602,0.0643,0.3871,-0.4197,-0.232,-0.0148,-0.1797,-0.4417,-0.2022
GPR137B,0.1186,-0.0132,-0.1383,0.2462,-0.2094,0.4581,0.0597,0.2516,0.277,0.2319,0.0978,-0.0013,0.1736,0.1759,0.1769,0.2834,-0.0191,0.0956,0.3616,0.1675,0.0841,0.6477,-0.1305,0.0122,0.7597,0.3085,0.2943,-0.1912,0.1434,-0.2455,-0.1015,0.5786
GPR84,0.0736,-0.0253,0.0691,0.2674,0.1811,0.1676,0.1258,-0.0561,0.0823,0.5377,0.1595,-0.0214,0.032,0.0064,-0.0015,0.0824,0.0453,0.0025,0.1743,0.5035,0.2324,0.2784,-0.0084,-0.0043,0.4648,0.1991,0.1103,0.0137,-0.0175,0.2086,0.1263,-0.0
ACVR1,0.2429,-0.0344,-0.1497,0.0238,-0.1223,0.3756,0.0296,0.096,0.1633,0.2671,0.1241,0.1953,0.2925,0.2955,0.084,0.2456,0.0933,0.0966,0.0708,0.1815,-0.0457,0.5009,0.2583,0.0559,0.3937,0.2251,0.3244,-0.1444,0.1916,-0.1762,-0.1129,-0.1466
LPAR3,0.0704,-0.1177,0.1277,0.1029,1.0136,0.1442,0.0113,-0.0033,0.8727,-0.0166,1.5002,-0.0174,0.0001,-0.0031,0.0,-0.0264,-0.0477,0.6324,-0.2242,-0.0174,0.9909,-0.0979,-0.0,0.1692,0.0567,0.0234,-0.4165,0.645,0.0033,1.2969,1.0478,-0.0
ADAM17,0.2539,-0.1047,0.1203,0.1037,0.1571,0.4709,0.1171,-0.1212,0.2476,0.3591,0.2608,0.0598,0.3386,0.2101,0.0959,0.3063,-0.0661,0.106,0.0006,0.2042,0.1342,0.4048,0.0014,0.0221,0.2372,0.2445,0.0107,-0.0555,0.0057,0.036,0.0752,-0.1849
PCDHA11,0.0,0.1029,-0.0162,0.2041,-0.0837,0.1603,-0.0087,-0.0,0.0,0.0695,-0.012,0.0524,-0.04,0.1362,-0.0159,0.1417,0.2552,-0.0326,0.012,0.5493,0.4202,0.0016,0.5577,0.2308,0.268,0.0209,-0.0827,-0.0976,0.3163,-0.0786,-0.0547,-0.006
C3orf80,1.0671,0.0271,0.0177,0.487,0.1022,0.3807,-0.0276,0.2614,0.26,-0.0789,0.1246,0.0015,0.0543,-0.0022,-0.0113,-0.1186,0.1597,0.1112,0.0645,0.3257,0.1589,0.7064,0.454,0.1736,0.6618,0.2033,-0.0874,-0.0268,0.0009,-0.0172,0.0431,-0.0
LRRN4,0.0,-0.0,0.0,-0.0049,-0.0043,0.6879,0.0193,0.0,0.257,-0.0,0.0238,-0.0745,-0.038,1.8983,-0.013,0.0,-0.3556,-0.4069,-0.0,4.2071,1.0929,0.0066,-0.0,-0.0,-0.002,0.2594,0.0995,0.0015,0.0052,0.2577,0.3602,-0.0
SLC2A10,0.0725,-0.2052,-0.0136,0.2378,-0.2592,-0.2112,0.0023,0.0408,0.0596,0.5965,-0.2114,-0.0828,0.1011,0.2238,-0.1337,0.168,-0.0196,-0.0386,0.1308,-0.0273,-0.0578,0.1762,-0.134,0.1054,0.8177,0.0629,0.0775,-0.2284,-0.0126,-0.1123,0.0416,-0.0454
TSPAN3,0.3478,0.0661,0.0414,0.0045,-0.0136,0.4218,0.1691,0.216,0.1995,0.2822,-0.0341,0.1383,0.1633,0.1945,0.1312,0.3477,0.0633,-0.0603,0.281,0.3757,0.1309,0.5123,0.3032,0.0824,0.0968,0.3163,-0.0429,0.0663,0.1117,0.0773,0.0982,0.0833
UBAC2,0.1895,-0.0008,0.1187,0.1063,0.068,0.2648,0.2236,0.0759,0.0508,0.2458,0.1053,0.0465,0.2003,0.2761,0.1273,0.1955,0.0703,0.0701,-0.032,0.1486,0.0409,0.377,-0.0527,0.0898,0.1128,0.1552,-0.092,0.0774,0.0694,0.1054,0.1406,0.0521
LILRB2,0.5979,-0.1579,-0.0211,0.028,0.0937,0.0572,-0.0673,-0.4919,0.0654,0.4559,0.1512,-0.0406,0.4078,0.161,-0.0141,0.1589,-0.3694,-0.4181,0.5218,0.3541,0.0623,0.48,-0.1253,-0.1043,0.6647,0.2649,0.6873,0.0707,-0.0505,0.0163,0.022,-0.1036
IL1RAP,0.5506,-0.0122,0.0268,-0.046,0.3185,-0.1364,0.1739,-0.1752,0.3645,0.6027,0.4485,-0.0358,0.3277,0.0494,-0.3258,0.2099,-0.0736,0.1704,0.1617,0.2672,0.319,0.5751,-0.03,0.0159,0.4284,0.2876,0.2301,-0.1135,0.2992,-0.0542,-0.0548,-0.1228
PCDH17,0.0094,-0.004,-0.0111,0.2171,-0.0541,0.3134,0.0536,0.0241,0.205,0.3234,0.0366,0.1481,0.6514,-0.0263,0.1333,0.4399,-0.305,-0.3274,0.1449,0.0188,-0.0125,0.2605,0.5017,-0.0146,0.4444,0.4192,-0.1739,-0.0367,0.0129,-0.0591,0.0049,-0.014
CNNM4,0.4008,-0.0276,0.017,0.2631,0.1277,0.4594,0.2485,-0.0261,0.3077,0.0429,0.065,0.1628,0.1508,0.2296,0.0321,0.0294,0.0889,0.0499,-0.0075,-0.0811,0.1645,0.3074,0.2601,0.0031,-0.1357,0.3083,-0.0866,-0.1143,-0.0204,0.0016,0.0153,-0.0998
SEMA4B,-0.1379,-0.21,-0.0627,0.0613,0.2837,0.121,-0.0881,-0.2907,0.1854,0.073,0.286,-0.1168,-0.0155,-0.0658,-0.1994,0.1924,0.1908,0.3362,-0.2685,-0.1725,-0.0742,0.307,-0.14,-0.0955,0.2995,0.1924,-0.038,-0.0242,-0.0665,0.1025,-0.0827,-0.3552
APP,0.6836,-0.022,-0.0801,0.1169,0.0091,0.457,0.2068,-0.038,0.1577,0.1652,0.1225,0.1765,0.2542,0.2377,0.155,0.1914,-0.0069,0.0384,0.1083,0.1035,0.0121,0.4089,0.2091,0.1508,0.6269,0.2829,0.2776,0.0436,0.0222,0.053,0.0819,0.0618
NRCAM,0.0016,-0.2668,-0.0696,-0.0563,-0.1357,0.281,-0.0566,-0.0275,0.0966,0.2384,0.0211,0.2501,0.2308,0.2407,0.1268,0.2137,-0.213,0.1074,0.0429,-0.0502,0.2863,-0.2721,0.1737,0.0663,0.1444,0.0233,0.0838,0.3855,0.4367,0.6356,0.5413,-0.0528
CXCR5,0.1968,0.194,0.225,0.0456,-0.0142,0.3881,-0.1558,0.4947,0.2285,0.1693,0.0912,-0.0507,0.0347,0.1168,0.039,0.1617,0.0198,-0.0672,-0.0472,0.237,0.2042,0.5451,0.0492,-0.1435,0.2827,0.3718,0.0756,0.1471,-0.0258,0.0712,0.1331,-0.0147
SLC38A8,0.0,-0.0409,0.0,0.0316,0.0,0.0,0.0,0.0,0.0238,-0.0364,0.0473,1.7039,-0.0219,-0.0144,0.0,-0.0531,0.2325,0.0773,0.4158,0.0,0.1506,0.0186,-0.0168,0.0,0.0,0.0,-0.0638,0.8317,0.0,0.6467,0.3967,1.3307
IGSF8,0.1333,0.0959,0.0905,0.1583,0.0013,0.1921,0.114,0.1417,0.0886,-0.1719,0.0472,-0.0633,0.005,0.0901,0.2052,-0.0575,0.0363,0.0413,0.2675,-0.019,0.0419,0.248,0.2813,0.173,0.3572,0.0423,-0.1019,-0.0111,0.0991,0.1815,0.0875,0.1283
LMAN2L,0.2448,0.0296,-0.0626,0.1082,-0.1096,0.2128,0.0416,0.07,0.0169,0.3111,0.0043,-0.0143,0.1803,0.217,0.0421,0.2309,0.0425,0.0673,0.0144,0.1278,-0.0439,0.2712,0.1519,-0.0021,0.2636,0.0677,0.012,0.0261,-0.0664,-0.0179,0.0597,0.0155
TSPAN14,0.0472,-0.0287,-0.0649,-0.1225,-0.0424,0.3727,0.0414,-0.2104,0.1751,0.2527,0.1292,0.2506,0.2313,0.0492,0.1102,0.2931,-0.1718,-0.0896,0.1122,-0.1131,0.0223,0.3773,-0.0661,0.0422,0.2914,0.258,0.0786,-0.0381,-0.1075,0.0454,-0.0338,0.1264
CD151,-0.0414,-0.0171,0.0064,-0.0087,-0.0052,0.446,0.0738,0.01,-0.0267,0.4948,0.0335,0.0285,0.2043,0.2776,0.196,0.208,-0.0246,-0.1965,0.0881,0.2608,0.0508,0.2556,0.0551,0.0945,0.3492,0.0956,-0.0179,-0.2538,0.0935,-0.0724,-0.1794,-0.029
NIPAL3,0.3302,-0.1167,0.0782,0.188,0.2799,0.3964,0.0523,0.1011,0.1944,-0.2104,0.153,0.155,0.2376,0.2229,0.1203,-0.1489,0.074,0.0513,0.1262,0.0944,0.1659,0.1932,-0.0398,0.0588,0.2721,0.149,0.0736,0.0795,0.2182,0.0524,-0.0523,-0.009
SLC3A2,-0.0655,0.0939,0.0804,0.0376,0.0302,0.3476,0.1645,0.0623,0.173,0.3053,0.2496,0.2528,-0.0039,0.0509,0.2247,0.2805,-0.0409,0.1054,0.1642,0.0648,-0.0818,0.2558,-0.029,-0.0294,0.246,0.0354,0.1115,-0.0439,-0.0187,-0.0371,-0.0438,0.4598
PMEL,0.1252,-0.0169,0.1104,-0.0609,-0.3003,0.0423,0.0749,0.0101,0.1004,0.0881,-0.0267,0.0235,0.0355,0.2368,0.0508,0.0045,0.1446,0.0291,1.272,0.011,-0.1122,0.0415,-0.0122,-0.0509,0.2254,0.0927,-0.2965,-0.0565,-0.0532,-0.1172,-0.107,2.1087
SLC44A1,0.848,-0.0631,-0.0519,0.1792,0.0712,-0.0169,0.2405,0.1398,0.3699,0.1225,0.262,0.2372,0.2703,0.0786,-0.0301,0.2719,-0.0308,0.0739,-0.0546,0.0897,0.0008,0.4414,-0.1299,0.1257,0.2915,0.3413,0.4104,-0.0545,0.0735,-0.0033,-0.0839,-0.3065
TMEM63C,0.1078,0.2955,-0.0078,0.5248,0.3837,-0.0043,0.0491,-0.0534,0.1835,-0.3123,0.4442,0.1575,-0.0106,0.0271,-0.003,-0.0342,0.3227,0.319,-0.0722,0.0014,0.4548,-0.0227,0.7762,0.0208,0.0,-0.04,-0.407,-0.0215,-0.0289,0.3045,0.3536,-0.0159
SLITRK6,-0.0242,-0.0212,-0.1824,0.4683,0.1157,-0.034,-0.1655,-0.0089,-0.0166,-0.0432,0.7406,0.0,0.0162,-0.0271,-0.0046,-0.0058,0.247,0.4077,-0.1981,0.1996,0.1131,0.3584,0.2078,-0.1006,0.0296,0.042,-0.0926,-0.0431,-0.0553,0.1933,0.1504,-0.0216
CD1C,0.526,-0.0018,0.1046,0.1321,0.0888,0.3311,-0.0649,0.0404,0.0307,0.1362,0.1171,-0.0016,0.3353,0.2178,0.1092,0.0248,0.1607,-0.0296,-0.0966,0.1108,-0.0113,0.9038,0.0152,0.1448,0.3618,0.2151,0.0871,1.3176,0.2776,-0.0237,-0.021,-0.0074
ADORA2B,0.2214,-0.0647,0.1614,0.0692,0.465,0.5853,0.4196,-0.0048,0.4523,0.1065,0.6192,-0.003,0.3037,0.0273,0.0137,-0.0483,0.2508,0.3029,-0.2031,0.033,-0.0391,0.4862,-0.0566,-0.065,0.5611,0.3822,0.2878,0.0098,-0.0049,-0.0389,0.1271,-0.038
CD320,-0.2084,0.1949,-0.0924,-0.1426,0.0117,0.2208,0.2225,0.105,0.0088,0.3212,-0.0682,0.2494,0.151,0.2343,0.1917,0.2214,0.0406,0.032,0.4133,0.0781,0.0628,0.106,0.0799,0.2096,0.3569,0.0087,-0.0217,0.0771,0.1166,0.1327,0.0712,0.2577
SLC39A10,0.3798,-0.0123,-0.077,0.1194,-0.148,0.4946,0.1543,-0.0796,0.1937,0.0815,-0.1041,-0.1602,0.2466,0.2217,0.0651,0.1475,0.0436,0.0126,0.0721,0.1742,0.0618,0.224,-0.1307,0.0417,0.3997,0.2519,0.0775,0.0186,-0.0277,-0.0747,-0.0725,-0.2492
SLC17A5,0.1691,0.0629,-0.0769,0.0791,-0.1245,0.1443,0.0846,-0.0933,0.0433,0.1816,-0.0721,0.0674,0.2394,0.213,0.1684,0.1392,-0.0383,-0.1399,0.0595,0.0637,0.0871,0.3418,0.324,0.3073,0.3251,0.1741,-0.1085,-0.1827,0.1899,0.0061,-0.0131,-0.1818
CSF1R,1.0449,-0.3535,-0.1616,0.094,0.0467,0.4412,-0.1966,-0.0374,-0.002,0.5749,0.0711,0.0587,0.5007,0.3195,0.2099,0.5529,-0.0373,-0.1766,0.1877,0.4032,0.1072,0.5408,-0.1719,-0.0903,0.8134,0.0792,0.3167,0.1025,0.1047,-0.06,-0.0154,-0.1127
HCAR2,0.2605,-0.0026,0.1538,-0.2273,0.9839,-0.0186,0.0819,-0.1331,0.5777,0.057,1.2332,0.0496,-0.0743,-0.0615,-0.0304,-0.0023,-0.1161,0.265,-0.1729,0.0693,0.0683,0.3709,-0.0022,-0.0637,0.048,0.029,-0.106,0.3737,0.0035,0.052,0.0601,-0.0042
GRM8,-0.0,-0.0013,-0.0416,0.1351,0.0536,0.0042,0.8498,0.1205,0.0739,0.0107,0.0059,-0.0152,0.5433,0.6333,-0.1296,0.0248,-0.0041,-0.0067,0.0184,0.0349,-0.0098,0.0789,1.159,-0.0009,0.2158,0.0311,-0.1473,-0.0017,-0.016,0.4241,0.6211,-0.0006
UPK1B,0.0256,0.0,0.0259,0.0,0.0974,0.5438,-0.0228,0.0,0.6422,-0.0,0.6257,-0.0,-0.2421,0.8418,-0.0101,-0.0123,0.0,1.6517,-0.1173,3.6175,2.1802,0.2268,0.0,-0.0089,0.0,0.0034,-0.2686,0.2605,0.0,1.7764,0.8322,-0.0
PKD2L1,0.0033,0.0088,-0.0087,0.1249,0.2343,-0.0026,0.003,0.4461,0.0328,0.1591,0.0115,0.0032,0.0874,0.426,0.0617,0.0676,-0.121,-0.1182,0.2513,0.1068,0.0053,0.1958,0.023,-0.008,0.2456,0.1456,-0.2435,0.1284,0.0654,0.1301,0.064,0.0265
DISP2,0.4898,0.0465,0.1914,0.1369,0.1428,0.0596,-0.0922,0.0468,0.0989,-0.2293,0.0973,0.0036,0.0513,0.0455,0.1088,-0.0475,0.0998,0.0401,0.2302,0.221,-0.0247,0.3521,1.2231,0.0465,0.3682,-0.0,-0.1831,0.3088,-0.2278,0.0,0.3026,0.3108
IL7R,0.7098,0.0942,-0.1604,0.0359,-0.0813,0.1154,-0.1909,-0.1739,0.3673,0.2105,0.3125,-0.0477,0.5258,0.1856,-0.0214,0.0176,-0.4098,-0.4496,-0.0599,-0.0555,-0.1207,0.5808,-0.1305,-0.127,0.3146,0.0826,0.0943,0.6099,-0.2317,-0.0797,-0.1153,-0.0388
NTM,-0.0084,-0.0802,0.124,0.4188,0.0018,0.8322,0.0157,0.0763,-0.0783,-0.119,0.252,-0.0532,0.4078,-0.0283,0.0418,0.1342,-0.2757,-0.2779,-0.1436,0.3461,0.1799,1.1928,0.0353,-0.0375,0.7133,0.403,-0.058,-0.0816,0.1616,0.0181,-0.0591,-0.0368
PCDHB9,0.0891,0.0672,0.0502,0.0128,0.0871,0.3816,0.1045,0.0249,0.2246,0.6761,0.1635,-0.0204,0.4295,0.2541,0.0021,0.7569,-0.0251,0.0116,-0.0159,0.0645,-0.0813,0.3451,0.2661,0.0803,0.4077,0.2907,-0.0753,-0.0362,-0.0315,-0.1071,0.0095,-0.0514
SCARB1,0.174,0.0516,0.0901,-0.1552,-0.0514,-0.3371,0.2698,0.4289,0.197,0.0681,-0.0713,0.0432,0.6876,0.3669,0.0149,0.1447,-0.0196,0.056,0.2717,0.199,-0.2567,0.3782,-0.6414,0.1058,0.2995,0.3298,-0.1674,-0.1255,-0.0504,-0.0107,0.0546,0.3996
SLC43A2,-0.0313,-0.148,-0.1199,0.0396,0.0326,0.5553,0.0588,-0.2392,0.3294,0.2547,0.0637,0.348,0.0748,0.0542,0.2907,0.2096,-0.1,-0.2107,0.1012,0.1929,0.1465,0.4435,0.1091,0.0096,-0.1973,0.2552,0.0848,0.0944,-0.0238,0.1767,0.0805,-0.3165
CD28,0.659,0.0046,-0.0033,0.0401,0.0044,0.0406,-0.0033,0.0091,0.1087,0.0392,0.0695,-0.0011,0.3621,0.0762,0.0224,0.0043,0.0223,-0.0435,0.26,0.1165,0.0216,0.2887,0.0116,0.0429,0.5679,0.2973,0.354,0.6417,0.0042,0.0027,0.0311,-0.0048
CALCRL,0.5423,-0.0333,-0.1879,-0.1227,-0.278,0.3901,0.0067,0.0325,0.1334,0.5127,0.0503,-0.0252,0.5248,-0.042,0.225,0.7798,-0.4358,-0.4388,-0.0522,-0.0648,-0.2248,0.5075,0.1688,-0.0726,0.3195,0.3572,0.0667,-0.1811,-0.1198,-0.3687,-0.2941,-0.0584
PTTG1IP,0.1428,0.0352,-0.0572,0.0891,-0.0799,0.2993,0.0299,-0.0377,-0.0155,0.4339,-0.0312,0.0522,0.2884,0.2142,0.0875,0.433,0.011,-0.137,0.2586,0.2374,0.0215,0.4958,-0.0208,0.0368,0.3942,-0.0065,0.0626,-0.0868,0.0725,-0.0206,-0.0677,0.2524
TLR1,0.5382,-0.09,-0.1586,0.1216,0.0227,0.2614,-0.0952,-0.2824,0.1368,0.6638,0.0913,0.013,0.5055,0.2787,0.0313,0.3459,-0.0946,-0.1059,0.2761,0.171,-0.0387,0.2127,-0.0733,-0.0604,0.6149,0.2953,0.2466,0.0278,0.0159,-0.1472,-0.1579,-0.0643
SLCO4C1,0.4971,-0.0,0.089,0.0192,0.0559,0.0171,-0.0037,-0.0,0.0574,-0.0,0.0,-0.3102,0.6433,0.7329,-0.2264,-0.0,0.0204,-0.0946,-0.0011,-0.0064,0.027,0.0142,0.2741,-0.0016,0.0103,0.0075,0.5424,0.0218,0.3738,0.0287,0.0721,-0.0
ITGA4,1.2675,-0.0374,-0.1539,0.1094,-0.2192,0.1729,-0.0396,-0.287,0.2732,0.4478,0.0265,0.0363,0.6419,0.0522,-0.0232,0.0422,-0.1608,-0.1987,0.2164,0.1215,-0.0114,0.5115,0.0634,-0.0476,0.602,0.3346,0.416,0.4912,-0.0449,-0.0438,0.0972,-0.0856
ABCC3,0.071,-0.5201,-0.3145,-0.2539,-0.0854,0.1466,0.1888,-0.0096,0.4497,0.8807,-0.1781,-0.242,0.2754,0.2515,-0.2145,0.027,0.2101,-0.2451,-0.4723,-0.2114,-0.1104,0.1761,-0.6669,-0.5907,0.3549,0.0204,-0.2375,-0.4045,-0.0406,0.2739,-0.0208,-0.137
SLC9A1,0.159,0.0638,0.0765,0.1785,0.1398,0.4348,-0.0244,-0.0805,0.3219,0.0192,0.1705,0.2496,0.0575,0.1754,0.0181,-0.1489,-0.0317,-0.0242,0.1085,-0.0032,0.1006,0.4873,0.0908,-0.0766,0.5476,0.1053,-0.0058,-0.0725,0.0313,0.0108,-0.0186,0.1802
TMEM26,0.0111,0.3471,0.0039,0.0611,-0.0082,-0.0005,-0.0011,0.0,0.1053,0.1055,-0.0045,-0.0106,0.1568,-0.0519,-0.0027,0.0017,-0.0179,-0.0271,0.0907,0.0449,-0.0077,0.1724,-0.0064,-0.0299,0.4923,0.1328,-0.0875,0.3939,-0.0025,-0.0977,-0.0098,0.3953
GPR171,1.0003,-0.0376,-0.0301,0.0855,-0.0486,0.0841,-0.1357,-0.0997,0.1319,0.0286,0.0838,-0.0141,0.4107,0.0748,-0.0044,0.0,-0.1309,-0.2213,0.2116,0.0438,-0.0611,0.3662,-0.0129,-0.0661,0.226,0.0811,0.5689,0.1889,-0.0669,-0.0292,-0.0467,-0.0414
GPR141,1.6057,-0.0152,-0.0144,0.3257,0.0128,0.0068,0.0017,-0.1982,0.0423,0.2901,0.0622,0.0,0.4461,0.0546,-0.0008,0.01,-0.0544,-0.0885,0.1064,0.1619,0.2343,0.1996,0.0004,-0.0004,0.6387,0.178,-0.0227,0.0317,0.0209,0.0777,-0.0057,-0.0
SLC35A5,0.4777,-0.0172,-0.0976,0.1001,-0.0299,0.2439,0.0567,0.02,0.1388,0.2839,0.0052,0.1782,0.2885,0.2151,0.1237,0.2662,0.0588,0.0883,0.2143,0.1085,0.0035,0.308,0.0768,0.1129,0.4577,0.199,0.0288,-0.012,0.078,-0.1594,-0.1291,-0.1267
TM9SF3,0.3487,0.0237,-0.0564,0.1446,-0.0409,0.2663,0.1909,0.0725,0.2061,0.1163,0.038,0.1474,0.2522,0.1682,0.0856,0.23,0.0853,0.0389,-0.0233,0.0,-0.1227,0.3391,0.1093,0.2428,0.2829,0.2015,0.0663,-0.1051,0.0466,-0.0246,-0.0629,-0.2122
TNFSF4,0.8285,-0.0247,0.0086,0.3997,-0.0259,0.1634,0.1214,0.2073,0.0035,0.0656,0.0676,0.0117,0.3304,0.0292,0.0472,0.0103,-0.0038,0.0064,0.2717,0.231,0.0428,0.5035,0.0594,-0.0013,0.7102,0.2426,-0.1228,0.253,0.0149,-0.0243,-0.0013,-0.0177
ATP13A3,0.236,-0.095,0.0356,0.0397,0.1086,0.1386,0.1614,0.0597,0.3815,0.1411,0.154,-0.0459,0.3295,0.2479,0.0396,0.1173,-0.0897,0.036,0.0919,0.0804,0.0531,0.3582,-0.1709,0.0593,0.2133,0.301,0.0862,-0.1356,-0.0677,-0.0421,-0.0981,-0.2076
SCARB2,0.3439,0.0682,-0.1191,0.1321,-0.1346,0.233,0.0361,0.0819,0.1291,0.2687,0.0123,0.1953,0.2763,0.165,0.0878,0.2971,-0.0258,-0.0928,0.2141,-0.0244,-0.0796,0.2759,0.1177,0.1742,0.1184,0.095,0.0346,-0.1019,0.1427,-0.1073,-0.1164,-0.1508
SLC29A2,-0.1709,0.0234,0.0158,-0.089,0.2376,0.4103,0.3089,-0.0971,0.2668,-0.0857,-0.0918,0.272,-0.2189,-0.1194,-0.0544,0.0543,0.0817,0.0422,-0.1191,-0.1421,0.5395,0.1042,0.1291,-0.1075,-0.3492,0.1976,0.2137,-0.0351,-0.2063,0.453,0.3803,-0.2084
LYPD5,0.0786,0.0435,0.2159,0.1829,0.5457,0.1717,0.1355,0.0633,0.1484,-0.0965,0.6756,-0.0042,0.1279,-0.0056,0.0226,-0.0006,-0.1417,-0.052,-0.509,0.1135,0.2121,0.6144,0.1584,-0.0238,0.3155,0.4825,-0.1808,-0.0356,0.024,-0.0191,-0.0257,-0.0322
SIGLEC14,0.448,-0.0522,-0.0782,0.1405,0.002,0.167,-0.0675,-0.4021,0.0171,0.6978,0.0105,-0.0062,0.4174,0.1766,-0.0075,0.4299,-0.2183,-0.2439,0.3654,0.2551,0.1269,0.3854,-0.0489,-0.0293,0.3789,0.1751,-0.0871,0.1648,-0.0014,-0.0115,-0.0146,-0.0266
VSIG1,0.3055,0.0075,-0.1268,0.0985,0.0838,0.4278,0.0254,-0.0175,0.719,-0.0008,0.1743,-0.0023,0.7871,0.0909,0.111,-0.0024,0.5029,0.1186,-0.0103,0.0,0.0193,1.9043,-0.0014,-0.001,0.0759,-0.4385,-0.3433,0.0831,0.0361,0.0754,0.132,-0.0
TMC7,-0.0,0.0182,-0.2358,-0.0358,0.2365,0.4235,0.4133,-0.0,0.5355,-0.0319,0.1745,0.0074,0.1796,0.0354,0.0535,-0.0008,-0.0505,-0.0857,-0.0283,-0.0091,0.0246,0.7796,0.1013,0.0201,0.1164,0.5977,-0.2231,-0.0207,-0.0058,-0.0056,0.0106,-0.0
OR7A5,0.0,0.2008,-0.0529,-0.0135,-0.032,0.0,0.0,0.0,0.1339,0.0355,0.1102,0.0,0.0167,0.0,0.0,0.0526,0.0,0.6941,0.1243,0.0,0.0,0.0,-0.0554,-0.0447,0.0,0.0,-0.0434,0.0,0.0,0.0,0.1627,0.9794
TMPRSS11E,-0.0,-0.0,-0.4568,0.0532,0.8459,0.0447,-0.0108,-0.0333,0.4613,0.0,2.505,0.6575,-0.0261,-0.0235,-0.004,0.0,0.9874,2.0368,-0.0867,-0.0,-0.0099,0.0286,-0.025,-0.0775,0.0,-0.01,0.1039,-0.028,0.4966,0.0084,0.0,-0.0
TM9SF4,0.189,0.0731,0.0462,0.1175,0.032,0.2409,0.1926,-0.0333,0.1647,0.1925,0.0691,0.2335,0.1728,0.161,0.1084,0.1768,0.047,0.0914,0.0236,0.0581,0.0887,0.3014,0.1038,0.0627,0.2823,0.214,0.0075,-0.0451,-0.0247,-0.0184,0.065,0.003
TMEM63B,-0.1915,-0.0316,0.017,0.2102,0.1186,0.2034,0.041,-0.1176,0.2169,0.0708,0.1836,-0.0823,0.0912,0.1165,0.1031,0.0733,-0.0329,-0.0721,-0.0237,0.0181,0.0666,0.3638,0.1188,0.0393,-0.0917,0.1952,-0.2298,-0.0752,-0.0242,0.0421,0.0207,0.0518
GPR34,0.4738,-0.2117,-0.1868,-0.0265,-0.0718,0.3953,-0.1607,-0.0616,0.0546,0.8076,-0.0161,0.0631,0.6054,0.3128,0.2208,0.7035,-0.0045,-0.1266,0.2744,0.3511,0.123,0.3451,-0.1802,-0.0751,0.7722,0.2007,0.121,0.1118,0.0703,-0.0855,-0.0497,-0.0954
CDHR2,0.0067,0.2398,0.0,0.0282,0.0852,-0.2155,0.0185,-0.0,0.5166,-0.1482,0.008,-0.1145,-0.0221,0.6059,-0.5507,-0.09,0.0252,0.0033,0.0288,0.004,0.0008,1.9654,0.4258,-0.003,0.0344,0.5572,-0.4333,0.0184,-0.0,0.1419,0.1009,0.0
TLR8,0.3707,-0.0077,-0.0434,0.0838,0.0258,0.0227,-0.0119,-0.2856,0.0614,0.4434,0.0913,0.0047,0.6586,0.1239,0.0096,0.0698,-0.1223,-0.1773,0.2661,0.247,0.0575,0.3207,-0.0018,0.0014,0.401,0.2146,0.4434,0.0346,0.0155,0.0,-0.0057,-0.0055
PKHD1,-0.0,0.0,-0.0558,0.0,-0.0282,1.3933,-0.0006,0.0,0.1927,0.0,-0.0014,-0.3136,-0.0342,0.2743,-0.1046,0.0,0.034,0.0068,-0.031,-0.0,0.1409,-0.2498,0.1266,-0.0068,-0.0052,-0.0258,-0.0357,-0.0,-0.0053,0.1013,0.0376,-0.0
FRRS1,0.2326,-0.1427,-0.0085,0.0954,-0.0049,-0.155,0.0937,0.0119,0.2818,0.3311,0.3845,0.0114,0.4313,0.1743,0.0655,0.0447,0.0139,0.3697,-0.1567,-0.0222,0.0192,0.427,-0.0336,0.1012,0.1244,0.1382,0.0026,-0.1208,-0.0567,-0.029,-0.0888,-0.0532
TCTN3,0.3571,0.0522,-0.0473,0.1223,-0.118,0.3377,0.1287,0.1937,0.0941,0.2854,-0.0351,0.0385,0.2406,0.2162,0.1586,0.248,0.0496,0.0054,0.0669,0.0947,-0.0306,0.2598,0.0801,0.099,0.4318,0.1583,-0.0302,-0.0219,0.1468,-0.0018,-0.0118,0.05
CASR,-0.0041,-0.0186,-0.0295,0.0,0.0,0.0229,-0.0,-0.015,0.0159,0.0,0.0,-0.5103,-0.3319,-0.3237,-0.0416,0.0028,0.03,0.0,0.0,-0.0162,0.0206,0.1162,-0.016,-0.0,0.0,-0.0086,-0.0409,0.0362,-0.0057,0.0405,0.1219,-0.0358
HFE,-0.062,-0.165,-0.1359,0.1008,-0.0158,0.2707,0.0311,-0.099,0.1297,0.4906,0.0346,0.1648,0.453,0.3503,0.2191,0.0909,0.1623,0.1319,0.0838,0.0851,-0.183,0.2391,-0.2684,-0.1363,0.3645,0.1513,-0.0496,-0.1548,0.0429,-0.1959,-0.1898,-0.1667
ULBP1,-0.0,0.0468,0.0915,0.168,0.4146,0.7169,0.1109,0.0,0.8301,0.3632,0.325,-0.0144,0.0075,-0.0077,0.0151,0.0115,-0.1484,-0.0776,-0.02,0.027,0.053,0.0558,0.2655,0.0142,0.7292,0.1133,-0.2397,0.0,0.2029,0.2567,0.6623,0.0033
TMEM87A,0.3064,0.0569,-0.0199,0.1511,0.014,0.4098,0.137,-0.0476,0.0732,0.2863,0.1016,0.3012,0.2637,0.1807,0.0008,0.3032,0.0262,-0.0028,-0.012,0.046,-0.1166,0.277,0.0716,0.2506,0.2669,0.0608,0.0411,-0.0746,0.1405,-0.0751,-0.1948,-0.0161
APLP2,0.3258,0.0546,-0.0361,0.0512,-0.0577,0.2141,0.0519,-0.0753,0.0945,0.1873,0.0182,0.3705,0.1499,0.2456,0.161,0.1567,0.0378,-0.0837,-0.0278,0.1768,-0.0329,0.4824,0.0606,0.2415,0.4851,0.1994,0.2145,0.028,0.2765,-0.0339,-0.1325,-0.0143
TNFSF8,1.3222,-0.0308,-0.0387,0.1418,-0.007,0.1416,-0.065,-0.112,0.0428,0.7155,0.0025,0.0065,0.5916,0.1595,0.0258,0.3166,-0.0975,-0.1495,0.1763,0.1432,0.0461,0.3708,-0.015,-0.0103,0.4294,0.1821,0.3322,0.6018,-0.0163,-0.0049,0.0031,-0.0206
PRLR,0.4251,-0.1044,-0.0927,0.5961,-0.2609,0.0284,0.245,-0.0,0.1401,-0.0013,-0.0665,0.4631,-0.0618,-0.0891,0.1612,-0.0012,0.0523,0.0225,-0.0927,-0.0069,-0.0708,-0.0535,-0.3141,-0.0096,0.1695,-0.0179,-0.008,-0.0623,-0.002,-0.3613,-0.313,-0.0
PANX2,-0.1206,-0.0642,0.0299,0.0256,0.0187,-0.1258,-0.0065,-0.0,0.2415,-0.4516,0.0674,-0.0907,-0.1153,-0.1284,0.0422,-0.3649,0.1036,0.1808,-0.0393,0.0297,-0.0978,0.0174,0.2318,-0.0564,0.0454,0.0146,-0.0453,0.0233,-0.2552,0.0656,0.062,-0.0166
GLIPR1,0.7112,-0.0242,-0.1955,0.1234,-0.0967,0.3546,-0.0309,-0.2786,0.1223,0.659,0.2408,0.0659,0.5977,0.3535,0.1346,0.3422,-0.0836,-0.0376,0.1384,0.1233,-0.1712,0.6364,-0.2626,-0.0937,0.9302,0.3004,0.1135,0.0035,-0.0297,-0.4572,-0.3924,-0.1813
UPK3A,0.1566,0.0,-0.3401,0.2128,0.0664,1.6473,0.3091,0.0299,0.3166,0.113,0.0011,0.0,0.0087,0.0255,0.9208,0.0244,0.2812,0.0101,0.0217,0.017,0.0021,0.6923,0.0557,0.3973,-0.3188,0.1901,0.1422,0.071,-0.1514,0.1198,0.1511,-0.0
CHRNA6,0.4761,0.0188,0.0153,0.7528,0.0119,0.0,0.0096,0.252,0.0236,0.0179,0.1076,0.0,0.2863,0.1733,0.0,-0.0081,0.0,0.261,1.3898,0.1657,0.1273,0.0,-0.0,0.0071,0.0616,0.0106,-0.0,0.068,0.0137,0.0428,0.0,0.0
IL13RA1,0.1479,-0.1082,0.034,0.1621,0.0641,0.0931,0.114,0.0254,0.0709,0.4769,0.0973,0.06,0.2452,0.1551,0.0521,0.3345,0.0639,-0.015,0.085,0.0932,0.0329,0.4707,-0.0466,0.091,0.2275,0.28,-0.0842,-0.145,0.1266,-0.0045,-0.0656,-0.2236
CD38,1.3149,-0.0742,0.0149,0.0081,0.2793,-0.018,-0.0226,0.3108,0.1976,0.2452,0.299,-0.0269,0.2258,0.0068,-0.0406,0.5884,0.1462,0.1033,0.5784,0.2671,0.0854,0.4179,-0.0973,0.2306,-0.0826,0.3286,0.6316,0.6174,-0.124,0.2374,0.0703,-0.1088
LMBR1,0.1557,0.011,-0.0398,0.0821,-0.0771,0.2202,0.1972,0.0197,0.2089,0.2379,0.0221,0.3003,0.2347,0.2551,0.0681,0.2019,0.0131,0.0505,0.0891,0.0383,0.0071,0.3221,-0.1252,0.0982,0.1537,0.1747,-0.0306,-0.026,0.0117,-0.0641,-0.1024,-0.221
HLA-F,0.2673,-0.167,0.0621,-0.1138,0.1722,0.3474,0.0113,-0.0522,0.1722,0.2087,0.183,-0.0341,0.3766,0.1891,0.308,0.0627,-0.1621,-0.2832,0.178,0.1374,-0.1511,0.6532,-0.0407,-0.1543,0.424,0.2235,0.3155,0.0172,-0.0677,-0.1781,-0.3163,-0.273
CLDN2,0.0,-0.1629,-0.0062,-0.0141,-0.007,-0.3917,1.3892,0.0,0.4648,0.0,-0.0006,-0.1816,0.6824,0.6601,-0.3413,0.0003,0.673,0.0797,-0.0139,-0.0013,-0.0118,1.1415,-0.0442,-0.0065,0.0014,1.4604,-0.1703,-0.0,0.757,0.0238,0.0302,-0.0
LDLRAD3,0.1355,0.0721,-0.0598,0.1586,-0.2507,0.4263,0.1663,0.0097,0.1446,0.4456,0.1256,-0.0496,0.4042,0.2442,0.0207,0.4351,-0.1302,0.0879,0.188,0.0807,-0.0566,0.2635,0.1028,0.0967,0.3051,0.2281,0.2526,-0.047,-0.0399,-0.1354,0.0069,0.3288
SLC45A4,-0.0463,-0.041,-0.0612,0.0874,0.0228,0.6558,0.1724,-0.1611,0.3767,-0.0591,0.0398,0.0155,0.0817,0.017,0.1009,-0.0078,0.0457,-0.0022,0.0552,0.1391,0.2504,0.2788,0.0414,-0.0886,0.1486,0.3157,-0.0222,0.1412,-0.0541,0.0518,0.0444,-0.0154
FZD3,0.0624,0.0093,-0.0949,0.1412,-0.0945,0.1265,0.172,0.05,0.1923,0.1943,-0.0241,0.0723,0.0849,0.0839,0.0018,0.169,0.1205,0.1624,0.2411,-0.0594,0.1105,0.0069,0.1281,0.0323,0.0045,0.2459,-0.1146,-0.0698,-0.0011,0.0834,0.0312,0.0325
CEACAM21,0.4129,-0.0411,-0.0439,0.0113,-0.0075,0.2022,-0.0501,-0.0525,0.0133,0.3992,0.0266,-0.0234,0.2716,0.0445,0.0208,0.2595,-0.1968,-0.2505,0.3444,0.1874,0.0036,0.4874,-0.0271,-0.0373,0.5419,0.1207,-0.0054,0.4145,-0.0459,0.1005,0.0147,-0.0343
HCAR3,0.6236,-0.0142,0.1475,-0.1083,0.7477,-0.0588,0.1867,-0.1855,0.536,0.0322,1.1351,0.1426,-0.0186,-0.0238,-0.0474,-0.0049,-0.1748,0.157,-0.1033,0.0383,0.0077,0.4783,-0.0061,-0.0218,0.0169,0.1113,0.204,0.1281,-0.004,0.0339,0.015,-0.0
FCER1A,1.8384,0.2939,-0.0356,0.096,0.0157,0.3257,-0.0529,-0.0,-0.1494,0.2699,0.1682,0.0365,0.6179,0.5368,0.0612,0.0615,0.0493,-0.1035,-0.1902,0.0882,0.026,0.7414,0.0606,0.1297,0.3005,0.022,-0.0243,0.3218,0.3211,-0.036,-0.0251,-0.0079
IGF2R,-0.2145,0.0333,-0.0616,0.071,0.0062,0.1634,0.1532,-0.184,0.2413,0.3111,0.1509,0.2071,0.3087,0.2793,0.1614,0.2999,-0.0178,0.0358,0.1742,0.0461,-0.0841,0.2857,-0.0178,0.1693,0.0136,0.2205,0.0827,0.0246,0.146,-0.0544,-0.0134,0.0347
ANKH,0.0239,-0.0975,-0.0176,0.1479,0.1098,0.1192,0.3739,-0.0024,0.1967,0.0619,0.221,-0.0169,0.2754,0.0921,0.1478,0.0832,0.0948,0.2038,-0.0937,0.252,0.0593,0.4451,0.5315,0.218,0.1177,0.3146,0.1708,0.1261,0.106,-0.0303,0.1146,0.006
QSOX1,0.1084,-0.0301,-0.0379,0.1792,-0.0098,0.4186,0.072,0.0448,0.0199,0.2463,0.0099,0.2551,0.2009,0.1872,-0.1133,0.153,-0.0141,-0.2878,0.1271,0.2133,-0.1538,0.4271,0.0043,-0.2331,0.2891,-0.0051,-0.2129,-0.2272,0.1464,0.1981,0.1141,-0.0578
AMIGO2,-0.0712,-0.0539,0.1177,-0.073,-0.2512,0.2125,-0.1289,0.2004,0.2353,0.1613,0.0402,0.2122,0.0505,-0.1585,-0.0144,-0.0627,0.076,-0.1954,-0.155,-0.2176,-0.546,0.6442,-0.166,-0.2121,0.5662,0.2234,-0.2985,-0.3191,0.2524,-0.2665,-0.4017,-0.1194
CSPG5,-0.0036,0.0045,0.0537,0.0956,0.3167,0.0599,-0.0005,0.0,-0.0022,0.2784,0.0149,0.1246,0.0039,0.0034,0.1179,0.4355,-0.0755,-0.137,0.1803,0.1345,0.7189,0.1067,0.7343,0.2939,0.1269,0.0381,-0.069,-0.0067,0.0265,0.495,0.3254,0.4346
EFNB2,0.01,-0.0477,0.1437,-0.1126,-0.0364,0.3635,0.2358,0.1766,0.3375,0.2013,0.2116,0.0315,0.3818,0.0745,0.1284,-0.0718,-0.188,-0.1115,-0.3017,0.0937,0.1562,0.7392,0.2016,0.062,0.3521,0.2932,-0.0815,0.1665,-0.0648,-0.0973,0.0104,-0.1421
AVPR1B,0.9949,0.0,-0.0141,0.0,-0.0,0.0,-0.0,0.0,0.0,0.0,0.0,-0.0,1.1413,0.1119,0.0,0.0,0.0197,0.0,0.0,0.0,0.0771,0.0447,0.0,0.0203,0.0,-0.0,0.0631,0.0,0.0014,0.1354,0.0502,0.0
SIGLEC12,0.5353,-0.01,0.0348,0.0026,0.0902,0.0752,-0.0317,-0.1837,0.389,0.0698,0.2057,-0.0023,0.0483,-0.0039,0.0356,0.0162,-0.1058,-0.1082,0.3275,0.02,0.0003,0.297,-0.0351,-0.0084,0.3824,0.2968,0.1984,0.1258,0.0021,0.0049,0.0296,-0.0034
SLC34A1,0.0045,0.0,-0.0024,0.0,0.0323,-0.0,0.0,-0.0,0.0072,0.0,0.026,-0.0775,-0.7519,-0.8102,-0.0671,0.0,0.0,0.0,-0.0011,0.0,0.0,0.0,0.0,-0.0,0.0,0.0,-0.0,0.0558,0.0,0.0,0.0607,0.0
TNFSF18,0.0,0.009,0.0312,0.0801,0.4249,0.1553,0.0426,0.0527,0.2983,0.4419,0.8232,0.0167,0.2522,0.0196,0.0369,0.5734,0.0971,0.4572,0.0188,0.4364,0.054,1.2835,0.1545,0.0007,0.3955,0.412,-0.001,0.0316,0.4376,0.0491,0.0,0.0
S1PR4,0.7427,-0.0231,-0.133,-0.0993,0.1057,0.0321,-0.0803,-0.2762,0.0316,0.079,0.161,-0.0124,0.3695,0.0967,0.0022,0.013,-0.2945,-0.3881,0.1927,0.1233,0.0317,0.6301,0.0012,-0.0418,0.2472,0.1121,0.5206,0.6956,-0.1123,0.0109,-0.0325,-0.0497
SIRPB1,0.564,-0.0703,-0.0185,0.0222,-0.0322,0.0816,-0.0195,-0.5722,0.2095,0.1963,0.079,-0.0264,0.5119,0.3375,-0.015,0.1278,-0.2882,-0.3048,0.3575,0.1463,0.0501,0.3613,-0.0759,-0.022,0.1455,0.435,0.3123,-0.0181,-0.0028,-0.0185,-0.046,0.139
CR2,0.0013,-0.0,0.0991,0.0698,0.1525,0.0887,-0.0423,0.3989,0.3819,-0.0,0.0252,-0.018,-0.0335,-0.037,-0.0174,-0.0007,0.8083,0.2719,0.25,0.0901,0.1263,0.6948,0.0,0.0236,-0.0095,0.7308,-0.0252,1.441,0.0438,0.3768,0.2267,-0.0
CD84,0.6921,-0.0529,-0.1136,0.1352,-0.014,0.1178,-0.0694,0.0654,0.0735,0.6028,-0.0124,0.0333,0.6021,0.2728,0.0039,0.4754,-0.1077,-0.1877,0.1667,0.1393,0.0922,0.1768,-0.0594,-0.0415,0.4682,0.2768,0.0595,0.1715,0.012,-0.049,-0.0506,-0.057
VNN1,0.7069,-0.0173,-0.0254,-0.0279,0.261,-0.0922,-0.0648,-0.2404,0.4186,0.106,0.0671,-0.0,0.1259,0.0555,-0.1323,0.0251,-0.1688,-0.1705,0.0029,0.288,0.0226,0.893,-0.0011,0.0014,0.2251,0.7088,0.0368,-0.0055,-0.0041,0.1164,-0.0035,-0.0069
MUC12,-0.0227,0.148,-0.0136,0.0052,-0.1061,0.4062,0.4727,0.1301,0.4202,0.1415,0.1316,-0.0138,0.3807,0.6854,0.018,-0.0696,-0.0399,-0.0425,-0.0014,0.402,-0.0808,1.031,0.4465,-0.2802,0.6551,0.395,-0.1552,0.0554,-0.0012,-0.108,-0.0928,-0.0346
DUOXA1,-0.0025,-0.03,-0.2081,-0.0911,0.8721,0.1926,-0.0274,-0.0098,0.5518,-0.0068,1.0337,-0.0279,-0.0113,-0.0225,-0.018,0.0357,-0.5515,-0.3791,-0.2928,0.1705,-0.1018,0.5979,-0.074,-0.3751,0.1437,-0.4119,0.1018,0.3014,-0.1458,0.0692,0.0863,-0.0516
LINGO1,-0.006,0.212,-0.0295,0.1685,-0.1384,0.6374,0.0122,0.0086,0.2116,0.0101,-0.0764,-0.0614,0.3381,-0.0781,0.1348,0.2979,0.0626,0.0923,0.5479,0.3768,0.4921,0.1551,0.799,-0.0146,0.4857,0.361,0.2321,-0.0793,-0.0296,-0.0815,0.211,0.4517
ITM2B,0.2419,-0.0002,-0.0911,-0.0044,-0.0602,0.2863,0.0254,-0.1979,0.214,0.2433,0.08,0.0212,0.254,0.3441,0.2246,0.2242,-0.0378,-0.016,-0.0898,-0.0172,0.0382,0.4695,0.1841,0.0847,0.3578,0.3167,0.1831,0.0436,0.0689,-0.0659,-0.1819,-0.2604
GPR157,0.335,0.01,0.1522,0.1934,0.0632,-0.0397,0.275,0.156,0.283,0.0974,0.3335,0.1681,0.0311,0.0273,-0.0433,-0.0104,-0.08,-0.0476,-0.3387,-0.1166,0.035,0.2603,-0.136,-0.0443,-0.3395,0.3326,-0.0866,-0.094,-0.0959,0.0492,-0.0848,-0.1418
IL17RD,0.0,0.0009,-0.1664,-0.0132,-0.2091,0.3263,0.0069,0.0,0.0339,0.3626,-0.0544,-0.0199,0.1072,0.3652,0.0018,0.4687,0.0655,0.1486,0.0255,-0.0112,-0.1416,0.3238,0.2784,0.0088,0.6873,0.24,-0.1056,-0.0958,0.2143,-0.3714,-0.2377,-0.0124
PDCD1,-0.1052,-0.0059,0.0145,0.0382,0.1399,0.3169,-0.0086,0.356,0.1115,0.0185,0.1095,-0.0074,0.2414,0.0581,0.0443,0.0048,-0.0028,-0.0319,0.3894,0.2429,0.0211,0.2756,-0.0056,-0.0197,0.2488,0.1383,0.5524,0.6955,-0.0498,0.0997,0.0331,-0.0621
SEMA7A,-0.1015,0.3266,0.3231,0.128,0.1917,0.3979,0.0051,0.1098,0.1312,0.003,0.2528,-0.0352,0.1401,-0.0439,0.2041,0.037,-0.0561,-0.056,0.1314,0.0814,-0.0457,0.9814,-0.114,-0.1105,0.3537,0.2924,-0.3258,0.3229,0.0083,0.043,0.2125,0.0562
TMEM106A,1.1874,-0.0762,-0.1232,0.1013,-0.1987,0.2313,-0.0653,-0.0421,0.2565,0.5028,-0.0759,-0.1774,0.2282,0.058,0.025,0.2526,-0.0086,-0.1608,0.3141,0.124,-0.0961,0.2648,-0.0424,-0.1389,0.6202,0.288,-0.0293,-0.0615,-0.0125,-0.2152,-0.1482,0.0266
CRTAM,0.7276,-0.0014,0.0019,0.1547,0.0936,0.0582,-0.005,0.2321,0.038,0.0072,0.0664,0.0,0.5581,0.0585,0.008,-0.003,-0.0657,-0.0894,0.1989,0.3275,0.0189,0.2457,0.0004,0.0044,0.2876,0.1104,0.2622,0.5893,0.0313,0.0175,-0.0024,-0.0273
ABCA13,0.173,0.011,-0.0443,-0.0126,0.6488,-0.0731,0.0072,-0.0,0.8333,0.197,0.5897,0.007,-0.0038,0.1029,-0.0122,0.0134,0.0553,0.7544,-0.0203,0.0,0.0743,0.0769,-0.0073,0.0,0.0124,0.1604,-0.0882,-0.0232,-0.1564,0.1415,0.1057,-0.01
BTN3A3,0.4316,-0.209,-0.0069,-0.0273,-0.1202,0.1892,-0.0907,-0.1582,0.1751,0.3348,0.0586,-0.0059,0.3691,0.1089,0.0652,0.2802,-0.1447,-0.2587,0.1621,0.2653,-0.0494,0.4403,-0.0673,-0.1467,0.5739,0.2453,0.0775,-0.0346,-0.1348,-0.2585,-0.3368,-0.0252
ERVV-1,-0.0096,0.0,-0.1087,0.0733,-0.0729,0.0,-0.0038,0.8355,0.1181,-0.0,0.0441,0.0,0.1947,0.09,0.0,-0.0,0.0926,0.0503,0.0,-0.0,0.0273,0.0,0.0,-0.0026,-0.0087,0.0427,0.0314,0.0,0.0,0.0244,0.0234,-0.0109
PTH2R,0.9503,-0.233,0.1684,-0.046,-0.0144,0.1114,-0.0107,-0.019,0.1407,-0.0091,-0.0239,-0.3062,0.196,0.3492,-0.1552,0.0189,-0.0043,0.1481,-0.0026,0.0763,1.5157,-0.0126,-0.0207,0.0112,0.3974,0.0738,-0.0438,-0.0065,-0.0007,-0.1973,-0.1166,-0.0216
GPR25,0.0357,0.0,0.0259,0.0072,0.2061,0.0,0.0022,-0.0278,0.8581,-0.0,0.1136,0.0,0.0,0.0,0.0,-0.0,-0.004,-0.0089,0.0106,0.0535,0.0708,0.0,0.0,-0.0,0.0,0.2427,-0.0049,0.0148,-0.0021,0.0214,0.0,0.0
GPR65,0.4415,-0.0232,-0.0299,0.215,0.0231,0.0167,-0.0221,-0.1234,0.0164,0.8472,0.0138,-0.008,0.4805,0.1063,-0.0097,0.1391,-0.1142,-0.1396,0.1507,0.2496,0.0956,0.2903,-0.0058,-0.0134,0.4018,0.1415,0.0917,0.2282,0.0064,-0.0031,-0.0095,-0.0247
PCDH7,-0.0,-0.041,-0.3783,0.2117,-0.0738,0.2379,-0.1946,-0.0064,0.0344,-0.0649,0.3985,-0.0613,0.0139,-0.0439,-0.0027,0.3381,0.0974,0.2571,0.3837,0.1092,0.2751,1.0871,0.0419,-0.146,1.2454,0.1834,0.0757,-0.1209,0.1626,-0.0868,-0.1704,0.4301
GPC6,0.0266,0.0029,-0.1855,0.0877,-0.1101,0.0389,-0.1042,0.0765,0.0285,0.4509,-0.0598,0.1736,0.5679,0.4013,0.1295,0.3319,-0.0456,-0.0692,-0.0545,0.2012,-0.1359,0.7938,0.1244,-0.0403,1.0881,0.2911,-0.0226,0.025,-0.0809,-0.0294,0.2703,-0.0225
SLC29A4,0.0277,-0.0437,-0.1079,-0.2903,-0.1453,-0.015,-0.1212,-0.0035,0.1574,0.2184,-0.1009,0.5233,0.43,0.1169,0.0241,0.1588,0.4689,0.3789,-0.0291,0.0319,-0.0285,-0.0213,1.0639,0.0721,0.1629,-0.1107,0.0631,-0.1175,-0.3513,0.3109,0.5265,0.0407
NOTCH3,0.2212,-0.0143,0.0028,-0.1016,-0.0612,0.7683,0.028,0.0893,0.1889,0.4009,0.2819,0.046,0.4695,-0.214,0.3243,0.2046,-0.1013,0.065,-0.4755,-0.1148,0.1221,0.5358,0.3558,-0.1706,0.2606,0.3971,0.2665,0.2356,-0.2064,-0.208,-0.0639,-0.3158
KCNK5,0.147,-0.0179,0.0795,-0.1524,-0.0382,0.4099,-0.01,0.0269,-0.006,0.0287,-0.1746,-0.291,-0.0993,0.0415,-0.2231,0.0,0.2754,-0.1952,-0.3201,0.1542,0.1282,0.2256,0.0749,-0.1455,0.395,0.1286,0.3247,-0.1719,0.135,0.3428,0.3191,-0.03
ITGA11,0.0699,-0.1348,-0.0491,0.3331,-0.3789,0.3368,0.3313,0.0558,0.216,0.3053,-0.0299,-0.0719,0.0531,-0.1137,0.0207,0.1168,0.2659,0.2049,-0.0864,0.0981,-0.1076,0.8222,-0.0917,-0.1532,0.6953,0.5176,0.0303,-0.0737,-0.1,-0.4575,-0.623,-0.0273
MEP1A,0.0,-0.0,0.0,0.0,0.0603,-0.0116,0.6551,0.1994,0.422,0.0,0.0017,0.0,0.0039,0.0055,0.2287,0.0302,0.0152,0.0006,0.0045,-0.0,-0.001,-0.0667,-0.0,0.0,0.0061,1.411,-0.2168,0.0072,0.0,0.0067,0.0407,-0.0
TRGC2,0.9745,-0.0099,-0.0436,0.0345,0.0546,-0.0073,-0.086,-0.1607,0.0471,-0.0932,0.0116,0.177,0.434,0.1028,-0.0341,-0.0778,-0.2501,-0.2676,0.276,0.0507,-0.0452,0.3094,-0.0015,0.4551,0.2674,0.0976,0.248,0.9068,-0.0374,-0.0152,-0.0412,-0.071
LAMP1,0.201,-0.1112,0.0191,0.0811,0.0246,0.1649,0.1352,0.0348,0.1068,0.2795,0.1005,0.0477,0.0874,0.1426,0.1777,0.2525,-0.0384,-0.0382,-0.0545,0.0581,-0.025,0.3373,0.1379,0.1324,0.4199,0.1936,-0.0232,0.0561,0.076,0.0036,-0.0507,0.0062
SLC6A12,0.148,-0.0066,-0.0354,0.0247,-0.0991,-0.2557,0.0159,0.042,0.0507,-0.3777,-0.0189,-0.1511,-0.0562,0.0199,-0.0499,-0.2542,-0.0551,-0.0751,0.1526,0.0059,0.3685,0.0162,0.0032,-0.0007,0.111,0.1247,-0.1926,-0.0141,-0.0752,0.0161,0.0057,0.0069
PTPRO,0.5759,-0.0267,-0.0493,0.207,-0.03,0.1407,0.5279,-0.013,0.088,0.2906,0.0138,-0.1014,-0.315,-0.2285,0.0056,0.2311,-0.0926,-0.1561,0.0778,0.3269,0.1061,0.3874,0.1856,-0.0069,0.5409,0.184,0.1265,-0.0108,0.0659,-0.1962,-0.2347,-0.0118
PROM1,1.7982,-0.0,-0.2291,-0.0838,0.0044,0.8499,0.3592,-0.0075,0.1429,0.346,-0.1501,-0.2856,-0.1278,0.4166,-0.1234,0.1489,0.2,-0.0215,-0.0412,-0.0849,0.2467,0.4722,0.0149,-0.0725,-0.044,0.3,0.223,-0.1348,-0.132,1.3254,1.1409,-0.0769
TENM4,0.0878,-0.0681,0.0301,0.1307,-0.1185,0.105,0.02,0.0488,0.1376,0.3633,0.4163,0.0,0.1218,-0.0056,0.0,0.4723,0.1914,0.5498,-0.1458,0.1821,-0.0365,0.6018,-0.0105,-0.0105,0.3437,0.2257,-0.2862,-0.0072,-0.1829,-0.0489,0.2476,-0.0431
ACVR1B,0.226,0.0899,-0.123,0.0655,0.0182,0.1196,0.1821,-0.1282,0.1725,0.0578,0.0317,0.0892,0.0372,0.0724,-0.0298,0.107,0.0276,0.0209,-0.3351,-0.0701,0.0822,0.152,0.3489,0.0401,0.03,0.1485,0.1554,-0.1859,-0.0792,0.0412,0.0565,-0.1372
KITLG,0.1424,0.0585,-0.2814,0.1535,0.0619,0.2363,-0.1114,0.036,0.0267,0.3385,0.1427,0.2656,0.0904,0.2553,0.1363,0.3487,0.0368,-0.0303,-0.2354,-0.0882,-0.1747,0.5071,-0.0005,-0.1119,0.4938,0.1668,-0.1725,-0.0819,-0.1969,-0.3425,-0.3229,-0.1079
SIGLEC9,0.1869,-0.1493,-0.0957,0.0397,0.0032,0.0058,-0.0691,-0.2848,0.0252,0.7247,-0.0051,-0.0225,0.3369,0.1731,-0.0501,0.3475,-0.2164,-0.2822,0.3884,0.2975,-0.0637,0.3687,-0.1436,-0.0261,0.523,0.1147,0.071,0.0444,0.0038,0.0227,0.0278,-0.0557
SIGLEC8,-0.0092,-0.1218,-0.0409,0.2549,-0.0096,0.1758,-0.0324,0.4503,-0.0237,0.7342,-0.0169,0.2721,1.2457,0.8517,0.0106,0.7657,-0.0384,-0.0478,0.1286,-0.0092,0.0517,0.2677,-0.0987,-0.0106,0.073,0.0577,0.0524,0.227,0.0321,-0.0168,-0.0197,0.0
ITGAX,0.2694,-0.1303,-0.0313,0.0172,0.0814,0.163,-0.0541,-0.5213,0.1239,0.2532,0.0134,-0.042,0.3229,0.3736,-0.1308,0.2043,-0.5905,-0.6583,0.4675,0.2048,0.0041,0.5255,-0.12,-0.1802,0.3387,0.2503,0.5873,-0.0815,-0.0692,-0.0483,-0.1138,-0.1204
TMEM161A,0.0319,0.1495,0.0336,0.0068,-0.043,0.1584,0.1363,0.1937,0.0197,0.2358,0.0352,0.077,0.0306,0.1231,0.1569,0.1708,-0.015,0.082,0.0568,0.0412,-0.0326,0.1994,-0.1258,0.0423,0.0302,0.0941,0.1155,0.0553,-0.1401,-0.0093,0.0334,0.1501
XCR1,0.0328,-0.0,0.013,0.0713,0.0166,0.0547,-0.0017,0.2149,0.0711,0.0098,0.1824,0.0,0.7294,0.0718,0.0055,0.0072,0.0329,0.0301,-0.1375,0.0507,-0.0001,0.2248,0.0,0.014,0.2039,0.1493,0.0947,0.7921,0.0,0.0008,-0.0,-0.0085
NEO1,0.0635,-0.1328,-0.2327,0.1606,-0.0569,0.5953,0.0527,0.0209,0.1224,0.1216,-0.0061,0.0961,0.2408,0.1735,0.1212,0.2078,-0.0489,0.1175,-0.1156,0.2128,0.067,0.2572,0.0021,0.1758,0.1536,0.1259,0.0175,0.1031,-0.0049,-0.0982,0.0073,0.1788
GJB6,-0.0117,-0.0168,0.7998,-0.004,1.3817,-0.0258,-0.0047,-0.0286,1.1941,-0.5231,2.6371,-0.0,-0.0084,-0.0087,-0.0267,-0.5282,0.1272,1.8274,-0.5314,-0.0189,0.0461,0.3937,-0.0,-0.0013,-0.0659,0.0437,-0.0839,1.5961,0.0843,0.3812,0.311,0.4017
VSIG10,0.5234,-0.169,-0.0603,-0.0112,-0.1262,0.3645,0.0448,0.1526,0.0723,0.1943,-0.188,0.0732,0.14,0.1968,0.1616,0.2026,-0.0981,-0.1312,-0.1066,-0.1907,-0.0419,0.1413,-0.3706,0.0422,0.0428,0.1693,0.403,-0.1766,-0.0799,-0.0364,-0.1755,-0.0856
CLDN6,0.0004,0.0,0.0,0.1999,0.0707,1.0412,0.0608,0.0,0.4919,-0.0,0.1699,-0.0324,-0.0029,0.0014,0.0833,-0.0009,0.4023,0.0198,0.0,0.4421,5.5406,0.1589,0.0,0.0037,0.0126,0.6048,3.0599,0.4837,0.0987,2.218,3.9256,0.0
ENTPD1,0.1837,-0.0529,-0.2855,0.1213,-0.1913,0.504,-0.06,-0.0608,0.0117,0.3447,-0.0181,0.0278,0.486,0.108,0.171,0.2031,-0.0709,-0.1476,0.138,-0.0487,-0.1547,0.694,0.0224,-0.1357,0.5276,0.3457,0.0731,-0.1875,0.4712,-0.3648,-0.4065,-0.1326
ANO7,0.3938,-0.0425,-0.0298,0.0106,-0.0913,0.1425,-0.2337,0.0187,0.2554,-0.0243,-0.0389,-0.0256,0.1532,0.0275,0.0374,-0.0528,0.0782,0.0212,0.1087,0.0202,0.0486,0.3055,-0.0463,-0.1227,0.1312,-0.3083,0.058,-0.0224,0.0192,-0.0642,-0.0042,0.1317
PSCA,0.0585,-0.0052,-0.1636,0.1284,0.5819,0.1354,-0.0678,-0.0111,0.363,-0.0102,0.5149,0.1808,-0.0277,-0.0278,-0.013,0.0046,0.0096,0.0897,-0.2193,-0.0196,0.0861,1.4439,-0.0087,-0.1238,0.0954,-0.8788,-0.1142,-0.0347,-0.0099,0.1369,0.0769,0.0342
M6PR,0.2516,0.0327,0.0398,0.0815,0.0519,0.2855,0.06,0.1221,0.0641,0.2338,0.0545,0.1712,0.2268,0.218,0.0801,0.1637,-0.0606,-0.0086,0.1352,0.0373,0.0107,0.2756,0.036,-0.0409,0.25,0.1108,0.2121,0.0372,0.0347,-0.0077,-0.0519,0.0224
TRAT1,1.3801,-0.0,-0.0188,0.0404,0.0233,0.0305,-0.0178,-0.0153,0.12,0.0186,0.0366,0.0007,0.5862,0.0541,0.0059,0.0074,-0.0296,-0.0777,0.1083,0.0681,0.0203,0.2958,0.0002,0.008,0.1434,0.2799,0.1641,1.2445,-0.0141,0.0047,-0.0172,-0.0427
TMEM219,0.0468,0.0738,0.0432,0.1068,0.0394,0.1931,0.0252,0.1059,-0.0683,0.1002,-0.0679,0.0208,0.1077,0.1642,0.1196,0.0793,0.0195,-0.0915,0.0673,0.1284,0.0346,0.2664,0.0549,0.0374,0.298,-0.0416,-0.2684,0.0505,0.087,0.0856,-0.0175,0.1552
FGFR4,-0.0862,0.1261,-0.1634,0.1169,-0.1225,0.3304,0.3502,-0.1065,0.303,0.02,-0.1436,-0.1994,-0.057,0.1468,0.1236,0.0068,-0.6538,-0.7235,0.0089,-0.1644,-0.3486,0.0806,-0.1913,-0.2081,-0.0866,0.4113,0.2116,-0.0659,-0.017,0.0945,0.377,-0.1962
HLA-DOB,0.1164,-0.0413,0.0577,0.006,0.1278,0.2743,-0.1339,0.3846,0.1187,0.0894,0.1987,-0.0133,0.3527,0.11,0.0516,-0.0237,0.1269,0.0609,-0.0356,0.0111,0.0675,0.5915,-0.0239,-0.0477,0.2034,0.0917,0.0094,0.3427,0.2239,0.1201,-0.0493,-0.0634
SLC12A7,0.6261,-0.0925,-0.0772,0.0089,-0.1461,0.1209,0.0004,-0.1841,0.2476,0.1331,-0.2014,-0.118,0.0539,0.0009,-0.0548,-0.044,0.0045,-0.1287,-0.0793,-0.0118,-0.0081,0.2812,-0.0958,-0.0702,0.4279,0.1424,-0.4289,-0.0553,-0.2325,-0.0337,0.0053,-0.0359
NRP2,0.1136,-0.3427,-0.5345,-0.0483,-0.2421,0.3237,-0.2666,0.4659,-0.3172,0.4346,0.101,0.0419,0.4654,0.0529,0.069,0.3758,-0.1184,-0.1374,0.597,0.1984,-0.2535,0.9095,-0.1395,-0.2421,0.8235,0.2394,0.2635,-0.182,0.1881,-0.5378,-0.3896,0.1706
SIDT1,0.9088,-0.0224,-0.2389,0.2922,0.1154,0.0394,0.0188,-0.1014,0.1962,-0.1061,-0.0509,0.0829,0.1897,0.0154,-0.0074,0.0524,0.0282,-0.1055,0.0158,-0.0378,-0.011,0.4521,0.6189,0.0009,0.1279,0.1397,-0.0924,0.1985,-0.0202,-0.0129,-0.0391,-0.0061
HYAL2,0.0841,-0.0325,-0.0394,-0.178,-0.2072,0.2486,0.0938,-0.1716,-0.0555,0.4493,-0.0362,-0.0441,0.105,-0.0321,0.201,0.2785,-0.3455,-0.4418,0.0848,0.0149,0.0308,0.4321,0.0327,-0.0368,0.3397,0.075,0.114,-0.159,-0.0805,-0.0792,-0.0973,-0.2342
MFSD12,0.2163,0.05,0.0477,0.0916,0.0756,0.2502,0.1118,0.0353,0.1984,0.1294,0.1185,-0.1327,-0.0538,0.074,0.0657,0.0726,-0.0357,-0.055,0.4658,0.1075,-0.0061,0.1763,0.0658,0.0091,0.4383,0.2027,-0.01,0.1444,-0.1883,0.0818,-0.0241,0.4495
TMEM9B,0.2072,-0.0163,0.053,0.1694,0.081,0.3201,0.1202,0.044,0.1042,0.2446,0.0808,0.2837,0.1028,0.0982,0.1093,0.2455,0.0352,-0.0142,-0.0486,0.1033,0.0093,0.2916,0.1128,0.105,0.1103,0.0771,-0.0432,0.0695,0.0945,0.0762,-0.0052,-0.0107
SEMA4F,-0.0167,-0.0366,0.0053,0.0662,-0.0753,0.5258,0.0859,0.0306,0.1531,0.0447,0.064,0.1087,0.1787,0.2247,0.1538,0.019,0.1033,0.1683,0.273,0.0882,-0.0767,0.2707,0.3276,-0.077,0.3117,0.0856,-0.078,-0.0931,0.002,-0.1004,-0.0217,-0.101
HHLA2,0.2184,-0.0022,-0.0038,0.0003,-0.023,0.1767,0.4424,-0.0059,1.2572,-0.0,-0.0031,-0.0253,1.425,1.0492,0.0,-0.0002,0.1707,-0.0263,0.003,-0.0044,0.0093,1.1229,0.0,-0.0022,0.0083,0.9615,-0.1827,0.0,0.0,0.0479,0.0204,-0.0
CCR2,1.2399,-0.0261,-0.0713,0.2386,-0.0269,0.1079,-0.0987,-0.2533,-0.0301,0.1799,-0.0374,-0.0127,0.5999,0.1857,0.0135,0.0115,-0.0282,-0.1535,0.2178,0.1868,-0.0231,0.3351,-0.0096,-0.0244,0.2849,0.0089,0.4927,0.1084,0.0445,-0.045,-0.0336,-0.0432
SLC2A9,0.6695,-0.1543,-0.157,0.0714,0.1298,-0.2894,0.019,0.0042,-0.0351,0.4344,0.3636,-0.3723,0.1079,0.2828,-0.0151,0.2058,-0.1949,0.0457,-0.072,-0.0686,0.0856,0.3423,-0.1522,-0.2649,0.4702,0.2199,-0.0317,0.2848,-0.1123,-0.0854,-0.151,0.1062
TRIL,0.0056,-0.0697,-0.0669,0.2254,-0.1069,0.1001,0.0388,0.0069,0.0171,0.0789,-0.0747,-0.0911,0.2194,0.0391,0.0274,0.1972,0.0367,-0.0094,0.0024,0.1807,0.0587,0.4605,0.2619,-0.0342,0.8202,0.1443,0.5344,-0.0406,0.0899,-0.1599,0.3127,-0.0541
EDNRA,0.0042,-0.0805,-0.2805,0.0684,-0.5027,0.3738,0.1992,0.0722,0.1693,0.5949,0.0643,0.0303,0.5047,-0.0788,0.0192,0.4863,-0.1954,-0.2846,-0.1558,-0.114,-0.4677,0.884,0.076,-0.1932,0.6185,0.3445,-0.0914,0.1917,-0.1737,-0.4886,-0.1875,-0.1163
FZD1,0.131,-0.0612,-0.1638,0.1481,-0.1562,0.5926,-0.0495,0.0744,0.1393,0.3563,0.0835,-0.1424,0.5182,0.5795,0.013,0.1593,-0.0704,-0.0464,-0.1303,0.2885,-0.1206,0.382,-0.1075,-0.0095,0.7579,0.2312,0.0036,-0.0872,0.0941,-0.1075,0.1107,-0.1744
GJA3,0.015,0.0228,0.1187,0.0248,0.1564,0.0409,0.0262,-0.0,1.0393,0.2287,1.3029,-0.0,-0.0109,-0.0,0.0,0.0369,0.0083,0.8408,1.259,0.1105,0.1045,0.0407,0.0,0.1385,0.3783,0.2062,-0.1639,0.0,0.0585,-0.0101,0.0725,1.1669
ITFG1,0.1799,0.0411,-0.0316,0.0943,0.0139,0.2713,0.0808,0.0061,0.129,0.1106,0.0214,0.2161,0.1904,0.2419,0.1736,0.0951,0.0602,0.0225,0.1042,0.0828,-0.0356,0.3516,0.1817,0.1602,0.2275,0.1052,-0.131,-0.0542,0.105,-0.0258,-0.0778,-0.1049
KIAA1549L,-0.0222,0.2254,0.1582,0.4393,0.0505,0.579,0.0742,0.1031,0.6101,-0.3008,0.5216,0.0078,-0.0076,-0.0007,0.0,0.0203,0.0063,0.5074,0.7605,0.148,0.0655,0.6065,0.0202,-0.0012,0.1441,0.2224,-0.0675,-0.009,0.0022,0.0336,0.1094,0.2095
P2RY8,0.9596,0.1081,-0.0507,0.0084,0.0,0.2731,-0.0766,0.1212,0.0084,0.179,-0.0048,0.0131,0.4586,-0.0405,0.2246,0.073,0.0159,-0.0657,0.3913,0.0961,-0.0141,0.3409,-0.0192,-0.0169,0.2866,0.1755,0.6048,0.5862,-0.1824,-0.0234,-0.0228,-0.0362
GPNMB,-0.0178,-0.0505,0.0441,-0.0557,-0.3336,0.5627,-0.1795,0.9833,0.0864,0.5279,0.4367,0.771,0.4757,0.5864,0.3984,0.0674,0.0488,0.3895,0.2401,0.2224,-0.0458,0.7686,0.1229,0.0053,0.7691,0.4271,0.4,-0.1897,-0.1315,-0.3762,-0.3213,0.6378
SLC19A1,0.0514,-0.1988,0.1829,0.1753,-0.1359,0.0206,0.1798,-0.1504,0.3124,-0.0444,-0.0378,-0.2537,-0.0548,0.112,0.0165,-0.0506,-0.1562,-0.2123,0.3353,0.0176,-0.0312,0.2218,-0.209,0.2202,0.4236,0.2178,0.0873,0.1001,-0.4415,0.1725,0.1591,0.3273
LHFPL5,0.0143,0.0,0.0108,0.4065,0.0364,0.1052,0.0,0.0,0.1247,-0.0,0.0,0.0,0.0043,0.025,0.0,-0.0482,0.1305,0.0206,0.0,0.0285,0.0597,-0.0298,0.3342,0.0,0.0,0.0131,-0.0,0.0,0.0,0.126,0.0771,0.0
CELSR3,0.051,-0.0296,0.2389,0.0651,0.4241,0.0572,0.2571,0.0012,0.3696,-0.1692,0.0308,-0.0101,-0.0087,0.0813,0.0931,0.0408,0.1077,0.0024,-0.0324,-0.022,-0.0151,0.3222,0.7197,-0.0522,0.3009,0.2004,-0.325,-0.0329,-0.0507,-0.0341,0.0168,-0.0049
BTN3A1,0.2523,-0.2115,-0.0668,-0.0505,-0.1563,0.3065,-0.0869,-0.3087,0.1823,0.3112,-0.0706,-0.032,0.385,0.1656,0.0163,0.2296,-0.1225,-0.2172,0.112,0.1279,-0.0988,0.2284,-0.1498,-0.1958,0.4742,0.1756,0.0463,-0.0842,-0.1009,-0.232,-0.2827,-0.1744
OR2A7,0.149,-0.0429,-0.1253,-0.0635,-0.0955,0.1165,0.0498,-0.0,0.2337,-0.0025,0.0064,0.0154,0.0556,0.0144,-0.0308,-0.0,-0.1138,-0.0764,-0.2003,-0.0812,-0.0952,0.0251,0.0655,-0.1513,0.0577,0.1115,-0.0412,-0.1004,-0.2864,-0.0324,-0.0843,-0.0703
EFNB3,0.0183,-0.0019,0.1159,-0.0806,-0.1034,0.0227,-0.0146,0.0,0.0794,0.145,0.079,-0.0182,0.0315,0.0795,-0.0149,0.1987,0.0805,0.1375,-0.1292,0.6317,0.006,0.2809,0.9889,-0.0848,0.3228,-0.0069,0.0968,-0.0318,0.0075,-0.1259,0.1283,0.1414
CD163L1,-0.0386,0.057,0.156,0.0139,0.0231,0.1953,-0.0784,-0.1153,0.0729,0.1799,0.0622,-0.0043,0.3188,0.0132,0.3941,0.0155,-0.0486,-0.094,-0.0225,0.0564,-0.0249,0.6829,0.7114,0.07,0.5465,0.1841,-0.2239,0.3373,-0.0846,0.0388,0.1011,-0.0586
LRFN1,-0.0181,0.335,0.0007,0.1235,-0.0846,0.4302,-0.0325,-0.1409,0.1883,-0.0462,-0.009,-0.004,0.0442,0.0061,0.0078,-0.002,-0.078,0.0498,0.1726,0.3018,0.2422,-0.0277,0.3894,0.2742,0.373,0.0328,0.2182,0.1909,-0.0195,-0.0283,0.2621,0.3866
TPBG,0.2353,0.0957,-0.224,0.1515,0.0959,0.6532,-0.0001,0.0814,-0.1265,-0.0317,0.3557,-0.0281,0.0226,0.1383,-0.0495,-0.0877,0.1795,0.3093,-0.347,0.2891,0.0223,0.4542,0.0161,-0.2279,0.6121,0.1179,0.1782,-0.0317,-0.1794,-0.0374,-0.038,-0.3003
OXTR,0.0409,0.0002,0.0269,-0.3294,0.031,0.7984,0.0656,0.005,0.0435,0.3259,-0.0004,-0.0046,0.054,0.1815,0.0107,0.1041,0.0165,0.0028,0.0131,0.5579,0.3953,0.4025,0.1158,-0.0191,0.1916,0.1403,0.0479,0.0854,0.0,0.0547,0.1344,-0.0091
MFSD2A,0.5282,-0.0098,0.2735,0.0362,0.2831,-0.6852,-0.0105,0.3011,0.4413,0.34,0.4112,-0.0809,-0.1742,-0.0873,-0.5676,0.3108,-0.2764,-0.3973,-0.6425,0.2919,0.0629,0.9128,0.1851,-0.0939,0.54,0.3782,-0.5312,-0.1683,-0.0855,0.219,0.1886,-0.0845
FCGR2B,-0.3496,-0.1735,-0.1053,0.095,0.1361,-0.0308,-0.2403,-0.0744,-0.1565,0.7993,0.0547,-0.0766,0.4258,0.4019,-0.2036,0.0653,0.0858,-0.0017,0.2657,0.3261,0.3176,0.7512,-0.1751,0.0236,0.5264,0.1825,0.2716,-0.0484,0.0119,0.0884,0.1238,-0.1755
TLR5,0.0084,-0.0395,-0.152,0.1488,-0.0563,0.4184,-0.0585,-0.1361,-0.0282,0.3025,0.0557,-0.0702,0.1589,0.076,0.0468,0.2224,-0.0255,-0.0282,-0.0598,-0.006,-0.2401,0.3104,-0.0393,-0.0362,0.3491,0.0325,-0.0906,0.0422,0.0172,-0.0128,-0.0843,-0.0389
CD46,0.0761,-0.1411,-0.1094,0.0765,0.0349,0.2294,0.2226,-0.2255,0.1524,0.0419,-0.0692,0.1696,0.1845,0.1069,0.1194,-0.004,0.0626,-0.0856,-0.0557,-0.0332,-0.1418,0.1948,-0.1263,0.0332,0.137,0.1384,-0.1554,-0.1245,-0.004,-0.105,-0.3232,-0.4063
BTC,0.0,-0.0656,-0.1776,0.0266,-0.0297,0.5628,-0.1529,0.0,-0.3031,0.0102,-0.1063,0.2009,-0.0169,0.1312,0.0206,0.0928,0.1467,-0.043,-0.1299,-0.0838,0.1572,0.2466,0.0218,0.0894,0.098,0.0664,-0.0521,-0.1107,0.1597,0.1032,-0.0877,-0.0762
MME,-0.2318,-0.0993,0.0272,-0.3697,-0.1029,-0.2367,-0.0458,-0.0587,0.2109,-0.0018,0.0558,-0.3976,0.0333,-0.3618,-0.2533,0.0073,-0.4067,-0.3483,0.0066,0.0394,-0.0247,0.4407,-0.0332,-0.0038,-0.0214,0.2544,0.3968,0.1453,-0.0684,0.0025,0.1916,-0.191
TMEM217,0.5201,-0.1734,0.0977,0.0299,0.1545,0.2874,0.0071,0.1845,0.0427,0.3098,0.0732,-0.016,0.1489,0.2661,0.0369,0.0766,0.0477,-0.0223,-0.0167,0.3043,0.1159,0.1699,-0.1077,0.0102,0.2717,0.076,-0.2907,0.1904,0.2918,0.1612,0.1395,-0.0012
LRRN1,0.2453,0.0086,0.128,0.2473,-0.1348,0.1031,-0.014,-0.0153,0.0028,0.3891,-0.0583,-0.0044,-0.01,0.1274,-0.0269,0.559,0.0815,0.1125,-0.0508,0.2462,-0.0488,0.4849,0.0851,0.2542,-0.0674,-0.0178,-0.1916,0.08,0.2322,-0.0541,0.3797,-0.0557
MUC4,0.0378,-0.006,0.1771,-0.0187,0.8154,-0.0221,0.1846,-0.0,0.5669,-0.0062,0.1844,0.1354,-0.0214,-0.0339,-0.0102,-0.0012,0.3505,0.1377,-0.0114,-0.0124,-0.101,0.7811,-0.0039,-0.3338,-0.0167,0.3579,-0.1317,-0.0361,-0.0509,0.1679,0.1113,-0.0
BDKRB2,-0.0038,-0.0148,-0.3072,-0.0776,-0.2049,1.0819,-0.0784,0.3053,0.0569,0.2976,0.4481,0.2115,-0.0481,-0.1699,0.2411,-0.0028,0.2549,0.2066,-0.1651,0.0896,-0.0959,0.3857,0.4663,-0.2119,0.7374,0.1917,0.0396,-0.0902,-0.0435,-0.0595,-0.0683,-0.0579
GPR180,0.47,-0.0335,0.0281,0.0452,0.053,0.009,0.1659,0.1201,0.2459,0.0499,0.0671,0.0051,0.26,0.1637,-0.0722,0.0331,0.1022,0.1103,0.3146,0.0565,0.0006,0.1658,0.1918,0.0043,0.2388,0.2388,0.0718,-0.029,-0.0638,-0.0099,0.0487,-0.0824
RNF13,0.2638,0.0125,-0.082,0.0657,-0.0265,0.2412,0.0563,-0.0891,0.1335,0.2899,0.0742,0.2361,0.3221,0.2578,0.1133,0.2873,-0.0376,0.0217,0.0955,0.0966,-0.0636,0.2721,0.0299,0.1375,0.1608,0.1474,-0.047,-0.0204,0.0894,-0.1397,-0.1435,-0.1454
NCR3,-0.2056,0.0008,0.0281,0.027,0.2226,0.0226,-0.0041,-0.2983,0.0242,0.0021,0.0529,0.0053,0.3096,0.0838,0.0085,0.0012,-0.0534,-0.0867,0.1455,0.2147,0.0262,0.5857,0.0049,0.0016,0.192,0.1269,0.1091,0.8797,0.0078,0.0256,-0.0034,-0.0078
ACVR2B,-0.0063,-0.1138,-0.0267,0.0925,-0.0505,-0.0302,0.0481,0.0123,0.1084,-0.0121,-0.0458,0.0035,0.0632,0.1004,-0.0068,0.2598,0.0299,0.0028,0.2725,-0.0391,-0.0649,0.0127,-0.0133,0.0183,-0.0141,0.0492,0.1869,0.1152,-0.0239,-0.1064,0.0009,-0.0391
FPR1,-0.0563,-0.1659,-0.111,-0.0136,-0.0004,0.08,0.0229,-0.589,0.0276,0.8532,0.0687,-0.0795,0.2995,0.0843,-0.1268,0.4952,-0.4049,-0.4593,0.1446,0.3594,-0.0143,0.5593,-0.171,-0.0858,0.4036,0.1909,0.1054,-0.0907,-0.0306,-0.0505,-0.0569,-0.0535
CDH16,0.0,-0.0,-0.0154,-0.0011,0.1305,0.497,-0.0323,0.0,0.183,0.0,0.7725,0.0001,-0.583,-0.4937,0.199,0.0,-0.014,0.0,-0.0,-0.0,0.0224,0.1451,-0.0,-0.0063,-0.0274,0.4695,-0.0398,-0.0,-0.9288,0.7868,0.4736,-0.0
PLXNB2,0.378,-0.0974,0.0438,0.0685,0.0626,0.2691,0.0038,0.0083,0.1063,0.2313,0.0209,-0.159,0.0793,0.1569,0.0113,0.1865,-0.0407,-0.0367,-0.0257,0.0319,-0.0937,0.3062,-0.1159,-0.0287,0.6856,0.0356,-0.1353,-0.0944,0.0319,0.0248,-0.0569,-0.0639
SCN8A,0.1135,-0.0009,-0.0026,0.0199,0.0001,-0.0733,0.0421,-0.0002,0.2332,-0.2406,-0.0093,-0.0361,-0.0036,0.039,-0.0414,-0.1096,0.0616,0.1016,0.0264,0.0988,0.067,-0.0101,0.5556,-0.0202,0.279,0.0591,-0.0564,0.0111,-0.0101,-0.0174,0.0142,-0.0098
MANSC1,-0.0645,-0.0205,0.0124,0.134,-0.0199,0.5328,0.2568,-0.2512,0.187,0.169,-0.0632,0.162,0.2036,0.1947,0.1222,0.1115,0.0553,0.1201,-0.2147,-0.252,0.0928,0.2987,0.2191,0.2067,0.4563,0.3115,0.0156,-0.3942,-0.0144,-0.0159,-0.185,-0.2787
PLXDC2,0.7412,-0.0579,-0.2583,0.1595,-0.2861,0.4377,0.0131,-0.0929,0.0516,0.4446,0.091,0.0134,0.407,0.3761,0.08,0.3797,-0.1774,-0.1535,-0.3135,0.4007,0.1528,0.7272,-0.2831,0.0224,0.5213,0.4355,-0.0404,-0.1625,0.0201,-0.2286,-0.1231,-0.1636
ABCC1,0.4894,0.0131,-0.1452,0.0716,0.0423,0.6289,0.0774,0.0772,0.0833,0.2532,0.2155,0.0913,0.3157,0.2486,0.0503,0.1762,-0.0534,0.1977,-0.0141,0.125,0.0316,0.3329,-0.0563,-0.0195,0.0806,0.1456,-0.0888,0.0503,-0.254,0.0882,0.0019,-0.1683
TXNDC15,0.3204,0.0488,-0.0551,0.0728,-0.1378,0.2629,-0.0345,0.1317,-0.0469,0.2701,-0.0534,0.063,0.3182,0.1468,0.1631,0.2166,0.0185,-0.0568,0.1195,0.1223,-0.1492,0.2303,0.1765,0.1428,0.3616,0.0702,0.1306,-0.0154,0.0347,-0.1452,-0.1248,-0.1236
MILR1,0.4278,-0.1637,-0.068,0.049,-0.0433,0.3182,-0.0987,0.0724,-0.0092,0.5508,-0.073,-0.0315,0.3494,0.2126,0.1322,0.3526,-0.1029,-0.2618,0.2295,0.3165,0.0628,0.5541,-0.1828,-0.1103,0.6723,0.2596,0.1593,0.0551,0.1,-0.0124,-0.0055,-0.102
SLC46A1,0.3584,-0.1354,-0.0585,0.111,-0.0323,0.0184,-0.0402,-0.0146,-0.0298,0.1057,-0.2171,-0.1382,0.0969,0.1924,0.05,0.1551,0.0473,-0.1123,0.1734,0.2178,-0.0816,-0.0486,-0.0413,0.0561,0.5199,-0.0044,-0.0702,0.3295,-0.0799,-0.0878,-0.0882,-0.0718
SLC17A8,0.0,0.0,-0.037,0.0,-0.0,-0.0,-0.0134,-0.0,0.0,-0.0198,0.0,-0.0,0.0064,0.0305,-0.006,0.3224,0.003,0.0,0.0,0.0,-0.0048,0.0,0.037,0.0,0.103,0.0243,-0.0602,0.1354,0.0,0.0451,0.1869,0.0
SLC22A11,0.0305,-0.1097,0.0647,-0.0059,-0.0079,0.0272,0.5651,-0.0,0.1352,0.0006,-0.0101,-0.0,0.0202,-0.0886,0.4413,0.0,0.0031,0.0093,0.0398,-0.0047,-0.0013,0.0448,-0.0075,0.0,0.0376,0.1684,-0.0373,-0.0017,-0.0,-0.0028,-0.0149,-0.0
SLC24A2,-0.0,-0.0,0.0158,0.6347,-0.0,0.0,0.0,-0.0,0.0496,-0.5952,0.0369,0.803,-0.0229,-0.0118,0.0,-0.2695,0.0184,0.0309,0.0088,0.0,-0.0,0.0863,3.3628,0.0056,0.0,0.0042,-0.0,0.0,0.0,-0.0095,-0.0782,0.0
GRM5,0.0,0.0,0.0,0.0032,-0.0,0.3249,0.0,0.0,0.0,-0.1381,0.0,-0.0,0.0,0.1344,0.0,0.3247,0.0028,0.0029,0.0039,0.0,-0.0,0.0,0.0,0.0,0.0,0.0,-0.0357,0.0,0.0,0.0,0.0,0.0
GPR107,0.1772,-0.0203,-0.0291,0.1701,0.0003,0.3064,0.092,-0.0638,0.1333,0.1583,0.0857,0.2165,0.2171,0.2111,0.0931,0.1657,0.0076,0.0108,0.0084,0.0779,-0.0439,0.3156,0.1447,0.0917,0.2762,0.1603,-0.0497,-0.088,-0.0147,-0.1345,-0.1153,0.0196
DGCR2,0.0681,-0.0277,-0.0374,0.0925,0.0395,0.4019,0.0635,-0.0589,0.0615,0.0894,0.0704,0.2332,0.1827,0.1839,0.1362,0.2759,0.0484,0.0529,-0.0734,-0.0325,-0.0747,0.2327,0.1263,0.091,0.2984,0.1445,-0.0095,-0.0223,0.03,-0.0098,-0.0167,-0.0274
SLC38A9,0.4651,0.1246,-0.037,0.0758,0.0206,0.1426,0.0602,0.1,0.112,0.1898,0.0627,0.0602,0.2002,0.1905,0.1795,0.1626,0.0872,0.0324,0.0172,0.007,-0.008,0.015,0.0489,-0.0588,0.2429,0.1299,-0.108,-0.0004,-0.0381,-0.1056,-0.0292,-0.1754
AQP9,-0.1315,-0.0524,0.051,-0.0081,0.044,-0.5281,0.2027,-0.5179,0.1817,0.2884,0.1018,-0.0264,0.1842,0.0457,0.0976,-0.0157,-0.3623,-0.3927,-0.2615,0.4166,0.2551,0.5171,-0.0167,-0.0155,0.0057,0.2729,0.0797,-0.0196,-0.0067,0.099,0.0208,-0.0
ABCA3,0.0138,0.0104,-0.1864,0.2412,0.0352,0.634,-0.2145,-0.0641,-0.1842,0.0714,-0.2212,0.1535,0.2785,0.393,0.0546,0.2322,-0.2974,-0.6194,0.0892,0.2323,0.0777,-0.038,0.2774,0.2003,0.0028,0.0351,-0.3313,0.2829,-0.1126,-0.1539,-0.0992,-0.132
CLSTN3,0.1653,0.0805,-0.0125,-0.0143,-0.1212,0.0272,-0.1038,-0.026,0.1413,-0.1843,-0.1342,-0.2691,0.2693,0.1815,-0.0754,-0.1775,-0.0105,-0.0585,-0.1303,0.203,-0.0466,0.3216,0.5424,-0.1519,0.5079,0.1429,0.3563,0.0731,-0.0581,-0.0244,0.1021,-0.3893
PCDH12,0.3212,-0.0832,-0.0201,-0.0097,-0.0906,0.3871,-0.0112,-0.0448,0.0161,0.4735,-0.0469,-0.0094,0.3803,-0.1229,0.2778,0.2392,-0.298,-0.3472,0.1283,0.0514,-0.0739,0.4622,0.1024,-0.0783,0.5405,0.1659,-0.0084,-0.0082,-0.0839,-0.1416,-0.0823,-0.0678
UNC5A,0.078,0.0896,-0.0088,0.1337,-0.0306,0.7388,-0.0014,0.0007,0.0461,-0.4726,-0.0022,0.047,0.1286,0.1601,0.008,-0.0898,-0.0103,-0.0133,-0.0043,0.1278,0.7484,0.0646,2.0804,0.1694,0.2985,-0.0225,-0.1,-0.0073,-0.0015,0.018,0.0617,-0.0052
P2RY2,0.9521,-0.1015,0.1503,0.2495,0.4822,0.0067,0.1596,-0.0118,0.5044,-0.0029,0.4805,-0.0348,-0.017,-0.0176,-0.0167,-0.0109,0.0292,0.0645,-0.0704,-0.0342,0.3741,0.5375,-0.0239,-0.0503,-0.0869,0.2021,-0.0244,-0.0932,-0.0668,0.3196,0.0552,-0.0072
TM4SF18,0.0266,-0.0197,-0.0457,-0.1334,-0.102,0.4732,-0.0278,0.0977,0.0863,0.3651,-0.0661,-0.1018,0.5717,0.2309,0.3014,0.1168,-0.0703,-0.151,0.1187,-0.0501,-0.0468,0.1666,0.1773,-0.0434,0.299,0.2287,0.0772,-0.0709,-0.1746,-0.2236,-0.1932,-0.0617
SLC1A1,0.0005,0.0156,-0.1862,0.0348,-0.0142,0.167,-0.1409,0.5843,0.1508,-0.1384,-0.1107,-0.1878,0.3135,0.3275,-0.144,0.1996,-0.1881,-0.3133,-0.0192,0.0668,0.002,0.6624,0.4949,0.0484,0.0998,0.2007,-0.0621,-0.0402,-0.2144,-0.0294,-0.0946,-0.1169
EMP2,-0.0486,0.1796,0.1314,0.2109,0.2081,-0.0763,0.072,0.2769,0.0471,0.1878,0.2081,-0.2288,0.3278,-0.0734,0.0337,-0.0488,-0.2643,-0.3011,-0.2059,-0.1366,0.0271,0.5114,-0.0026,0.0379,0.3722,0.1823,0.063,-0.4192,-0.0125,-0.0262,-0.1481,-0.2466
PTPRR,-0.0324,0.0,-0.1972,0.0122,0.0344,0.2201,0.1913,-0.008,0.255,-0.2271,0.0081,0.0386,0.31,0.0132,0.019,-0.2303,0.0151,0.0056,0.07,0.0062,0.0415,1.0415,0.5981,0.0283,0.2691,0.2912,0.1601,0.0691,0.074,-0.1347,-0.1708,0.0377
FCRL3,1.3819,-0.0,0.0229,0.0795,0.0305,-0.1039,-0.0282,0.63,0.1111,0.0,0.0378,-0.0024,0.2435,0.0012,-0.0267,0.0,-0.0717,-0.0857,0.5428,0.0358,0.0022,0.4146,0.0,-0.0098,0.1005,0.2762,-0.0056,0.2151,-0.0269,0.0011,-0.0278,-0.0606
DCBLD1,0.1165,-0.0705,0.025,-0.0344,-0.0759,0.0148,0.0923,0.0624,0.28,0.3386,0.2914,-0.104,0.128,-0.0581,-0.0528,0.1833,-0.0801,-0.1131,-0.115,0.2053,0.1382,0.3551,0.0561,-0.0216,0.1206,0.2077,-0.2135,-0.2121,-0.1812,0.0093,-0.1599,-0.1972
PVR,0.3015,0.0812,0.1495,-0.0268,0.1131,0.074,0.2479,-0.054,0.2422,0.0999,0.1334,0.1844,0.0468,0.0821,0.0144,0.0026,-0.0826,-0.1108,0.1582,0.062,-0.1216,0.3005,0.0575,0.0211,0.1532,0.2268,0.1537,-0.2889,-0.1599,-0.0175,-0.0719,-0.0601
ITGB5,-0.2081,-0.0982,0.0357,0.0834,-0.1356,0.3637,0.1314,-0.0485,0.059,0.3317,0.1759,-0.0117,0.1574,0.0704,0.126,0.2275,-0.027,0.0817,-0.0478,0.2336,0.1988,0.683,0.1037,0.0459,0.5149,0.2617,0.266,-0.1324,-0.0245,-0.0801,-0.0965,0.0598
PDCD1LG2,0.0446,-0.0146,-0.0017,-0.0924,-0.0761,0.0447,0.0053,0.5502,0.0654,0.7747,0.2395,-0.0125,0.3371,-0.0129,0.006,0.1783,-0.1093,-0.0924,-0.0572,0.2725,-0.0238,0.4251,-0.0016,-0.0175,0.4977,0.281,0.349,0.0891,-0.0276,-0.0624,-0.053,-0.0367
CD40LG,0.6133,-0.0,-0.0259,0.0648,0.005,0.0877,-0.0187,-0.1265,0.0399,0.0085,-0.0025,-0.0,0.3808,0.0674,0.03,0.0083,-0.0512,-0.0623,0.0401,0.0417,-0.0045,0.2884,0.0,0.0226,0.1158,0.2119,0.156,0.4563,-0.0218,0.0023,-0.0085,-0.0085
LYPD8,0.0162,0.0,0.1726,0.0274,0.0,0.0487,0.0861,0.0039,0.775,-0.0438,0.2622,-0.0908,-0.0657,-0.106,0.4003,-0.0885,0.2051,0.4705,1.2935,2.219,0.1055,0.0594,0.0176,-0.0118,0.2556,0.6558,-0.0309,0.0132,0.0,0.0,0.1907,1.0314
LTBR,0.1907,-0.0067,0.0248,-0.0408,-0.0195,0.1314,0.076,-0.2336,0.0913,0.2522,0.1229,0.121,0.1195,0.189,-0.015,0.0633,-0.0261,0.0535,-0.0214,0.0526,0.0561,0.2329,-0.1544,-0.0158,0.4204,0.1153,-0.0478,-0.2284,-0.1162,-0.046,-0.1676,-0.0101
TSPAN31,0.2005,-0.0173,-0.0591,0.0547,-0.1918,0.3307,0.0651,0.0657,0.0177,0.3042,-0.0441,0.2175,0.1925,0.202,0.1727,0.2182,0.0296,-0.0317,0.0651,0.0871,-0.0121,0.2661,0.0378,0.0631,0.1734,0.0836,-0.003,-0.0481,0.0198,-0.223,-0.2007,0.0105
LILRB1,0.7731,-0.1472,-0.1547,0.0901,0.0285,-0.0627,-0.1726,-0.237,0.0764,0.4042,0.0026,-0.0536,0.3807,0.1398,-0.1132,0.2257,-0.3359,-0.3857,0.4807,0.2587,0.1339,0.3507,-0.1534,-0.1163,0.4557,0.2174,0.2824,-0.0144,-0.0689,-0.0066,-0.0444,-0.0816
SYPL1,0.2551,0.0264,-0.0639,0.057,0.0001,0.3231,0.116,0.1903,0.0992,0.423,0.1318,0.2451,0.2357,0.2109,0.1807,0.2936,0.0332,0.1308,-0.0015,-0.0517,-0.0248,0.3382,-0.1553,0.0819,0.0694,0.1578,-0.1939,-0.0286,0.0021,-0.1534,-0.2508,-0.2049
IL9R,0.0177,0.0,0.0081,0.1269,0.0913,0.0922,-0.0154,0.0111,0.0536,0.0012,0.0976,0.0,0.0602,0.025,-0.0004,0.0,-0.0185,-0.0301,0.0066,0.0257,-0.002,0.2013,0.0019,-0.0043,0.0034,0.0788,0.032,0.7143,-0.0053,0.0016,-0.0,-0.0
MFSD6,0.5457,-0.1417,-0.0549,0.1151,0.1298,0.6864,0.1245,0.1153,0.0937,-0.1845,0.0865,0.1803,0.1655,0.1323,0.1747,0.0373,0.0435,-0.0078,-0.1301,-0.1181,0.1587,0.4208,0.1405,0.0361,0.314,0.2416,-0.3161,-0.0396,0.1348,0.0288,-0.2391,-0.3431
S1PR5,0.0311,0.0172,0.1179,0.0595,1.0491,0.0462,0.0049,-0.1383,0.4266,-0.1949,0.9334,0.0001,0.4438,-0.0018,-0.006,-0.1037,-0.0594,0.4006,-0.2208,0.5058,0.0006,0.1211,0.169,-0.1009,0.3205,0.0443,0.0552,0.0969,-0.0023,0.0028,0.1764,-0.0
SLAMF1,0.1714,-0.0,-0.0619,0.052,0.0482,0.044,-0.0338,0.2565,0.0644,0.01,0.0866,-0.0068,0.128,0.006,0.0107,0.0017,-0.0038,-0.0565,0.1364,0.0491,-0.0003,0.2527,-0.0,0.0013,0.1092,0.1291,0.4063,1.0316,-0.0082,0.0181,-0.0105,-0.0309
OR51B5,-0.0078,-0.0,0.0974,-0.0083,-0.0209,0.0,0.0,-0.057,0.0987,0.0,-0.1932,-0.0381,0.0,-0.003,0.0,0.0,-0.0265,-0.0506,0.0,-0.0,-0.0132,0.0,-0.0,-0.002,0.0,0.0374,0.0164,-0.0,-0.0,-0.0068,-0.0211,-0.0
TMEM213,0.0,0.0,0.0267,0.0223,-0.1612,0.0,0.0019,0.0,0.0373,-0.0052,0.0,1.2291,-0.4884,-0.878,0.0,0.0009,0.1799,-0.0368,-0.0543,-0.0178,0.0174,0.0471,0.0,-0.0109,0.0,0.0059,0.001,0.0035,0.0,0.1277,0.0,-0.0
TNFRSF11A,0.2069,-0.0148,-0.053,-0.0432,0.0346,0.621,0.1859,-0.0113,0.2146,0.2467,-0.0316,-0.0006,0.1255,0.0145,0.0527,0.0638,0.0949,0.0237,-0.0891,0.0415,0.026,0.5297,-0.0173,0.0246,0.3228,0.5547,-0.0363,0.0007,-0.0492,0.0133,-0.0184,-0.0056
SLC2A6,0.3171,0.0769,0.0486,0.0301,0.1887,0.3847,-0.0604,0.2414,0.095,-0.0646,0.1329,-0.0639,0.0923,0.0211,0.1519,-0.0165,-0.188,-0.1901,0.2817,0.254,0.2167,0.4546,0.2942,-0.0937,0.5144,0.1533,0.1535,-0.0412,-0.0922,0.1604,0.0574,-0.0719
SDK2,0.4796,-0.0159,-0.0404,0.0324,-0.1158,0.0355,-0.0247,-0.0191,0.188,0.0374,0.4633,-0.0538,-0.0009,-0.0117,0.0031,0.1805,-0.0602,0.2345,-0.0085,0.0179,0.1189,0.149,0.6117,0.1728,0.1034,0.0547,-0.4336,0.3241,-0.0266,0.1638,0.6168,-0.0259
MUC3A,-0.0,0.0419,-0.09,-0.0414,0.0695,-0.0176,0.5361,0.0,0.6035,0.0171,-0.0221,-0.0,0.6996,1.001,-0.2993,-0.0011,0.4851,-0.0743,0.0002,0.2085,0.0892,1.0204,0.0183,-0.0778,-0.0634,1.4591,0.4781,0.2544,-0.0492,-0.0299,0.0077,-0.0
ZPLD1,-0.0,0.0,0.0,0.1352,-0.0108,1.3999,-0.0,0.052,0.0393,0.0,0.0061,-0.0395,-0.0862,0.0038,-0.0489,0.0,0.2416,0.061,-0.0045,0.0603,-0.0048,0.885,0.0,0.0,0.0799,0.083,-0.044,-0.0,0.0081,0.0,0.1226,0.017
PCDHAC1,0.0,0.017,-0.004,0.0124,-0.1181,0.0141,-0.0019,0.0449,-0.0037,0.0,-0.0017,0.0,0.0118,0.0886,-0.0189,0.0867,0.2023,-0.0195,0.0063,0.0955,0.0332,0.0433,1.1223,0.0043,0.2579,0.0393,-0.0156,-0.0252,0.2759,-0.0053,0.0029,-0.0044
PSEN2,0.0977,0.0011,-0.078,0.1591,-0.0712,0.3444,-0.0317,0.1774,-0.0818,0.1895,-0.132,0.1096,0.0428,0.0527,0.2212,0.0771,0.0541,-0.071,0.3634,0.0212,-0.1755,-0.0703,0.0495,0.0747,-0.0859,0.0503,-0.0299,-0.2408,-0.0184,-0.1224,-0.0461,0.1371
GPRC5D,0.0138,-0.006,0.0728,0.012,0.0831,0.0374,0.1185,-0.0,0.4026,0.0,0.1664,0.0021,-0.0008,-0.0069,-0.0124,-0.0,-0.1878,-0.0764,-0.0265,0.024,0.0135,0.2057,-0.0,-0.0093,-0.0001,0.1333,0.1317,-0.0015,-0.0252,0.0709,0.026,-0.0
SLC6A9,-0.0189,-0.1033,-0.2504,0.1646,0.1055,0.4031,-0.0311,-0.047,0.0218,0.4367,0.2899,-0.0535,0.0218,-0.1111,0.0571,0.4008,-0.1541,-0.0845,-0.5032,0.2688,0.1973,0.1235,-0.4171,-0.1424,0.75,0.1468,0.2181,-0.0587,-0.21,-0.169,-0.1028,-0.1815
PCDHB8,0.0,0.152,0.0224,-0.0077,-0.077,0.7286,-0.011,0.0,0.259,0.4371,0.0311,0.0128,0.2767,0.1061,0.0335,0.2376,-0.0019,0.0094,0.0275,0.0848,0.0054,0.1471,0.2068,0.113,0.2988,0.2593,-0.0782,-0.0189,-0.0154,-0.0943,-0.1032,-0.0079
MC4R,0.0,0.0,-0.0381,0.0056,0.0,0.0,-0.0,-0.1382,-0.0062,-0.0913,0.0,0.0,0.0,0.0,0.0,-0.0681,0.0113,0.057,0.0844,0.1315,0.1308,0.0,1.5169,0.0,0.0704,-0.0,-0.0,0.0359,0.0,0.0677,0.6599,0.0
SLC26A2,0.5245,0.1585,-0.1312,0.0596,-0.0824,0.4836,0.0736,0.0952,0.1366,0.3453,-0.0243,0.0291,0.3314,0.1956,0.1281,0.1345,-0.149,-0.1556,0.1536,0.044,0.0127,0.3148,-0.1184,0.2762,0.2785,0.2231,-0.0738,-0.0414,0.0271,0.2115,0.0889,-0.074
ADORA1,-0.0003,0.0877,-0.0379,0.1035,0.0637,0.4731,0.0331,0.0268,-0.0125,0.1428,-0.0261,-0.0907,-0.1634,0.2247,0.0459,0.0206,0.092,-0.0395,-0.0769,0.1571,0.4503,0.0515,0.3782,-0.0127,0.0565,0.0561,-0.4757,-0.0286,0.4696,0.1342,0.4047,-0.0407
CNNM3,0.3285,-0.1385,-0.1621,0.0534,-0.1474,0.1942,0.0323,-0.0384,0.1051,0.1147,-0.1751,-0.049,0.2209,0.1887,0.0664,0.1815,-0.009,-0.0526,0.1153,-0.0801,-0.0803,0.0616,0.1204,0.0625,-0.0936,0.1513,-0.0424,-0.0028,-0.1012,-0.1683,-0.1772,0.156
CYSLTR1,1.0664,-0.0137,-0.0357,0.0496,-0.0035,0.1258,-0.0514,-0.1094,-0.211,0.2411,-0.0262,0.0091,0.4706,0.0042,0.026,0.1201,0.1104,-0.0396,0.0199,0.0142,0.0254,0.2633,0.0127,0.0259,0.4088,0.065,0.1976,0.0194,-0.0693,-0.0208,-0.0076,-0.0088
SLC5A3,0.4286,-0.1458,-0.0245,0.0659,0.0591,-0.0495,-0.0158,0.2512,0.2059,0.1551,0.0309,0.1998,0.1533,-0.1003,-0.072,0.1714,0.0637,0.0368,0.0973,-0.051,0.0432,0.3021,-0.1576,-0.0413,0.3916,0.1063,-0.0954,-0.1131,0.0404,-0.0245,0.0409,-0.1159
SPPL2A,0.0797,-0.1771,-0.0363,0.1242,0.0326,0.0474,-0.0134,-0.0166,0.2123,0.5655,0.0725,0.1471,0.1572,0.0456,0.1301,0.3702,0.0182,0.0378,0.0259,0.0593,-0.021,0.0922,-0.2115,0.0377,-0.1162,0.1705,0.0307,-0.0442,-0.0176,0.038,-0.0462,-0.301
SEMA5B,0.0185,0.0061,0.0291,0.0229,-0.0547,0.4021,-0.0211,0.0158,0.0639,0.4059,-0.0359,-0.1492,0.8376,0.1704,0.2624,0.4012,-0.0086,0.0374,0.0207,0.1384,0.1338,0.0705,0.2553,-0.033,0.5828,0.1227,0.1729,-0.0205,-0.0748,-0.0701,0.1804,-0.0213
CD19,-0.0589,0.0524,-0.0286,0.0274,0.0578,-0.021,-0.0949,0.5468,0.0526,0.0061,0.0103,-0.0071,-0.0078,-0.0137,-0.0144,0.0043,0.1375,0.0957,0.1937,0.0,-0.0538,0.3288,-0.0056,-0.032,0.0681,0.1218,-0.2112,0.2058,-0.033,0.0262,-0.0257,-0.0182
SLC5A12,-0.0071,-0.0046,0.041,-0.0252,-0.0107,-0.0251,-0.0458,-0.0603,0.8031,0.0,0.2338,-0.0537,-0.0643,-0.6307,-0.0566,0.007,0.0467,0.9277,-0.0337,-0.0024,0.2414,0.0458,0.0,-0.0082,0.083,0.1813,0.0,0.5362,-0.0009,0.012,0.2809,-0.0
LRP12,0.2702,0.0307,-0.1496,0.0743,-0.0946,0.2331,0.0424,0.0229,0.1211,0.1289,0.2047,0.3865,0.3192,0.2581,0.0399,0.1754,0.0508,0.264,0.2391,0.0045,-0.1007,0.2889,0.2738,0.1237,0.1712,0.1013,-0.0422,-0.0139,0.0326,-0.2357,-0.1228,-0.1719
ICAM4,-0.0927,-0.0258,-0.0642,-0.0023,0.2868,0.0482,-0.0093,-0.1041,0.0,0.0106,0.077,0.0015,0.0029,-0.0021,0.0278,0.0018,0.0763,-0.1758,0.106,0.1283,0.0926,0.1133,-0.0008,-0.0039,0.0862,0.0103,0.3511,0.1784,0.668,-0.0194,0.0537,0.0431
TMEM62,0.2917,-0.0519,-0.0416,0.1033,-0.0159,0.3878,0.1212,0.0452,0.0262,0.1413,-0.1377,0.0205,0.1027,0.0764,0.1287,0.1062,0.1588,-0.032,-0.0294,-0.1243,-0.1223,0.3247,0.1001,-0.0522,0.1109,0.1456,0.0291,-0.1027,-0.0042,0.0464,-0.2199,-0.1496
MFSD11,0.1926,-0.0594,0.0207,0.0884,-0.013,0.1636,0.0074,-0.0684,0.1174,0.2453,0.0563,-0.0193,0.1866,0.1529,0.0567,0.2162,0.0195,0.0186,0.0072,-0.0059,-0.003,0.2983,0.1396,0.0568,0.1142,0.1093,-0.205,-0.0364,0.006,-0.1058,-0.0804,-0.0625
FFAR4,0.0826,-0.0,-0.0057,-0.0147,0.0305,0.052,0.5768,0.0,0.0661,0.2182,0.0011,0.0,0.216,0.2294,0.0039,0.067,-0.0569,-0.0367,-0.0012,0.0196,0.0482,0.1985,-0.0,0.0,0.033,0.1281,-0.0085,0.0395,0.0121,0.0099,0.0058,-0.0
TLR10,0.5386,-0.0,0.0,0.1038,0.0229,0.0685,-0.0169,0.2303,0.0481,0.3472,0.0405,0.0,0.1927,0.035,-0.0076,0.1468,0.053,-0.0273,0.0805,0.0547,0.0052,0.1676,-0.0,-0.0072,0.0495,0.1377,0.1754,0.2245,0.03,0.0007,-0.005,-0.0113
MYOF,0.5505,-0.1945,-0.1553,-0.0044,-0.0931,0.9154,0.0843,0.1552,0.0817,0.4606,0.1687,0.0663,0.4039,0.2672,0.11,0.2254,0.06,-0.0267,-0.4556,0.2039,0.0234,0.7514,-0.3571,-0.2478,0.619,0.3372,0.2338,-0.375,0.0559,-0.2365,-0.3705,-0.4727
ROR2,-0.0329,-0.1331,-0.4359,0.0466,-0.4113,0.1485,-0.2794,0.3866,-0.2997,0.0799,-0.0408,-0.0746,0.0052,-0.0624,0.0087,0.0,-0.221,-0.0826,-0.1927,0.4143,-0.2629,0.6048,0.2147,-0.292,1.1178,-0.0752,0.0124,0.0958,-0.2047,-0.3355,-0.2536,-0.0624
GPR18,0.897,-0.0,0.0057,0.0977,0.0272,0.0062,-0.0173,0.2624,0.0492,0.0106,0.0207,0.0,0.2169,0.0251,-0.0041,0.0,0.0337,-0.0067,0.1817,0.048,0.02,0.1632,-0.0,-0.0107,0.072,0.1597,-0.3883,0.5782,-0.0052,0.0287,-0.0016,-0.0266
KCNS1,0.0445,-0.1025,0.0177,-0.0088,1.2433,0.1175,-0.0002,-0.0,0.0902,0.093,0.1696,-0.0,-0.0223,0.8199,0.0,0.0183,-0.0075,-0.0032,-0.0611,0.0783,0.551,0.4318,-0.0137,0.0137,0.1067,0.0824,-0.0249,0.1014,0.0017,0.216,0.5801,0.0567
GPR183,0.4036,-0.1418,-0.1303,-0.0066,0.0357,0.3348,-0.2497,-0.1485,0.0555,0.6323,0.1313,0.1787,0.5509,0.3809,0.0547,0.3637,-0.1394,-0.2471,-0.0025,0.2366,-0.0167,0.7165,-0.042,-0.0796,0.6282,0.2865,0.2239,0.0556,0.139,-0.0107,0.0392,-0.1223
P2RX3,0.0,-0.013,-0.0323,0.0,0.0,-0.0,-0.0028,0.0,0.1704,0.0488,0.0,0.0,0.0334,0.0,-0.0119,0.0297,0.0,0.0,0.0,0.0465,0.0671,0.0353,-0.0845,0.0,0.0712,0.0118,-0.2055,0.0,0.0,-0.0103,0.0289,0.0
GGT3P,0.0,0.0,0.0386,-0.0206,0.0315,0.0558,0.0,0.0,0.0158,-0.0,0.0023,-0.1566,-0.4256,-0.431,0.0037,-0.0,-0.0827,-0.0844,-0.0111,-0.0152,0.0023,-0.0,0.0,0.0053,0.0,-0.0,-0.021,0.0144,-0.4306,0.1309,0.0,-0.0
ATP1A3,0.1574,0.5859,0.0484,0.099,0.0672,0.2129,-0.0772,0.2587,0.0569,-0.5298,0.0158,0.1589,0.0644,0.0347,-0.002,-0.0523,0.0369,0.0258,0.1115,0.1203,0.256,0.2186,2.2805,-0.0006,0.0843,0.1531,-0.6523,0.7846,-0.0051,0.0046,0.2166,0.1631
DLK2,0.2626,-0.002,0.172,-0.0967,0.2094,0.0056,-0.0035,0.028,0.2683,-0.2024,0.7645,-0.0101,0.0926,-0.0016,0.0038,-0.19,0.0467,0.6352,-0.1667,0.1041,-0.0175,0.0094,0.0027,-0.2219,0.2356,0.0343,0.3129,0.5312,-0.0063,-0.0281,0.3917,-0.0039
NRROS,0.5966,-0.0831,-0.1688,-0.1139,-0.0918,0.1253,-0.127,0.0589,-0.1005,0.3564,-0.0596,-0.0023,0.3711,0.0846,0.101,0.3564,-0.2046,-0.234,0.5786,0.092,0.0875,0.3518,0.0278,-0.0821,0.564,0.1755,0.4413,0.3748,0.0747,-0.128,0.0136,0.3864
GJB7,0.0631,-0.0,0.7825,-0.0179,0.068,0.0,-0.0396,0.066,1.1193,0.0,0.6853,0.1664,-0.0015,-0.0171,0.0,0.0,-0.0106,1.0691,-0.0053,-0.0206,0.0339,0.0798,-0.0,-0.0037,0.0,-0.0164,-0.0275,0.6703,-0.0,0.6411,0.2331,-0.0
TNFRSF13B,0.5099,-0.0,0.0145,0.0382,0.0813,-0.0557,-0.0665,0.6066,0.0472,-0.0,0.0585,-0.0091,0.029,0.0026,-0.0047,-0.0031,0.0047,-0.0578,0.5672,0.0577,-0.0069,0.6141,0.0047,-0.0023,0.1019,0.0307,0.1139,0.1858,0.0242,0.0126,-0.0022,-0.0927
FLVCR2,0.4574,-0.2389,-0.0043,-0.0085,-0.0505,-0.2676,-0.2136,-0.1621,0.1363,0.6035,0.0393,0.0379,0.1759,0.2715,-0.103,0.5113,-0.1157,-0.3065,-0.146,-0.0293,-0.0568,0.5754,-0.1913,-0.1354,-0.0167,0.4,-0.2812,-0.1076,-0.0034,-0.061,0.0197,-0.1343
CX3CL1,-0.0,0.137,-0.3723,-0.432,0.0544,0.5511,-0.0283,0.7458,-0.1038,0.0961,-0.0242,0.0912,0.3745,0.3083,0.1521,0.2289,-0.2623,-0.1696,0.0504,-0.3721,-0.0455,0.4898,0.4362,-0.173,0.2634,0.0938,-0.0725,-0.3326,0.0885,0.0433,-0.0661,-0.3323
PODXL,0.4842,-0.209,-0.153,-0.0658,-0.0787,0.6076,0.095,0.2254,0.1435,0.2405,-0.0985,-0.4556,0.0018,-0.6448,0.3449,0.1595,-0.4135,-0.5409,-0.0373,0.3242,0.0852,0.09,0.1589,-0.1114,0.1595,0.3044,0.5594,-0.2419,-0.1625,-0.1502,-0.3838,-0.3447
IGF1R,0.2222,-0.1805,-0.2026,0.178,-0.0605,0.5096,-0.0602,-0.1743,0.1671,-0.0241,0.0812,0.0724,0.1404,0.1344,-0.017,0.186,-0.1069,0.059,0.0969,-0.0543,-0.1344,0.0468,0.076,0.0721,0.1576,0.0165,-0.0591,0.0004,-0.0462,-0.214,-0.1835,0.1074
PHEX,0.0432,0.0022,0.017,0.1024,-0.0258,0.0969,-0.0057,0.0341,0.0182,0.4249,0.0375,-0.0,0.0538,0.0204,0.0156,0.1046,-0.087,-0.1486,0.0286,-0.0004,-0.0076,0.0,-0.0,-0.0009,0.5098,0.0063,0.0034,0.4569,0.1099,-0.1012,-0.1003,-0.0
PCDHA12,0.0,0.0055,-0.0201,0.1005,-0.1332,0.1868,-0.0093,-0.0,-0.0539,-0.0046,-0.0,-0.0417,-0.02,0.0786,-0.0569,0.0098,0.0161,-0.0404,-0.0024,0.8945,0.3879,0.0603,0.1155,0.1036,0.058,0.015,-0.0368,-0.04,0.102,-0.0543,-0.0164,-0.0078
ADORA3,0.076,-0.2292,-0.2247,0.1786,-0.0929,0.246,-0.172,-0.0633,-0.0874,0.7239,-0.0928,0.0138,0.6454,0.4868,0.0156,0.5899,-0.0637,-0.1588,0.3481,0.248,0.0673,0.3598,-0.2599,-0.1227,0.6261,0.0129,-0.0462,0.1103,-0.0034,-0.0729,-0.0312,-0.0933
TLR2,0.8494,-0.1933,-0.1396,-0.1057,0.1011,0.0431,-0.1492,-0.5482,0.1696,0.5333,0.204,0.0914,0.307,0.1753,-0.124,0.2612,-0.3028,-0.4279,0.0772,0.2669,-0.1079,0.3339,-0.2199,-0.1937,0.3923,0.0661,0.0524,-0.1146,0.0184,-0.0389,-0.0681,-0.1268
SPACA4,0.0061,0.0,-0.0065,0.0305,0.1883,0.031,0.0654,0.0,0.6367,0.0,0.0439,-0.0,-0.0031,-0.0,-0.0039,0.0,-0.0349,-0.0698,-0.0,-0.0,0.0485,0.5027,0.0,-0.0116,0.0,0.0611,-0.0876,-0.0,0.0,0.1535,0.0,-0.0
GRM4,-0.0013,0.0,0.0969,0.3818,-0.0425,0.025,-0.0054,-0.001,0.0706,-0.0572,0.0203,-0.0217,-0.0012,-0.01,0.0,-0.2314,-0.0044,0.1005,-0.0032,0.0033,0.2144,0.0083,0.0106,-0.0027,-0.0111,-0.0027,0.1573,0.1815,0.4828,-0.0227,0.2746,-0.0067
MFAP3,0.2799,-0.1386,-0.1419,0.0762,-0.0659,0.2839,0.0771,-0.097,0.1945,0.2999,0.1024,0.26,0.4144,0.1462,0.0814,0.2513,-0.0392,-0.0409,0.1081,0.0045,-0.0192,0.2768,0.0012,0.0578,0.1006,0.2575,-0.0659,-0.1674,-0.093,-0.1624,-0.1154,-0.1607
GPR27,0.9549,0.3405,-0.0687,0.2419,-0.0993,0.8271,-0.0305,-0.0176,-0.1685,-0.3551,-0.1184,-0.12,-0.0935,-0.1407,-0.0238,-0.0956,-0.0846,0.0623,-0.1184,0.0496,0.1983,0.0595,0.8379,0.1277,0.2931,-0.084,0.0661,0.0578,0.2288,-0.0267,0.027,0.0751
ELFN2,0.0,0.0,0.0,0.0,0.0,0.0884,0.0,0.0,0.0,-0.0978,0.0,-0.0,-0.0,0.0,0.0,0.1542,0.0,-0.0,-0.0,0.023,0.0144,0.0175,0.0176,0.0,0.0,0.0,-0.0,0.0,0.0,0.0113,0.0,0.0
CLEC7A,0.6238,-0.2169,-0.0506,0.0497,0.0739,0.116,-0.2003,-0.3894,0.0485,0.5197,0.2991,-0.1501,0.2892,0.0453,-0.0669,0.229,-0.3116,-0.3348,0.0405,0.1535,-0.0081,0.4227,-0.2402,-0.165,0.3461,0.154,0.2506,0.0437,-0.0157,-0.1083,-0.1494,-0.1255
S1PR2,-0.0077,-0.0519,-0.0977,-0.0153,-0.373,0.2019,-0.1453,0.7203,-0.0907,0.4779,-0.0056,0.0076,0.0644,0.0263,0.1408,0.4673,-0.2146,-0.3256,0.1587,0.0735,-0.1364,0.3524,0.0656,-0.2169,0.8533,0.0679,-0.3419,-0.0046,0.0142,-0.0239,0.0601,0.0021
CD109,0.4359,-0.0266,-0.0558,-0.0056,0.1598,0.2149,-0.1003,0.0098,0.1956,0.2707,0.6002,-0.035,0.4909,0.1498,0.1654,0.0753,-0.2009,0.1907,-0.0783,0.0689,0.214,0.815,-0.003,-0.0122,0.7821,0.2698,0.0726,-0.0749,0.095,-0.3051,-0.3585,-0.09
PCDHAC2,0.0,0.0055,-0.0185,0.037,-0.0773,0.0707,0.0004,0.0361,0.0242,-0.0674,-0.0018,0.002,0.1643,0.0116,-0.0224,-0.0006,0.0489,-0.0366,0.0323,0.5333,0.061,0.2327,0.7998,0.0024,0.0877,0.0871,-0.108,-0.0224,0.3294,-0.0203,0.033,-0.0149
FURIN,0.0295,-0.0251,-0.0193,-0.0455,0.0181,-0.086,0.0463,-0.2116,0.1813,0.1395,0.1204,0.1159,0.0119,-0.015,-0.0587,0.1002,-0.0213,-0.0603,0.0138,-0.0078,0.0417,0.148,0.0323,0.0058,0.0974,0.1753,0.302,-0.2054,-0.019,-0.0087,-0.0841,-0.0503
GPR161,0.0843,-0.0309,-0.0805,0.0053,-0.0281,0.3208,-0.1065,0.0501,-0.0606,0.3392,0.1918,-0.0208,0.1881,0.0013,0.0209,0.4048,-0.1559,0.0878,0.3868,0.0624,-0.2237,0.0598,-0.0108,-0.2303,0.7971,0.1947,0.1954,-0.1104,-0.0066,-0.4963,-0.3523,0.5216
LILRA5,0.2427,-0.0397,-0.0045,-0.0528,0.064,-0.0167,-0.0126,-0.7188,0.0127,0.1937,0.0972,-0.0216,0.2454,0.09,-0.0569,-0.005,-0.4558,-0.4395,0.4194,0.2461,-0.0234,0.4583,-0.057,-0.0433,0.2735,0.106,0.4138,-0.0258,-0.0344,-0.0116,-0.0095,-0.0387
LDLR,0.0506,0.2294,0.1132,-0.0157,0.1547,0.1244,0.2203,-0.1046,0.1908,0.1093,0.2816,0.2671,-0.1935,-0.2482,0.0031,0.1064,-0.254,-0.1668,-0.2325,-0.0402,-0.3616,0.5321,-0.5119,0.0591,0.6078,0.1932,0.0889,-0.4185,-0.0956,-0.0924,-0.3043,-0.2882
C5AR1,0.1081,-0.2503,-0.1488,0.0115,-0.048,0.0124,-0.0816,-0.417,0.2366,0.6818,-0.026,-0.0477,0.2122,0.1018,-0.1991,0.2902,-0.3783,-0.4272,0.1418,0.1592,-0.1904,0.4457,-0.2038,-0.1663,0.6599,0.3007,0.0184,-0.1675,-0.0644,-0.1682,-0.1442,-0.1178
NT5E,0.2123,-0.0419,-0.2726,-0.1888,-0.5235,-0.018,0.1063,-0.0402,0.2518,0.3551,0.0601,-0.2306,0.2439,0.1967,0.0776,0.3024,0.3321,-0.0568,-0.0851,0.0532,-0.3727,0.863,0.513,-0.2139,0.8695,0.4413,-0.2507,-0.2916,0.1159,-0.3803,-0.539,-0.1686
SLC22A23,0.1168,-0.0741,0.0329,-0.0534,0.0617,-0.1112,-0.0451,-0.0427,0.2518,0.01,0.2702,0.1428,-0.0005,-0.1974,0.0403,0.0374,0.0457,0.1359,-0.3756,-0.1447,-0.068,0.0134,-0.1024,0.0277,0.0318,0.0468,-0.3455,0.0365,-0.3048,-0.0944,-0.0815,-0.2565
GPR68,-0.0418,-0.0085,0.1009,0.2504,0.2405,0.1444,0.0307,0.2978,0.0638,-0.0417,0.499,-0.0104,0.0072,-0.0404,-0.0098,-0.0481,0.0125,-0.0252,-0.1186,0.0412,0.0012,0.76,0.7358,-0.1192,0.3642,0.0619,0.019,0.0117,-0.0417,-0.0291,-0.0294,-0.0319
CD58,0.1071,-0.0356,0.0104,-0.0532,0.1319,0.6206,0.0532,-0.1003,0.1088,0.5681,0.1081,-0.181,0.2202,0.2148,0.1922,0.1325,-0.1425,-0.1025,0.1427,-0.0952,0.0358,0.59,-0.0155,-0.0864,0.3688,0.2373,-0.0369,-0.2042,0.0131,-0.0519,-0.1668,-0.3389
KIRREL2,-0.0009,-0.0093,0.0654,0.0089,0.0464,0.1125,0.001,0.7944,0.0621,0.4448,0.0192,-0.0,-0.0252,-0.0139,0.018,0.2437,0.107,0.1047,0.0652,0.796,0.1748,-0.925,1.48,-0.0,0.501,-0.0769,0.2809,1.2794,0.0009,0.0375,1.0748,0.0027
ASTN2,-0.0096,-0.0335,-0.058,0.2445,-0.1625,0.1994,-0.0366,0.2898,-0.0786,0.194,0.0102,0.4787,0.1111,0.1251,0.1126,0.3542,0.0455,0.0204,0.1959,-0.0068,-0.1019,-0.0197,0.6305,0.2435,0.2201,-0.1179,-0.3319,0.444,-0.0233,-0.1028,-0.0276,0.5008
SLC5A5,0.0809,0.0472,0.0399,0.0352,0.0653,0.0996,-0.0015,-0.0122,0.3039,-0.0033,0.0649,0.0,0.0,0.0,0.0194,-0.0018,0.0645,0.0327,0.0026,0.0044,0.2491,0.1094,0.016,0.006,0.0071,-0.535,0.6324,0.023,-0.3705,0.1311,0.0,0.0
HTR2B,0.3884,-0.3364,-0.0483,0.0225,-0.1328,0.1815,-0.0903,0.0,-0.0387,0.0155,-0.0119,-0.024,-0.0177,-0.0705,0.0453,0.0029,0.0568,0.0,0.1339,0.1143,-0.0397,0.6901,-0.3381,-0.0052,0.3637,0.1239,0.0034,-0.0059,-0.1095,-0.2833,-0.2341,0.1314
ANTXR1,0.0098,-0.2126,-0.1563,0.0894,-0.3897,0.6132,0.0393,0.3843,0.0088,0.4019,-0.0691,-0.0642,0.3604,0.2658,0.0388,0.4932,-0.0951,-0.0525,-0.2535,0.2793,-0.2593,0.9552,-0.3501,-0.1199,0.6435,0.4239,-0.0655,-0.3643,-0.1743,-0.3433,-0.142,-0.404
OPRL1,0.4683,-0.0678,0.0308,0.1157,-0.0051,0.1735,-0.0144,-0.124,0.0029,-0.0793,-0.0139,0.0004,0.1638,0.1189,0.0146,-0.0359,-0.0132,-0.0579,0.2253,0.1312,0.0675,0.0767,0.1412,-0.0128,0.5774,0.0067,-0.3428,0.1514,0.0075,0.0289,0.3506,0.1404
FCRL4,0.0,0.0,0.0098,0.0186,0.0097,0.0,0.0003,0.4007,0.0174,0.0,0.0643,0.0,0.0,0.0,0.0,0.0,0.1059,0.0517,0.0,0.0,0.0,0.0925,0.0,0.0,0.0,0.0864,0.0063,0.0262,0.0,0.0,0.0,0.0
SLC16A4,0.4294,-0.0399,-0.135,-0.003,-0.1519,0.178,-0.0077,0.0226,-0.1067,0.5839,-0.1135,-0.2289,0.3066,0.2834,-0.0547,0.2863,0.103,-0.2735,0.6607,0.2107,-0.2401,0.7533,-0.079,-0.1682,0.1318,0.1995,-0.1509,-0.1428,0.177,-0.1226,-0.0488,0.3217
NPY4R,0.0,-0.0,0.0204,-0.012,0.0251,0.4312,-0.1497,0.0,0.2336,-0.0,0.0753,0.0,0.0728,0.0471,-0.0161,0.0,-0.0317,-0.0278,-0.007,1.2338,0.002,0.428,-0.0913,0.7112,0.0,0.0558,-0.0159,-0.0,-0.0134,0.0,0.0,-0.0
CNTN5,-0.0287,-0.0644,0.0114,0.0397,-0.0112,0.0,-0.0041,0.0,0.1207,-0.0124,0.0223,-0.0,-0.0021,-0.0058,0.0,0.0143,0.0353,0.2518,0.0,0.0829,0.02,0.0224,0.0,0.0028,0.1294,-0.0005,-0.0388,0.0365,-0.1383,0.0639,0.2411,-0.0
GPR108,0.0281,0.0831,0.0078,-0.0019,-0.067,0.2684,-0.0723,-0.0721,-0.0526,0.183,-0.061,-0.0196,0.0455,0.0871,0.1141,0.1204,-0.0681,-0.1171,-0.0053,-0.0228,-0.1252,0.2057,-0.0686,-0.031,0.3728,-0.0114,-0.1094,0.0328,-0.0008,-0.081,-0.1821,-0.0222
TMIGD2,1.063,0.0027,-0.0154,0.0012,0.2134,0.0247,-0.0364,-0.2053,0.0555,0.1373,0.0319,0.0042,0.0769,0.0399,-0.0031,0.3517,-0.0403,-0.0445,0.1911,0.0973,0.0013,0.2328,0.1574,-0.0052,0.2233,0.0556,-0.0116,1.5219,-0.0023,0.0246,0.0127,-0.0041
GPR82,0.3896,-0.0,-0.0085,0.0164,0.0029,0.0,-0.0082,0.0524,0.0932,0.9333,0.0145,0.0,0.1723,0.0651,0.001,0.1145,0.0397,0.0046,0.0176,0.0356,0.0341,0.0426,-0.0,-0.0008,0.1179,0.1008,0.0808,0.0408,0.0013,-0.0017,-0.0,-0.0
GPR3,0.1249,0.1485,0.0613,-0.0198,0.0197,0.0888,0.0721,0.0,0.2311,0.2175,0.0391,0.1722,0.2035,-0.0116,0.014,-0.0717,-0.0739,-0.0655,0.3605,0.0143,0.0712,0.1035,0.5169,-0.0193,0.5535,0.1472,0.5368,-0.0077,-0.0617,0.0391,0.3326,0.1915
SLC10A3,-0.0541,0.1708,-0.0083,0.0114,0.083,0.5005,0.092,0.0288,0.0754,0.2514,0.1362,0.0355,0.1076,0.0817,0.1139,0.1083,-0.0075,0.0438,-0.1705,0.1149,-0.0171,0.3202,-0.0055,-0.0557,0.377,0.189,0.0748,-0.0094,-0.0367,-0.0861,-0.1282,-0.2295
RNF149,0.1516,-0.1074,-0.026,-0.0027,0.0086,0.1799,0.0485,-0.4045,0.123,0.0482,0.061,-0.158,0.251,0.1659,0.0074,-0.0518,-0.1963,-0.1871,-0.1968,0.0407,-0.167,0.2773,-0.1219,-0.0443,0.2865,0.1157,-0.1243,-0.0194,-0.0661,-0.0463,-0.0648,-0.291
VNN2,-0.0325,-0.0784,-0.0892,-0.0326,0.0007,0.1493,-0.0857,-0.4198,0.0518,0.3265,-0.0353,-0.0347,0.2898,0.0728,0.1127,0.0101,-0.4073,-0.4256,0.161,0.0539,-0.0048,0.6369,-0.0424,0.0328,0.1387,0.2157,0.209,0.2424,-0.0453,-0.0114,-0.0285,-0.0648
SPNS3,1.9096,-0.1688,0.0054,0.0045,0.0199,0.3654,0.2875,-0.0398,0.0338,0.0761,-0.0015,-0.0177,0.0596,0.3413,0.0074,0.1461,0.0212,-0.0116,-0.0007,0.0288,0.0088,0.4585,-0.0227,-0.0022,0.1239,0.1683,-0.022,0.8231,0.0004,0.0316,0.0026,-0.0
QRFPR,0.0,0.0064,0.0,0.0176,0.0,0.0,-0.0312,0.0,0.1792,0.0028,0.0599,-0.0622,1.1848,0.7245,0.0043,0.0187,0.0,0.6601,0.0847,0.0,-0.006,0.0,0.0268,-0.0,0.0765,0.0128,-0.0121,0.0258,0.0204,-0.0107,-0.0239,0.0
PIEZO2,0.2153,-0.0039,-0.1055,0.1009,-0.0254,0.2227,-0.0885,0.0774,0.0153,-0.0233,-0.0545,-0.0146,0.4442,-0.0317,0.1542,0.0418,-0.2935,-0.2761,0.1867,0.6518,-0.0624,0.2206,0.1558,-0.2058,0.8796,0.1629,-0.1133,-0.0372,-0.0129,-0.0129,-0.0473,-0.0747
CALCR,-0.0,0.0,0.0023,0.0165,0.0,0.0,0.0028,0.0,0.0333,0.0031,0.0,-0.2284,0.1864,-0.0768,0.0333,0.0042,0.0332,0.0019,0.1537,0.0127,0.0119,0.0,0.0351,0.0,-0.009,0.0483,-0.0637,0.0483,0.0,0.0,0.0498,0.0
PCDHB10,0.0266,0.1331,-0.0598,-0.055,-0.1167,0.4663,0.0031,0.0,0.0332,0.3668,0.0195,0.0005,0.5558,0.2801,0.0151,0.3967,-0.033,0.0006,0.0078,0.055,-0.0986,0.4285,0.7564,0.1203,0.6081,0.2325,-0.1157,-0.0385,-0.0397,-0.1764,-0.0684,-0.026
NPHS1,-0.0,0.0516,0.0,0.0293,0.0178,0.1311,0.0025,0.2226,0.1445,-0.0,0.0229,-0.0,-0.2224,-0.1937,0.0,-0.0045,0.0757,0.0621,0.0327,0.9684,0.2296,-0.5315,0.2629,-0.0,0.0208,-0.0305,-0.0315,0.8802,0.0,0.0369,0.4893,0.0
TMEM25,0.3739,-0.2296,-0.1089,0.1656,-0.2452,-0.2191,-0.444,0.0555,-0.1431,-0.0529,-0.2036,-0.0204,-0.0692,0.0293,-0.2694,0.0092,0.0498,-0.0035,-0.2075,-0.1878,-0.1016,0.0805,0.0496,0.0514,0.1065,-0.111,-0.1368,-0.0763,0.071,-0.1179,-0.1204,-0.4077
BMPR1A,-0.0313,-0.0669,-0.2776,0.0435,-0.1919,0.3463,-0.0733,0.1033,0.0859,0.2626,-0.0706,0.0996,0.31,0.2404,0.0737,0.3397,-0.0095,-0.0073,-0.0362,0.0218,-0.0809,0.2452,0.0255,0.019,0.2167,0.2489,0.1198,-0.1819,-0.0732,-0.1846,-0.1519,-0.2006
IL13RA2,-0.0039,0.2601,0.0527,-0.003,-0.005,-0.0285,0.084,0.0283,0.145,0.9529,0.0315,-0.0113,0.023,-0.036,-0.0289,-0.008,-0.0326,-0.0307,0.1529,0.0265,0.0321,0.1951,1.4141,-0.1026,0.4193,0.1432,-0.5775,0.243,-0.028,0.048,0.4205,-0.0161
TRABD2A,0.2584,-0.002,-0.0092,-0.1209,0.0651,0.091,0.6679,-0.0672,0.2355,-0.0053,0.0448,-0.0117,0.0751,0.3707,0.1238,-0.0179,-0.0173,-0.1398,-0.0553,0.1328,-0.2173,0.7075,0.0085,-0.0108,0.4245,0.7353,-0.7243,0.2043,0.2804,-0.0146,-0.0007,0.019
CLEC12A,1.398,-0.0303,-0.0692,-0.0124,0.0141,-0.0024,-0.0737,-0.4078,0.0063,0.3524,0.1067,-0.0036,0.53,0.1521,-0.0305,0.014,-0.346,-0.3785,0.0926,0.1901,0.0314,0.3734,-0.0175,-0.0373,0.1467,0.0416,0.2757,0.0161,0.0303,-0.0437,-0.031,-0.0517
GABBR2,-0.0,-0.2307,0.2594,-0.0312,0.0,0.0373,-0.0,-0.0,0.0096,-0.512,-0.0027,0.0,0.0154,0.0167,0.0639,0.2938,0.0268,-0.0201,-0.0244,-0.0046,0.201,0.0221,-0.0462,0.0042,0.038,0.0,-0.1424,-0.0134,0.8931,0.0056,0.0295,0.0139
CRB2,0.3349,0.0,-0.0021,0.001,-0.0009,0.0185,0.2451,0.0354,0.0105,0.4063,-0.0136,-0.0,-0.142,-0.1419,0.0,0.1437,0.0,0.0,0.002,2.4461,1.3033,0.0,0.0,-0.0,0.0295,0.0216,-0.0434,0.0394,-0.002,-0.1568,-0.2637,-0.0037
TSPAN9,-0.0425,0.0384,-0.1341,0.0911,-0.111,-0.0942,-0.069,-0.0425,-0.0516,0.1753,0.0525,0.1983,0.1638,-0.0377,-0.0491,0.0905,-0.2556,-0.1394,-0.0471,-0.0001,-0.1824,0.4099,0.1062,0.0181,0.4578,0.1107,0.5411,-0.2198,-0.0148,-0.2585,-0.0472,-0.0072
RNFT1,0.3715,-0.1687,-0.0278,-0.0372,-0.0227,-0.0343,-0.0322,-0.0064,0.111,0.3522,-0.0821,-0.1198,0.219,0.2067,-0.0165,0.1796,-0.0097,-0.0577,0.0536,-0.0174,-0.1266,-0.0233,-0.2735,-0.0015,0.0853,0.1283,-0.5424,-0.0669,-0.0581,-0.0194,0.0087,-0.127
DCBLD2,0.3065,-0.0896,-0.1227,-0.059,-0.0709,0.1989,-0.0329,0.1217,0.0371,0.3104,0.0728,0.0186,0.1444,0.3408,-0.0139,0.1698,0.1073,0.0949,0.2172,0.196,-0.0476,0.4492,0.014,-0.0938,0.4067,0.065,-0.2293,-0.1349,0.0905,-0.0339,-0.0712,-0.2189
QSOX2,0.2717,0.0366,-0.0377,-0.0618,0.0005,0.1414,0.0866,0.2671,0.1718,0.1364,0.0365,-0.0535,0.1282,0.0906,0.0164,0.18,-0.0513,0.0295,-0.0034,0.0038,-0.2073,-0.0117,0.1051,-0.0031,0.277,0.1197,-0.1499,0.071,-0.1334,-0.0893,-0.0605,-0.0377
TPBGL,0.0,-0.0338,0.0152,0.0083,-0.002,0.0,-0.005,0.0,0.0921,-0.0201,0.0022,-0.0026,0.0395,-0.0022,0.0285,-0.0504,0.0004,0.0034,0.2991,0.082,0.4647,0.028,1.3064,0.0038,0.7438,0.1442,-0.1746,-0.0033,-0.0005,-0.0154,0.0574,0.0626
GP1BB,0.4354,0.2491,0.0422,0.0739,-0.1466,0.056,0.0732,-0.0973,-0.0843,-0.4889,0.2201,-0.0146,-0.4385,0.0037,0.0229,-0.4378,0.4442,0.9837,-0.2599,0.1448,-0.0191,0.7649,0.5892,0.0245,0.4419,0.3746,1.776,1.251,0.5472,0.5304,1.4129,0.1669
KIR3DL2,0.1271,0.0,-0.0171,0.0026,0.1617,0.0,0.0072,-0.1139,0.0301,0.0,0.0276,0.0,0.0439,0.0,-0.0008,0.0,-0.0306,-0.0111,0.0387,0.0682,0.0,0.0,0.0,0.0,0.0174,0.0367,0.4037,0.1553,0.0,0.0,-0.0,0.0
ASIC1,0.0302,-0.0277,-0.1209,-0.0012,-0.1013,0.2504,0.1738,0.0076,-0.0048,0.0097,-0.0174,0.224,-0.0188,-0.0244,0.0702,0.2661,0.026,0.272,-0.0432,0.0325,-0.1111,0.2411,0.5986,0.0204,0.6187,0.0169,0.0902,0.1789,-0.0154,-0.1302,0.0897,0.0385
SLC26A9,0.0123,0.0051,0.0533,-0.0083,0.6771,0.4433,0.0337,0.0056,0.6107,-0.003,0.3794,-0.1646,0.0701,-0.0734,0.0079,0.0124,-0.2682,-0.4093,-0.0282,0.2827,0.2845,0.6156,0.0,-0.0017,-0.0084,-0.597,-0.0089,-0.0248,-0.1257,0.1474,0.0391,-0.0
MRC2,0.1778,-0.3122,0.0856,0.0412,-0.259,0.483,0.0441,0.307,-0.0228,0.7073,0.0953,-0.3778,-0.0137,-0.1557,0.0242,0.3582,-0.2019,-0.207,-0.3481,0.4958,-0.3125,0.7431,-0.1512,-0.3001,0.8677,0.2371,-0.1336,-0.2073,0.3941,-0.3403,0.0553,-0.4331
ABCC11,0.0,-0.0,-0.0003,0.8525,0.0047,-0.0562,0.0004,-0.0,0.0041,-0.0063,0.0005,0.0,0.0013,0.0004,-0.1134,0.0125,0.0074,0.0026,0.1113,-0.0,0.0043,0.0111,-0.0,0.1287,0.0009,0.0137,-0.0,0.0167,0.127,0.0263,0.0102,2.5988
GPR137,0.0679,-0.0302,-0.0506,0.0427,-0.058,0.2034,-0.0691,0.085,-0.0303,0.0608,-0.0476,0.1165,-0.0005,0.0808,0.0809,0.0433,-0.0179,-0.0008,0.0966,0.1297,0.1309,0.3316,0.0877,-0.0446,0.3824,0.0251,-0.6122,-0.0064,-0.126,-0.0042,0.0254,0.131
ADAM15,0.2873,-0.1224,0.1084,-0.0345,0.0581,0.3575,0.0689,-0.0619,-0.0108,0.0265,0.0765,-0.2728,0.0219,0.0073,0.1891,-0.0008,-0.034,-0.1417,-0.1608,0.1065,-0.0501,0.404,0.1105,-0.053,0.355,0.0596,0.013,-0.2432,-0.0966,-0.0245,-0.0995,-0.1238
GRPR,-0.0008,0.0186,-0.0015,0.4458,-0.014,0.0557,-0.0022,-0.0,-0.0473,0.0106,-0.0015,0.0338,0.0325,0.0007,0.2479,0.0077,-0.0013,-0.0049,0.0587,-0.0208,0.0318,-0.0907,0.0512,0.2457,0.0161,0.0463,0.0423,-0.0066,-0.0003,-0.0115,-0.0232,-0.0
GPR85,-0.031,0.1083,0.1404,0.0357,0.0053,0.0261,-0.0016,0.3743,0.0279,-0.1908,0.0152,0.0004,0.4929,0.043,0.0172,0.0292,0.0069,0.0069,0.3362,0.0853,-0.0023,0.3596,0.1733,-0.0109,0.7157,0.0414,-0.3143,-0.0007,0.0012,0.0029,0.1615,0.0488
GPR174,1.2286,-0.0,-0.0216,0.0481,-0.0046,-0.0181,-0.0167,-0.0309,0.0252,0.0239,0.001,-0.0,0.3326,0.0142,-0.0154,0.0,-0.0587,-0.0725,0.171,0.0088,-0.0037,0.1344,-0.0,-0.01,0.2169,0.0732,0.2784,0.2872,-0.034,-0.0087,-0.0,-0.0359
ROBO2,-0.0317,-0.013,-0.0208,0.0772,-0.1118,0.0427,0.1346,0.0473,0.2005,0.3342,-0.0161,-0.003,0.0291,-0.0132,-0.0042,0.2282,-0.2434,-0.2288,-0.0639,-0.036,-0.002,0.2575,1.2561,0.0104,0.2315,0.237,-0.1586,0.5686,-0.001,0.3861,0.4213,-0.0246
SLC23A1,0.6374,-0.0043,-0.0074,0.085,-0.0357,-0.2123,-0.1144,-0.0025,0.0159,-0.0,-0.0124,-0.0,0.004,0.0264,-0.0201,-0.0001,-0.0249,-0.0176,-0.0035,-0.0,-0.042,0.006,-0.0,0.2079,0.0,0.026,-0.0169,0.2531,-0.0021,0.0108,-0.0296,-0.0
SLC12A2,0.4972,-0.1346,-0.0691,0.2403,-0.0404,0.8007,0.4533,0.2932,0.1248,-0.0349,-0.0141,0.2756,0.2604,0.0137,0.0782,0.0493,0.1488,-0.0147,-0.1658,-0.1638,-0.1109,0.5368,-0.1761,0.2464,0.0741,0.2537,-0.3957,-0.1786,0.0683,-0.0411,-0.0489,-0.2203
STS,0.3183,0.0127,-0.035,-0.0576,-0.0052,0.3099,0.0641,0.107,0.0947,0.0584,-0.0991,0.0686,0.3818,0.2759,0.0687,0.0629,0.0434,-0.2099,0.0332,0.1012,-0.0941,0.5231,0.2734,0.0093,0.2242,0.1562,0.1815,-0.0829,-0.0174,-0.0425,-0.0485,-0.1013
IFNGR1,-0.0235,-0.0709,-0.058,-0.1779,0.0821,0.1182,0.0098,-0.3168,0.1496,0.3326,0.1293,0.071,0.3456,0.2417,0.0678,0.2991,-0.2515,-0.223,-0.174,0.0123,-0.0918,0.3649,-0.0554,0.0069,0.1851,0.1261,-0.0002,0.0516,-0.0245,-0.1868,-0.1835,-0.4409
SDK1,0.0243,-0.0251,-0.1772,-0.1357,-0.224,0.2467,-0.1553,0.1564,0.0667,0.2346,0.0466,-0.0869,0.1273,0.3879,-0.0116,0.2063,-0.1127,0.0863,-0.0982,-0.1572,-0.1003,-0.2114,0.2205,0.355,0.6,0.0146,-0.3701,0.0987,0.2646,0.1235,0.1343,-0.0249
PCDHB2,0.0284,0.1747,-0.0463,0.0096,-0.0756,0.4103,-0.0453,0.0,0.0454,0.3232,-0.0451,-0.0374,0.1384,0.1969,0.042,0.3718,0.0841,-0.0249,-0.0732,-0.0082,0.1593,0.2227,0.2723,0.2854,0.3862,0.0983,-0.2618,-0.0581,-0.0034,0.0742,0.3471,-0.1064
TMPRSS6,0.0,0.0,0.0015,0.4949,-0.0083,-0.3382,-0.0026,0.215,0.0071,-0.0,-0.0009,-0.0087,0.0139,0.1867,0.125,-0.0,0.1698,-0.0189,-0.0049,-0.0015,0.1782,0.2739,-0.0035,-0.0015,0.0059,-0.0195,-0.2771,-0.0073,1.1713,-0.0318,-0.0078,-0.0
ANO6,0.3502,-0.0953,-0.2579,-0.0404,-0.095,0.3464,-0.024,0.0328,0.0243,0.5226,0.0233,0.2131,0.4264,0.2017,0.1988,0.3854,-0.1753,-0.191,0.0567,0.1455,-0.2584,0.3433,0.212,-0.0759,0.031,0.3583,0.1348,-0.1534,0.0254,-0.3829,-0.3129,-0.2475
EFNB1,0.334,-0.0364,0.0176,-0.3218,0.1224,0.2266,0.2691,0.0362,0.2878,0.3979,0.3581,-0.3305,0.0062,-0.0494,0.0873,0.2507,-0.4256,-0.04,-0.3789,0.1094,0.0409,0.7146,-0.1554,-0.3017,0.5203,0.2887,0.0169,0.0432,-0.1183,-0.118,0.1262,-0.4128
MLNR,0.7842,-0.0,0.0,0.0,-0.0,0.0,0.0,-0.0,0.0174,0.0,0.0049,0.0,0.0367,0.0162,0.0,0.0,0.0,0.0053,0.0065,0.0,0.0631,0.0,0.0,-0.0007,0.0,-0.0442,0.1797,0.0085,-0.0211,0.0,0.0,0.0
TNFRSF1B,-0.1413,-0.1401,-0.1362,-0.3041,-0.1515,-0.0293,0.0526,-0.2042,0.0589,0.4125,0.0081,-0.1021,0.3274,0.1063,-0.0191,0.3197,-0.2225,-0.3471,0.0963,0.1718,-0.1671,0.5675,-0.0472,-0.1606,0.4422,0.2255,0.4698,-0.0389,0.0662,-0.1761,-0.1897,-0.2829
CLDN9,-0.0266,-0.0025,0.0963,0.0405,0.1378,0.409,0.0577,-0.0,0.0513,-0.0479,-0.0214,-0.0081,-0.0038,0.0381,-0.1014,-0.0791,0.0928,-0.1007,-0.0038,0.002,0.9805,0.0733,0.5789,-0.005,-0.0475,0.0231,-0.0214,0.0382,0.7283,0.5157,0.6486,-0.0116
PLXND1,0.7004,-0.113,-0.1491,-0.1154,-0.3331,0.3127,-0.1249,0.1862,-0.0522,0.3001,-0.0964,-0.1732,0.2797,-0.1232,0.1957,0.1612,-0.175,-0.3689,0.096,0.1237,-0.1569,0.4222,-0.034,-0.3191,0.58,0.0611,0.2494,0.1257,-0.0345,-0.2756,-0.0707,0.0123
CD244,1.2032,-0.0045,-0.0161,0.0051,0.0597,-0.0364,-0.0111,-0.2868,0.0117,0.0518,0.0323,0.0,0.4341,0.0809,-0.0271,0.0103,-0.09,-0.0865,0.1937,0.392,-0.0058,0.1077,-0.0002,-0.0032,0.1494,0.0726,-0.1393,0.5456,0.0013,0.0019,-0.0,-0.0063
ENPEP,0.0848,-0.1232,-0.0443,-0.22,-0.0866,-0.2534,-0.3468,-0.0076,0.0937,0.6533,-0.0238,-0.4035,0.4311,-0.0878,-0.0106,0.0744,-0.2602,-0.2855,-0.0523,-0.0618,-0.0405,0.3347,0.0692,-0.1088,0.2316,0.1138,0.1839,0.2018,-0.2545,-0.3452,-0.429,-0.0328
RNF167,0.072,-0.0004,-0.0342,0.0726,-0.0111,0.1274,-0.0677,-0.0839,-0.0883,0.1308,-0.0185,-0.0339,0.1129,0.1876,0.0105,0.0915,-0.0341,-0.0372,-0.0275,-0.0152,-0.0081,0.174,0.0236,-0.0153,0.1438,0.0033,-0.0525,0.0741,0.0049,-0.0184,-0.0819,-0.0355
GPR137C,0.0655,0.0245,-0.0158,0.1312,0.1398,0.0242,-0.001,0.0034,0.0367,-0.0862,-0.0097,0.0128,0.0237,0.0052,0.0245,-0.0189,-0.0253,-0.0239,0.0056,0.0358,0.1722,0.0071,0.6325,-0.0178,0.2787,0.0116,-0.1092,0.0015,-0.0107,0.2047,0.2376,-0.0098
PCDHA1,0.0,0.0897,0.0,0.0764,-0.0302,0.3295,-0.0167,-0.0,-0.0126,-0.1713,-0.0058,-0.0225,0.0028,0.0299,0.1862,0.0418,0.025,-0.036,0.0,0.0056,0.1334,0.0278,1.0645,0.1977,0.353,0.0,-0.0317,-0.0,0.0082,0.0055,0.1067,-0.0095
SEMA5A,0.0272,0.0116,-0.0099,-0.0496,-0.2454,0.2909,0.2915,0.0857,0.1164,0.4405,-0.0328,-0.1236,0.1652,0.2608,0.0286,0.4933,-0.2125,-0.2038,0.214,0.3821,0.006,0.3642,0.2524,-0.0734,0.5408,0.3405,-0.1003,-0.1056,-0.0366,-0.1279,0.0407,-0.046
KIR2DL4,0.0606,0.0022,0.0243,-0.0096,0.4309,0.0066,-0.0211,-0.1142,0.1813,0.0129,0.1874,0.0051,0.1048,-0.0052,-0.0071,0.0065,-0.0663,-0.0459,0.702,0.1016,0.008,0.0384,0.0,-0.0002,0.1302,0.1247,0.0705,-0.0021,-0.01,0.0243,-0.0058,-0.0117
FCRL2,0.988,-0.0174,0.0263,0.0177,0.0175,-0.1046,-0.048,0.4219,0.0608,0.0,0.0051,-0.0,0.0001,-0.0092,-0.0095,0.0,0.0284,-0.0568,0.3271,0.0149,-0.0031,0.2579,0.0,-0.0097,0.0248,0.0726,0.1193,0.0338,-0.0305,0.0605,-0.0,-0.0094
SLCO5A1,0.4436,-0.0,0.0123,0.0137,-0.0117,0.0212,0.1132,0.3106,0.0227,0.0678,0.0247,-0.0,0.0007,0.0064,0.0022,0.3775,0.0914,0.0124,0.0784,0.0,0.0049,0.0359,0.0121,0.2351,-0.1578,0.15,0.198,1.5543,-0.0007,0.1148,0.5467,0.1154
PLVAP,0.0499,0.0358,-0.2534,-0.2319,-0.372,0.8275,-0.1025,0.2088,0.0126,0.9228,-0.0997,0.0471,0.4874,-0.311,0.7733,0.5879,0.165,0.0613,0.0602,-0.142,-0.1403,0.2581,0.3308,-0.1192,0.4851,0.0385,0.032,-0.156,-0.2378,-0.3377,-0.3079,-0.3065
OR7C1,0.0,0.0082,0.0,-0.009,-0.0079,0.0,0.0,0.0,0.0,0.0032,0.0315,0.0,0.0177,0.0,0.0,0.0004,0.0,0.1399,0.034,0.0,0.0,0.0,-0.0,-0.0127,0.0,0.0,-0.0776,0.0,0.0,0.0,0.0315,0.8778
TMEM67,0.4674,-0.0562,-0.0947,0.0604,-0.1278,0.4099,0.0253,0.0857,0.1499,0.2013,-0.0777,-0.1581,0.0956,0.0969,0.0181,0.0433,0.0072,0.0054,0.0421,-0.0545,-0.0068,0.1565,-0.0183,-0.1299,0.413,0.1575,-0.4175,-0.0537,-0.1746,-0.0589,-0.1334,-0.1827
TMEFF1,-0.0189,0.0,-0.0072,0.0755,-0.0328,0.0,-0.0064,0.0,0.0401,-0.1343,0.0701,0.0,0.0196,0.04,0.0,0.1802,0.0717,0.2132,0.1868,0.1861,1.9549,0.0,0.1242,-0.0002,0.4618,0.1188,-0.3311,0.019,-0.0358,0.0986,0.6734,0.0623
LRRC19,1.9445,0.0,-0.0043,0.0,-0.0047,-0.0307,0.5833,0.0,0.2518,-0.0,-0.0,-0.1825,0.0041,0.5722,-0.0429,0.0,-0.0069,-0.0014,-0.0,-0.0,0.0017,0.5579,0.0,0.0,0.0078,0.5792,0.0124,-0.0,-0.0,0.0,-0.0,-0.0
DRD5,0.0351,0.0,-0.001,0.0,-0.0185,0.0,-0.0483,0.0,0.0095,-0.0353,0.0182,-0.0,0.0,0.0,0.0,-0.0777,0.0034,0.0131,0.0,0.0,0.003,0.0,0.2612,-0.0,0.0,0.0,-0.0051,0.0,0.0,0.0,0.0445,-0.0196
FZD10,0.0,0.0062,-0.0595,-0.0362,0.1534,0.0281,-0.0011,0.0,0.3809,-0.0013,0.6491,0.0905,0.0367,0.0,0.0084,-0.0034,-0.062,0.3911,-0.0509,-0.0205,0.3926,0.1099,0.0687,-0.1498,-0.0109,0.0571,0.7565,-0.0054,-0.0176,0.444,0.2611,-0.0063
LMBRD2,0.381,0.0991,-0.1327,0.1496,-0.0144,0.2522,0.0116,0.0574,0.2231,0.0622,-0.0425,0.2548,0.3324,0.1552,0.0499,0.1558,0.0948,0.0388,-0.0917,-0.0441,-0.045,0.1839,0.3011,0.0978,0.0514,0.2716,-0.1443,-0.0565,-0.0149,-0.1276,-0.1122,-0.1245
CCR7,0.1838,-0.0229,0.0217,0.009,-0.057,0.0015,-0.0839,0.1282,0.0833,0.0218,0.1196,-0.0079,0.3147,0.1164,-0.0277,-0.0029,0.1011,-0.016,0.0514,-0.0179,-0.0846,0.4352,-0.0159,-0.0174,0.2328,0.2735,0.1812,0.5088,-0.1063,-0.0542,-0.0436,-0.0489
HEPHL1,0.0,-0.0,0.1512,0.0,0.6075,0.0,0.0606,-0.0,1.3639,0.0,4.2007,-0.0,0.0,0.0012,0.0,0.0,0.0,0.528,-0.0636,0.0,0.0054,0.0091,0.0,-0.0,0.0,0.0533,-0.0,-0.0,-0.0128,-0.0079,-0.0,-0.0
BTLA,0.8186,0.0015,0.0091,0.0674,0.0279,0.0367,-0.013,0.2735,0.0458,0.0096,0.0371,-0.0059,0.0766,0.0046,0.0007,0.0036,0.0265,-0.0151,0.082,0.0352,0.0165,0.3001,0.0,0.0,0.1928,0.0956,0.3365,0.4322,-0.0073,0.0344,0.0025,-0.0227
LYSMD3,0.1475,-0.0072,-0.1006,0.0998,-0.0615,0.0373,0.0113,0.028,0.1236,0.1897,-0.023,0.2323,0.2936,0.0998,0.0005,0.1205,0.0522,-0.1108,0.1097,0.0594,-0.138,0.2132,0.0695,0.0637,0.1386,0.2429,0.0288,-0.0089,-0.0164,-0.133,-0.1251,-0.1437
KLRC2,0.1035,0.1007,0.003,0.0146,0.2005,0.0744,0.0153,-0.011,0.0423,-0.0608,0.038,-0.0,0.0216,0.0,-0.0035,0.8232,-0.0479,-0.045,0.1039,0.0221,-0.0037,0.0993,0.0,-0.0156,0.1735,0.0072,0.0526,0.0857,-0.0063,0.0096,-0.0041,-0.0
TIMD4,0.4009,-0.0189,0.0037,0.0373,0.0005,-0.0784,-0.0169,0.635,-0.0077,0.0513,-0.0058,1.0902,0.5124,0.5476,-0.0735,0.0049,0.0376,-0.0057,0.1009,0.1057,0.106,0.4865,-0.0271,0.0006,0.2976,0.0479,-0.6171,0.5299,-0.0401,0.0405,0.0159,-0.0078
FCGR3B,-0.3378,-0.0366,0.0723,0.0732,0.0176,-0.0631,0.1699,-0.3893,0.084,0.4089,0.0952,-0.015,0.2702,0.0004,-0.0896,0.0322,-0.3699,-0.3496,0.0994,0.2068,0.1109,0.3904,-0.0425,-0.0259,0.1544,0.2518,0.069,-0.0369,-0.0422,-0.0127,-0.0057,-0.0486
CD274,-0.0019,-0.0294,0.0533,-0.0058,0.122,0.0619,-0.013,-0.0117,0.1503,0.1923,0.2209,0.1821,0.122,0.054,-0.0251,0.0102,-0.3446,-0.3076,0.1181,-0.0121,-0.0613,0.1256,0.2378,-0.0497,0.0467,0.1908,0.0802,0.4534,0.0209,-0.0963,-0.0797,-0.0576
IL31RA,0.4859,0.0,0.1473,0.0164,0.0429,0.1331,-0.0008,0.1006,0.327,0.0697,1.2199,-0.0167,0.0111,0.0048,0.0085,0.0153,0.615,0.3639,-0.0856,0.0198,0.0,0.0206,0.0,-0.0018,0.0248,0.0552,-0.0,0.2036,0.0158,0.0932,0.0533,-0.0
LILRA2,0.319,-0.1163,-0.1099,0.1146,0.0035,0.0929,-0.0457,-0.4941,-0.029,0.6414,-0.0342,0.0148,0.477,0.4019,-0.0224,0.4413,-0.2823,-0.2918,0.1862,0.2245,0.0159,0.4365,-0.097,-0.0324,0.3106,0.0082,0.0115,0.1316,0.0901,-0.0461,-0.0391,-0.039
BMPR2,0.2332,-0.1683,-0.1272,0.0834,-0.1681,0.3145,-0.0122,0.029,0.1857,0.0715,0.0196,0.0406,0.2903,0.1294,0.0587,0.1882,-0.1901,-0.2469,0.055,0.0789,-0.0255,0.4867,0.0049,0.0471,0.2482,0.3157,0.0524,-0.1825,0.0209,-0.1729,-0.1181,-0.2071
SLC12A9,0.1379,-0.0015,-0.071,0.0175,-0.0854,0.3351,0.08,-0.2067,0.0742,0.2644,-0.0248,-0.1059,0.0952,0.2086,0.1357,0.2426,-0.0553,-0.0837,0.0901,-0.0293,-0.0874,0.2598,-0.0828,-0.1159,0.5052,0.1683,0.2506,-0.0245,-0.1386,-0.1467,-0.1697,-0.0384
LRFN3,0.2184,0.0108,-0.067,0.0273,-0.2315,0.23,-0.0182,-0.0122,0.1977,0.1787,0.0064,0.1337,-0.0797,0.0537,0.0574,0.1563,-0.0059,0.0486,0.047,-0.0071,-0.0386,0.2024,0.1079,-0.0351,0.2684,0.2512,-0.133,-0.1812,-0.093,-0.2028,-0.0731,0.0447
CLEC17A,0.9803,0.0,0.083,0.0552,-0.0003,0.0356,-0.0212,0.6468,0.0742,0.6716,0.0434,-0.0,0.0567,0.0648,-0.0062,0.1385,0.0375,0.0295,0.2972,0.061,-0.0018,0.2705,0.0,0.0016,0.0669,0.1705,-0.1113,0.0886,0.0156,-0.0021,-0.0,-0.0091
KIAA0319,0.0,0.0,-0.011,0.0302,0.0777,0.2654,0.0309,-0.0,0.0761,-0.3148,-0.0146,-0.0061,0.0795,0.0475,0.0,-0.3517,-0.0497,-0.0701,-0.0077,0.0311,0.0091,0.0052,1.2675,-0.009,0.0131,0.0035,-0.1027,0.0244,0.0017,0.0314,0.0093,-0.0
SEMA4G,0.1622,-0.2438,-0.1338,-0.0145,-0.273,0.0095,0.164,-0.0456,0.1745,-0.1234,-0.2555,-0.3538,-0.001,0.0508,-0.0117,0.0908,0.0449,-0.1467,-0.3055,-0.1682,-0.3076,0.1386,-0.258,-0.0943,0.0908,0.3401,0.0566,-0.2924,-0.199,-0.0695,0.0935,-0.1124
DAGLB,0.4304,-0.0318,0.0247,0.0122,0.0361,0.1808,0.0121,-0.02,0.0949,0.1526,0.048,-0.0602,0.1615,0.2981,0.0198,0.1313,-0.0785,-0.141,-0.117,0.0981,-0.1026,0.2858,-0.2087,-0.0196,0.1289,0.084,0.0923,0.0366,-0.094,-0.0244,-0.0163,-0.079
TGOLN2,0.2995,-0.1148,-0.148,0.0764,-0.1619,0.2468,0.0554,-0.1504,0.126,0.1173,-0.0892,0.0721,0.2118,0.1209,0.09,0.1203,-0.0273,-0.0982,0.122,0.05,-0.0871,0.3638,0.0728,0.0398,0.3176,0.1726,0.0122,-0.1164,0.0054,-0.1667,-0.2039,-0.1008
FRAS1,0.0,-0.0282,0.1315,-0.0366,-0.136,1.0059,-0.0524,0.0,0.0859,-0.0566,-0.0336,-0.129,-0.0032,0.0338,-0.0295,-0.0223,-0.1354,-0.0581,-0.0879,0.6127,0.1614,0.0537,0.3418,-0.0793,0.23,0.2186,0.1651,0.2746,-0.3014,0.3106,0.446,-0.0105
SLC15A2,0.8912,-0.0222,0.0243,-0.0023,0.2156,-0.0243,-0.0506,-0.1334,0.1273,0.2485,0.1264,-0.1101,-0.1385,-0.0095,-0.0056,0.425,-0.1329,-0.0881,-0.0124,-0.0542,0.188,0.051,-0.0,0.0474,0.0182,0.0104,-0.1288,-0.0399,0.0219,0.1245,-0.037,-0.0231
NMUR2,0.0,0.0204,0.0191,0.0043,0.0103,0.0,0.0398,0.0,0.5552,-0.0027,0.0422,0.0,0.0,0.0,0.0,0.1236,-0.0383,-0.0506,0.0,0.0,0.0107,1.7864,0.2723,-0.0,0.0246,0.4067,-0.0,0.0,-0.0437,0.0833,0.0862,0.0
ABCB9,0.2539,0.1263,0.1228,0.0218,0.0146,0.4223,0.0102,-0.0275,0.1716,-0.0483,-0.0027,0.1913,0.0055,0.134,0.0653,-0.1423,0.1309,0.1491,0.1442,0.0099,0.007,0.3251,0.1859,-0.1652,0.47,0.1028,-0.4379,-0.0569,-0.0399,-0.067,-0.0053,-0.1289
OR51E1,-0.0,0.0186,-0.0019,-0.0399,-0.0029,0.0519,0.0106,0.0,-0.0005,0.3324,-0.0017,0.0075,0.737,-0.0052,0.02,-0.0014,0.067,0.0222,0.0126,-0.0063,-0.0036,0.0431,0.2128,0.6795,0.0156,0.0597,-0.0038,-0.003,-0.0065,-0.043,-0.0443,-0.0
EFNA5,0.0008,-0.0174,0.0378,-0.0105,0.0189,0.5016,-0.1129,-0.0301,0.3134,-0.088,0.1464,0.2859,0.083,-0.0868,-0.0244,-0.0872,0.289,0.1007,-0.2174,0.4784,0.2755,0.8811,0.6677,-0.16,0.6162,0.1409,-0.0681,0.1023,-0.0765,0.3678,0.6121,-0.0449
IL10RA,0.1918,-0.2618,-0.2801,-0.0184,-0.0081,0.1212,-0.2854,-0.051,-0.0471,0.4707,-0.045,-0.0425,0.4668,0.2334,0.0074,0.3271,-0.2117,-0.3174,0.2222,0.1729,-0.0525,0.4835,-0.2255,-0.1554,0.5691,0.1408,0.5105,0.0613,-0.0908,-0.1446,-0.1329,-0.2464
GPA33,1.9153,-0.0,0.0066,0.0066,0.0571,0.0385,1.1096,-0.0389,0.4795,0.0041,0.0006,0.0,0.0054,0.0079,-0.0031,-0.0004,-0.1073,-0.0335,0.0041,0.0058,-0.0,1.5268,-0.0,-0.0006,-0.0005,1.8393,-0.1342,0.1403,0.003,0.0051,0.0,-0.0
FAM171B,0.136,-0.1619,0.0024,0.0177,-0.149,0.3614,-0.039,0.0229,0.1286,0.007,-0.0563,0.0226,0.2908,-0.0183,0.0242,0.1876,0.0307,0.2201,-0.0482,0.0463,-0.112,0.4123,0.484,-0.0219,0.5151,0.1076,0.0271,-0.0728,-0.0467,-0.1822,-0.0021,-0.0876
TREML2,0.1915,-0.0,0.0039,0.0019,0.0084,-0.0031,0.0272,-0.3386,0.078,0.0064,0.0258,-0.0022,0.0008,-0.0,-0.0037,0.0,-0.0236,-0.0417,0.0635,0.0047,0.018,0.1532,-0.0,-0.0021,0.0063,0.1345,-0.1888,1.2672,0.0011,0.0172,0.0197,-0.0
PRRT3,0.2924,-0.0307,-0.0902,0.3325,-0.0541,0.0371,-0.0184,0.0271,-0.0154,-0.1674,-0.0426,0.0679,-0.0131,0.0638,0.0103,-0.1169,0.0673,-0.0102,-0.0854,-0.0055,0.2109,0.1062,0.2532,0.1454,0.2334,0.0495,-0.0218,-0.0319,0.1081,0.052,0.083,-0.0297
NPFFR2,-0.0,0.0,-0.0885,-0.0244,0.0,0.0581,0.0001,0.0,-0.074,-0.0,-0.108,0.0302,0.0116,0.2014,0.4047,-0.0009,0.3019,0.2533,0.1696,0.5367,0.1655,0.0599,1.3974,-0.0058,0.5098,0.011,0.1372,0.2091,0.0985,0.0,0.5864,-0.0
ACE2,-0.0092,0.124,-0.0161,-0.0825,0.2305,0.211,0.2275,-0.0,0.0623,0.0,0.1411,-0.0,0.3642,0.5047,-0.0278,0.0002,0.1476,0.0737,-0.001,-0.0144,-0.0422,0.2406,-0.0051,-0.0073,-0.0121,0.3292,-0.4409,-0.0288,-0.1565,0.0141,-0.0317,-0.0
SERINC3,0.1836,-0.0625,-0.0753,0.0339,-0.1197,0.254,0.1338,-0.1033,0.0952,0.1137,0.0326,0.1677,0.326,0.1811,0.1429,0.1184,-0.0358,-0.0407,-0.0275,0.0202,-0.0502,0.3655,0.0683,0.0554,0.1159,0.2135,-0.2747,-0.0578,0.0049,-0.1798,-0.1891,-0.2129
PCDHB16,0.0074,0.1682,-0.0858,-0.0747,-0.1216,0.5567,-0.0237,0.0,0.1182,0.553,-0.0304,-0.039,0.4165,0.2929,0.03,0.3518,-0.0662,-0.0879,0.0405,0.109,-0.1522,0.2155,0.4268,0.1269,0.3641,0.2414,-0.0881,-0.0261,-0.0638,-0.1672,-0.1364,-0.0754
TLR6,0.2776,-0.0483,-0.0412,0.0428,0.0042,0.0115,-0.0213,-0.2717,0.1313,0.2223,0.107,-0.0008,0.1598,0.042,-0.0061,0.1189,-0.0916,-0.0998,0.0878,0.0568,-0.0225,0.2403,-0.0,-0.0067,0.1644,0.1039,0.0198,-0.0206,-0.0049,-0.0095,-0.0046,-0.0104
SLC22A2,0.0,0.0,0.0087,0.0039,-0.0012,-0.0,0.0063,0.0,-0.0046,-0.0113,0.017,-0.518,0.9275,0.7638,-0.0023,0.0018,0.0,0.0,0.0,0.0185,0.0008,0.0392,0.0,-0.0007,0.0129,0.0319,-0.0145,-0.0,0.0,-0.006,-0.0191,-0.0089
FZD8,0.0161,-0.0516,-0.0556,0.0229,-0.0088,0.2329,-0.017,-0.0041,0.0151,0.1356,-0.0735,-0.193,0.025,0.1148,-0.0547,0.0136,-0.0432,-0.1044,-0.1552,-0.0283,0.0153,0.2077,-0.0109,0.2768,0.283,-0.0051,0.2377,0.2912,-0.2332,0.1228,0.3089,-0.0947
ABCG5,0.0,-0.0,0.0,-0.0,-0.0015,-1.0568,-0.0241,0.0062,0.0881,-0.0,-0.005,-0.0141,0.0007,0.0549,-0.6302,-0.0,-0.0053,-0.0021,0.0286,-0.0,-0.0009,0.0612,-0.015,-0.0,0.0176,0.2512,0.0304,-0.0,-0.0,-0.0,0.0,-0.0
SLC4A8,0.8288,0.1164,-0.0114,0.2571,-0.0108,0.0066,0.005,0.0414,0.0732,0.0434,-0.0064,-0.0045,-0.0005,-0.0077,-0.0007,0.0246,-0.0626,-0.0804,-0.0043,-0.0082,-0.0692,0.0538,0.488,-0.0058,0.2983,0.0654,-0.2555,-0.0072,-0.0081,0.0625,0.1064,-0.0207
FAM174A,0.0914,0.1341,-0.0598,0.0899,0.025,0.2551,0.0159,-0.0304,-0.0961,-0.0585,0.0183,0.3071,0.2176,0.1008,0.1536,-0.0065,-0.0018,-0.0795,-0.1334,-0.059,-0.1698,0.1905,0.2787,0.1435,0.0018,-0.0423,-0.4184,-0.0042,0.1073,0.0672,-0.0191,-0.0735
OPRD1,0.0141,-0.0071,0.0016,0.1073,0.0,-0.009,-0.0241,0.0,0.0164,-0.0541,-0.0017,0.0,0.0,0.0,-0.0009,-0.075,0.019,-0.0123,0.8263,0.0,0.0,0.0075,1.224,-0.0008,-0.0046,0.0,0.0,0.0,-0.0,0.0062,0.089,-0.0
SLC44A2,-0.0738,0.0313,0.0218,0.0552,-0.0396,0.7256,-0.0199,-0.2745,0.0318,0.2106,-0.0391,0.0691,0.1143,0.1235,0.1381,0.2549,-0.1429,-0.1837,-0.1686,0.0899,0.2285,0.3787,0.0052,0.0043,0.0095,0.0025,-0.1888,0.0135,-0.0345,0.0601,0.0532,-0.2487
CD226,0.1442,-0.0,-0.0304,0.0866,-0.0019,0.0099,-0.0148,-0.164,0.0388,0.095,0.0096,-0.0034,0.2546,0.0158,-0.0098,0.0146,-0.0836,-0.0909,0.0828,0.0125,-0.0038,0.1446,0.0,-0.0035,0.0467,0.1217,-0.0382,0.0635,-0.0176,-0.015,-0.0166,0.0016
CNNM2,0.391,-0.1369,-0.1004,-0.0158,-0.1366,0.1613,0.0081,-0.0001,0.2246,-0.1331,-0.032,0.1156,0.0956,0.0335,0.1267,0.0349,-0.0572,-0.0491,-0.0454,-0.0704,-0.0517,0.2317,-0.0954,0.0841,0.3154,0.2671,-0.2168,-0.0752,-0.0424,-0.1131,-0.124,0.0977
MCHR1,0.0028,-0.0,-0.0167,0.0562,-0.005,-0.0173,-0.0051,0.2517,0.0013,0.5607,0.0,-0.0,0.625,-0.0011,0.058,0.273,0.0074,0.0195,0.0475,0.0,-0.041,0.0303,1.1567,-0.001,0.1203,0.0037,0.0103,0.3098,-0.0021,-0.0466,-0.0247,-0.0162
SLC6A20,0.0043,-0.0,-0.0074,-0.0177,-0.1588,0.096,0.4142,-0.0,0.3117,-0.0082,-0.0082,-0.1098,-0.1394,0.7373,-0.0113,-0.0066,-0.034,-0.0348,-0.0,-0.0094,0.0617,0.4964,-0.0025,0.0,-0.0356,0.7293,-0.0291,0.0234,0.2627,0.2022,-0.046,-0.0201
CD55,-0.0756,-0.2574,-0.0852,0.0864,0.1123,0.2542,0.242,-0.5286,0.2905,-0.025,0.0227,0.2404,0.1098,0.0569,0.0475,-0.1126,-0.0033,-0.3348,-0.0952,0.0571,0.1334,0.7441,-0.2784,-0.0605,-0.0944,0.5514,-0.1465,-0.3793,0.3815,0.0754,-0.1296,-0.1338
FFAR2,-0.053,-0.0,0.1225,0.0194,0.2712,-0.0302,0.0273,-0.3077,0.1153,0.0068,0.2593,-0.0,0.0001,-0.0091,-0.0234,0.0,-0.1888,-0.1942,-0.0067,-0.0036,-0.0019,0.2142,0.0006,0.5825,0.021,0.1446,0.047,-0.0069,-0.0081,0.0217,0.0016,0.0935
PTPRA,0.2541,0.049,-0.0359,0.0632,-0.096,0.3666,0.0628,0.0238,0.0581,0.0909,-0.0383,0.1714,0.2008,0.1711,0.1597,0.1692,-0.0316,0.0025,0.0843,-0.0366,0.0222,0.3605,0.2797,0.0697,0.422,0.2441,-0.0681,-0.0237,0.0506,-0.1476,-0.1033,-0.0499
VSTM1,2.1124,0.0333,0.0552,0.0151,0.061,0.0067,0.0029,-0.0,0.012,0.204,0.0131,-0.0,0.0042,0.0044,-0.0,-0.0075,-0.0754,-0.0319,0.0244,0.5819,0.2057,0.3659,0.0,0.0,0.0149,0.0735,-0.018,0.0,0.0234,0.0458,0.0,0.0
LRFN4,0.2775,-0.2122,0.0019,-0.0802,-0.0678,0.5595,0.2319,0.0918,0.2939,0.1187,0.0904,0.125,-0.2067,-0.0667,-0.0611,0.1211,-0.0781,0.0518,-0.012,-0.0036,0.2173,0.5692,-0.0881,-0.2917,0.2871,0.3435,-0.5102,-0.0587,-0.2571,0.0198,0.0672,-0.0812
LPAR6,0.7581,-0.2656,-0.1145,-0.148,-0.1035,0.1142,-0.1613,-0.1515,-0.0561,0.3978,0.0583,-0.3525,0.1963,0.0551,-0.0263,0.2011,-0.2748,-0.1648,-0.0032,-0.0166,-0.2533,0.4803,-0.1957,-0.2434,0.4945,0.0856,-0.3173,0.0629,-0.0267,-0.308,-0.2958,-0.1762
TPRA1,0.1327,0.0055,-0.0095,-0.0221,-0.0675,0.0999,0.0186,0.062,-0.0372,0.2208,0.0153,0.1347,0.0157,0.1154,0.088,0.1493,-0.0632,0.0142,-0.1004,-0.0041,-0.0515,0.2255,-0.0929,-0.0425,0.2337,-0.0032,0.0122,-0.0193,-0.0708,-0.0647,-0.0895,-0.0718
SLC41A3,0.2737,0.1398,-0.036,-0.0262,-0.1408,0.4091,0.0768,0.1533,0.0066,0.0443,-0.0373,0.0985,0.0717,0.2327,0.2803,0.071,-0.0011,0.0513,0.1063,-0.0274,-0.1337,0.2142,-0.0415,0.0301,0.0754,0.0548,-0.2335,0.1409,-0.0149,-0.1636,-0.1781,0.1075
LY6H,-0.0127,0.1434,-0.056,0.0453,-0.0301,0.2912,-0.1353,0.4719,-0.0739,-0.5243,-0.0159,0.0521,0.2576,0.0195,0.1306,-0.1937,-0.0158,-0.0527,0.0294,0.2197,0.0388,0.3709,0.1201,-0.0391,0.7565,-0.1667,-0.1118,0.2478,-0.0259,-0.05,0.4187,-0.0145
CHRNB2,0.1367,-0.021,-0.004,0.0162,-0.0,0.0763,-0.021,-0.0,0.0031,-0.5409,-0.0046,-0.0048,0.0019,0.0435,-0.001,-0.1151,0.0,0.0531,0.0976,0.0149,0.0034,0.019,3.1637,-0.0028,0.006,-0.0152,-0.0673,-0.0042,-0.0,0.0024,0.0224,0.2595
CDH17,-0.0,-0.0178,-0.0192,-0.0003,-0.0201,0.582,1.0564,-0.0083,0.3522,0.0017,0.0066,-0.0087,0.0,0.5333,-0.0207,0.0016,0.2018,0.0155,0.0022,-0.0,-0.0108,1.5945,-0.0005,-0.0026,0.0117,2.1214,-0.076,-0.0,0.0,-0.0153,-0.0129,-0.0
GALR3,0.015,0.0,0.0,0.0,0.0,-0.0,0.0,0.0,0.0236,-0.0,0.0,0.0,0.0,0.0,0.0148,0.0,0.0,0.0,0.0,0.0,0.1473,-0.0237,0.0,0.0,0.0,0.0277,-0.0,0.0,-0.0,0.0,0.0,0.0
UMODL1,2.376,-0.0,-0.0021,0.1939,0.0601,-0.0,0.1009,0.0098,0.0541,0.0,-0.007,0.2601,-0.0087,-0.0039,-0.0213,-0.0035,0.3631,0.0213,-0.0,-0.0,0.0886,0.0,-0.0408,0.0014,0.0264,0.0014,0.1296,1.6695,-0.0,0.6493,0.1532,-0.0
RYK,0.3809,-0.136,-0.1147,-0.0348,-0.0906,0.2841,0.0129,-0.0872,0.0203,0.3066,0.0105,0.1053,0.1552,0.1487,0.0031,0.2394,-0.0051,0.1209,-0.1086,0.0189,-0.1655,0.1856,-0.2536,-0.0242,0.2101,0.092,-0.114,-0.1286,-0.0338,-0.1442,-0.1258,-0.3619
GRIN1,-0.0121,-0.0008,0.0271,-0.0404,0.0425,0.107,-0.1018,-0.0,0.0175,-0.8754,0.0274,0.006,-0.0052,-0.0002,-0.0037,-0.5947,0.1083,0.002,-0.0204,0.0949,0.0156,0.0264,0.0329,-0.0212,-0.012,-0.0056,-0.0215,0.0,0.0,0.0608,0.0105,-0.0124
FAM171A1,-0.0666,0.2524,-0.2758,-0.1671,-0.3381,0.566,0.1751,0.0234,0.1068,-0.213,-0.2348,-0.1534,-0.0574,0.1513,0.0346,0.0842,-0.1669,-0.0478,-0.2111,-0.0844,0.1098,0.069,0.3262,0.138,0.3451,0.203,0.1215,-0.148,-0.1327,0.0545,0.137,-0.2169
CSMD2,0.0,-0.0421,0.0028,0.0463,0.0007,0.2444,0.0069,0.0257,0.0855,0.1166,0.0473,-0.0022,0.0801,-0.0122,0.0431,0.2527,0.0254,0.0371,-0.01,0.0996,0.1348,0.2786,-0.0307,-0.0066,0.2672,0.0664,-0.0515,-0.0061,-0.0043,0.0057,0.0609,0.0041
RNF130,0.4388,0.0134,-0.1881,-0.0217,-0.1698,0.0565,-0.0409,-0.0942,-0.1342,0.2041,-0.1638,0.0519,0.2504,0.2021,0.044,0.1403,-0.063,-0.1545,0.1994,0.0717,-0.0486,0.1747,-0.0047,0.0054,0.2959,-0.0181,0.1583,-0.1269,0.0028,-0.1097,-0.063,-0.0137
NRP1,0.2795,-0.0348,-0.1129,-0.1789,-0.287,0.3028,-0.1329,0.2036,0.0672,0.4802,-0.025,-0.1464,0.4879,0.1813,0.14,0.2595,-0.0533,-0.2932,-0.1652,-0.0313,-0.3437,0.3448,0.1564,0.036,0.4227,0.2639,0.2026,-0.0939,-0.1713,-0.3202,-0.2348,-0.4836
HEG1,0.4324,-0.2244,-0.1811,-0.0163,-0.1553,0.5125,-0.1013,0.0988,0.1191,0.2839,0.0763,-0.0747,0.3563,-0.0646,0.1994,0.3089,-0.3126,-0.2862,0.0422,0.4903,-0.1304,0.326,-0.0409,-0.0844,0.4553,0.3302,-0.1678,-0.2378,0.0411,-0.3591,-0.3722,-0.3032
RXFP1,0.8482,-0.0403,-0.0069,0.0035,-0.0511,-0.021,-0.0005,0.0,0.0189,-0.0104,-0.0126,-0.0,0.0644,-0.0155,-0.0039,0.0281,-0.0632,-0.0842,-0.0012,-0.0123,-0.0099,0.0078,-0.1149,-0.0036,0.2954,-0.0031,-0.0034,-0.0,-0.022,-0.0095,-0.0831,-0.0
IGDCC3,0.0,-0.0071,-0.0557,0.0271,-0.0233,0.0338,-0.013,0.0,0.0018,0.1654,-0.0,-0.0,-0.0013,-0.0,0.0633,0.3452,0.0049,0.006,0.0359,-0.0,-0.0921,0.0,0.0272,-0.0,0.0973,-0.0278,-0.0989,1.2531,-0.0358,-0.0303,0.5902,-0.0
GRAMD1B,0.9335,-0.119,0.0052,-0.0057,0.0671,0.7681,-0.136,0.4789,0.2154,-0.2863,-0.019,-0.1092,-0.0376,-0.1218,0.0461,0.007,-0.0684,-0.0931,0.1403,0.02,-0.1634,0.6743,-0.4164,-0.0148,0.0802,-0.1129,-0.4677,0.1808,-0.0333,0.0163,0.2618,-0.0179
HTR3A,-0.0,-0.0,-0.0344,0.0071,0.0551,0.5291,-0.0371,1.0528,-0.0024,-0.0046,0.062,0.0552,0.0,0.1337,0.0557,-0.0051,0.7706,0.1319,-0.0268,-0.0,2.0444,0.0311,0.0699,0.0024,0.0252,-0.0372,-0.0178,-0.0008,0.0111,0.4843,0.0934,-0.0
CRLF2,1.4521,0.3872,-0.0055,-0.0007,-0.0,0.673,-0.0,0.0019,-0.0042,0.0,0.0019,0.0,0.0148,0.0,0.0947,0.0,-0.033,-0.0057,-0.0043,-0.0043,-0.0,0.0389,0.0406,-0.0009,0.259,0.0096,0.0,0.005,0.5058,-0.0045,-0.0,-0.0
CHRNB1,0.1518,-0.1278,-0.0019,0.0114,0.0005,0.0989,-0.002,0.0699,-0.0983,0.2179,0.0331,-0.1526,0.1548,0.254,-0.0797,0.2232,0.1232,-0.0149,0.0061,0.041,-0.0552,0.0223,-0.42,-0.0597,-0.5665,0.0161,0.076,0.1078,0.0582,-0.0784,0.0987,-0.1235
CYSLTR2,1.2507,-0.1901,0.0123,0.0322,-0.0065,0.0619,-0.0086,-0.0298,0.0162,0.0728,0.014,0.0604,0.2993,0.3056,0.0069,-0.0042,-0.0072,-0.0145,0.0313,0.0899,-0.0098,0.1818,-0.2215,-0.0066,0.1734,0.0477,0.0179,0.0199,0.8185,-0.0068,-0.0058,-0.1549
PCDHGB1,0.0321,-0.0189,-0.0087,0.0336,-0.0468,0.1485,-0.0072,0.0097,0.1111,-0.0191,-0.0056,-0.0,0.1084,0.0919,0.0126,0.0841,-0.0081,-0.0157,0.0361,0.0438,-0.0039,0.0432,0.0133,0.3035,0.072,0.0734,-0.0038,-0.038,-0.0037,-0.073,-0.0451,-0.0199
NPTN,0.1296,-0.0696,-0.212,0.1215,-0.0731,0.3735,-0.0476,-0.1182,-0.0461,-0.0697,0.0837,0.3632,0.2318,0.0964,0.187,-0.095,-0.018,0.0338,-0.0387,0.0217,-0.0867,0.3636,0.1817,0.0409,0.3517,0.1099,-0.0593,-0.1996,0.0506,-0.33,-0.3656,-0.2256
FCRL6,0.8695,-0.0046,-0.0138,-0.0359,-0.0039,-0.0325,-0.014,-0.1415,-0.0023,0.0057,-0.0143,-0.0045,0.3062,0.0162,-0.0175,-0.0006,-0.0988,-0.0888,0.0563,0.0789,-0.024,0.0608,-0.0035,-0.0122,0.11,0.0479,0.2312,0.1043,-0.0197,-0.0271,-0.0174,-0.0301
GPR31,0.0,0.0,0.0,0.0114,0.0,0.0,0.0,0.3609,0.0,0.0,0.0,0.0,0.0106,0.0,0.0,0.0,0.0,0.0,0.01,0.0,0.0445,0.0,0.0,0.0,0.0,0.0,-0.0,0.0,0.0,0.0,0.0,0.0
CD200R1,0.2946,-0.0088,-0.0217,0.0221,0.0276,0.0055,-0.0116,0.0146,0.0,0.0127,0.0041,0.0037,0.4174,0.033,-0.0003,-0.0011,0.0327,-0.0031,0.0,0.0383,0.0564,0.0654,0.0077,-0.0042,0.3495,0.1078,0.0026,0.1076,-0.0104,-0.0004,-0.0023,-0.0242
SLC12A3,0.1498,0.0,0.0,0.0316,0.0168,0.0666,-0.0,0.5947,0.0048,0.0,0.0026,-0.1166,-0.3566,-0.1806,0.0043,-0.0,0.0044,0.0022,0.0422,0.0,0.0065,0.0,0.0,0.0044,0.0352,-0.0046,0.23,0.026,-0.0,0.3732,0.1532,-0.0
SLC7A4,0.0,-0.2198,0.0357,-0.116,0.014,-0.0137,0.2018,0.0,0.0313,-0.0406,0.0021,-0.0083,-0.0064,0.0231,-0.0175,-0.1119,-0.003,0.11,-0.0334,1.0197,0.1974,0.7527,0.4079,0.0515,0.0263,0.1124,-0.4408,-0.0072,0.054,0.0611,0.0566,1.3035
HEPACAM2,-0.054,-0.0,-0.0358,-0.022,0.0622,0.0072,-0.0873,-0.0263,0.1929,0.0008,-0.0048,1.2665,-0.1081,-0.0289,-0.0025,0.0016,0.0088,0.0,-0.0006,-0.0,-0.0045,0.3287,0.011,0.1776,0.0048,-0.1098,-0.0746,0.0275,-0.0,0.0325,0.0964,-0.0
KCNA3,1.4095,-0.0,-0.0043,0.0363,-0.0047,-0.0018,-0.0097,-0.0648,0.0758,-0.006,0.0,0.0,0.1031,0.0231,-0.0018,0.0035,-0.0688,-0.1055,0.1088,0.0,-0.0075,0.0774,0.2175,-0.0015,0.0557,0.2175,0.0037,0.4391,-0.0165,-0.0,-0.0,-0.0084
CLCA2,0.0,-0.028,0.5581,0.0618,1.9833,-0.0,-0.0208,-0.0,1.5161,-0.0024,3.2533,-0.0,-0.0,-0.0058,-0.007,0.0,0.0039,2.4115,-0.3656,0.0747,-0.0014,0.0401,-0.0,-0.066,0.1101,0.0091,-0.0933,0.1138,-0.0057,-0.0072,0.0174,-0.0
RXFP4,3.6268,0.0,-0.0205,-0.0018,0.0271,0.0,0.761,-0.0044,0.0691,0.0156,0.0,-0.0,-0.0,0.0013,0.0,0.0049,-0.0028,-0.0069,0.0,-0.0,0.0639,0.2334,0.0,0.0,0.0,0.2308,-0.0245,0.0,0.0,0.0308,0.0201,-0.0
PCDHA4,0.0,0.0863,-0.0546,0.0508,-0.0991,0.1173,-0.0326,0.0,-0.006,-0.1173,-0.0244,-0.0411,0.037,0.1398,0.0166,0.0637,-0.0352,-0.064,0.0289,0.0337,0.0517,0.0184,0.2433,0.1745,0.2122,0.0,-0.0736,-0.0215,-0.0045,-0.0263,0.2315,-0.0107
ADIPOR2,0.1701,-0.0292,-0.0187,0.0071,0.0555,0.0024,0.0515,0.0172,0.0222,0.0796,0.0473,0.3342,0.1789,0.145,0.0082,0.219,-0.2025,-0.0617,0.1226,-0.0567,-0.143,0.2156,-0.2554,0.0413,0.06,-0.0671,0.1076,-0.1065,-0.1094,-0.1565,-0.0996,0.0888
IL23R,-0.0332,-0.082,0.0,0.002,0.0,0.0,0.022,0.0406,0.0,0.0,0.0261,0.0,0.0,0.0,0.0,0.0,0.0,0.0,0.0197,0.0,0.0,0.0,-0.0,0.0,0.0,0.0261,-0.0,0.0,0.0,0.0,0.0,0.0
LILRA1,0.7892,-0.0198,-0.0096,0.0046,0.0002,-0.0044,-0.0081,-0.3015,0.0137,0.4201,-0.0008,-0.0017,0.3684,0.0892,-0.0047,0.2611,-0.0931,-0.084,0.1419,0.1087,0.008,0.0606,-0.0014,-0.0067,0.1235,0.0628,0.1229,0.0017,-0.0005,-0.002,-0.0066,-0.0
ALPL,-0.2037,-0.2785,0.0961,-0.3308,-0.0239,-0.5228,-0.1775,-0.6738,0.0917,0.0294,-0.0762,-0.4252,0.1843,-0.2723,-0.3202,0.1769,-0.2762,-0.4485,0.0393,-0.0538,0.5796,0.1947,-0.6602,-0.2358,0.6985,-0.0003,0.8598,-0.1768,-0.1166,0.487,0.3591,-0.1831
NPFFR1,0.0,-0.0,-0.0013,0.0,-0.0073,0.0,0.2573,0.6204,0.0693,-0.0,0.0011,0.0,0.0076,0.0022,0.0,-0.0277,0.0163,-0.0003,-0.0026,0.0,0.5156,0.0507,0.0,-0.0009,0.0,0.1084,-0.0217,-0.0,0.0272,0.0656,0.0455,-0.0
ITGAD,0.0904,0.0046,-0.0055,0.0131,0.0114,-0.0089,-0.001,-0.2097,-0.0009,0.0135,-0.0028,0.0159,0.3208,0.3644,-0.0145,0.0021,-0.0093,-0.0067,0.1428,0.06,-0.002,0.0263,0.0041,0.0007,-0.0258,0.0066,0.1191,0.3384,0.0066,-0.0015,-0.0,0.011
CDH8,-0.0048,0.0763,-0.0297,0.0072,-0.032,0.0317,-0.0019,-0.0,0.0499,-0.2298,0.2298,0.007,0.2958,0.0017,0.0313,-0.1603,0.0058,0.5425,-0.0123,0.1415,-0.0239,0.0097,0.1197,-0.0141,0.0099,0.0549,0.4312,0.3846,-0.0005,-0.0057,0.0101,-0.0
PLXNA1,-0.1367,-0.0243,0.0708,-0.0188,0.0821,0.4822,0.0823,0.3353,0.2498,0.0809,0.2162,-0.0024,0.095,0.1104,0.0588,0.0897,-0.0902,0.0914,0.2311,0.1048,-0.108,0.3102,0.0913,-0.1934,0.2834,0.2063,-0.0225,-0.1079,-0.2213,-0.1196,0.0171,0.198
RET,0.3849,-0.085,-0.0139,0.5222,-0.0598,-0.0577,-0.0604,0.0,-0.0138,-0.0378,0.0149,-0.0007,-0.0076,-0.0092,-0.0569,0.176,0.01,0.0108,-0.0064,0.0404,0.082,0.0261,1.1324,0.2405,0.0162,-0.0671,-0.0197,-0.0109,-0.052,-0.0377,0.1278,-0.0051
TMEM140,-0.0132,-0.0201,-0.1109,-0.1106,-0.1323,0.1029,-0.1102,-0.152,0.0827,0.4306,-0.0291,0.223,0.4243,0.3941,0.1063,0.2961,-0.1511,-0.1852,0.3431,-0.0137,0.0415,0.3859,-0.1813,0.0107,-0.07,0.188,0.1031,-0.1787,-0.1193,-0.1955,-0.2606,0.248
TMEM116,-0.0872,-0.0689,-0.2018,0.1164,-0.0072,0.1503,-0.1009,0.0911,0.0266,0.2067,-0.175,0.3627,-0.1121,0.0052,0.1423,0.1413,-0.0169,0.0417,-0.163,-0.0279,-0.058,0.1767,-0.1131,-0.1358,0.2365,-0.1042,-0.3862,0.0652,-0.1381,-0.0556,-0.0396,-0.1399
TMEM178B,0.0,-0.041,-0.0422,-0.0297,-0.063,0.3415,-0.0227,0.0348,-0.0594,0.1579,-0.0334,-0.0537,0.2289,0.7367,0.0271,0.3147,-0.0125,0.0133,0.3156,0.1943,-0.0126,0.0394,0.5257,0.2897,-0.0802,0.0439,-0.0233,0.0753,-0.0346,-0.0375,-0.0213,-0.0081
PTPRU,-0.029,0.0918,-0.0123,-0.0374,-0.2645,0.2412,-0.1251,0.0656,0.0422,-0.2017,-0.0445,-0.0761,0.2416,0.1943,-0.037,-0.1459,0.033,-0.1953,-0.2601,0.1443,-0.0419,0.2712,0.3538,-0.2044,-0.0968,0.1247,0.2181,-0.1038,0.0869,-0.1191,-0.0382,0.099
MYADM,0.384,0.0028,-0.3887,0.054,-0.3874,0.4546,-0.0511,-0.2802,0.0381,0.2124,-0.0618,0.1097,0.5339,0.357,0.1896,0.0501,-0.1717,-0.265,-0.0065,0.1406,-0.1171,0.5887,0.2773,-0.0099,0.6726,0.4136,0.2045,-0.2413,0.0177,-0.4427,-0.3639,-0.1022
ELFN1,-0.0024,-0.0029,-0.011,-0.0377,-0.0619,-0.1654,0.0088,0.0,0.1713,0.1269,-0.0069,-0.0338,0.1031,0.026,-0.1008,0.2335,-0.0043,0.014,0.0853,0.6414,0.0123,0.1537,0.1818,-0.0166,0.3883,0.2474,0.126,0.4941,-0.0134,-0.0493,-0.0983,0.9143
IL17RE,0.3489,-0.0511,0.1291,-0.0158,0.1246,0.5045,0.2521,-0.0028,0.349,0.0029,0.1865,-0.039,-0.1197,-0.1227,0.0948,-0.0053,-0.0086,-0.1518,-0.5432,0.0364,0.1252,0.2176,0.1141,-0.2657,0.1508,0.0626,-0.0038,-0.1404,-0.0113,0.0402,-0.1135,-0.1724
LMBRD1,0.0568,-0.0542,-0.1634,-0.0022,-0.1179,0.1951,0.0112,-0.0628,0.0145,0.1246,-0.1256,-0.0779,0.2034,0.1696,0.0964,0.1082,-0.0094,-0.0935,-0.0766,-0.0266,-0.0757,0.1965,0.1122,0.0945,0.1307,0.0907,-0.1179,-0.0878,0.1624,-0.0927,-0.2121,-0.1799
FCGRT,0.3491,-0.2498,-0.1525,-0.1479,-0.3674,-0.0833,-0.0459,-0.1685,-0.0523,0.5443,-0.2478,-0.0843,0.1723,0.1107,0.0416,0.3823,-0.1183,-0.2814,0.0392,0.0477,-0.1913,0.3502,-0.0686,-0.1545,0.489,0.132,0.0512,0.0509,-0.0718,-0.122,-0.0807,0.0269
SLC39A2,0.0,-0.0,0.3402,0.0632,0.1184,-0.0074,0.1715,0.0,0.4176,0.0044,1.432,0.1267,-0.0015,-0.0017,-0.0,0.0008,-0.0039,0.4674,-0.2043,-0.0,0.0062,0.0303,-0.0019,-0.0945,0.0071,0.0,-0.0211,0.5041,-0.0022,0.0711,0.0273,-0.0109
SLC11A2,0.3701,-0.1507,-0.0841,0.0171,-0.1047,0.0647,0.1042,-0.0683,0.0698,0.1851,-0.1251,0.0103,0.0445,0.0646,-0.0487,0.2412,-0.1147,-0.1687,-0.0389,-0.1104,0.0343,0.0378,-0.0227,0.0133,-0.0147,0.1055,-0.0225,-0.1383,-0.0677,0.0211,-0.1394,-0.0599
PTPRN,-0.0,-0.1285,0.0057,0.0705,-0.0155,0.0371,-0.0983,-0.0152,-0.0079,-0.4623,0.0311,-0.0222,0.1797,-0.0022,-0.0012,-0.2626,0.03,0.0953,0.0174,0.1359,0.0581,0.1987,1.531,-0.0104,0.0948,-0.1558,0.0991,-0.0134,-0.0059,-0.0007,0.1196,-0.0228
TM4SF4,0.0,-0.0622,-0.0646,-0.0154,-0.098,0.9321,-0.2149,-0.0,-0.0392,0.0,-0.01,-0.0147,0.019,0.2217,0.6049,0.0,0.0938,-0.0198,-0.0067,0.3351,0.0476,0.7877,0.0545,-0.0014,0.0399,0.1146,-0.1996,-0.0,0.4767,-0.0483,-0.025,-0.0
PTCHD4,0.0,0.06,-0.0237,-0.004,-0.0301,0.0597,-0.0017,0.0,-0.0003,0.0858,-0.004,0.5379,0.3142,0.6817,0.057,0.0298,-0.0137,-0.0123,0.3501,0.1354,-0.0071,0.0158,0.3345,-0.0106,0.1413,0.0047,-0.0469,-0.0072,0.6054,-0.0413,-0.0208,0.202
KLRC1,0.1767,0.0038,-0.0241,-0.0069,0.2237,0.017,-0.0248,-0.0603,0.0239,0.001,0.0695,0.0021,0.1021,0.0046,-0.0072,0.0044,-0.0836,-0.079,0.0899,0.06,-0.014,0.0588,0.0,-0.0121,0.1196,-0.0439,0.1005,-0.012,-0.0225,0.0082,-0.0082,-0.0
MS4A1,0.9638,-0.0161,0.0276,0.0829,0.0389,-0.1157,-0.1739,0.4622,0.0305,-0.0009,0.0022,-0.0254,0.0286,-0.0341,-0.0697,-0.0022,-0.0439,-0.1427,0.1961,0.0024,-0.029,0.3375,-0.0132,-0.0392,0.0042,0.2287,0.0804,0.4503,-0.0807,-0.0446,-0.0365,-0.0379
SIGIRR,0.1233,-0.0295,-0.1251,-0.0232,-0.0263,-0.0379,-0.1118,-0.1164,-0.0806,-0.2221,-0.2453,-0.167,-0.2733,-0.1633,-0.1296,-0.1893,-0.1235,-0.26,0.2222,-0.0855,-0.0187,0.2111,-0.0756,-0.1063,0.3891,-0.0006,0.1579,0.1032,-0.1529,0.0002,-0.1279,0.24
BTN2A2,0.1537,-0.1386,-0.0375,-0.0359,-0.0626,0.3895,-0.1029,0.1701,-0.011,0.3268,-0.1062,-0.0312,0.3075,0.2299,0.1732,0.1611,-0.1177,-0.206,0.3141,0.018,-0.2258,0.2958,-0.2363,-0.174,0.4872,0.1156,-0.0789,-0.0963,-0.0563,-0.2016,-0.1995,-0.0427
CNR2,1.3987,-0.0,0.0113,0.0236,0.0,-0.0371,-0.0036,0.7118,0.0113,0.0,0.0091,0.0,0.0017,0.0,-0.0018,0.0,0.0152,-0.0017,0.1762,0.0192,0.0,0.1798,0.0,0.0,0.0234,0.1079,0.8181,0.1924,-0.0155,0.0,-0.0,-0.0
HLA-E,0.1363,-0.0188,-0.0221,-0.1894,-0.0344,0.2001,0.0116,-0.1132,0.0759,0.362,0.1316,-0.0092,0.315,0.0866,0.1431,0.273,-0.2592,-0.3401,0.0223,0.1478,-0.0981,0.5006,-0.0213,-0.0634,0.3622,0.1697,0.3653,0.0089,-0.0552,-0.1876,-0.3331,-0.029
LGR4,-0.0169,-0.1893,-0.2069,-0.0884,0.0167,0.1308,0.023,-0.0418,0.1494,0.1085,-0.0957,0.1801,0.1276,0.0592,0.071,0.1223,0.3851,0.2801,-0.2734,-0.1892,-0.007,-0.1342,-0.4192,0.0487,0.1303,0.2079,-0.1802,-0.2314,0.0159,-0.0021,-0.0889,-0.3162
LHFPL1,0.0,0.0061,-0.0027,0.0208,-0.0043,0.0,-0.0,0.051,0.0,0.031,-0.0026,0.0226,0.0019,0.0,0.0,0.3288,0.0058,0.2229,0.4182,-0.0,0.0201,0.0094,0.0095,0.0007,0.0935,0.004,0.0183,0.2923,-0.0376,0.0157,0.1384,0.055
EPHA8,0.0,-0.0114,-0.0141,0.1964,0.0033,0.0,0.0134,-0.0,0.0,-0.0096,0.02,-0.0217,0.0,-0.0,0.0,-0.0778,0.0278,0.1051,0.0142,0.0089,0.017,-0.0689,2.3605,0.0745,0.0121,0.0,-0.3505,-0.012,0.0,0.1859,0.5262,0.3907
CCR3,0.4085,0.0,0.0246,0.0155,0.002,0.0,0.0048,-0.0551,0.0165,0.0,0.0036,0.0,0.0035,0.0032,0.0,0.0,0.002,-0.0148,-0.0,0.0,0.0178,0.0901,0.0,-0.0004,-0.0248,0.0399,0.0,0.0,0.0784,0.1313,0.0583,-0.0
CSF2RB,0.5816,-0.042,-0.0349,-0.0577,0.0163,0.1798,-0.0956,-0.0218,0.0752,0.2601,0.147,-0.0084,0.4017,0.0555,0.002,0.0952,-0.179,-0.2578,0.028,0.0861,0.0223,0.5417,-0.0085,-0.0439,0.4153,0.2596,0.052,-0.0412,-0.0325,-0.066,-0.0658,-0.0427
LRFN2,0.0082,0.0,0.1559,0.0815,0.0,0.0,-0.0015,-0.0,-0.0033,-0.16,0.0,0.0621,0.0,-0.0251,0.0116,-0.1112,0.0075,0.0079,-0.0064,-0.0,-0.0085,-0.0031,1.6936,0.0041,0.0897,-0.0104,-0.0318,0.0814,0.0069,-0.0088,0.096,0.0029
IL1RAPL2,0.0,0.0,-0.0406,0.0236,-0.0137,-0.0144,-0.0033,0.0,-0.0085,0.0,-0.0024,-0.0064,0.0035,0.022,-0.0265,-0.0069,0.2292,0.4519,-0.1525,0.0087,-0.0033,0.1443,1.6308,-0.0009,0.046,0.0081,-0.0169,-0.0166,0.0198,0.045,0.4846,-0.0
SSTR3,0.0006,0.2406,-0.0004,0.0058,0.0,0.0216,-0.0013,0.3419,0.0,-0.0323,0.0006,-0.0,-0.0,-0.002,0.0,-0.1186,0.0,0.0006,0.0477,0.0014,-0.0297,0.0812,-0.0892,-0.0,0.0368,-0.0013,-0.2052,1.314,0.376,-0.0252,-0.0568,-0.0
GPR37L1,0.4371,-0.0318,0.0007,0.0121,-0.0005,0.0,-0.0001,-0.0,0.0076,0.229,0.0011,0.0,0.0002,0.0,0.0007,0.3495,0.0011,0.003,-0.01,0.009,0.0538,0.0148,0.0472,-0.0,-0.0032,0.0267,-0.0069,-0.0,-0.0087,0.0045,-0.0013,-0.0079
DPEP2,0.3963,-0.0232,-0.0961,-0.0326,-0.013,0.1079,-0.1747,-0.3869,-0.0649,0.2715,-0.0745,0.0012,0.3806,0.2647,-0.0111,0.2666,-0.3536,-0.4024,0.0813,0.0608,-0.0271,0.5699,0.0352,-0.0788,0.1977,0.0708,-0.1221,0.1732,-0.0955,-0.0972,-0.0826,-0.0944
DUOX2,-0.0004,-0.0678,-0.3179,-0.0132,0.615,0.2396,0.6415,-0.0,0.7114,-0.0,0.5327,-0.0358,-0.0143,-0.0191,-0.0322,-0.0011,-0.1674,-0.0769,-0.0369,-0.0185,-0.0171,1.4656,-0.0388,-0.1249,0.175,0.0615,-0.0647,0.0126,-0.0299,-0.0049,0.0105,-0.0
CPM,0.4003,0.0149,-0.2458,-0.3812,-0.1215,0.1636,-0.1576,0.0213,0.0889,0.3794,-0.0456,-0.3442,0.0766,0.0642,0.1266,0.2235,0.0235,-0.3823,-0.3562,-0.2126,-0.1167,0.4009,-0.2482,-0.0961,0.1652,-0.0338,-0.0317,-0.2651,-0.1487,0.0977,-0.1423,-0.1032
RELT,0.1142,-0.0984,0.1382,-0.0085,0.2341,0.2544,0.0624,-0.1518,0.177,0.1928,0.1539,0.099,0.123,0.0128,-0.0184,0.1544,-0.3282,-0.2849,0.0877,0.1357,0.1223,0.6582,0.154,-0.1309,-0.1452,0.2352,-0.0559,0.0922,-0.0824,0.1744,0.2584,-0.096
GPR153,0.0733,-0.0131,-0.0183,-0.1422,-0.0525,0.1488,-0.0036,0.096,0.2154,0.1159,0.2817,-0.0255,0.0151,0.1498,-0.0179,0.1739,-0.1412,-0.118,0.2067,0.028,-0.1216,0.708,0.6428,-0.2369,0.6611,0.374,0.3294,-0.1252,-0.041,-0.2999,0.0358,0.4269
EGF,-0.0404,0.066,-0.0491,-0.015,0.0196,0.0224,-0.0236,-0.0327,0.0089,0.2763,-0.0407,0.2798,-0.3496,-0.334,0.0251,0.1217,0.1203,-0.0054,-0.0433,-0.0275,-0.0051,-0.323,-0.0,0.1913,-0.2928,0.0411,-0.0449,-0.0251,-0.0751,-0.0656,-0.0299,-0.0594
SLC16A6,-0.0118,-0.0782,0.0153,0.3803,0.1057,0.0334,0.0078,-0.1614,0.1822,0.0219,0.1168,0.1321,0.4626,0.4056,0.0095,-0.0314,-0.1467,-0.1446,0.0312,-0.0037,-0.0037,0.349,-0.0807,0.0155,-0.0415,0.1082,-0.0461,0.0683,0.0355,0.0677,0.1494,0.4964
F2RL3,-0.0402,0.0008,-0.0429,-0.2907,-0.0473,0.7171,-0.111,0.0091,0.1389,0.0708,-0.028,-0.0553,0.3552,-0.0648,0.1884,0.0072,-0.5196,-0.367,-0.0235,-0.0489,-0.02,0.3575,0.524,-0.0007,0.0922,0.1046,-0.0545,-0.0499,-0.3004,-0.0096,-0.0466,-0.0
SLC22A5,0.2792,-0.0791,-0.2117,0.148,-0.1684,0.2535,-0.0732,-0.0777,0.0638,0.1363,-0.1645,-0.0165,0.248,0.2455,-0.0761,0.147,-0.044,-0.0691,-0.2187,0.1015,-0.18,0.0291,-0.0788,0.0217,-0.4929,0.0711,-0.163,-0.1042,-0.1001,-0.1134,-0.1926,-0.2618
LINGO4,0.0,-0.0334,-0.0016,0.0171,0.0,-0.0246,-0.0009,-0.0,0.0048,-0.0,-0.002,0.0048,0.0039,-0.0023,-0.0028,0.0042,0.0133,-0.0,-0.0056,-0.0119,0.0424,0.0,1.5758,0.0452,-0.0327,-0.001,-0.0178,0.0115,0.0,0.0188,0.0076,-0.0
RAET1G,0.0133,-0.0684,0.0966,-0.0336,0.2802,0.0059,0.0237,0.0,0.1488,0.0051,0.6722,-0.0018,0.0668,-0.0053,0.0046,0.0001,-0.0208,0.1192,-0.0753,0.6972,-0.0178,0.1504,-0.2028,-0.0105,0.3737,0.0523,-0.0066,-0.0124,0.215,-0.0331,-0.011,-0.0
CD300E,0.6078,-0.0062,-0.0223,-0.0173,0.017,-0.0013,0.0111,-0.2943,0.0347,0.066,0.0814,-0.006,0.2439,0.0003,-0.0074,-0.0029,-0.3234,-0.3166,0.0631,0.1852,-0.0028,0.217,-0.0098,-0.0077,0.167,0.0534,0.1573,0.012,-0.0097,-0.0101,0.0205,-0.0
ABCA4,-0.0,0.0006,0.0405,-0.0352,0.002,-0.0386,-0.0258,0.0,0.0034,0.0,0.0211,-0.0,-0.0176,-0.0366,-0.0093,-0.0016,0.2003,0.0505,-0.023,-0.0012,0.2031,0.0206,0.0,-0.0037,0.0322,0.0007,-0.081,0.0614,-0.0143,0.1644,0.0543,-0.0365
SLC2A5,1.0181,-0.1354,0.0625,-0.0123,0.034,0.1008,-0.2769,0.5516,0.0345,0.5301,0.0758,-0.0411,0.703,0.1239,0.0781,0.4169,0.1798,0.2594,0.1082,0.3925,0.0244,0.5177,-0.1251,-0.2817,-0.2424,0.3397,-0.6738,-0.0505,-0.0291,0.0172,0.0408,-0.0584
SLC28A1,-0.0,-0.0,-0.0012,-0.0133,-0.0076,-0.7952,-0.0037,0.0,-0.001,0.0618,-0.0,-0.0,0.7577,0.3023,-0.4888,0.0212,0.0007,0.0,0.017,-0.0,-0.0015,0.0024,-0.0,-0.0,-0.0173,0.0033,-0.0009,-0.0018,-0.0,0.0003,-0.0,0.0128
TMEM145,-0.0028,0.0631,-0.0106,0.1653,0.0184,0.1065,-0.024,0.0022,0.0079,-0.0544,-0.0203,0.0097,0.0521,0.0264,0.0717,0.0898,-0.0069,0.0,0.3247,-0.0173,-0.0113,-0.0355,0.763,0.0172,0.0129,-0.0436,-0.278,-0.0231,-0.0183,-0.0256,0.1531,0.3207
OTOA,0.2188,0.0017,0.0022,0.0096,0.002,0.0,-0.0001,0.169,0.0025,0.0398,0.0006,0.0542,0.1774,0.5786,0.0206,0.0173,-0.0026,-0.0029,0.1166,0.0,0.0072,0.0473,-0.0023,0.0025,0.1903,0.0175,-0.6089,0.0772,0.0091,0.0322,0.271,0.1023
DUOX1,0.377,-0.1783,-0.1994,-0.0952,0.4947,0.4513,-0.0942,-0.0227,0.477,-0.0655,0.5653,-0.0204,-0.0248,-0.0079,-0.0117,0.0104,-0.6424,-0.4816,-0.3121,-0.0331,-0.2313,0.3941,-0.4433,-0.4013,0.0715,-0.5773,-0.1979,0.3763,-0.1629,-0.055,-0.1027,-0.1517
AQP5,-0.0,-0.0687,-0.0306,-0.1245,0.3082,0.153,0.0197,-0.0045,0.2244,0.1913,-0.0247,-0.1457,-0.0212,-0.1009,0.0,-0.1353,0.1072,-0.2397,-0.3293,-0.0215,1.2361,1.1673,0.2728,-0.0492,0.1051,0.0206,-1.2163,0.7937,0.3661,1.2422,0.8831,-0.0145
FZD7,0.08,0.0754,-0.4361,-0.0188,-0.2428,0.4532,-0.2332,0.2361,-0.0485,0.5438,-0.0604,0.0256,-0.0473,-0.1794,0.0391,0.2912,-0.0534,0.2452,-0.0158,0.0222,-0.1851,0.6404,0.2155,-0.1232,0.399,0.2789,0.1032,-0.2037,-0.0453,-0.3517,-0.0259,-0.167
TMEM235,0.0,-0.0,0.0,0.0,0.0,0.0,0.0,0.0,0.0,-0.9149,0.0,-0.0,-0.0,-0.0045,0.0,-0.6,-0.0,-0.0476,0.0,0.0,0.0,0.0,-0.0288,0.0,0.0,0.0,-0.0154,1.4085,-0.0,0.0,0.0445,0.0
OR1E1,0.0,0.0,-0.0,-0.0121,-0.0,0.0,0.0,0.0,0.0,0.0,0.0,0.0,0.0,0.0,0.0,0.0061,0.0,0.0,0.0,0.0,-0.0,0.0,0.0,0.0,-0.0326,0.0,-0.0,0.0,0.0,0.0,0.0,0.0
FGFR2,0.0051,-0.3248,-0.2137,0.0718,-0.1413,0.5385,-0.2848,0.0215,-0.0028,-0.1793,0.067,-0.0841,-0.0032,-0.0435,-0.0162,-0.0093,-0.0969,0.3045,-0.2017,-0.0624,0.0607,0.0173,-0.3656,-0.2525,0.7583,0.2505,0.2608,-0.0559,-0.1429,-0.1758,-0.2933,-0.2916
CDH9,0.0,0.0,0.0,0.0,0.0,0.0,-0.071,0.0,0.0,-0.1348,0.0,-0.0,-0.2232,0.1393,0.0,-0.29,0.0,0.0,0.0,0.0,0.0,0.0,0.3722,0.0,0.0,0.0,-0.0242,0.0,0.0,0.0,0.0,0.0
PCDHA10,0.0,0.0818,-0.0139,-0.0058,-0.0184,0.0571,-0.0027,0.0,-0.0094,-0.0788,-0.0113,-0.0352,0.043,0.0503,0.0,-0.0414,-0.0092,-0.0263,-0.0055,0.0123,-0.0096,0.0111,0.1791,0.0265,0.0339,0.0014,-0.0632,-0.042,0.1021,-0.0451,-0.067,-0.0325
OR5B3,0.0,0.0,0.0,0.0,0.0,0.0,0.0,0.0,0.0,0.0,0.0,0.0,0.0,0.0,0.0,0.0,0.0,0.0,0.0,0.0,0.0,0.0,0.0,0.0,0.0,0.0,0.0,0.0,0.0,0.0,0.0,0.0
GPR119,0.0,0.0,0.0,0.0,0.0,0.0,0.0,0.0,0.0,0.0,0.0,0.0,0.0,0.0,0.0,0.0,0.0,0.0,0.0,0.0,0.0,0.1236,0.0,0.0,0.0,0.0,-0.0,0.0,0.0,0.0,0.0,0.0
SLC46A2,0.4029,-0.0,-0.243,0.0056,-0.0118,0.0,-0.0,-0.0126,0.0013,0.0006,-0.0009,-0.0,0.0052,0.0075,0.0,-0.0005,-0.2237,-0.228,-0.0707,0.0275,0.0093,0.0,-0.0,-0.002,0.0248,0.0013,-0.0067,1.866,-0.0003,0.0051,-0.0046,-0.0
FCRL1,2.1764,-0.0217,0.0083,0.0119,0.0001,-0.0916,-0.0533,-0.0755,0.0312,0.0,-0.0113,-0.0116,-0.0016,-0.0101,-0.0179,0.0,-0.2042,-0.1618,0.4077,-0.0066,0.0024,0.3056,-0.0,-0.017,0.0229,0.0853,0.1146,0.0235,-0.0371,-0.0,-0.0,-0.0268
CHRNB3,0.0,0.0,0.0,0.0,0.0,0.0,0.0,0.0,0.0,-0.0,0.0,0.0,0.0,0.0,0.0,-0.004,0.0,0.0,0.0,0.0,0.0,-0.0149,0.0,0.0,0.0,0.0,-0.0189,0.0,0.0,0.0,0.0,0.0
PROKR2,0.0,0.0,0.0,0.0,0.0,0.0,0.0,-0.0,0.0,-0.0,0.0,0.0,0.0,0.0,0.0,0.026,0.0,0.0,0.0,0.0,0.0371,0.0,0.0,0.0,0.0,0.0,-0.1174,0.0471,0.0,0.0,0.0,0.0
SLC32A1,-0.0,0.0,0.0,0.0,0.0,0.0,-0.0012,0.0,0.0,-0.6787,0.0,0.0,0.0,0.0,0.0,-0.6004,0.0,0.0,0.0,0.0,-0.0171,0.0,1.2223,0.0,0.0,0.0,-0.0477,0.0,0.0,0.0,0.3981,0.0
OR10R2,0.0,0.0,0.0,0.0,0.0,0.0,0.0,0.0,0.0,0.0,0.0,0.0,0.0,0.0,0.0,0.0,0.0,0.0,0.0,0.0,0.0,0.0,0.0,0.0,0.0,0.0,0.0,9.0707,0.0,0.0,0.0,0.0
OR5M11,0.0,0.0,-0.0326,0.0,0.0,0.0,0.0,0.0,0.0174,0.0,0.0,0.0,0.0,0.0,0.0,0.0,0.0,0.0146,0.0,0.0,0.0,0.0,0.0,0.0,0.0,0.0,-0.0,0.0,0.0,0.0,0.0,0.0
LRTM1,0.0,-0.0409,0.0,0.0,0.0,0.0,0.0,-0.0,0.0,0.0,0.0,0.0,0.0,0.0,0.0,0.0061,0.0,0.0,0.0,0.0,0.0,0.0,-0.0,0.0,0.0,0.0,-0.0116,0.0,0.0,0.0,1.0634,0.0
OR2T35,0.0,0.0,0.0,0.0,0.0,0.0,0.0,0.0,0.0,0.0,0.0,0.0,0.0,0.0,0.0,0.0,0.0,0.0,0.0,0.0,0.0,0.0,0.0,0.0,0.0,0.0,0.0,0.0,0.0,0.0,0.0,0.0
CD59,-0.2567,0.0637,-0.12,-0.0542,-0.07,0.4864,0.0121,0.0006,-0.0903,0.1992,0.1152,0.3132,0.1838,0.144,0.2381,0.1257,-0.1425,-0.1876,0.1937,-0.0256,-0.0634,0.4614,0.0249,-0.0196,0.0269,-0.0112,-0.0833,-0.109,0.0415,-0.1448,-0.2476,0.1136
MRGPRD,0.0,0.0,-0.0133,-0.004,-0.0,0.0,-0.0,0.0,-0.018,0.0,0.0,0.0,0.0,0.0,0.0,0.0,0.0,0.0,0.0,0.0,-0.0048,0.0,0.0,-0.0,0.0,0.0,-0.0,0.0,0.0,-0.0,-0.0,0.0
PLET1,0.2432,0.0,0.0,0.0,0.0,0.0,0.0,0.0,0.0,0.0,0.0,0.0,0.0,0.0,0.0,0.0,0.0,0.0,0.0,0.0,0.0,0.0,0.0,0.0,0.0,0.0,0.0,0.0,0.0,0.0,0.0,0.0
OR13J1,0.0,-0.0033,-0.0,0.0,-0.0,0.0,-0.0,0.0,-0.0,-0.0,-0.0,0.0,0.0,0.0,0.0,-0.0012,-0.0,-0.0,-0.0,-0.0,-0.0016,0.0,0.0,-0.0,-0.0,-0.0054,-0.0,-0.0,0.0,-0.0,-0.0,-0.0
OR10AD1,0.0048,-0.0,-0.0,-0.0,-0.0,-0.0,-0.0,-0.0,-0.0,-0.0,-0.0,-0.0,-0.0,-0.0,-0.0,-0.0,-0.0005,-0.0,-0.0,-0.0,-0.0015,-0.0,-0.0,-0.0,-0.0,-0.0008,-0.0,-0.0,-0.0011,-0.0,-0.0,-0.0
SLC6A19,-0.0351,0.0,-0.0193,0.0,-0.0044,0.1609,-0.1545,-0.0,0.4663,0.0,0.0,-0.0542,-0.4323,-0.5502,-0.1456,0.0,0.0,0.0,0.0,0.0,0.0,0.1253,0.0,-0.0106,0.0,0.4624,0.1931,0.0,0.0,0.0,0.0,0.0
OR9G1,0.0,0.0,0.0,0.0,0.0,0.0,0.0,0.0,0.0,0.0,0.0,0.0,0.0,0.0,0.0,0.0,0.0,0.0,0.0,0.0,0.0,0.0,0.0,0.0,0.0,0.0,0.0,0.0,0.0,0.0,0.0,0.0
CMKLR1,0.1195,-0.1374,-0.1585,0.0212,-0.1733,0.2176,-0.1444,0.1767,-0.0758,0.5354,-0.0864,-0.0274,0.3597,0.089,0.0871,0.5629,-0.2105,-0.2691,0.1104,0.0768,-0.0434,0.2988,-0.1626,-0.118,0.5588,0.2047,0.3056,-0.0929,-0.3154,-0.2671,-0.2649,-0.1498
SLC34A3,0.0113,-0.0,-0.0148,-0.0002,-0.0006,0.0448,-0.0096,-0.0,-0.0085,-0.0023,-0.0007,-0.0,-0.1032,-0.0559,0.0051,0.0,-0.0095,-0.0024,-0.0,-0.0,0.0026,-0.0003,0.0,-0.0013,0.0073,-0.0026,-0.0498,-0.0,-0.0068,0.0,-0.0037,-0.0
CDH15,-0.0,-0.0017,0.0,0.0024,-0.0222,-0.0173,0.0002,-0.0,-0.0019,0.1391,0.0411,0.0309,-0.0027,-0.0,-0.0545,0.0918,0.1114,-0.0195,0.1301,0.0851,-0.0025,0.0047,-0.0011,-0.0022,-0.4596,0.0014,-0.0604,-0.0031,0.0099,0.0249,0.4929,0.0027
OR51G1,0.0,0.0,0.0,0.0,0.0,0.0,0.0,0.0,0.0,0.0,0.0,0.0,0.0,0.0,0.0,0.0,0.0,0.0,0.0,0.0,0.0,0.0,0.0,0.0,0.0,0.0,-0.0,0.0,0.0,0.0,0.0,0.0
UNC5D,0.0,0.0,0.0,0.0,-0.0191,0.0,-0.0042,-0.0,-0.0027,-0.0955,-0.0081,0.0474,-0.1493,0.3528,0.0,-0.0293,-0.0251,-0.0248,-0.0087,-0.0319,-0.0269,0.0,2.0768,0.1792,0.226,-0.002,-0.0677,0.1403,-0.0197,-0.0069,-0.043,0.0067
SPRN,0.3566,-0.1034,0.0247,-0.023,-0.0088,-0.0603,-0.075,0.1075,-0.0085,-0.2564,-0.0693,-0.0902,-0.1319,-0.1235,-0.1306,-0.0489,-0.0543,-0.0362,-0.0645,0.0034,-0.0813,0.0934,0.1049,-0.1207,0.0991,-0.055,-0.0909,0.1341,-0.1946,0.0665,0.0974,-0.0661
MC2R,0.0,-0.536,-0.0,0.0,-0.0,0.0,0.0,0.0,0.0,0.0,0.0,0.0,0.0,0.0,0.0,0.0,0.0,0.0,0.0,0.0,0.0,0.0,-0.9842,-0.0,0.0,0.0,-0.0,0.0,0.0,0.0,0.0,0.0
OR4D11,0.0,0.0,0.0,0.0,0.0,0.0,0.0,0.0,0.0,0.0,0.0,0.0,0.0,0.0,0.0,0.0,0.0,0.0,0.0,0.0,0.0,0.0,0.0,0.0,0.0,0.0,0.0,0.0,0.0,0.0,0.0,0.0
VSTM5,0.0,-0.0,-0.0106,-0.0138,0.0009,0.0806,-0.0522,0.0,0.1636,-0.0378,-0.0007,-0.0,0.0021,-0.0007,-0.0005,-0.0457,0.0186,0.1701,-0.0077,0.0029,-0.0074,0.2182,0.1178,-0.0271,0.0417,0.0484,-0.0223,-0.0064,-0.0012,-0.022,-0.0266,-0.0
SLCO1B1,0.0,0.0,0.0,0.0,0.0,-1.7034,0.0201,0.0,0.1277,0.0,0.0,0.0,0.0,0.0,0.3442,0.0,0.0,0.0153,0.0,0.0,0.0,0.0415,0.0,0.0,0.0,0.0,0.0154,0.0,0.0,0.0,0.0,0.0
CFC1,0.0,-0.0,0.0,0.0,0.0,0.0,-0.0248,0.0,0.0,-0.085,0.0,0.0,0.0,0.0,0.0,-0.1698,-0.0261,-0.0039,0.0,0.4847,-0.041,0.1242,-0.152,-0.1695,0.0,-0.244,0.2431,2.7422,0.0,0.0,0.4976,0.0
OR4A47,0.0,0.0,0.0,0.0,0.0,0.0,0.0,0.0,0.0,0.0,0.0,0.0,0.0,0.0,0.0,0.0,0.0,0.0,0.0,0.0,0.0,0.0,0.0,0.0,0.0,0.0,0.0,0.0,0.0,0.0,0.0,0.0
DPEP3,0.1457,-0.0038,-0.0027,-0.0008,-0.0011,0.0,-0.0032,-0.0757,-0.0024,0.0054,-0.0043,0.0,0.0019,0.0051,0.0,0.0044,-0.0197,-0.0599,0.0375,0.0,0.1104,0.0033,0.0011,-0.0005,0.0058,0.0,-1.2364,0.0322,-0.0,-0.0082,-0.0378,0.0
OR5K2,0.0,-0.0,-0.0,-0.0,-0.0,0.0,-0.0,-0.0,-0.0,-0.0,-0.0,-0.0,-0.0,-0.0,-0.0,0.0,-0.0,-0.0,-0.0,-0.0,-0.0,0.0,0.0,-0.0,-0.0016,-0.0,-0.0,-0.0,-0.0,-0.0,-0.0,-0.0
PRLHR,0.0,-0.0172,-0.0062,0.0,-0.024,0.0,-0.0071,0.0,-0.0,-0.0173,-0.0,0.0,0.0,0.0,0.0,0.7647,0.0,0.0,0.0,-0.0,-0.0053,-0.0046,4.1277,-0.0022,0.0,-0.0182,0.0,-0.0111,0.0,-0.0203,-0.0,-0.0
OR56A3,0.0,0.0,0.0,0.0,0.0,0.0,0.0,0.0,0.0,0.0,0.0,0.0,0.0,0.0,0.0,0.0,0.0,0.0,0.0,0.0,0.0,0.0,0.0,0.0,0.0,0.0,-0.0,0.0,0.0,0.0,0.0,0.0
OR4C11,0.0,0.0,0.0,0.0,0.0,0.0,0.0,0.0,0.0,0.0,0.0,0.0,0.0,0.0,0.0,0.0,0.0,0.0,0.0,0.0,0.0,0.0,0.0,0.0,0.0,0.0,0.0,0.0,0.0,0.0,0.0,0.0
C11orf87,0.0,-0.0417,-0.0783,-0.0035,-0.0439,0.0,0.0,-0.0,0.0741,-0.532,0.0476,0.0,-0.0,-0.0,0.0,-0.6652,-0.0061,0.0582,-0.0071,0.4503,-0.0016,0.0175,0.919,-0.0,0.8493,0.0,-0.0357,-0.0,-0.0,0.0224,0.4511,-0.0
ADCY7,0.2552,-0.1471,-0.1195,0.04,0.0966,0.2527,-0.0749,-0.272,0.1311,0.291,0.2146,0.0298,0.3337,0.2978,-0.0495,0.4048,-0.1707,-0.2556,-0.2249,0.1721,-0.2672,0.5145,-0.1803,-0.1451,0.4043,0.3,0.2458,-0.0135,-0.0825,-0.0032,-0.0437,-0.1783
OR13G1,0.097,0.0,0.0,0.0,-0.0,0.0,0.0,0.0,0.0,0.0,0.0,0.0,0.0,0.0,0.0,0.0,0.0,0.0,0.0,0.0,0.0,0.0,0.0,0.0,0.0,0.0,-0.0,0.0,0.0,0.0,0.0,0.0
OR2T6,0.0,0.0,0.0,0.0,0.0,0.0,0.0,0.0,0.0,0.0,0.0,0.0,0.0,0.0,0.0,0.0,0.0,0.0,0.0,0.0,0.0,0.0,0.0,0.0,0.0,0.0,0.0,0.0,0.0,0.0,0.0,0.0
OR4S2,0.0,0.0,0.0,0.0,0.0,0.0,0.0,0.0,0.0,0.0,0.0,0.0,0.0,0.0,0.0,0.0,0.0,0.0,0.0,0.0,0.0,0.0,0.0,0.0,0.0,0.0,0.0,0.0,0.0,0.0,0.0,0.0
OR9I1,0.0,0.0,0.0,0.0,0.0,0.0,0.0,0.0,0.0,0.0,0.0,0.0,0.0,0.0,0.0,0.0,0.0,0.0,0.0,0.0,0.0,0.0,0.0,0.0,0.0,0.0,0.0,0.0,0.0,0.0,0.0,0.0
SLC22A4,0.092,-0.0622,-0.0421,0.0811,-0.0676,0.2958,-0.0693,-0.0668,0.103,0.2727,-0.0261,-0.0176,0.356,0.1633,0.0234,0.1935,-0.0993,-0.1106,-0.0589,0.128,-0.1143,0.426,0.211,0.0386,-0.086,0.0798,-0.0185,-0.0769,0.0252,-0.0548,-0.0394,-0.0354
OR52B4,0.0,0.0,0.0,0.0,0.0,0.0,0.0,0.0,0.0,0.0,0.0,0.0,0.0,0.0,0.0,0.0,0.0,0.0,0.0,0.0,0.0,0.0,0.0,0.0,0.0,0.0,0.0,0.0,0.0,0.0,0.0,0.0
OR52Z1,0.0,0.0,0.0,0.0,0.0,0.0,0.0,0.0,0.0,0.0,0.0,0.0,0.0,0.0,0.0,0.0,0.0,0.0,0.0,0.0,0.0,0.0,0.0,0.0,0.0,0.0,0.0,0.0,0.0,0.0,0.0,0.0
TMEM245,0.3737,-0.1011,-0.2639,0.0166,-0.1228,0.1999,-0.0614,0.0598,0.0904,0.0639,-0.0311,0.1559,0.1683,0.1544,0.1683,0.1614,-0.0358,-0.0483,0.0548,-0.061,-0.1625,0.2003,0.0005,0.0879,-0.0892,0.1711,-0.0655,-0.1495,-0.0141,-0.2814,-0.3287,-0.1761
OR10AG1,0.0,0.0,0.0,0.0,0.0,0.0,0.0,0.0,0.0,0.0,0.0,0.0,0.0,0.0,0.0,0.0,0.0,0.0,0.0,0.0,0.0,0.0,0.0,0.0,0.0,0.0,0.0,0.0,0.0,0.0,0.0,0.0
OR11H7,0.0,0.0,0.0034,-0.0006,-0.0066,0.0,-0.0,-0.0,0.029,-0.0,-0.0022,-0.0,-0.0,-0.0,0.0,-0.0,-0.0098,0.0177,-0.0,-0.0044,-0.0,0.0009,0.0206,-0.0012,0.017,-0.0017,-0.0,-0.0012,-0.0,-0.0,-0.0,-0.0
PCDHB13,0.0899,0.0452,-0.0333,-0.0369,-0.0764,0.5055,0.0089,0.0,0.1215,0.0435,-0.0286,0.0174,0.3088,0.0727,0.0187,0.0986,-0.0137,-0.0313,-0.0315,0.0469,-0.0509,0.0957,0.0188,0.0542,0.2371,0.3237,-0.069,-0.0635,-0.0257,-0.0734,-0.099,-0.0287
OR6C3,0.0,0.0,0.0,0.0,0.0,0.0,0.0,0.0,0.0,0.0,0.0,0.0,0.0,0.0,0.0,0.0,0.0,0.0,0.0,0.0,0.0,0.0,0.0,0.0,0.0,0.0,0.0,0.0,0.0,0.0,0.0,0.0
MC3R,0.0,0.0,0.0,0.0,0.0,0.0,0.0,0.0,0.0,0.0,0.0,0.0,0.0,0.0,0.0,0.0,0.0,0.0,0.0,0.0,0.0,0.0,0.0,0.0,0.0,0.0,-0.0,0.0,0.0,0.0,0.0,0.0
DYNAP,0.0,0.0,0.0,0.0,0.1902,0.0,0.0,-0.0,0.0,0.0,0.6992,0.0,0.0,0.0,0.0,0.0,0.0,0.0,0.0,0.0,0.0,0.0,0.0,0.0,0.0,0.0,-0.1042,0.0,0.0,0.086,0.035,0.0
OR5L2,0.0,0.0,0.0,0.0,0.0,0.0,0.0,0.0,0.0,0.0,0.0,0.0,0.0,0.0,0.0,0.0,0.0,0.0,0.0,0.0,0.0,0.0,0.0,0.0,0.0,0.0,0.0,0.0,0.0,0.0,0.0,0.0
OR11H1,0.0,0.0,0.0,0.0,0.0,0.0,0.0,0.0,0.0,0.0,0.0,0.0,0.0,0.0,0.0,0.0,0.0,0.0,0.0,0.0,0.0,0.0,0.0,0.0,0.0,0.0,0.0,0.0,0.0,0.0,0.0,0.0
OR2AJ1,0.0,0.0,0.0,0.0,0.0,0.0,0.0,-0.0,0.0,0.0,0.0,0.0,0.0,0.0,0.0,0.0,0.0,0.0,0.0,0.0,0.0,0.0,0.0,0.0,0.0,0.0,0.0,0.0,0.0,0.0,0.0,0.0
OR6B3,0.0,0.0,0.0,0.0,0.0,0.0,0.0,0.0,0.0,0.0,0.0,0.0,0.0,0.0,0.0,0.0,0.0,0.0,0.0,0.0,0.0,0.0,0.0,0.0,0.0,0.0,-0.0,0.0,0.0,0.0,0.0,0.0
OR6J1,0.0,0.0,0.0,0.0,0.0,0.0,0.0,0.0,0.0,0.0,0.0,0.0,0.0,0.0,0.0,0.0,0.0,0.0,0.0,0.0,0.0,0.0,0.0,0.0,0.0,0.0,0.0,0.0,0.0,0.0,0.0,0.0
ASGR2,0.6131,-0.0044,-0.0202,-0.0037,-0.0003,-0.2495,-0.0089,-0.2354,-0.0105,0.0397,-0.0023,-0.006,0.1007,0.0363,0.0151,0.0014,-0.0795,-0.0642,-0.1057,0.0588,-0.0046,0.1116,-0.003,-0.0026,0.1722,0.0,0.0781,0.0097,-0.003,-0.007,-0.0008,-0.0
KIR3DL3,0.0,0.0,0.0,0.0,0.0,0.0,0.0,0.0,0.0,0.0,0.0,0.0,0.0,0.0,0.0,0.0,0.0,0.0,0.0,0.0,0.0,0.0,0.0,0.0,0.0,0.0,-0.0,0.0,0.0,0.0,0.0,0.0
OR5AR1,0.0,0.0,0.0,0.0,0.0,0.0,0.0,0.0,0.0,0.0,0.0,0.0,0.0,0.0,0.0,0.0,0.0,0.0,0.0,0.0,0.0,0.0,0.0,0.0,0.0,0.0,0.0,0.0,0.0,0.0,0.0,0.0
OR11G2,0.0,0.0,0.0,0.0,0.0,0.0,0.0,0.0,0.0,0.0,0.0,0.0,0.0,0.0,0.0,0.0,0.0,0.0,0.0,0.0,0.0,0.0,0.0,0.0,0.0,0.0,-0.0,0.0,0.0,0.0,0.0,0.0
HRH4,0.6297,-0.0,-0.0,-0.0,-0.0,-0.0,-0.0,-0.0,-0.0,0.0,-0.0035,-0.0,0.0,-0.0,-0.0,-0.0,-0.0014,-0.0,-0.0,-0.0,-0.0,0.006,-0.0,-0.0,-0.0,0.0,-0.0,-0.0,-0.0,-0.0,-0.0,-0.0
TMEM225,0.0,0.0,0.0,0.0,0.0,0.0,0.0,0.0,0.0,0.0,0.0,0.0,0.0,0.0,0.0,0.0,0.0,0.0,0.0,0.0,0.0,0.0,0.0,0.0,0.0,0.0,-0.067,0.0,0.0,0.0,0.0,0.0
GPR33,0.0,0.0,0.0,0.0,0.0,0.0,0.0,0.0,0.0,0.0,0.0,0.0,0.0,0.0,0.0,0.0,0.0,0.0,0.0,0.0,0.0,0.0,0.0,0.0,0.0,0.0,0.0,0.0,0.0,0.0,0.0,0.0
SV2C,0.0389,0.1047,0.0,-0.0016,0.0,0.0092,-0.0022,0.0,-0.0009,-0.0496,-0.0,0.0,0.0021,0.0,0.0,-0.1496,-0.0013,-0.0006,-0.0124,-0.0,0.0133,0.0,1.3492,0.1209,0.0,-0.0107,-0.008,-0.0066,-0.0007,0.04,0.1108,-0.0254
PCDHA9,0.0,0.0,-0.0,-0.0029,-0.0,0.0,-0.0,0.0,0.0,-0.0903,-0.0,-0.0,0.0018,0.0057,0.0,0.0,-0.0008,-0.0044,0.0278,0.0,0.0023,-0.0022,0.3019,0.0,0.0097,0.0,-0.0,-0.0,0.0,-0.0,-0.0159,-0.0
GPR176,-0.0041,-0.0254,-0.0827,-0.1013,-0.2271,0.426,-0.0649,0.2425,0.2024,-0.082,0.1441,-0.0649,0.4348,-0.0376,0.1793,-0.0497,-0.203,-0.152,-0.0105,0.1862,-0.0852,0.6225,0.7517,0.0689,0.7319,0.2513,0.0246,-0.1178,-0.0898,-0.1922,-0.0632,-0.0679
TMIGD1,0.0,0.0,0.0,0.0,0.0,0.0,-0.827,0.0,0.0,0.0,0.0,-0.0,0.0927,0.0018,0.0,0.0,0.0,0.0,0.0,0.0,0.0,0.0,0.0,0.0,0.0,0.0,-0.1167,0.0,0.0,0.0,0.0,0.0
GALR2,0.0707,0.0011,0.0877,-0.0007,0.0764,0.0,-0.0098,0.0,0.0454,0.0,0.0556,-0.0,-0.0,0.0015,0.0002,-0.0005,0.0,0.0103,-0.0023,-0.0,0.0416,0.005,0.0063,-0.0,0.0314,0.0124,-0.0323,0.0012,0.0167,0.2347,0.3037,-0.0
ZP2,0.0,0.0,0.0,0.0,-0.0,0.0,0.0139,0.0,0.0,-0.0,0.0,-0.0,-0.0,-0.0,0.0,-0.0,-0.0068,-0.0,0.0,0.0,-0.0012,0.0,0.0,-0.0011,0.0,0.0,-0.0087,0.0,-0.0,-0.0175,-0.0391,0.0
OR5H14,0.0,0.0,0.0,0.0,0.0,0.0,0.0,0.0,0.0,0.0,0.0,0.0,0.0,0.0,0.0,0.0,0.0,0.0,0.0,0.0,0.0,0.0,0.0,0.0,0.0,0.0,-0.0,0.0,0.0,0.0,0.0,0.0
OR5AN1,0.0,0.0,0.0,0.0,0.0,0.0,0.0,0.0,0.0,0.0,0.0,0.0,0.0,0.0,0.0,0.0,0.0,0.0,0.0,0.0,0.0,0.0,0.0,0.0,0.0,0.0,0.0,0.0,0.0,0.0,0.0,0.0
CATSPERG,0.6236,-0.041,-0.0964,0.0466,-0.1168,0.0659,-0.1049,-0.0484,0.0192,0.0145,-0.0902,0.1247,0.1503,0.1298,-0.0238,-0.0297,-0.0388,-0.1659,-0.1279,-0.0645,0.0294,0.1639,0.0042,0.0277,0.0896,0.0627,-0.8712,-0.0916,-0.0952,-0.0923,-0.154,-0.0924
SLC36A1,0.3223,-0.0413,-0.207,-0.003,-0.0102,0.2966,-0.1227,-0.1447,0.1458,0.1044,0.08,-0.0752,0.2315,0.0478,0.0448,0.0764,-0.148,-0.0625,0.0734,-0.0075,-0.0812,0.2246,0.211,0.1518,0.0848,0.17,-0.3144,0.0263,-0.1619,-0.1757,-0.0951,-0.136
SLC38A5,-0.1049,-0.0964,0.2376,0.123,0.3299,0.2146,0.57,0.0416,0.0965,0.3031,0.5076,-0.0432,0.0125,-0.0858,0.004,0.3225,-0.2747,-0.1602,-0.3705,0.0429,-0.2048,-0.3281,-0.1019,-0.3272,0.667,-0.1501,0.3437,0.2242,0.2159,-0.2011,0.0688,-0.0652
KCNG4,0.0,-0.0,0.0,0.0,0.0,0.0,0.0,0.0,0.0,-0.0627,0.0,0.0,0.0,0.0,0.0,-0.0162,0.0,0.0,0.0,0.0,0.0,0.0,4.9414,0.0,0.0,0.0,-0.0,0.0,0.0,0.0,0.0,0.0
NAGPA,0.2904,0.0671,-0.0846,-0.0401,-0.0019,0.2253,-0.0408,0.0245,0.0339,-0.1055,-0.0257,-0.0171,0.0374,0.1741,0.1668,-0.123,-0.0253,-0.0783,0.0859,0.0298,-0.0728,0.2645,-0.0022,-0.0523,0.2866,0.0389,-0.0033,0.0189,-0.0634,-0.0794,-0.1503,0.0174
OR4F15,0.0,0.0,0.0,0.0,0.0,0.0,0.0,0.0,0.0,0.0,0.0,0.0,0.0,0.0,0.0,0.0,0.0,0.0,0.0,0.0,0.0,0.0,0.0,0.0,0.0,0.0,0.0,0.0,0.0,0.0,0.0,0.0
CHRNG,0.3244,0.0,-0.0104,-0.0006,0.0091,0.0,-0.0009,-0.028,0.0127,0.0,0.1317,-0.0,0.0,-0.0,-0.0,0.0,-0.0,0.0,-0.0071,-0.0076,0.0105,0.0,0.0,-0.0122,-0.6274,0.0021,-0.0415,0.1634,-0.0,0.0175,1.546,-0.0
LRIT3,0.0315,-0.0,-0.0023,-0.0013,-0.0,-0.0,-0.0,-0.0,-0.0,-0.0012,-0.0,0.0628,-0.0012,-0.0,-0.0012,-0.0008,-0.0,-0.0,-0.0,-0.0,-0.0,-0.0006,-0.0,-0.0,-0.0,-0.0,-0.0,-0.0,-0.0,-0.0,-0.0,-0.0071
MRGPRX1,0.0,0.0,0.0,0.0,0.0,0.0,0.0,0.0,0.0,0.0,0.0,0.0,0.0,0.0,0.0,0.0,0.0,0.0,0.0,0.0,0.0,0.0,0.0,0.0,0.0,0.0,0.0,0.0,0.0,0.0,0.0,0.0
OR52D1,0.0015,0.0,-0.0,0.0,0.0,0.0,0.0,0.0,0.0,0.0,0.0,0.0,0.0,0.0,0.0,0.0,0.0,0.0,0.0,0.0,-0.0,0.0,0.0,0.0,0.0,0.0,-0.0,0.0,0.0,0.0,0.0,0.0
OR6C74,0.0,0.0,0.0,0.0,0.0,0.0,0.0,0.0,0.0,0.0,0.0,0.0,0.0,0.0,0.0,0.0,0.0,0.0,0.0,0.0,0.0,0.0,0.0,0.0,0.0,0.0,-0.0,0.0,0.0,0.0,0.0,0.0
NMBR,0.0,0.0,0.0,0.0,-0.0,0.0,-0.0,0.0,0.0,0.0,0.0,-0.0,0.0,0.0,0.0,0.0,-0.0,-0.0,0.0,0.0,-0.0,0.0,0.0144,0.0,0.0,0.0,-0.0,0.0,0.0,-0.0,-0.0,0.0
GLRA1,0.0,0.0,0.0,0.0,0.0,0.0,0.0,0.0,0.0,-0.0399,0.0,0.0,0.0,0.0,0.0,-0.0086,0.0,0.0,0.0,0.0,0.0,0.0,2.2063,0.0,0.0,0.0,-0.0,0.0,0.0,0.0,0.0,0.0
OR13C6P,0.0,0.0,0.0,0.0,0.0,0.0,0.0,0.0,0.0,0.0,0.0,0.0,0.0,0.0,0.0,0.0,0.0,0.0,0.0,0.0,0.0,0.0,0.0,0.0,0.0,0.0,0.0,0.0,0.0,0.0,0.0,0.0
MTNR1B,0.0,0.0,0.0,0.0,0.0,0.0,0.0,0.0,0.0,0.0,0.0,0.0,0.0,0.0,0.0,0.0,0.0,0.0,0.0,0.0,0.0,0.0,0.0,0.0,0.0,0.0,-0.0,0.0,0.0,0.0,0.0,0.0
OR1E3,0.0,0.0,0.0,0.0,0.0,0.0,0.0,0.0,0.0,0.0,0.0,0.0,0.0,0.0,0.0,0.0,0.0,0.0,0.0,0.0,0.0,0.0,0.0,0.0,0.0,0.0,-0.0,0.0,0.0,0.0,0.0,0.0
OR1G1,0.0,0.0,-0.0,0.0,0.0,0.0,0.0,0.0,0.0,0.0,0.0,0.0,0.0,0.0,0.0,0.0,0.0,0.0,0.0,0.0,0.0,0.0,0.0,0.0,0.0,0.0,-0.0,0.0,0.0,0.0,0.0,0.0
SLC20A2,0.4331,-0.0563,-0.1297,0.0995,0.0322,0.098,0.0349,0.1017,0.069,0.1448,0.1392,0.106,0.0701,0.0707,0.0548,0.2216,0.0178,0.1756,-0.0443,-0.1485,0.0059,0.1801,0.1034,-0.0593,-0.1163,0.1804,-0.0889,-0.0354,-0.0643,-0.0598,-0.0052,-0.2483
PCDHA7,0.0,0.1768,-0.008,-0.0084,-0.0103,0.0695,-0.001,0.0,-0.0033,-0.0038,-0.0,-0.0027,0.0268,0.0254,0.0072,0.0151,-0.0158,-0.0131,-0.0024,0.0088,-0.0135,0.0066,0.131,0.0162,0.2093,0.0,-0.0152,-0.0,-0.002,-0.0023,-0.0129,-0.0215
GNRHR,0.5039,0.1078,-0.0,0.0,-0.0012,0.0,-0.0025,0.0,0.0039,-0.0,0.0034,0.0,0.0,0.0,-0.0,0.0003,-0.0021,-0.0015,-0.0,-0.0,-0.0,-0.0,-0.0,-0.0012,0.0,-0.0,-0.0,-0.0,-0.0,-0.0166,-0.0,-0.0
OR8K1,0.0,0.0,0.0,0.0,0.0,0.0,0.0,0.0,0.0,0.0,0.0,0.0,0.0,0.0,0.0,0.0,0.0,0.0,0.0,0.0,0.0,0.0,0.0,0.0,0.0,0.0,0.0,0.0,0.0,0.0,0.0,0.0
MAS1L,0.0,0.0,-0.0,-0.0,-0.0,0.0,-0.0,0.0,-0.0,0.0,0.0,0.0,0.0,0.0,0.0,0.0,0.0,0.0,-0.0,0.0,0.0,0.0,0.0,-0.0,0.0,-0.0093,-0.0,0.0,0.0,-0.0,-0.0,0.0
TAS2R16,0.0,0.0,0.0,0.0,0.0,0.0,0.0,0.0,0.0,0.0,0.0,0.0,0.0,0.0,0.0,0.0,0.0,0.0,0.0,0.0,0.0,0.0,0.0,0.0,0.0,0.0,0.0,0.0,0.0,0.0,0.0,0.0
OR51B6,-0.0,0.0,0.0,0.0,0.0,0.0,0.0,0.0,0.0,0.0,0.0,0.0,0.0,0.0,0.0,0.0,0.0,0.0,0.0,0.0,0.0,0.0,0.0,0.0,0.0,0.0,0.0,0.0,0.0,0.0,0.0,0.0
OR2C3,0.0,0.0,0.0,0.0,0.0,0.0,0.0,-0.0,0.0,0.0,0.0,0.0,0.0,0.0,0.0,0.0,0.0,0.0,0.1001,0.0,0.0,0.0,0.0,-0.0046,0.0,0.0,-0.0,0.0,0.0,0.0,0.0,0.0
OR4A4P,0.0,0.0,0.0,0.0,0.0,0.0,0.0,0.0,0.0,0.0,0.0,0.0,0.0,0.0,0.0,0.0,0.0,0.0,0.0,0.0,0.0,0.0,0.0,0.0,0.0,0.0,0.0,0.0,0.0,0.0,0.0,0.0
OR14C36,0.0,0.0,0.0,0.0,0.0,0.0,0.0,0.0,0.0,0.0,0.0,0.0,0.0,0.0,0.0,0.0,0.0,0.0,0.0,0.0,0.0,0.0,0.0,0.0,0.0,0.0,0.0,0.0,0.0,0.0,0.0,0.0
DCHS2,-0.0171,-0.0017,-0.0109,-0.0062,-0.0323,0.0,-0.0422,0.0,0.0168,-0.0108,-0.0107,-0.0,0.0471,-0.0005,-0.0028,0.0804,-0.0054,-0.0039,-0.0309,-0.0059,-0.0439,0.1082,0.6042,-0.0016,0.0953,-0.0427,-0.0456,-0.0374,0.0436,-0.1036,-0.0917,-0.0
OR2J1,0.0,0.0,0.0,0.0,0.0,0.0,0.0,0.0,0.0,0.0,0.0,0.0,0.0,0.0,0.0,0.0,0.0,0.0,0.0,0.0,0.0,0.0,0.0,0.0,0.0,0.0,0.0,0.0,0.0,0.0,0.0,0.0
OR1N2,0.0,0.0,0.0,0.0,0.0,0.0,0.0,0.0,0.0,0.0,0.0,0.0,0.0,0.0,0.0,0.0,0.0,0.0,0.0,0.0,0.0,0.0,0.0,0.0,0.0,0.0,0.0,0.0,0.0,0.0,0.0,0.0
OR4C15,0.0,0.0,0.0,0.0,0.0,0.0,0.0,0.0,0.0,0.0,0.0,0.0,0.0,0.0,0.0,0.0,0.0,0.0,0.0,0.0,0.0,0.0,0.0,0.0,0.0,0.0,0.0,0.0,0.0,0.0,0.0,0.0
CLDN20,0.969,-0.0,-0.0011,-0.0011,-0.0078,-0.0,-0.0075,-0.0,0.0339,0.0083,-0.0336,-0.0,-0.0,-0.0,-0.0,0.0024,-0.0015,0.0196,-0.0103,-0.0,-0.0,-0.0,-0.0042,-0.0021,-0.0016,0.0,-0.0021,-0.0,-0.0,-0.0169,-0.0,-0.0
CD69,0.5058,-0.0463,-0.2716,-0.0784,-0.1804,0.0296,-0.2403,-0.1364,-0.0314,0.4367,-0.1216,0.0047,0.4545,0.1857,-0.094,0.1114,-0.3132,-0.4136,-0.0469,0.0528,-0.1038,0.4862,0.0,-0.1469,0.3129,0.0175,0.1113,0.259,-0.1974,-0.119,-0.1902,-0.0782
OR5T1,0.0,0.0,0.0,0.0,0.0,0.0,0.0,0.0,0.0,0.0,0.0,0.0,0.0,0.0,0.0,0.0,0.0,0.0,0.0,0.0,0.0,0.0,0.0,0.0,0.0,0.0,0.0,0.0,0.0,0.0,0.0,0.0
OR2J2,0.0,0.0,0.0,0.0,-0.0,0.0,0.0,0.0,0.0,0.0,0.0,0.0,0.0,0.0,0.0,0.0,0.0,0.0,0.0,0.0,-0.0,0.0,0.0,0.0,0.0,0.0,-0.0,0.0,0.0,0.0,0.0,0.0
GABRA6,0.0,0.0,0.0,0.0,0.0,0.0,0.0,0.0,0.0,-0.0,0.0,0.0,0.0,0.0,0.0,-0.0354,0.0,0.0,0.0,0.0,0.0,0.0,0.0,0.0,0.0,0.0,-0.0,0.0,0.0074,0.0,0.0,0.0
OR4F21,-0.0146,0.0,0.0,0.0,0.0,0.0,0.0,0.0,0.0,0.0,0.0,0.0,0.0,0.0,0.0,0.0,0.0,0.0,0.0,0.0,0.0,0.0,0.0,0.0,0.0,0.0,0.0,0.0,0.0,0.0,0.0,0.0
OR2F2,0.0,0.0,0.0,0.0,0.0,0.0,0.0,0.0,0.0,0.0,0.0,0.0,0.0,0.0,0.0,0.0,0.0,0.0,0.0,0.0,0.0,0.0,0.0,0.0,0.0,0.0,-0.0,0.0,0.0,0.0,0.0,0.0
OR5V1,0.0,0.0,0.0,0.0,0.0,0.0,0.0,0.0,0.0,0.0,0.0,0.0,0.0,0.0,0.0,0.0,0.0,0.0,0.0,0.0,-0.0051,0.0,0.0,0.0,0.0,0.0,-0.0,0.0,0.0,0.0,0.0,0.0
OR2Y1,0.0,0.0,0.0,0.0,0.0,0.0,0.0,0.0,0.0,0.0,0.0,0.0,0.0,0.0,0.0,0.0,0.0,0.0,0.0,0.0,0.0,0.0,0.0,0.0,0.0,0.0,0.0,0.0,0.0,0.0,0.0,0.0
OR1D4,0.0,0.0,0.0,0.0,0.0,0.0,0.0,0.0,0.0,0.0,0.0,0.0,0.0,0.0,0.0,0.0,0.0,0.0,0.0,0.0,0.0,0.0,0.0,0.0,0.0,0.0,0.0,0.0,0.0,0.0,0.0,0.0
ATP1B4,-0.0101,0.0,0.0,0.0,-0.0,0.0,0.0,0.0,0.0,0.0,0.3004,0.0,0.0,0.0,0.0,0.0,0.0,0.0,0.0,0.0,-0.0,0.0,0.0,0.0,-0.4286,0.0,-0.0211,0.0,0.0,0.0,0.4721,0.0
ALPI,0.0,0.0,0.0,0.0,0.0,-0.1359,-0.412,0.0,0.7503,0.0,0.0,-0.0,0.833,0.0751,0.0652,0.0,0.0,0.0,0.0,0.2013,0.0,0.5651,0.0,0.0,0.0,2.0844,-0.0933,0.0,0.0,0.0276,0.0858,0.0
CD40,-0.037,0.1156,-0.1368,-0.2186,-0.0633,0.2627,-0.1776,0.5704,-0.1588,0.1501,0.0664,0.0583,0.3532,0.1746,0.1028,-0.056,-0.1089,-0.0875,-0.064,0.0137,-0.2009,0.2293,0.1449,-0.3143,0.2698,0.0102,0.1713,0.2379,0.0703,-0.3774,-0.3377,-0.3596
OR56A5,0.0,0.0,0.0,0.0,0.0,0.0,0.0,0.0,0.0,0.0,0.0,0.0,0.0,0.0,0.0,0.0,0.0,0.0,0.0,0.0,0.0,0.0,0.0,0.0,0.0,0.0,-0.0,0.0,0.0,0.0,0.0,0.0
OR6K2,0.0,0.0,0.0,0.0,0.0,0.0,0.0,0.0,0.0,0.0,0.0,0.0,0.0,0.0,0.0,0.0,0.0,0.0,0.0,0.0,0.0,0.0,0.0,0.0,0.0,0.0,0.0,0.0,0.0,0.0,0.0,0.0
OR6X1,0.0,0.0,0.0,0.0,0.0,0.0,0.0,0.0,0.0,0.0,0.0,0.0,0.0,0.0,0.0,0.0,0.0,0.0,0.0,0.0,0.0,0.0,0.0,0.0,0.0,0.0,-0.0,0.0,0.0,0.0,0.0,0.0
OR10C1,0.0,0.0,0.0,0.0,0.0,0.0,0.0,0.0,0.0,0.0,0.0,0.0,0.0,0.0,0.0,0.0,0.0,0.0,0.0,0.0,0.0,0.0,0.0,0.0,0.0,0.0,0.0,0.0,0.0,0.0,0.0,0.0
OR52E2,0.0,0.0,0.0,0.0,0.0,0.0,0.0,0.0,0.0,0.0,0.0,0.0,0.0,0.0,0.0,0.0,0.0,0.0,0.0,0.0,0.0,0.0,0.0,0.0,0.0,0.0,0.0,0.0,0.0,0.0,0.0,0.0
ECE1,-0.2291,-0.0651,-0.1866,-0.0558,-0.1558,0.1013,-0.0804,-0.0713,0.138,0.367,-0.0062,0.195,0.2195,0.0603,-0.0063,0.182,-0.119,-0.0764,-0.1522,-0.283,-0.2608,0.1707,0.0534,0.0256,0.4201,0.119,0.02,-0.3363,0.1717,-0.1246,-0.1916,-0.504
OR5H1,0.0,0.0,0.0,0.0,0.0,0.0,0.0,0.0,0.0,0.0,0.0,0.0,0.0,0.0,0.0,0.0,0.0,0.0,0.0,0.0,0.0,0.0,0.0,0.0,0.0,0.0,0.0,0.0,0.0,0.0,0.0,0.0
OR7A17,0.0,0.0,0.0,0.0,0.0,0.0,0.0,0.0,0.0,0.0,0.0,0.0,0.0,0.0,0.0,0.0,0.0,0.0,0.0,0.0,0.0,0.0,0.0,0.0,0.0,0.0,0.0,0.0,0.0,0.0,0.0,0.0
OR5L1,0.0,0.0,0.0,0.0,0.0,0.0,0.0,0.0,0.0,0.0,0.0,0.0,0.0,0.0,0.0,0.0,0.0,0.0,0.0,0.0,0.0,0.0,0.0,0.0,0.0,0.0,0.0,0.0,0.0,0.0,0.0,0.0
OR52L2P,0.0,0.0,0.0,0.0,0.0,0.0,0.0,0.0,0.0,0.0,0.0,0.0,0.0,0.0,0.0,0.0,0.0,0.0,0.0,0.0,0.0,0.0,0.0,0.0,0.0,0.0,-0.0,0.0,0.0,0.0,0.0,0.0
OR51A2,0.0,0.0,0.0,0.0,0.0,0.0,0.0,0.0,0.0,0.0,0.0,0.0,0.0,0.0,0.0,0.0,0.0,0.0,0.0,0.0,0.0,0.0,0.0,0.0,0.0,0.0,0.0,0.0,0.0,0.0,0.0,0.0
OR5C1,0.0366,0.0,0.0,0.0,0.0,0.0,0.0,0.0,0.0,0.0,0.0,0.0,0.0,0.0,0.0,0.0,0.0,0.0,0.0,0.0,0.0,0.0,0.0,0.0,0.0,0.0,-0.0,0.0,0.0,0.0,0.0,0.0
OR52E4,0.0,0.0,0.0,0.0,0.0,0.0,0.0,0.0,0.0,0.0,0.0,0.0,0.0,0.0,0.0,0.0,0.0,0.0,0.0,0.0,0.0,0.0,0.0,0.0,0.0,0.0,-0.0,0.0,0.0,0.0,0.0,0.0
LY6G6D,0.0556,0.0,-0.0615,0.0,-0.0528,0.0,2.1439,0.0,0.0063,0.0694,0.0548,0.0,0.0,0.0,0.0,0.0065,-0.013,-0.0295,-0.027,0.0,0.0485,0.0,0.0,-0.1944,0.0,0.0,-0.1834,0.0242,-0.0024,-0.0076,0.5694,0.0
OR4K3,0.0,0.0,0.0,0.0,0.0,0.0,0.0,0.0,0.0,0.0,0.0,0.0,0.0,0.0,0.0,0.0,0.0,0.0,0.0,0.0,0.0,0.0,0.0,0.0,0.0,0.0,0.0,0.0,0.0,0.0,0.0,0.0
VN1R3,0.0,0.0,0.0,0.0,0.0,0.0,0.0,0.0,0.0,0.0,0.0,0.0,0.0,0.0,0.0,0.0,0.0,0.0,0.0,0.0,0.0,0.0,0.0,0.0,0.0,0.0,-0.0,0.0,0.0,0.0,0.0,0.0
HCRTR2,0.0,2.412,0.0,0.0,0.0,0.0,0.0,0.0,0.0,-0.0,0.0095,-0.0,-0.0,-0.0,0.0,-0.0058,-0.0021,-0.0074,0.0,0.0,0.0073,0.0,0.0176,0.0,0.0,0.0,-0.029,0.0,0.0,0.0,0.534,0.0
TMEM114,0.0,0.0,0.0,0.0,0.0,0.0,-0.0067,0.0,0.0,0.3541,0.0,0.0,0.0,0.0,0.0,0.0276,0.0,0.1918,0.0,0.0,0.0,0.3192,5.0601,0.0,0.0,0.0,0.019,0.0,0.0141,0.4215,0.2943,0.0
OR6P1,0.0,0.0,0.0,0.0,0.0,0.0,0.0,0.0,0.0,0.0,0.0,0.0,0.0,0.0,0.0,0.0,0.0,0.0,0.0,0.0,0.0,0.0,0.0,0.0,0.0,0.0,0.0,0.0,0.0,0.0,0.0,0.0
OR10G8,0.0,0.0,0.0,0.0,0.0,0.0,0.0,0.0,0.0,0.0,0.0,0.0,0.0,0.0,0.0,0.0,0.0,0.0,0.0,0.0,0.0,0.0,0.0,0.0,0.0,0.0,0.0,0.0,0.0,0.0,0.0,0.0
OR10J6P,0.0,0.0,0.0,0.0,0.0,-1.1514,0.0,0.0,0.0,0.0,0.0,0.0,0.0,0.0,-1.0918,0.0,0.0,0.0,0.0,0.0,0.0,0.0792,0.0,0.0,0.0,0.0,0.0,0.0,0.0,0.0,0.0,0.0
PROCR,0.0946,-0.2154,-0.0222,-0.2714,-0.1615,0.3572,0.2557,0.0826,0.0924,0.4804,0.1604,-0.1964,0.3694,0.1251,0.0741,0.2747,0.0081,0.0016,-0.2386,0.671,-0.3203,0.5457,0.1457,-0.1796,0.5751,0.234,0.3502,-0.3477,-0.2137,-0.4725,-0.1858,-0.382
RAET1E,0.1801,0.011,-0.0943,0.0138,0.3202,0.0085,0.0357,-0.0,0.1244,0.0,0.6954,-0.0094,-0.0101,-0.015,0.0021,0.0002,0.0518,0.0483,-0.094,0.5996,-0.0066,0.0277,-0.0086,-0.0025,-0.0066,0.0194,-0.0201,-0.0245,0.0356,-0.021,-0.0327,-0.0
OR51F2,0.0,0.0,0.0,0.0,0.0,0.0,0.0,0.0,0.0,0.0,0.0,0.0,0.0,0.0,0.0,0.0,0.0,0.0,0.0,0.0,0.0,0.0,0.0,0.0202,0.0,0.0,0.0,0.0,0.0,0.0,0.0,0.0
OR10K1,0.0,0.0,0.0,0.0,0.0,0.0,0.0,0.0,0.0,0.0,0.0,0.0,0.0,0.0,0.0,0.0,0.0,0.0,0.0,0.0,0.0,0.0,0.0,0.0,0.0,0.0,0.0,0.0,0.0,0.0,0.0,0.0
OR2A5,0.0,0.0,0.0,0.0,0.0,0.0,0.0,0.0,0.0,0.0,0.0,0.0,0.0,0.0,0.0,0.0,0.0,0.0,0.0,0.0,0.0,0.0,0.0,0.0,0.0,0.0,-0.0,0.0,-0.0,0.0,0.0,0.0
OR8K5,0.0,0.0,0.0,0.0,0.0,0.0,0.0,0.0,0.0,0.0,0.0,0.0,0.0,0.0,0.0,0.0,0.0,0.0,0.0,0.0,0.0,0.0,0.0,0.0,0.0,0.0,0.0,0.0,0.0,0.0,0.0,0.0
PCDHA8,0.0,0.1088,-0.0,0.0044,-0.009,0.061,-0.0128,0.0,0.037,-0.0151,-0.0043,0.0,0.0021,0.0065,0.0,-0.0024,0.0,-0.0018,0.0079,0.0088,0.0024,-0.0054,0.6179,0.0188,0.0261,-0.0034,-0.0,-0.0,0.0,-0.0069,0.0013,-0.0
OR5M3,0.0,0.0,0.0,0.0,0.0,0.0,0.0,0.0,0.0,0.0,0.0,0.0,0.0,0.0,0.0,0.0,0.0,0.0,0.0,0.0,0.0,0.0,0.0,0.0,0.0,0.0,0.0,0.0,0.0,0.0,0.0,0.0
THSD7B,0.0,0.136,-0.0203,-0.0395,-0.0272,0.0387,-0.0031,0.0,-0.0151,-0.0015,-0.016,0.494,0.1557,-0.0172,0.0039,-0.0013,0.0112,0.0542,-0.0082,-0.0078,0.0157,0.2708,0.2621,-0.0057,0.0365,0.0323,-0.0194,0.1673,-0.0196,0.0999,0.2466,-0.0036
PCDHA13,0.0,0.1225,-0.0116,-0.013,-0.0593,0.0071,-0.01,-0.0,-0.0305,-0.1397,-0.0039,-0.0039,0.0094,0.0674,-0.0377,-0.0647,0.0416,-0.0168,0.1129,0.2176,-0.0006,0.0,0.8196,0.0798,0.0825,0.0,-0.0071,-0.051,0.1501,-0.0349,-0.015,-0.0172
OR2T4,0.0,0.0,0.0,0.0,-0.0,0.0,0.0,0.0,0.0,0.0,0.0,0.0,0.0,0.0,0.0,0.0,0.0,0.0,0.0,0.0,-0.0,0.0,0.0,0.0,0.0,0.0,0.0,0.0,0.0,0.0,0.0,0.0
ZNRF4,0.0,0.0,-0.0,0.0,-0.0,0.0,0.0,0.0,0.0,-0.0,0.0,0.0,0.0,0.0,0.0,-0.0,0.0,0.0,0.0,0.0,0.0,0.0,0.0,0.0,0.0,0.0,-0.1664,0.0,0.0,0.0,0.0,0.0
OR2L2,2.6861,0.0,0.0,0.0,0.0,0.0,0.0,-0.0,0.0,-0.0,0.0,0.0,0.0,0.0,0.0,0.0008,0.0,0.0,0.0,0.0,0.0244,0.0,0.0,0.0,0.0,0.0,-0.0159,0.0,0.0,0.0,0.0,0.0
OR6C68,0.0,0.0,0.0,0.0,0.0,0.0,0.0,0.0,0.0,0.0,0.0,0.0,0.0,0.0,0.0,0.0,0.0,0.0,0.0,0.0,0.0,0.0,0.0,0.0,0.0,0.0,0.0,0.0,0.0,0.0,0.0,0.0
OPRM1,0.0,0.0,0.0,0.0,0.0,0.0,0.0,0.0,0.0,-0.0,0.0,0.0,0.0,0.0,0.0,-0.0168,0.0,0.0,0.0,0.0,-0.0092,0.0,2.8834,0.0,0.0,0.0243,-0.0,0.0,0.0,0.0,0.0,0.0
OR8B12,-0.0,0.0,0.0,0.0,0.0,0.0,0.0,0.0,0.0,0.0,0.0,0.0,0.0,0.0,0.0,0.0,0.0,0.0,0.0,0.0,0.0,0.0,0.0,0.0,0.0,0.0,-0.0,0.0,0.0,0.0,0.0,0.0
OR2M7,0.0,0.0,0.0,0.0,0.0,0.0,0.0,0.0,0.0,0.0,0.0,0.0,0.0,0.0,0.0,0.0,0.0,0.0,0.0,0.0,0.0,0.0,0.0,0.0,0.0,0.0,0.0,0.0,0.0,0.0,0.0,0.0
TAS1R3,0.0768,0.0426,0.0144,0.0208,-0.0051,-0.0079,-0.0169,-0.0558,0.0438,0.0,0.0081,0.0005,-0.0033,-0.0033,-0.0141,0.0006,0.0809,0.0289,-0.0018,-0.0077,-0.0202,0.0268,0.0041,-0.0009,-0.0142,0.0252,-0.0341,0.0126,-0.0154,-0.0129,-0.0172,-0.0061
GHSR,0.0,0.0,0.0,0.0,0.0,0.0,0.0,0.0,0.0,0.0,0.0,0.0,0.0,0.0,0.0,0.0,0.0,0.0,0.0,0.0,0.0,0.0048,0.0,0.0,0.0,0.0,-0.0,0.0,0.0,0.0,0.0,0.0
OR4A16,0.0,0.0,0.0,0.0,0.0,0.0,0.0,0.0,0.0,0.0,0.0,0.0,0.0,0.0,0.0,0.0,0.0,0.0,0.0,0.0,0.0,0.0,0.0,0.0,0.0,0.0,-0.0,0.0,0.0,0.0,0.0,0.0
OR51J1,0.0944,0.0,0.0,0.0,0.0,0.0,0.0,0.0,0.0,0.0,0.0,0.0,0.0,0.0,0.0,0.0,0.0,0.0,0.0,0.0,0.0,0.0,0.0,0.0,0.0,0.0,0.0,0.0,0.0,0.0,0.0,0.0
OR4E2,0.0,0.0,0.0,0.0,0.0,0.0,0.0,0.0,0.0,0.0,0.0,0.0,0.0,0.0,0.0,0.0,0.0,0.0,0.0,0.0,0.0,0.0,0.0,0.0,0.0,0.0,-0.0,0.0,0.0,0.0,0.0,0.0
OR52A1,-0.0,0.0,0.0,0.0,0.0,0.0,0.0,0.0,0.0,0.0,0.0,0.0,0.0,0.0,0.0,0.0,0.0,0.0,0.0,0.0,0.0,0.0,0.0,0.0,0.0,0.0,0.0,0.0,0.0,0.0,0.0,0.0
OR9Q1,0.0,0.0,0.0,0.0,0.0,0.0,0.0,0.0,0.0,0.0,0.0,0.0,0.0,0.0,0.0,0.0,0.0,0.0,0.0,0.0,0.0,0.0,0.0,0.0,0.0,0.0,-0.0,0.0,0.0,0.0,0.0,0.0
DSCAM,0.0,0.0979,-0.0229,0.0,-0.0239,0.0116,-0.0,-0.0,0.0,0.1691,0.0637,0.0103,0.0008,0.0,-0.0,0.9746,-0.0118,-0.0167,-0.007,0.0,-0.002,0.0389,-0.0047,0.0,0.0856,0.0,-0.1552,0.0,-0.0,-0.0087,0.0,-0.0196
TYR,0.0,0.0,0.0,0.0,0.0,0.0,0.0,0.0,0.0,0.0,0.0,0.0,0.0079,0.009,0.0,0.0,0.0,0.0,3.674,0.0,0.0,0.0,0.0,0.0,0.0,0.0,-0.2015,0.0,0.0,0.0,0.0,10.3185
OR1D2,0.0,0.0,0.0,0.0,0.0,0.0,0.0,0.0,0.0,0.0,0.0,0.0,0.0,0.0,0.0,0.0,0.0,0.0,0.0,0.0,0.0,0.0,0.0,0.0,0.0,0.0,-0.0,0.0,0.0,0.0,0.0,0.0
GRIN3A,0.0269,-0.0,-0.0019,-0.0003,-0.0011,0.0011,-0.0006,0.0075,0.0,-0.01,-0.0003,0.0,0.0009,0.0,0.0,0.2896,0.0,-0.001,0.0,-0.0006,-0.0,0.0,0.0086,0.1255,0.0175,0.0035,-0.02,-0.0,-0.0,-0.0023,-0.0026,-0.0
PRTG,-0.0152,-0.0187,-0.0418,-0.0292,-0.0418,0.0182,-0.0036,0.0839,-0.0076,0.1249,-0.003,0.0076,-0.0098,-0.0072,-0.0019,0.4013,-0.0405,-0.0353,0.3233,0.0105,-0.049,0.0,0.276,-0.0061,0.0328,0.0053,-0.183,-0.0289,-0.3307,-0.1497,-0.1167,0.241
CCR9,0.4287,-0.0,-0.0,-0.0,-0.0054,-0.0286,-0.0043,-0.0,0.0054,0.0,-0.0,-0.0068,-0.0004,0.2219,-0.0021,0.0006,-0.0039,-0.0,0.0,-0.0023,-0.0,0.0736,-0.0,-0.0,-0.003,0.0127,-0.0,3.2274,0.0,-0.0,-0.0,-0.0
OR10A4,-0.1703,0.0,0.0,0.0,0.0,0.0,0.0,0.0,0.0,0.0,0.0,0.0,0.0,0.0,0.0,0.0,0.0,0.0,0.0,0.0,0.0,0.0,0.0,0.0,0.0,0.0,-0.0,0.0,0.0,0.0,0.0,0.0
SLC5A2,0.348,0.0172,-0.0102,-0.0054,-0.0431,0.0279,-0.0185,-0.0091,0.0219,-0.0023,-0.0137,-0.0211,-0.2436,-0.2886,-0.0041,-0.0045,-0.0434,-0.0239,-0.0098,-0.0021,0.0521,0.0456,0.0317,-0.0056,0.0915,0.0668,-0.1966,-0.0009,0.1518,-0.0351,0.0468,-0.0
ADAM29,0.0,-0.0,0.0,0.0203,-0.0,0.0,-0.0037,0.291,0.0,-0.0119,0.0,-0.0,0.0,-0.0,0.0,0.0338,-0.0081,-0.0041,0.0,0.0,0.0,0.0,0.0126,-0.0,0.0,0.0,-0.0377,0.0,0.0,-0.0,-0.0,0.0
GPR142,0.0286,0.0,-0.0,-0.0,-0.0,0.0,-0.0,-0.0338,-0.0054,-0.0,-0.0082,0.0,0.0,0.0,0.0,0.0,0.0091,0.0213,0.0,-0.0,-0.0,0.0411,0.0,-0.0,0.0,0.0,-0.0,-0.0,-0.0198,-0.0,-0.0128,-0.0
KDR,0.0267,-0.1202,-0.2799,-0.2387,-0.4165,0.2094,-0.0607,0.2342,-0.0842,0.337,-0.179,0.007,0.4743,-0.2968,0.208,0.2578,-0.2571,-0.5072,0.0236,0.4108,-0.3015,0.2499,0.1117,-0.2258,0.3115,0.0407,0.0973,-0.2143,-0.2232,-0.6128,-0.5573,-0.2542
RELL1,0.6232,-0.0025,-0.1316,0.0074,-0.1425,0.336,-0.17,-0.1126,0.2167,0.3691,0.0552,0.1194,0.3946,0.2002,0.0334,0.212,-0.1184,-0.0649,0.1341,-0.0616,-0.0862,0.4264,0.1951,-0.0618,0.2446,0.103,0.1706,-0.1504,-0.0782,-0.203,-0.2061,-0.1406
OR4C3,0.0,0.0,0.0,0.0,0.0,0.0,0.0,0.0,0.0,0.0,0.0,0.0,0.0,0.0,0.0,0.0,0.0,0.0,0.0,0.0,0.0,0.0,0.0,0.0,0.0,0.0,0.0,0.0,0.0,0.0,0.0,0.0
TAS2R10,1.347,-0.0,-0.0,-0.0007,-0.0,-0.0,-0.0,0.0,-0.0034,0.0,-0.0,-0.0,-0.0,-0.0,-0.0,0.0016,-0.0,-0.0,-0.0,-0.0,-0.0,-0.0,-0.0022,-0.0,0.0,-0.001,-0.0019,-0.008,-0.0,-0.0,-0.0,-0.0
OR4C46,0.0,0.0,0.0,0.0,0.0,0.0,0.0,0.0,0.0,0.0,0.0,0.0,0.0,0.0,0.0,0.0,0.0,0.0,0.0,0.0,0.0,0.0,0.0,0.0,0.0,0.0,0.0,0.0,0.0,0.0,0.0,0.0
LRRC52,0.0,0.0,0.0,0.0111,0.0,0.0,-0.0,0.0,-0.0,0.036,0.0,1.1851,-0.0786,-0.0355,0.0,0.0517,0.0614,-0.002,0.2456,0.0,0.142,0.0,0.0,0.0,-0.0458,-0.0,-0.0564,0.0,0.1448,0.0646,0.1376,0.0321
PRSS41,0.0,0.0,0.0,0.0,0.0,0.0,0.0658,0.0,0.0743,0.0,0.0,0.0,0.0,0.0,0.0,0.0,0.0,0.0,0.0,0.0,0.0,0.2375,0.0,0.0,0.0,0.2131,-0.2499,0.0,0.0,0.0,0.0,0.0
OR2G3,0.9862,0.0,0.0,0.0,0.0,0.0,0.0,0.0,0.0,0.0,0.0,0.0,0.0,0.0,0.0,0.0,0.0,0.0,0.0,0.0,0.0,0.0,0.0,0.0,0.0,0.0,-0.0,0.0,0.0,0.0,0.0,0.0
KLRC3,0.0147,0.0,-0.0387,0.0023,0.0094,0.0,-0.0013,-0.009,0.0623,0.0085,-0.0031,0.0,0.0134,0.0,0.0,0.8824,-0.0313,-0.0183,0.2182,0.0,0.0018,0.0447,0.0,-0.0088,0.0,0.0236,0.102,0.0282,-0.0089,-0.0,-0.0,-0.0
OR2AG2,-0.0318,0.0,0.0,0.0,0.0,0.0,0.0,0.0,0.0,0.0,0.0,0.0,0.0,0.0,0.0,0.0,0.0,0.0,0.0,0.0,0.0,0.0,0.0,0.0,0.0,0.0,-0.0,0.0,0.0,0.0,0.0,0.0
OR1S1,0.0,0.0,0.0,0.0,0.0,0.0,0.0,0.0,0.0,0.0,0.0,0.0,0.0,0.0,0.0,0.0,0.0,0.0,0.0,0.0,0.0,0.0,0.0,0.0,0.0,0.0,0.0,0.0,0.0,0.0,0.0,0.0
OR2J3,0.0,0.0,0.0,0.0,0.0,0.0,0.0,0.0,0.0,0.0,0.0,0.0,0.0,0.0,0.0,0.0,0.0,0.0,0.0,0.0,0.0,0.0,0.0,0.0,0.0,0.0,-0.0,0.0,0.0,0.0,0.0,0.0
LIM2,-0.0,0.0,0.0,0.0,0.0,0.0,0.0,-0.0249,0.0,0.0,0.1937,0.0,0.0,0.0,0.0,0.0,0.0,0.0,0.0,0.0,0.0,0.0,0.0,0.0,0.0,0.0,3.6409,0.14,0.0,0.0,0.2724,0.0
OR52E5,0.0,0.0,0.0,0.0,0.0,0.0,0.0,0.0,0.0,0.0,0.0,0.0,0.0,0.0,0.0,0.0,0.0,0.0,0.0,0.0,0.0,0.0,0.0,0.0,0.0,0.0,-0.0,0.0,0.0,0.0,0.0,0.0
ROS1,-0.0144,0.0,0.0,0.0278,0.184,-0.0,-0.0025,0.0,0.8757,0.0377,0.4893,-0.0,-0.061,-0.0,0.0,0.0118,-0.1193,-1.0112,-0.118,0.0689,0.2091,0.6194,0.0,0.0,0.0,0.0407,-0.1067,-0.0085,0.0,0.1016,0.0701,-0.0
OR8D2,-0.0,0.0,0.0,0.0,0.0,0.0,0.0,0.0,0.0,0.0,0.0,0.0,0.0,0.0,0.0,0.0,0.0,0.0,0.0,0.0,0.0,0.0,0.0,0.0,0.0,0.0,-0.0,0.0,0.0,0.0,0.0,0.0
LRTM2,0.2196,0.0,0.0,0.1744,0.0,0.0555,-0.0,0.0,0.0112,-0.4411,-0.0,0.0,0.0,0.0,0.0,-0.4528,-0.015,-0.0011,0.0,0.0,0.1405,0.0,0.0908,0.0033,0.0,-0.0042,-0.0708,0.3817,-0.0033,0.1732,0.1252,0.0
OR10J5,0.0,0.0,0.0,0.0,0.0,0.0,0.0,0.0,0.0,0.0,0.0,0.0,0.0,0.0,0.0,0.0,0.0,0.0,0.0,0.0,0.0,0.0,0.0,0.0,0.0,0.0,0.0,0.0,0.0,0.0,0.0,0.0
OR2L3,1.2616,0.0,0.0,0.0,0.0,0.0,0.0,-0.0,0.0,-0.0,0.0,0.0,0.0,0.0,0.0,-0.0,0.0,0.0,0.0,0.0,-0.0,0.0,0.0,0.0,0.0,0.0,-0.0,0.0,0.0,0.0,0.0,0.0
OR51B2,-0.0033,0.0,0.0,0.0,0.0,0.0,0.0,0.0,0.0,0.0,0.0,0.0,0.0,0.0,0.0,0.0,0.0,0.0,0.0,0.0,0.0,0.0,0.0,0.0,0.0,0.0,0.0,0.0,0.0,0.0,0.0,0.0
RRH,0.0075,-0.0,-0.0032,0.0012,-0.0,0.0,-0.0,0.0,0.0,0.0006,-0.0,-0.0,0.0,0.0,-0.0,0.0005,-0.0004,-0.0,-0.0,-0.0,-0.0,0.0,0.0004,-0.0,0.0,0.0,-0.0,-0.0,-0.0,-0.0015,-0.0,-0.0098
PCDHA6,0.0,0.0619,-0.0181,-0.0039,-0.0328,0.3295,-0.0009,0.0,-0.006,-0.1188,-0.0083,-0.0486,0.0415,0.009,0.058,-0.0762,-0.0101,-0.0345,-0.0086,0.0,-0.0251,0.0088,0.3458,0.0192,0.2768,0.0009,-0.0679,-0.0,-0.0115,-0.0678,-0.0677,-0.0433
OR6B1,0.0,0.0,0.0,0.0,0.0,0.0,0.0,0.0,0.0,0.0,0.0,0.0,0.0,0.0,0.0,0.0,0.0,0.0,0.0,0.0,0.0,0.0,0.0,0.0,0.0,0.0,-0.0,0.0,0.0,0.0,0.0,0.0
SLC16A5,0.3451,-0.0213,-0.2026,-0.0528,-0.1512,0.2016,0.002,-0.2656,0.2673,0.0713,-0.0269,-0.2209,-0.5302,-0.4916,-0.0438,0.0099,-0.199,-0.3401,-0.1759,0.0651,0.0367,0.5274,-0.0013,-0.3299,-0.0991,0.2037,-0.0714,-0.2296,-0.2712,-0.164,-0.2185,0.0886
OR5AP2,0.0,0.0,0.0,0.0,0.0,0.0,0.0,0.0,0.0,0.0,0.0,0.0,0.0,0.0,0.0,0.0,0.0,0.0,0.0,0.0,0.0,0.0,0.0,0.0,0.0,0.0,0.0,0.0,0.0,0.0,0.0,0.0
KIR2DL1,0.0492,0.0,0.0128,-0.0041,0.0379,-0.0166,-0.0037,-0.1058,0.0139,0.0,0.0128,0.0,0.0145,0.0088,-0.0024,0.0,-0.0474,-0.0138,0.0169,0.0,0.0021,0.0,0.0,0.0,0.0,0.0299,0.0148,0.0186,-0.0,-0.0036,-0.0,0.0
CLDN22,-0.0,0.0632,0.0465,0.0,0.3221,-0.1719,0.0,-0.0,0.0,-0.0161,0.0,-0.0797,-0.1022,-0.083,-0.0107,-0.005,0.0,0.0,0.0,0.0,0.8493,0.0,0.0,-0.0059,0.0,-0.0043,0.0,0.0,0.0,1.2949,0.5341,0.0
OR9A4,0.8475,0.0,0.0,0.0,0.0,0.0,0.0,0.0,0.0,0.0,0.0,0.0,0.0,0.0,0.0,0.0,0.0,0.0548,0.0,0.0,0.0,0.0,0.0,0.0,0.0,0.0,-0.0,0.0,0.0,0.0,0.0,0.0
IL5RA,0.2294,-0.0,-0.0057,-0.0024,-0.0111,0.0,-0.0029,-0.0544,-0.0043,-0.0111,-0.0069,-0.0,0.0,0.0006,-0.0,-0.0042,-0.0622,-0.0543,-0.0018,-0.0101,-0.0174,0.0256,0.012,0.0412,0.0056,-0.0031,-0.0226,-0.0085,-0.0008,-0.0078,-0.0214,-0.0
HCRTR1,0.0996,-0.0,0.0,-0.0,0.0,0.0,-0.0,-0.0,-0.0,-0.0,-0.0,-0.0,-0.0049,-0.0,0.0,-0.0057,-0.0,-0.0,-0.0041,-0.0,-0.0,0.0017,0.364,-0.0,-0.056,0.0,-0.0,-0.0106,-0.0,-0.0,-0.0,-0.0
OR51I2,-0.0164,0.0,0.0,0.0,0.0,0.0,0.0,0.0,0.0,0.0,0.0,0.0,0.0,0.0,0.0,0.0,0.0,0.0,0.0,0.0,-0.0,0.0,0.0,0.0,0.0,0.0,-0.0,0.0,0.0,0.0,0.0,0.0
SSTR4,0.0,0.0,0.0,0.0,0.0,0.0,0.0,-0.0,0.0,-0.0,0.0,0.0,0.0,0.0,0.0,-0.0205,-0.0,-0.0315,0.0,0.0,-0.0091,0.0,0.0,0.0,0.0,0.0,-0.0,0.0,0.0,0.0,0.0,0.0
OR4K15,0.0,0.0,0.0,0.0,0.0,0.0,0.0,0.0,0.0,0.0,0.0,0.0,0.0,0.0,0.0,0.0,0.0,0.0,0.0,0.0,0.0,0.0,0.0,0.0,0.0,0.0,0.0,0.0,0.0,0.0,0.0,0.0
OR4D10,0.0,0.0,0.0,0.0,0.0,0.0,0.0,0.0,0.0,0.0,0.0,0.0,0.0,0.0,0.0,0.0,0.0,0.0,0.0,0.0,0.0,0.0,0.0,0.0,0.0,0.0,0.0,0.0,1.4798,0.0,0.0,0.0
OR52J3,0.0,0.0,0.0,0.0,0.0,0.0,0.0,0.0,0.0,0.0,0.0,0.0,0.0,0.0,0.0,0.0,0.0,0.0,0.0,0.0,0.0,0.0,0.0,0.0,0.0,0.0,0.0,0.0,0.0,0.0,0.0,0.0
CLRN2,0.0,0.0,0.0,0.0,0.0,0.0,0.0,0.0,0.0,0.0,0.0,0.0,0.0,0.0,0.0,0.0,0.0,0.0,0.0,0.0,0.0,0.0,0.0,0.0,0.0,0.0,-0.0,0.0,0.0,0.0,0.0,0.0
BTN1A1,0.0,0.0,-0.0135,-0.0024,-0.0033,0.0,0.0503,-0.0232,0.025,0.0082,-0.0,0.0,0.0,0.0,0.0,0.0,0.0014,0.0,0.0211,-0.0,-0.0,0.0,0.0,-0.0011,0.0085,0.0814,-0.0,0.0,-0.0,-0.0,0.027,-0.0
FPR2,0.0258,-0.0224,-0.0222,-0.0156,0.0027,-0.0061,0.035,-0.4031,0.0688,0.2726,0.0331,-0.0044,0.1006,-0.0051,-0.0088,0.0046,-0.3,-0.2881,0.0399,0.084,-0.015,0.228,-0.0116,-0.0054,0.107,0.1032,-0.0519,-0.0048,-0.0144,-0.0059,-0.003,-0.0
HTR6,0.0,0.0,-0.007,-0.0035,-0.0057,0.0,-0.0,-0.0348,0.01,-0.0176,-0.0,0.0,1.0893,0.0,0.0,-0.0238,0.0,0.0034,-0.0098,-0.0,0.0438,0.0,0.1297,-0.0,0.0795,0.0,-0.0246,-0.0,0.0,0.0,0.2082,-0.0
OR2B3,0.0,0.0,0.0,0.0,0.0,0.0,0.0,0.0,0.0,0.0,0.0,0.0,0.0,0.0,0.0,0.0,0.0,0.0,0.0,0.0,0.0,0.0,0.0,0.0,0.0,0.0,-0.0,0.0,0.0,0.0,0.0,0.0
MSLNL,0.0,0.0,0.0,0.0158,0.3267,0.0,0.0,0.0,0.0622,-0.0,0.0,0.0,0.0,0.0,0.0,-0.0,-0.1337,-0.0389,0.0,1.8095,1.1169,0.2692,0.0,-0.0,0.0,-0.0302,-0.0,0.0,0.0,0.0703,0.0,0.0
SLCO2B1,-0.1028,-0.5454,-0.3117,-0.084,-0.2886,-0.5387,-0.127,0.3075,-0.0703,0.3357,-0.194,-0.0215,0.4313,0.1924,-0.1453,0.3058,-0.2374,-0.4148,0.1963,0.0781,-0.165,0.2403,-0.3529,-0.2045,0.5756,0.3706,0.1035,-0.1018,-0.1857,-0.382,-0.3192,-0.3243
TSHR,0.8826,-0.0495,-0.0016,-0.0113,-0.0084,-0.0238,-0.0025,0.0015,0.0037,0.0751,-0.0069,-0.0,0.066,-0.002,-0.0018,0.4938,0.0139,0.014,-0.0113,-0.0149,-0.0392,0.0018,-0.025,-0.0028,0.0427,0.0058,-0.0046,1.3287,-0.0025,-0.0426,0.0165,-0.0
OR6M1,0.0,0.0,0.0,0.0,0.0,0.0,0.0,0.0,0.0,0.0,0.0,0.0,0.0,0.0,0.0,0.0,0.0,0.0,0.0,0.0,0.0,-0.0,0.0,0.0,0.0,0.0,-0.0,0.0,0.0,0.0,0.0,0.0
OR52W1,0.0,0.0,0.0,0.0,0.0,0.0,0.0,0.0,0.0,0.0,0.0,0.0,0.0,0.0,0.0,0.0,0.0,0.0,0.0,0.0,-0.0,0.0,0.0,0.0,0.0,0.0,0.0,0.0,0.0,0.0,0.0,0.0
OR6S1,0.0,0.0,0.0,0.0,0.0,0.0,0.0,-0.0603,0.0,0.0,0.0,0.0,0.0,0.0,0.0,0.0,0.0,0.0,0.0,0.0,0.0,0.0,0.0,0.0,0.0,0.0,-0.0,0.0,0.0,0.0,0.0,0.0
OR10G3,0.0,0.0,0.0,0.0,0.0,0.0,0.0,0.0,0.0,0.0,0.0,0.0,0.0,0.0,0.0,0.0,0.0,0.0,0.0,0.0,0.0,0.0,0.0,0.0,0.0,0.0,-0.0,0.0,0.0,0.0,0.0,0.0
OR7G2,0.0,0.0,0.0,0.0,0.0,0.0,0.0,0.0,0.0,0.0,0.0,0.0,0.0,0.0,0.0,0.0,0.0,0.0,0.0,0.0,0.0423,0.0,0.0,0.0,0.0,0.0,0.0,0.0,0.0,0.0,0.0,0.0
OR9A2,0.0,0.0,0.0,0.0,0.0,0.0,0.0,0.0,0.0,0.0,0.0,0.0,0.0,0.0,0.0,0.0,0.0,0.0,0.0,0.0,0.0,0.0,0.0,0.0,0.0,0.0,-0.0,0.0,0.0,0.0,0.0,0.0
OR4D2,0.0,0.0,0.0,0.0,0.0,0.0,0.0,0.0,0.0,0.0,0.0,0.0,0.0,0.0,0.0,0.0,0.0,0.0,0.0,0.0,0.0,0.0,0.0,0.0,0.0,0.0,0.0,0.0,0.0,0.0,0.0,0.0
OR4N4,0.0,0.0,0.0,0.0,-0.0,0.0,0.0,0.0,0.0,0.0,0.0,0.0,0.0,0.0,0.0,0.0,0.0,0.0,0.0,0.0,0.0,0.0,0.0,0.0,0.0,0.0,-0.0621,0.0,0.0,0.0,0.0,0.0
OR51F1,0.0,0.0,0.0,0.0,0.0,0.0,0.0,0.0,0.0,0.0,0.0,0.0,0.0,0.0,0.0,0.0,0.0,0.0,0.0,0.0,0.0,0.0,0.0,0.0,0.0,0.0,0.0,0.0,0.0,0.0,0.0,0.0
OR2L5,3.1055,0.0,0.0,0.0,0.0,0.0,0.0,-0.0,0.0,0.0,0.0,0.0,0.0,0.0,0.0,0.0,0.0,0.0,0.0,0.0,0.0,0.0,0.0,0.0,0.0,0.0,-0.0,0.0,0.0,0.0,0.0,0.0
EQTN,0.0039,0.0,-0.0,-0.0018,-0.0,0.0,-0.0,-0.0,0.0,0.0,-0.0,-0.0,-0.0,-0.0,0.0,0.0,-0.0,-0.0,-0.0035,-0.0,-0.0,-0.0,0.0,-0.0,0.0,-0.0,-0.0172,-0.0,-0.0,-0.0023,-0.0,-0.0
SLC37A3,-0.2681,0.0138,-0.1089,-0.057,-0.2565,0.247,0.0194,-0.342,0.0284,0.1831,-0.1248,0.1673,0.1419,0.2132,-0.0591,0.1424,-0.0196,-0.0602,0.0578,-0.0465,-0.2067,0.1435,0.004,-0.0164,0.3656,0.0805,0.2178,-0.1371,-0.1145,-0.3227,-0.3288,-0.2713
OR3A2,0.0,0.0,0.0,-0.0152,-0.1367,0.0,0.0,0.0,0.0,-0.0011,0.0,0.0,0.0338,0.0,0.0,-0.0014,0.0,0.0,0.0,0.0,-0.1279,0.0,0.0,0.0,0.0,0.0,-0.3767,0.3192,0.0,0.0,0.0,0.0
OR5A1,0.0,0.0,0.0,0.0,0.0,0.0,0.0,0.0,0.0,0.0,0.0,0.0,0.0,0.0,0.0,0.0,0.0,0.0,0.0,0.0,0.0,0.0,0.0,0.0,0.0,0.0,-0.0,0.0,0.0139,0.0,0.0,0.0
SIGLEC5,-0.0807,-0.0,-0.2037,0.0,0.0,0.0,0.0109,0.3492,0.0,0.1854,0.0,0.0,0.0,0.0,0.0,0.0,-0.0468,-0.0412,0.0,0.0,0.0,0.0,-0.0,0.0,-0.0238,0.0,0.0,0.0,0.0,0.0,0.0,0.0
NPSR1,0.0,0.0,0.0,0.0,0.0,0.0,1.5513,0.0,0.95,0.0968,0.2207,0.0,0.0,0.0,0.0,0.0157,0.11,0.4577,0.0,0.0,0.0,2.8011,0.0,0.0,0.0,2.8414,-0.069,0.0,0.0,0.0,0.0,0.0
RXFP2,1.8795,-0.0,0.0,-0.0024,0.0,0.0,0.0,0.0,0.0,0.0,0.0,0.0,0.0,0.0,0.0,0.0,0.0,0.0,-0.0,0.0,-0.0,0.0,-0.0,0.0,-0.0317,0.0,-0.0,0.0,-0.0,-0.0,-0.0,0.0
OR52N1,0.3771,0.0,0.0,0.0,0.0,0.0,0.0,0.0,0.0,0.0,0.0,0.0,0.0,0.0,0.0,0.0,0.0,0.0,0.0,0.0,0.0,0.0,0.0,0.0,0.0,0.0,0.0,0.0,0.0,0.0,0.0,0.0
OR10D4P,0.0,0.0,0.0,0.0,0.0,0.0,0.0,0.0,0.0,0.0,0.0,0.0,0.0,0.0,0.0,0.0,0.0,0.0,0.0,0.0,0.0,-0.0,0.0,0.0,0.0,0.0,-0.0,0.0,0.0,0.0,0.0,0.0
SLC22A25,0.0,0.0,0.0,-0.0045,-0.0,-0.1692,0.0,0.0,0.0,-0.0,0.0,0.0,0.0,0.0,-0.8864,-0.0,0.0,0.0,0.0,0.0,0.0,0.0,0.0,0.0,0.0,0.0,0.0,0.0,0.0,0.0,0.0,0.0
OR7C2,0.0,0.0,0.0,0.0,0.0,0.0,0.0,0.0,0.0,0.0,0.0,0.0,0.0,0.0,0.0,0.0,0.0,0.0,0.0,0.0,0.0,0.0,0.0,0.0,0.0,0.0,0.0,0.0,0.0,0.0,0.0,0.0
OR2W6P,-0.0178,0.0,0.0,0.008,0.0195,0.0,0.0,-0.0,0.1055,0.0,0.0,0.0,0.0,0.0,0.0,0.0,0.0,0.0,0.0,0.0,0.0298,0.0,0.0,0.0,0.0,0.0558,0.0193,0.0,0.0,0.0323,0.0,0.0
OR4N5,0.0,0.0,0.0,0.0,0.0,0.0,0.0,0.0,0.0,0.0,0.0,0.0,0.0,0.0,0.0,0.0,0.0,0.0,0.0,0.0,0.0,0.0,0.0,0.0,0.0,0.0,0.0,0.0,0.0,0.0,0.0,0.0
OR7A10,0.0,0.0,0.0,0.0,0.0,0.0,0.0,0.0,0.0,0.0,0.0,0.0,0.0,0.0,0.0,0.0,0.0,0.0,0.0,0.0,0.0,0.0,0.0,0.0,0.0,0.0,0.0,0.0,0.0,0.0,0.0,0.0
AQP10,-0.0994,0.0,-0.0056,-0.0003,-0.0043,0.1472,0.0004,-0.0,0.0,0.0,0.0869,0.0,0.0026,0.0,0.1642,0.0,-0.0078,-0.0492,-0.0085,0.0053,-0.0,0.2319,0.4601,-0.0034,0.0264,-0.0057,-0.1461,-0.0,0.0,-0.0458,-0.0,-0.0
JAG2,-0.095,0.0951,-0.0845,-0.1819,0.0843,0.6729,0.1444,0.1183,0.0493,-0.2637,0.2424,-0.0113,0.314,-0.0341,0.2189,-0.2121,-0.0724,0.129,-0.4224,-0.0718,-0.0353,0.1369,0.3769,-0.2609,-0.0725,0.0994,0.0788,0.3546,-0.09,-0.0647,-0.0468,0.0363
OR2L8,0.3849,0.0,0.0,0.0,0.0,0.0,0.0,0.0,0.0,0.0,0.0,0.0,0.0,0.0,0.0,0.0,0.0,0.0,0.0,0.0,0.0,0.0,0.0,0.0,0.0,0.0,0.0,0.0,0.0,0.0,0.0,0.0
OR10Z1,0.0,0.0,0.0,0.0,0.0,0.0,0.0,0.0,0.0,0.0,0.0,0.0,0.0,0.0,0.0,0.0,0.0,0.0,0.0,0.0,0.0,0.0,0.0,0.0,0.0,0.0,0.0,0.0,0.0,0.0,0.0,0.0
SLC6A6,-0.1663,-0.2856,-0.0489,-0.0256,-0.0495,0.5429,0.2029,-0.363,0.2126,-0.0502,-0.0353,-0.2585,-0.001,0.1327,-0.0167,-0.169,-0.141,-0.1745,-0.1865,-0.1603,-0.2702,0.7483,-0.4929,-0.2842,-0.2554,0.2091,0.2943,-0.2929,-0.0673,-0.0913,-0.3259,-0.2693
OR13C5,0.0,0.0,0.0,0.0,-0.0,0.0,0.0,0.0,0.0,0.0,0.0,0.0,0.0,0.0,0.0,0.0,0.0,0.0,0.0,0.0,-0.0,0.0,0.0,0.0,0.0,0.0,0.0,0.0,0.0,0.0,0.0,0.0
OR1K1,0.0,0.0,0.0,0.0,0.0,0.0,0.0,0.0,0.0174,0.0,0.0,0.0,0.0,0.0,0.0,0.0,0.0,0.0,0.0,0.0,0.0,0.0,0.0,0.0,0.0,0.0151,-0.0,0.0,0.0,0.0,0.0,0.0
OR8B4,0.0,0.0,0.0,0.0,0.0,0.0,0.0,0.0,0.0,0.0,0.0,0.0,0.0,0.0,0.0,0.0,0.0,0.0,0.0,0.0,0.0,0.0,0.0,0.0,0.0,0.0,0.0,0.0,0.0,0.0,0.0,0.0
ENPP1,-0.0006,-0.0795,-0.1223,0.1737,-0.2144,-0.3156,0.026,0.0455,0.0568,0.0975,-0.1266,-0.0606,-0.0341,0.154,-0.0775,0.0086,-0.0265,-0.0481,0.0663,-0.0795,-0.2886,-0.1343,0.1055,-0.0536,0.4609,0.1431,0.2473,-0.0812,-0.1416,-0.3936,-0.4098,-0.1277
FSHR,0.0,0.0,-0.0,0.0,-0.0,0.0,0.0,0.0,-0.0,0.0,0.0,-0.0154,0.0039,0.207,0.0,0.0,0.0,0.0,0.0,0.0291,-0.0056,0.0,0.0,0.0,0.0,0.0,-0.3141,0.0,0.0,0.0,0.0,0.0
ABCB4,0.0244,0.008,-0.0436,0.0163,-0.0047,-0.5005,-0.04,0.1724,-0.0142,0.4547,-0.0228,-0.0079,0.331,0.3067,-0.0926,0.1936,0.0771,0.0043,0.2258,0.0005,-0.0047,0.5101,-0.2542,-0.0123,0.0082,0.0472,-0.0533,-0.0089,-0.0147,0.0198,0.1353,0.0126
GPR15,0.2321,0.0,-0.0601,-0.0204,-0.0446,-0.0,-0.1445,-0.1267,0.0795,0.0,0.1505,0.0,0.1755,0.0543,-0.0044,0.0,-0.0586,-0.0391,-0.0044,-0.012,-0.0026,0.1021,0.0333,-0.0076,0.0,0.0261,0.0339,0.0019,-0.0038,-0.0029,-0.0251,-0.0214
OR4K5,0.0,0.0,0.0,0.0,0.0,0.0,0.0,0.0,0.0,0.0,0.0,0.0,0.0,0.0,0.0,0.0,0.0,0.0,0.0,0.0,0.0,0.0,0.0,0.0,0.0,0.0,0.0,0.0,0.0,0.0,0.0,0.0
SLC6A8,-0.5952,-0.0539,-0.1883,-0.0041,0.2542,0.7558,-0.1409,-0.2897,0.0834,0.1224,0.2307,0.1891,0.265,0.0553,0.2019,0.1389,0.0515,0.6523,0.2664,-0.0772,0.0562,0.4005,-0.2958,-0.0321,-0.3004,0.1795,-0.2193,0.0696,-0.2988,0.0329,0.0566,0.3079
OR10A6,0.0,0.0,-0.0,0.0,0.0,0.0,0.0,0.0,0.0,0.0,0.0,0.0,0.0,0.0,0.0,0.0,0.0,0.0,-0.0,0.0,0.0,0.0,0.0,0.0,0.0,0.0,-0.0,0.0,0.0,0.0,0.0,0.0
OR51D1,0.0,0.0,0.0,0.0,0.0,0.0,0.0,0.0,0.0,0.0,0.0,0.0,0.0,0.0,0.0,0.0,0.0,0.0,0.0,0.0,0.0,0.0,0.0,0.0141,0.0,0.0,0.0,0.0,0.0,0.0,0.0,0.0
OR6T1,0.0,0.0,0.0,0.0,0.0,0.0,0.0,0.0,0.0,0.0,0.0,0.0,0.0,0.0,0.0,0.0,0.0,0.0,0.0,0.0,0.0,-0.0,0.0,0.0,0.0,0.0,-0.0,0.0,0.0,0.0,0.0,0.0
OR2AP1,0.0,0.0,0.0,0.0,0.0,0.0,0.0,0.0,0.0,0.0,0.0,0.0,0.0,0.0,0.0,0.0,0.0,0.0,0.0,0.0,0.0,0.0,0.0,0.0,0.0,0.0,0.0,0.0,0.0,0.0,0.0,0.0
OR2L13,1.2818,0.0,-0.0059,-0.0028,-0.0,0.0,-0.0,-0.0,0.0,-0.1126,0.0,0.0,0.0,0.0,0.0,-0.1324,0.0,0.0,0.141,0.0,0.0366,0.0,2.1717,0.0094,0.0702,0.0,-0.0,0.8737,0.0,0.0,0.0,0.0
SLCO6A1,-0.0,0.0,0.2981,0.0,0.0224,0.0,0.0,0.0,0.1649,0.0,0.0961,-0.0376,-0.0145,-0.0087,0.0,0.0096,0.0,0.0436,0.0,0.0,0.1158,0.0,0.1112,0.0,0.0,0.0,-0.1387,2.7691,0.0,0.0,0.2289,0.0
HTR3D,0.0,0.0,0.0,0.0,0.0,0.0,0.0,0.0,0.0,0.0,0.0,0.0,0.0,0.0,0.0,0.0,0.0,0.0,0.0,0.0,0.0,0.0,0.0,0.0,0.0,0.0,-0.0,0.0,0.0,0.0,0.0,0.0
OR5A2,0.0,0.0,0.0,0.0,0.0,0.0,0.0,0.0,0.0,0.0,0.0,0.0,0.0,0.0,0.0,0.0,0.0,0.0,0.0,0.0,0.0,0.0,0.0,0.0,0.0,0.0,0.0,0.0,0.0,0.0,0.0,0.0
XKR3,-0.0765,0.0,0.0,0.0,0.0,0.0,0.0,-0.0725,0.0,0.0159,0.0,0.0,0.015,0.3517,0.0,0.0,-0.0056,-0.0119,0.0,0.0,0.0,0.0,-0.0,0.0,0.1912,0.0,-0.0,0.0,0.0,0.0,0.0,0.0
OR6V1,0.0,0.0,0.0,0.0,0.0,0.0,0.0,0.0,0.0,0.0,0.0,0.0,0.0,0.0,0.0,0.0,0.0,0.0,0.0,0.0,0.0,0.0,0.0,0.0,0.0,0.0,-0.0,0.0,0.0,0.0,0.0,0.0
OR4C6,0.0,0.0,0.0,0.0,0.0,0.0,0.0,0.0,0.0,0.0,0.0,0.0,0.0,0.0,0.0,0.0,0.0,0.0,0.0,0.0,0.0,0.0,0.0,0.0,0.0,0.0,0.0,0.0,0.0,0.0,0.0,0.0
LRP6,-0.0725,0.0237,-0.1934,-0.0512,-0.3071,-0.068,0.0016,-0.0167,0.1811,0.0607,-0.1663,0.0864,0.185,0.1241,-0.062,0.2113,-0.1092,-0.1273,0.0376,-0.1896,-0.1199,0.0857,0.0987,-0.0788,0.0961,0.2426,0.3177,-0.2278,-0.1632,-0.2261,-0.1737,-0.2123
ERVV-2,-0.0,0.0,0.3683,0.0,0.0,0.0,0.0,0.0,0.1555,0.0,0.0,0.0,0.0,1.0553,0.0,0.0,0.0,0.0,0.0,0.0,0.0917,0.0,0.0,0.0,0.0,0.0758,-0.0137,0.0,0.1183,0.0,0.1738,0.0
TAAR8,0.0,0.0,0.0,0.0,0.0,0.0,0.0,0.0,0.0,0.0,0.0,0.0,0.0,0.0,0.0,0.0,0.0,0.0,0.0,0.0,0.0,0.0,0.0,0.0,0.0,0.0,0.0,0.0,0.0,0.0,0.0,0.0
OR9Q2,0.0,0.0,0.0,0.0,0.0,0.0,0.0,0.0,0.0,0.0,0.0,0.0,0.0,0.0,0.0,0.0,0.0,0.0,0.0,0.0,0.0,0.0,0.0,0.0,0.0,0.0,-0.0,0.0,0.0,0.0,0.0,0.0
OR10A5,0.5884,0.0,0.0,0.0,0.0,0.0,0.0,0.0,0.0,0.0,0.0,0.0,0.0,0.0,0.0,0.0,0.0,0.0,0.0,0.0,0.0,0.0,0.0,0.0,0.0,0.0,0.0,0.0,0.0,0.0,0.0,0.0
OR1L6,0.0,0.0,0.0,0.0,0.0,0.0,0.0,0.0,0.0,0.0,0.0,0.0,0.0,0.0,0.0,0.0,0.0,0.0,0.0,0.0,0.0,0.0,0.0,0.0,0.0,0.0,0.0,0.0,0.0,0.0,0.0,0.0
SLC17A1,0.0,-0.2521,0.0,0.0,0.0,-0.471,-0.0,0.0,0.0,0.0,0.0,-0.0727,-0.0489,0.2753,-0.1566,0.0,0.0,0.0,0.0,0.0,-0.0,0.0,-0.0,0.0,0.0,0.0,-0.0227,0.0,0.0,0.0,0.0,0.0
IMPG2,0.031,-0.0,-0.0,-0.0,-0.0,0.0,-0.0,-0.0,-0.0,0.0,-0.001,-0.0,0.0,-0.0004,-0.0,0.0,-0.0,-0.0,-0.0,-0.0,0.114,0.0,0.0125,-0.0,0.0043,-0.0,-0.0047,-0.0,-0.0,-0.0095,-0.0115,-0.0366
OR5M9,0.0,0.0,0.0,0.0,0.0,0.0,0.0,0.0,0.0,0.0,0.0,0.0,0.0,0.0,0.0,0.0,0.0,0.0,0.0,0.0,0.0,0.0,0.0,0.0,0.0,0.0,0.0,0.0,0.0,0.0,0.0,0.0
MANSC4,0.0,0.0,-0.0037,-0.0016,-0.0076,0.0531,-0.0,0.0484,0.0009,-0.0,-0.0075,-0.0,-0.0031,-0.0084,0.0,0.0,-0.0031,-0.0119,-0.0054,-0.0,-0.0031,-0.0,0.0,-0.0012,0.0119,-0.0006,-0.0645,0.0,-0.0112,-0.0324,-0.0088,-0.0
FAM187B,-0.0,-0.0,-0.0,-0.0029,-0.0,0.0,-0.0,-0.0,-0.0,-0.0,-0.0,-0.0,-0.0,-0.0,0.0,-0.0,-0.0,-0.0,-0.0,-0.0,-0.0,0.0,-0.0,-0.0,0.0,0.0,-0.0559,-0.0,-0.0,-0.0,-0.0,-0.0
PCDHB14,0.0644,0.0775,-0.0261,-0.1177,-0.164,0.6017,0.06,0.0,0.0209,0.1964,0.0494,-0.0464,0.3154,0.2068,0.0225,0.1196,-0.0842,-0.0032,-0.1485,0.1213,-0.1932,0.2021,0.2052,-0.0101,0.5065,0.2752,-0.1539,-0.1476,-0.0896,-0.2725,-0.133,-0.0634
MAS1,0.1417,0.0,0.0,0.0,-0.0,0.0,0.0,0.0,0.0,0.0154,0.0,0.0,0.0,0.0,0.0,0.1935,0.0,0.0,0.0,0.0,-0.0196,0.0,0.0,-0.0,0.0485,0.0,-0.0,0.0,0.0,-0.0,-0.0763,0.0
OR8H3,0.0,0.0,0.0,0.0,0.0,0.0,0.0,0.0,0.0,0.0,0.0,0.0,0.0,0.0,0.0,0.0,0.0,0.0,0.0,0.0,0.0,0.0,0.0,0.0,0.0,0.0,0.0,0.0,0.0,0.0,0.0,0.0
OTOP1,0.0,0.0,0.0,0.0,0.0,0.0,0.0,0.0,0.0,0.0,0.0,0.0,0.0,0.0,0.0,0.0,0.0,0.0,-0.0,0.0,0.1058,0.0,0.0,0.0,0.0,0.0,-0.0,0.0,0.0,0.0,0.0,0.0
OR14K1,0.0,0.0,0.0,0.0,0.0,0.0,0.0,0.0,0.0,0.0,0.0,0.0,0.0,0.0,0.0,0.0,0.0,0.0,0.0,0.0,0.0,0.0,0.0,0.0,0.0,0.0,-0.0,0.0,0.0,0.0,0.0,0.0
OR10G2,0.0,0.0,0.0,0.0,0.0,0.0,0.0,-0.0,0.0,0.0,0.0,0.0,0.0,0.0,0.0,0.0,0.0,0.0,0.0,0.0,0.0,0.0,0.0,0.0089,0.0,0.0,-0.0,0.0,0.0,0.0,0.0,0.0
OR5H15,0.0,0.0,0.0,0.0,0.0,0.0,0.0,0.0,0.0,0.0,0.0,0.0,0.0,0.0,0.0,0.0,0.0,0.0,0.0,0.0,0.0,0.0,0.0,0.0,0.0,0.0,0.0,0.0,0.0,0.0,0.0,0.0
TP53I13,0.2452,-0.0135,-0.0502,-0.1875,-0.0895,-0.0101,-0.1443,0.0167,-0.0082,0.2751,-0.1212,-0.2808,-0.1007,0.0541,-0.1413,0.1268,-0.1481,-0.1616,0.0803,-0.026,-0.2053,0.2103,0.0071,-0.1594,0.3315,-0.0545,-0.2386,-0.0583,-0.1765,-0.1077,-0.1285,-0.0585
OR2AK2,2.8423,0.0,0.0,0.0,0.0,0.0,0.0,0.0,0.0,0.0,0.0,0.0,0.0,0.0,0.0,0.0,0.0,0.0,0.0,0.0,0.0,0.0,0.0,0.0,0.0,0.0,-0.0,0.0,0.0,0.0,0.0,0.0
PKD1L3,0.0127,-0.0,-0.0059,-0.0,-0.0071,-0.0,-0.0065,-0.0,-0.0042,0.0,-0.0,-0.0,-0.0,-0.0,-0.0,0.0,-0.0023,-0.008,-0.0,0.0,-0.0,0.0,-0.0,-0.0027,0.0,0.0037,-0.0,-0.0,-0.0,-0.0038,-0.0,-0.0
NTSR1,0.0473,-0.0068,-0.0155,0.0042,0.0053,0.0557,-0.1363,-0.0,0.0045,-0.0279,0.0094,0.0065,-0.0198,-0.0209,-0.0082,-0.0181,-0.0354,-0.0204,0.0047,0.0398,0.0326,0.2381,-0.0147,-0.0,0.0411,0.0485,-0.056,0.0056,-0.0,0.0197,0.2741,0.0101
CLEC12B,2.1903,-0.0,-0.0341,-0.0012,-0.0,-0.0,-0.0,-0.0,-0.0087,-0.0005,-0.0028,-0.0,0.0074,-0.0001,-0.0,0.0,-0.0147,-0.0312,-0.0622,-0.0005,-0.0,0.0024,-0.0,-0.0,0.0025,-0.0,-0.1964,-0.0007,-0.0,-0.0,-0.0,-0.0
OR5W2,0.0,0.0,0.0,0.0,0.0,0.0,0.0,0.0,0.0,0.0,0.0,0.0,0.0,0.0,0.0,0.0,0.0,0.0,0.0,0.0,0.0,0.0,0.0,0.0,0.0,0.0,0.0,0.0,0.0,0.0,0.0,0.0
CDH6,0.0242,0.0354,-0.1011,-0.124,-0.1114,1.1078,0.0062,0.0,0.0879,0.2965,-0.0162,-0.1603,0.4848,0.4829,0.0694,0.1019,-0.2223,-0.1988,-0.0215,0.1354,0.716,0.6836,0.5245,-0.0513,0.1398,0.2065,0.0286,-0.0547,0.2001,0.0141,0.0003,-0.0229
OR2T7,0.0,0.0,0.0,0.0,0.0,0.0,0.0,0.0,0.0,0.0,0.0,0.0,0.0,0.0,0.0,0.0,0.0,0.0,0.0,0.0,0.0,0.0,0.0,0.0,0.0,0.0,-0.0,0.0,0.0,0.0,0.0,0.0
GLRB,0.0688,-0.1325,-0.0496,0.0595,-0.1485,0.582,-0.0393,0.0,-0.0233,-0.0474,-0.0831,0.1835,0.0068,0.6608,-0.0037,0.0657,0.1254,-0.0183,-0.1585,-0.0737,0.0775,0.0458,0.3265,0.0131,0.2656,-0.0816,-0.0544,-0.0035,0.3623,0.0829,0.0862,-0.0119
OR52I1,0.0,0.0,0.0,0.0,0.0,0.0,0.0,0.0,0.0,0.0,0.0,0.0,0.0,0.0,0.0,0.0,0.0,0.0,0.0,0.0,-0.0,0.0,0.0,-0.0045,0.0,0.0,-0.0,0.0,0.0,0.0,0.0,0.0
OR4D6,0.0,0.0,0.0,0.0,0.0,0.0,0.0,0.0,0.0,0.0,0.0,0.0,0.0,0.0,0.0,0.0,0.0,0.0,0.0,0.0,0.0,0.0,0.0,0.0,0.0,0.0,-0.0,0.0,-0.0025,0.0,0.0,0.0
OR5M8,0.0,0.0,0.0,0.0,0.0,0.0,0.0,0.0,0.0,0.0,0.0,0.0,0.0,0.0,0.0,0.0,0.0,0.0,0.0,0.0,0.0,0.0,0.0,0.0,0.0,0.0,-0.0807,0.0,0.0,0.0,0.0,0.0
MIP,0.0299,0.0,0.0,0.0,0.0,-0.0,0.0,0.0,0.0069,0.0021,0.0,0.0,0.0,0.0,-0.0111,0.0005,0.0,0.0,0.0023,0.0,0.0095,-0.0,-0.0023,0.002,0.0,0.0033,-0.0,0.0,0.0,0.0,0.0,0.0081
TRPV5,0.0065,0.0,0.0,-0.0003,-0.0,0.0,-0.0,-0.0,-0.0,-0.0,-0.0,-0.0,-0.0064,-0.0,0.0,-0.0,-0.0,-0.0,0.0,-0.0,0.0,0.0,0.0,-0.0,-0.0,0.0,-0.0,-0.0,-0.0,-0.0,-0.0,-0.0
OR2T2,0.0,0.0,0.0,0.0,0.0,0.0,0.0,0.0,0.0,0.0,0.0,0.0,0.0,0.0,0.0,0.0,0.0,0.0,0.0,0.0,0.0,0.0,0.0,0.0,0.0,0.0,0.0,0.0,0.0,0.0,0.0,0.0
GPR21,0.5102,0.0,-0.0014,-0.0008,-0.0,0.0,-0.0053,0.0,-0.0,-0.0024,-0.0,-0.0,0.0088,-0.0,0.0,-0.0045,-0.004,-0.0,-0.0,0.0019,-0.0,0.0087,0.0185,-0.0023,0.0656,-0.0002,-0.0,-0.0037,-0.0011,-0.0163,-0.0,-0.0
GP6,0.1685,0.0,-0.0079,-0.0044,-0.0168,0.0,-0.0007,-0.0,-0.0026,-0.0,-0.0032,0.1678,0.0186,0.0028,-0.0,-0.0008,-0.0062,-0.0065,-0.0041,-0.0075,-0.0112,0.009,0.0,-0.0042,-0.0022,0.0023,-0.0065,-0.0,-0.0009,-0.0137,-0.0,-0.0
SPAM1,0.0,0.0,-0.0,0.0,0.0,0.0,-0.0,0.0,0.0,0.0,0.0,0.0,0.0,0.0,0.0,0.0,0.0,0.0,0.0,0.0,0.0,0.0,0.0,0.0,-0.0,0.0,-0.0671,0.0,0.0,0.0,0.0,0.0
GPR139,0.0,0.0,0.0,0.0,0.0,0.0,0.0,0.0,0.0,0.2022,0.0,0.0,0.0,0.0,0.0,0.0,0.0,0.0,0.0,0.0,0.0,0.0,0.0,0.0,0.0,0.0,-0.0,0.0,0.0,0.0,0.0,0.0
OR4L1,0.0,0.0,0.0,0.0,0.0,0.0,0.0,0.0,0.0,0.0,0.0,0.0,0.0,0.0,0.0,0.0,0.0,0.0,0.0,0.0,0.0,0.0,0.0,0.0,0.0,0.0,0.0,0.0,0.0,0.0,0.0,0.0
SGCZ,0.0,0.0,-0.0377,-0.0023,-0.0,0.0,-0.0,0.0,0.0,-0.0327,0.0,0.0,0.0,0.0,0.0,0.0039,0.0,0.0485,-0.0105,0.0,-0.0194,0.0,0.0,-0.0045,0.0,0.0,-0.0,0.3693,0.0,-0.0,-0.0629,0.0
OR4D9,0.0,0.0,0.0,0.0,0.0,0.0,0.0,0.0,0.0,0.0,0.0,0.0,0.0,0.0,0.0,0.0,0.0,0.0,0.0,0.0,0.0,0.0,0.0,0.0,0.0,0.0,0.0,0.0,0.0,0.0,0.0,0.0
GPR42,-0.0,0.0,-0.0,-0.0,0.0,0.0,-0.0,-0.0,0.0,0.0,0.0,0.0,0.0226,0.0,0.0,0.0,-0.0,-0.0,0.0,0.0408,0.0,0.0849,0.0703,0.0,0.156,-0.0,0.0,0.0,-0.0,0.0,0.0502,0.4626
CLEC1B,2.894,-0.0,-0.0213,-0.0005,0.0033,-0.3195,-0.005,-0.0,0.0051,0.0126,0.0048,-0.0,0.0,0.0,-0.2751,0.0,-0.0141,-0.0035,0.0015,0.0086,0.0086,0.0113,-0.0,-0.0,0.0139,0.0,-0.1078,0.0,-0.0,-0.0,-0.0,-0.0
OR10H1,0.0,0.0,-0.1858,0.0,0.0345,0.0,0.0,0.0,0.0285,0.0,0.0198,0.0,0.0,0.0,0.0,0.0,0.0,0.0,0.0,0.0,0.0,0.0143,0.0,0.0165,0.0,0.0,-0.0,0.0,0.0,0.0,0.0,0.0
RHO,0.0,0.0,0.0,-0.0,-0.0,0.0,-0.0,-0.0,0.0,-0.0,-0.0,0.0,0.0,0.0,0.0,0.0,-0.0,-0.0,0.0,0.0,-0.0041,0.0,0.0,-0.0,0.0,0.0,-0.0,0.0,-0.0,-0.0,-0.0,0.0945
OPN5,0.0,0.0,0.0,0.0,-0.0,0.0,0.0,0.0,0.0,-0.0441,0.0,0.0,0.0,0.0,0.0,-0.0,0.0,0.0,0.0,0.0,0.0,0.0,0.0,0.0,0.0,0.0,-0.0,0.0,0.0,0.0691,0.0,0.0
OR4F3,0.0,0.0,0.0,0.0,0.0,0.0,0.0,0.0,0.0,0.0,0.0,0.0,0.0,0.0,0.0,0.0,0.0,0.0,0.0,0.0,0.0,0.0,0.0,0.0,0.0,0.0,0.0,0.0,0.0,0.0,0.0,0.0
OR52E6,0.0,0.0,0.0,0.0,0.0,0.0,0.0,0.0,0.0,0.0,0.0,0.0,0.0,0.0,0.0,0.0,0.0,0.0,0.0,0.0,0.0,0.0,0.0,0.0,0.0,0.0,0.0,0.0,0.0,0.0,0.0,0.0
CEACAM20,0.0,-0.0,0.0,-0.0023,0.0,-0.0,-0.0374,0.0,0.0875,0.0,0.0,0.0,0.0,0.0,-0.0348,0.0,-0.0053,-0.0111,0.0,0.0,0.0,0.1117,-0.0,0.6104,0.0,0.2086,-0.0153,0.0,0.0,0.0,0.0,0.0
OR56A4,0.0,0.0,0.0,0.0,0.0,0.0,0.0,0.0,0.0,0.0,0.0,0.0,0.0,0.0,0.0,0.0,0.0,0.0,0.0,0.0,0.0,0.0,0.0,0.0,0.0,0.0,-0.0,0.0,0.0,0.0,0.0,0.0
PKD1L1,0.0,-0.0022,-0.0408,-0.0073,-0.0014,0.0,0.0215,0.0184,-0.0039,0.1109,-0.0005,-0.0,0.0216,-0.0008,0.0025,-0.0036,-0.0063,-0.01,0.0457,-0.0031,0.0455,0.0015,0.089,-0.0008,-0.0039,0.0093,-0.0251,0.0028,-0.0022,-0.0033,-0.002,-0.0
OR10H4,0.0,0.0,0.0,0.0,-0.0,0.0,0.0,0.0,0.0,0.0,0.0,0.0,0.0,0.0,0.0,0.0,0.0,0.0,0.0,0.0,0.0,0.0,0.0,0.0,0.0,0.0,-0.0,0.0,0.0,0.0,0.0,0.0
CNTNAP5,0.0,0.0,-0.0259,0.0,0.0,0.5398,-0.0,0.0,0.0,-0.0829,0.0,3.9484,0.1314,-0.0339,0.0,0.2978,0.0,0.0153,0.0,0.0,0.0,0.0428,1.958,0.0,0.0,0.0,0.0415,0.0829,0.0,0.0,0.0,1.0073
OR52L1,0.0,0.0,0.0,0.0,0.0,0.0,0.0,0.0,0.0,0.0,0.0,0.0,0.0,0.0,0.0,0.0,0.0,0.0,0.0,0.0,0.0,0.0,0.0,0.0,0.0,0.0,-0.0,0.0,0.0,0.0,0.0,0.0
OR4K17,0.0,0.0,0.0,0.0,0.0,0.0,0.0,0.0,0.0,0.0,0.0,0.0,0.0,0.0,0.0,0.0,0.0,0.0,0.0,0.0,0.0,0.0,0.0,0.0,0.0,0.0,0.0,0.0,0.0,0.0,0.0,0.0
GYPA,-0.1356,0.0,0.0,0.0,0.0,-0.0,0.0,-0.0,0.0,-0.0,0.0,-0.0,-0.037,-0.0306,-0.0079,-0.0,-0.0,-0.0,0.0,0.0356,0.0,0.0,0.0176,0.0,0.0,0.0,-0.0579,0.0,0.0,0.0,0.0,0.0
SLC22A8,0.0,0.0,0.0,0.0,-0.0,0.0,0.0,0.0,0.0,-0.0,0.0,-0.0,-1.3236,-1.1952,0.0,-0.0188,0.0,0.0,0.0,0.0,-0.0137,0.0,0.0,0.0,0.0,-0.017,0.0893,0.0,0.0,0.0,0.0,0.4954
IL12RB2,-0.0074,-0.003,0.0533,0.0019,0.3539,0.0,-0.0041,-0.033,0.1421,0.0019,0.6426,-0.0,0.0406,0.339,-0.0025,0.0084,0.0033,0.242,0.7999,-0.0035,0.0279,-0.0249,-0.0,-0.0006,-0.1097,0.0924,-0.0649,0.0029,-0.0028,0.0095,0.0883,0.5412
GML,0.0,0.0,0.0,0.0,0.0,0.0,0.0,0.0,0.0,0.0,0.0,0.0,0.0,0.0,0.0,0.0,0.0,0.0,0.0,0.0,0.0,0.0,0.0,0.0,0.0,0.0,-0.0,0.0,0.0,0.0,0.0,0.0
ABCC12,0.0,0.0,-0.0,0.3067,-0.0,-0.0,0.0,0.0,0.0,-0.0365,0.0,0.0,0.0,0.0,-0.0,-0.0301,0.0,-0.0125,0.0,0.0,-0.0,-0.0,0.0,-0.0143,-0.111,-0.0187,-1.0625,0.0,-0.0442,0.0113,0.1051,0.3406
GRM6,0.0,-0.0,-0.045,-0.0022,-0.0,0.0,-0.0024,-0.0,-0.0041,-0.0006,-0.0069,-0.0,-0.0014,-0.0023,-0.0018,-0.0011,-0.0069,-0.002,-0.0,-0.0,-0.006,0.0,0.0076,-0.0,0.0059,-0.0012,-0.0,-0.0,-0.0,-0.0182,-0.0,-0.0239
OR4K14,0.0,0.0,0.0,0.0,0.0,0.0,0.0,0.0,0.0,0.0,0.0,0.0,0.0,0.0,0.0,0.0,0.0,0.0,0.0,0.0,0.0,0.0,0.0,0.0,0.0,0.0,0.0,0.0,0.0,0.0,0.0,0.0
TRPV2,0.0197,0.058,0.0029,-0.0961,-0.0878,0.3299,-0.0941,0.1483,-0.0736,0.229,-0.0443,-0.0315,0.4039,0.1897,0.221,0.0416,-0.2914,-0.3816,0.597,0.0684,-0.2925,0.4922,0.0869,-0.2323,0.5685,0.1327,0.2942,0.2653,-0.1146,-0.1566,-0.1822,0.3506
OR13H1,0.0,0.0,0.0,0.0,0.0,0.0,0.0,0.0,0.0,0.0,0.0,0.0,0.0,0.0,0.0,0.0,0.0,0.0,0.0,0.0,0.0,0.0,0.0,0.0,0.0,0.0,0.0,0.0,0.0,0.0,0.0,0.0
OR2M5,0.0,0.0,0.0,0.0,0.0,0.0,0.0,0.0,0.0,0.0,0.0,0.0,0.0,0.0,0.0,0.0,0.0,0.0,0.0,0.0,0.0,0.0,0.0,0.0,0.0,0.0,0.0,0.0,0.0,0.0,0.0,0.0
SLC22A14,-0.0,-0.0,-0.0012,-0.0,-0.0,0.0,-0.0,-0.0,-0.0014,-0.0,-0.0,-0.0,-0.0035,-0.0118,-0.0,-0.0,-0.0018,-0.0016,-0.0012,-0.0,-0.0003,0.0,-0.0,-0.0,-0.0,0.0,-0.015,-0.0,-0.0,-0.0,-0.0,-0.0
OR8J2,0.0,0.0,0.0,0.0,0.0,0.0,0.0,0.0,0.0,0.0,0.0,0.0,0.0,0.0,0.0,0.0,0.0,0.0,0.0,0.0,0.0,0.0,0.0,0.0,0.0,0.0,-0.0,0.0,0.0,0.0,0.0,0.0
TAAR1,0.0,0.0,0.0,0.0,0.0,0.0,0.0,0.0,0.0,0.0,0.0,0.0,0.0,0.0,0.0,0.0,0.0,0.0,0.0,0.0,-0.0,0.0744,0.0,0.007,0.0,0.3616,0.0,0.0,0.0,0.0,0.0,0.0
OR5P3,0.0,0.0,-0.0,0.0,0.0,0.0,0.0,0.0,0.0,0.0,0.0,0.0,0.0,0.0,0.0,0.0,0.0,0.0,-0.0,0.0,0.0,0.0,0.0,0.0,0.0,0.0,-0.0,0.0,0.0,0.0,0.0,0.0
OR52M1,0.0,0.0,0.0,0.0,0.0,0.0,0.0,0.0,0.0,0.0,0.0,0.0,0.0,0.0,0.0,0.0,0.0,0.0,0.0,0.0,0.0,0.0,0.0,0.0,0.0,0.0,0.0,0.0,0.0,0.0,0.0,0.0
TAS2R8,0.0,-0.0,-0.0,0.0,0.0,0.0,0.0,0.0,0.0,0.0,0.0,0.0,0.0,0.0,0.0,0.0,0.0,0.0,0.0,0.0,0.0,0.0,0.0,0.0,0.0,0.0,0.0,0.0,0.0,0.0,0.0,0.0
OR3A1,0.0,0.0,0.0,0.0,0.0,0.0,0.0,0.0,0.0,0.0,0.0,0.0,0.0,0.0,0.0,0.0,0.0,0.0,0.0,0.0,0.0,0.0,0.0,0.0,0.0,0.0,-0.0192,0.0,0.0,0.0,0.0,0.0
ITGAM,0.1959,-0.2325,-0.1488,0.0428,-0.0645,0.3542,-0.1717,-0.5175,-0.0743,0.3172,-0.0932,-0.0917,0.2806,0.1878,-0.0392,0.2163,-0.3,-0.4249,0.2315,0.2137,-0.0135,0.4908,-0.2333,-0.104,0.3855,0.1196,0.1586,0.0056,-0.003,-0.1631,-0.1658,-0.0868
OR1S2,0.0,0.0,0.0,0.0,0.0,0.0,0.0,0.0,0.0,0.0,0.0,0.0,0.0,0.0,0.0,0.0,0.0,0.0,0.0,0.0,0.0,0.0,0.0,0.0,0.0,0.0,0.0,0.0,0.0,0.0,0.0,0.0
OR52E1,0.0,0.0,0.0,0.0,0.0,0.0,0.0,0.0,0.0,0.0,0.0,0.0,0.0,0.0,0.0,0.0,0.0,0.0,0.0,0.0,0.0,0.0,0.0,0.0,0.0,0.0,0.0,0.0,0.0,0.0,0.0,0.0
OR1A1,0.0,0.0,0.0,0.0,0.0,0.0,0.0,0.0,0.0,0.0,0.0,0.0,0.0,0.0,0.0,0.0,0.0,0.0,0.0,0.0,0.0,0.0,0.0,0.0,0.0,0.0,0.0,0.0,0.0,0.0,0.0,0.0
IL17RA,0.4097,-0.191,-0.1246,-0.0808,-0.0745,0.2392,-0.0421,-0.2996,0.1815,0.1882,0.0196,0.1075,0.207,0.1263,-0.002,0.1432,-0.2027,-0.1678,-0.0673,0.0056,-0.0542,0.2398,-0.2013,-0.0767,0.4663,0.1677,0.0937,0.1345,-0.0887,-0.1602,-0.1755,-0.1165
OTOP2,-0.0,0.0,-0.0,0.0,0.0439,0.0,-0.074,0.0,0.0891,0.0,0.1791,0.0,0.0,0.0,0.0,0.0,0.0,0.1566,-0.0055,0.0,0.0,0.0,0.0,0.0,0.0,0.0137,-0.0,0.0,0.0,-0.0173,-0.0,0.0
CHRM5,0.454,-0.0,-0.0022,-0.0006,-0.0052,-0.0,-0.0061,-0.0,0.0031,-0.007,-0.0125,-0.0,-0.0001,-0.0016,-0.0,-0.0582,-0.0075,-0.0103,-0.0067,-0.0043,-0.0012,0.0,0.0016,-0.0033,0.0,0.0,-0.007,-0.0,-0.0029,-0.0036,-0.0,-0.0
GRM1,0.0,0.0,-0.0013,0.0003,-0.0,0.0,0.0,0.0,0.003,-0.2121,-0.0063,0.6552,-0.0033,-0.0015,0.0,-0.2898,-0.0006,0.0,0.0843,0.0,-0.0005,0.0098,0.0063,0.0,0.1132,0.0,-0.0495,-0.0046,-0.0036,0.0,0.025,-0.0068
SLC18A3,0.0,0.1821,-0.027,0.0,-0.112,0.0,-0.0114,0.0,-0.1057,0.0,0.0,0.0,0.2081,0.0,0.0,-0.015,0.0,0.5997,0.0,0.0,0.4993,0.033,0.765,0.0603,0.0,-0.0538,0.0053,0.0,0.3638,0.1959,0.976,0.0
CD160,0.749,0.0055,-0.0121,-0.0019,-0.0124,-0.0124,-0.0155,-0.0981,-0.0009,0.0009,-0.0077,0.0083,0.1898,0.0219,-0.0171,0.0002,-0.0249,-0.0211,-0.0023,-0.0018,-0.0026,0.0031,-0.0001,-0.0044,0.1216,0.013,-0.023,0.0032,-0.0039,-0.0225,-0.0,-0.0125
OR9K2,0.0,0.0,0.0,0.0,0.0,0.0,0.0,0.0,0.0,0.0,0.0,0.0,0.0,0.0,0.0,0.0,0.0,0.0,0.0,0.0,0.0,0.0,0.0,0.0,0.0,0.0,0.0,0.0,0.0,0.0,0.0,0.0
KLRF2,0.0,0.0,0.0,0.0,0.3473,0.1488,0.0,0.0,0.0,0.0,0.0,0.0,0.0782,0.0,0.0,0.0,0.0,0.0,0.0,0.0,0.0,0.0,0.0,0.0,0.0,0.0,-0.0,0.6514,0.0,0.0,0.0,0.0
OR13D1,1.5092,0.0,0.0,0.0,-0.0,0.0,0.0,0.0,0.0,0.0,0.0,0.0,0.0,0.0,0.0,0.0,0.0,0.0,0.0,0.0,-0.0,0.0,0.0,0.0,0.0,0.0,-0.0,0.0,0.0,0.0,0.0,0.0
OR2B2,0.033,0.0,0.0,0.0,0.0,0.0,0.0,0.0,0.0494,0.0,0.0,0.0,0.0,0.0,0.0,0.0,0.0,0.0,0.0,0.0,0.0,0.0,0.0,0.0,0.0,0.0,-0.0,0.0,0.0,0.0,0.0,0.0
AREG,0.0777,-0.0726,-0.0186,-0.0949,0.3046,0.4272,0.6759,-0.1236,0.3074,0.2187,0.5579,0.0773,0.4171,0.1689,-0.0332,-0.0048,-0.1106,-0.2354,-0.2221,-0.2036,-0.1573,0.9214,0.0302,-0.1505,-0.1176,0.314,-0.1918,-0.1365,0.0601,0.1286,-0.0007,-0.0278
PTCHD3,0.0,0.0,-0.0354,-0.0984,-0.0163,0.0,-0.0,-0.0,-0.0094,0.0,0.0,0.0,0.0,0.0,0.0,0.0,-0.0503,-0.0204,-0.0759,0.0,0.017,-0.0267,0.0,0.0158,0.0,0.0239,-0.0,0.0,-0.0342,0.0,0.0,0.182
MPL,2.4647,-0.0,-0.0,-0.0,-0.0,0.0,-0.0,-0.0,0.0012,-0.0,-0.0007,-0.0,0.0,0.0,0.0,-0.0001,-0.0,-0.0,-0.0004,-0.0,-0.0004,0.0012,-0.0,0.0,0.0,0.0023,-0.0,-0.0,-0.0,-0.0,-0.0,-0.0
SLC13A1,0.0,0.0,0.0,0.0,0.0,0.5544,-0.0,0.0,0.0,0.0,0.0,-0.0,0.2241,0.7614,0.0,0.0,0.0,0.0,0.0,0.0,0.0,-0.003,0.0,0.0,0.0,0.0,-0.0261,0.0,0.0,0.0,0.0,0.0
OR51I1,0.0011,0.0,0.0,0.0,-0.0,0.0,0.0,0.0,0.0,0.0,0.0,0.0,0.0,0.0,0.0,0.0,0.0,0.0,0.0,0.0,-0.0,0.0,0.0,0.0,0.0,0.0,-0.1477,0.0,0.0,0.0,0.0,0.0
TAS2R3,1.2062,-0.0,-0.0062,-0.0039,-0.0,0.0,-0.0492,-0.0,-0.0,-0.0,-0.0,0.0,0.0074,0.0,0.0,0.0,-0.0084,-0.0,-0.0,-0.0,-0.0028,-0.0,-0.0,-0.0131,0.0,0.0,-0.0,-0.0,-0.0,-0.0644,-0.0,-0.0
OR5AK2,0.0,0.0,0.0,0.0,0.0,0.0,0.0,-0.0,0.0,0.0,0.0,0.0,0.0,0.0,0.0,0.0,0.0,0.0,0.0,0.0,0.0,0.0,0.0,0.0,0.0,0.0,0.0,0.0,0.0,0.0,0.0,0.0
OR2A14,0.0,0.0,0.0,0.0,-0.0,0.0,0.0,0.0,0.0,0.0,0.0,0.0,0.0,0.0,0.0,0.0,0.0,0.0,0.0,0.0,0.0,0.0,0.0,-0.0,0.0,0.0,-0.0,0.0,-0.0,0.0,0.0,0.0
SLC15A5,0.0,0.0,0.0,-0.0204,0.0,0.0,0.0,0.0,0.0,-0.0,0.0,0.0,0.0,0.0,0.0,0.0005,0.0,0.0,0.0,0.0,0.0,0.0,0.0,0.0,0.0,0.0,-0.0,0.0,0.0,0.0,0.0,0.0
CHRM4,0.0322,-0.0007,-0.0081,0.0006,-0.0032,0.0493,-0.0261,-0.0,0.0051,-0.0661,-0.0011,0.0244,0.007,0.0054,0.0027,0.1454,-0.0059,0.0042,-0.0214,0.008,0.0141,0.0323,0.3665,0.0,0.0755,0.0072,-0.0137,1.4557,-0.0,-0.005,0.0051,0.0014
OR4N2,0.0,0.0,0.0,0.0,0.0,0.0,0.0,0.0,0.0,0.7111,0.0,0.0,0.0,0.0,0.0,2.6505,0.0,0.0,0.0,1.8272,0.0,0.0,0.0,0.0,0.0,0.0,-0.0,0.0,0.0,0.0,0.0,0.0
OR4B1,0.0,0.0,0.0,0.0,0.0,0.0,0.0,0.0,0.0,0.0,0.0,0.0,0.0,0.0,0.0,0.0,0.0,0.0,0.0,0.0,0.0,0.0,0.0,0.0,0.0,0.0,0.0,0.0,0.0,0.0,0.0,0.0
IZUMO3,0.0,0.0,0.0,0.0,0.0,0.0,0.0,0.0,0.0,0.0,0.0,0.0,0.0,0.0,0.0,0.0,0.0,0.0,0.0,0.0,0.0,0.0,0.0,0.0,0.0,0.0,-0.0675,0.0,0.0,0.0,0.0,0.0
OR12D2,0.0,0.0,0.0,0.0,0.0,0.0,0.0,0.0,0.0,0.0,0.0,0.0,0.0,0.0,0.0,0.0,0.0,0.0,0.0,0.0,0.0,0.0,0.0,0.0,0.0,0.0,0.0,0.0,0.0,0.0,0.0,0.0
OR1J1,0.0,0.0,-0.0,0.0,0.0,0.0,0.0,0.0,0.0,0.0,0.0,0.0,0.0,0.0,0.0,0.0,0.0,0.0,0.0,0.0,0.0,0.0,0.0,0.0,0.0,0.0,-0.0,0.0,0.0,0.0,0.0,0.0
OR9G4,0.0,0.0,0.0,0.0,0.0,0.0,0.0,-0.0,0.0,0.0,0.0,0.0,0.0,0.0,0.0,0.0,0.0,0.0,0.0,0.0,0.0,0.0,0.0,0.0,0.0,0.0,0.0,0.0,0.0,0.0,0.0,0.0
CLDN24,0.0,0.0,0.0,0.0,0.4823,0.0,0.0,0.0,0.5263,0.0,1.0489,-0.0,0.0157,0.0008,0.0,0.0,0.0,0.3954,0.0,0.0,0.0,0.0,0.0,0.0,0.0,0.0,0.0,0.0,0.0,0.0,0.0,0.0
MCHR2,0.0,0.0,0.0,0.0,0.0,0.0,0.0,0.0,0.0,-0.0422,0.0,0.0,0.0,0.0,0.0,0.0664,0.0,0.0,0.0,0.0,0.0,0.0,0.0,0.0,0.0,0.0,-0.0,0.0,0.0,0.0,0.0,0.0
OR2T11,0.0,0.0,0.0,0.0,0.0,0.0,0.0,0.0,0.0,0.0,0.0,0.0,0.0,0.0,0.0,0.0,0.0,0.0,0.0,0.0,0.0,0.0,0.0,0.0,0.0,0.0,-0.0,0.0,0.0,0.0,0.0,0.0
KLRK1,0.395,-0.0177,-0.1439,-0.0658,0.0948,-0.0928,-0.1926,0.013,-0.0656,0.0265,-0.07,-0.0139,0.4894,0.0819,-0.1188,0.3498,-0.3211,-0.3409,0.1695,0.0224,-0.105,0.2416,-0.0326,-0.1585,0.2708,-0.1094,0.053,0.2167,-0.1792,-0.0932,-0.0976,-0.1115
TAAR2,0.0,0.0,0.0,0.0,0.0,0.0,0.0,0.0,0.0,0.0,0.0,0.0,0.0,0.0,0.0,0.0,0.0,0.0,0.0,0.0,0.0,0.0,0.0,0.0,0.0,0.0,0.0,0.0,0.0,0.0,0.0,0.0
NCR1,-0.0188,0.0,-0.0026,-0.003,0.0075,-0.0,-0.0034,-0.176,0.0388,0.0,0.0065,0.0,0.0927,0.0,-0.0086,0.0,-0.0336,-0.0495,0.2338,0.0182,0.0075,0.0,0.0097,-0.0,0.0455,0.1182,0.3409,0.0013,-0.0024,-0.0018,-0.0,-0.0037
OR2A4,-0.1543,0.0,0.0,0.0,0.0,0.0,0.0,0.0,0.0,0.0,0.0,0.0,4.1558,0.0,0.0,0.0,0.0,0.0,0.0,0.0,0.0,0.0,0.0,0.0,0.0,0.0,-0.0,0.0,0.0,0.0,0.0,0.0
OR2V2,0.0,0.0,0.0,0.0,0.0,0.0,0.0,0.0,0.0,0.0,0.0,0.0,0.0,0.0,0.0,0.0,0.0,0.0,0.0,0.0,-0.0071,0.0,0.0,0.0,0.0,0.0,-0.0,0.0,0.0,0.0,0.0,0.0
OR4S1,0.0,0.0,0.0,0.0,0.0,0.0,0.0,0.0,0.0,0.0,0.0,0.0,0.0,0.0,0.0,0.0,0.0,0.0,0.0,0.0,0.0,0.0,0.0,0.0,0.0,0.0,0.0,0.0,0.0,0.0,0.0,0.0
ADAM20,0.006,-0.0,-0.0,-0.0019,-0.0,-0.0,-0.0064,-0.0,-0.0011,-0.0,-0.0,-0.0,-0.0,-0.0,-0.0,-0.0,-0.0014,-0.0,-0.0,-0.0,-0.0,0.0,-0.0,-0.0015,-0.0,-0.0007,-0.0,-0.0,-0.0,-0.0,-0.0,-0.0
OR2B11,1.1613,0.0,0.0,0.0,0.0,0.0,0.0,-0.0,0.0,0.0,0.0,0.0,0.0,0.0,0.0,0.0087,0.0,0.0,0.0,0.0,0.0,0.0,0.0,0.0,0.0,0.0,0.0,0.0,0.0,0.0,0.0,0.0
OR51Q1,-0.0,0.0,0.0,0.0,0.0,0.0,0.0,0.0,0.0,0.0,0.0,0.0,0.0,0.0,0.0,0.0,0.0,0.0,0.0,0.0,0.0,0.0,0.0,0.0,0.0,0.0,-0.0403,0.0,0.0,0.0,0.0,0.0
CXCR2,0.1585,-0.0,-0.1434,-0.0021,0.0574,-0.0119,0.0595,-0.0403,0.073,0.2358,0.1736,-0.0033,0.0359,-0.0141,-0.0089,0.02,-0.1492,-0.202,-0.0507,-0.0018,0.0014,0.1141,-0.0029,-0.0147,-0.0004,0.104,0.0,-0.0049,-0.0038,-0.0197,-0.0064,-0.0
AMIGO3,4.0869,0.3613,-0.041,0.0,0.0635,-0.0,0.0,0.3606,1.102,0.2348,0.0,0.0,0.0,0.1723,-0.0317,0.0,0.0,0.0,-0.183,0.487,0.7975,0.0,0.0,0.0,0.0094,0.6141,-0.2022,0.6511,0.0758,0.5568,1.8308,0.0
OR7E24,0.0,0.0,0.0,0.0,0.0,0.0,0.0,0.0,0.0,0.0,0.0,0.0,0.0,0.0,0.0,0.0,0.0,0.0,0.0,0.0,0.0,0.0,0.0,0.0,0.0,0.0,-0.6188,0.0,0.0,0.0,0.0,0.0
OR51V1,0.0,0.0,0.0,0.0,0.0,0.0,0.0,0.0,0.0,0.0,0.0,0.0,0.0,0.0,0.0,0.0,0.0,0.0,0.0,0.0,0.0,0.0,0.0,0.0,0.0,0.0,0.0,0.0,0.0,0.0,0.0,0.0
OR5B17,0.0,0.0,0.0,0.0,0.0,0.0,0.0,0.0,0.0,0.0,0.0,0.0,0.0,0.0,0.0,0.0,0.0,0.0,0.0,0.0,0.0,0.0,0.0,0.0,0.0,0.0,0.0,0.0,0.0,0.0,0.0,0.0
OR1E2,0.0,0.0,0.0,0.0,0.0,0.0,0.0,0.0,0.0,0.0,0.0,0.0,0.0,0.0,0.0,0.0,0.0,0.0,0.0,0.0,0.0,0.0,0.0,0.0,0.0,0.0,-0.0,0.0,0.0,0.0,0.0,0.0
OR2H2,-0.0013,-0.0,-0.0046,-0.0,-0.0,0.0195,-0.0,-0.0,-0.0038,-0.0087,-0.0,-0.0,-0.0,-0.0,-0.0073,-0.0132,-0.0,-0.0,-0.0028,-0.0,-0.0056,0.0,0.0,-0.0,0.0062,-0.0,-0.0,-0.0,-0.0,-0.0,-0.021,-0.0
OR10X1,0.0,0.0,0.0,0.0,0.0,0.0,0.0,0.0,0.0,0.0,0.0,0.0,0.0,0.0,0.0,0.0,0.0,0.0,0.0,0.0,0.0,0.0,0.0,0.0,0.0,0.0,0.0,0.0,0.0,0.0,0.0,0.0
OR8I2,0.0,0.0,0.0,0.0,0.0,0.0,0.0,0.0,0.0,0.0,0.0,0.0,0.0,0.0,0.0,0.0,0.0,0.0,0.0,0.0,0.0,0.0,0.0,0.0,0.0,0.0,0.0,0.0,0.0,0.0,0.0,0.0
OR51G2,0.0,0.0,0.0,0.0,0.0,0.0,0.0,0.0,0.0,0.0,0.0,0.0,0.0,0.0,0.0,0.0,0.0,0.0,0.0,0.0,0.0,0.0,0.0,0.0,0.0,0.0,0.0,0.0,0.0,0.0,0.0,0.0
ASIC5,0.0,0.0,0.0,0.0,0.0,0.0,0.0,0.0,0.0,0.0,0.0,0.0,0.0,0.0,0.0,0.0,0.0,0.0,0.0,0.0,0.0,0.0,0.0,0.0,0.0,0.0,-0.0,0.0,0.0,0.0,0.0,0.0
OR5AS1,0.0,0.0,0.0,0.0,0.0,0.0,0.0,0.0,0.0,0.0,0.0,0.0,0.0,0.0,0.0,0.0,0.0,0.0,0.0,0.0,0.0,0.0,0.0,0.0,0.0,0.0,0.0,0.0,0.0,0.0,0.0,0.0
OR2T8,0.678,0.0,0.0,-0.0,0.0,0.0,-0.0,-0.0,0.0,-0.0,0.0,0.0,0.0,0.0,0.0,-0.0,0.0,0.0,0.0,0.0,0.0062,0.0,0.0,0.0,0.0,0.0,-0.0113,0.0686,-0.0351,0.0,0.0,0.0
INSR,0.8721,0.1052,-0.1807,0.0509,-0.3442,0.0937,-0.0668,-0.2467,0.1276,0.0905,-0.2215,0.2133,0.4639,0.053,0.0492,0.129,0.0487,-0.016,-0.089,-0.2221,-0.3477,-0.0919,0.0356,-0.0511,0.1069,0.1812,-0.0487,-0.2586,0.0376,-0.4201,-0.4174,-0.2686
OR2A1,0.3872,-0.0,-0.0,-0.0046,-0.0,-0.0,-0.0,-0.0,-0.0039,-0.0,-0.004,-0.0,0.0056,0.0019,-0.0,-0.0,-0.0014,-0.0074,-0.0188,-0.0043,-0.0021,0.0,-0.0003,-0.0,0.0037,-0.0014,-0.0019,-0.0,-0.0497,-0.0,-0.0,-0.0095
SLC17A6,0.0,0.0,0.0,0.0,0.0,0.0,0.0,0.0,0.0,-0.0321,0.0,0.0,0.0,0.0,0.0,0.2457,0.0,0.0,0.0,0.0,0.0,0.0,0.0,0.0,0.0,0.0,-0.0679,0.0,0.0,0.0,0.0701,0.0
SPACA1,0.0,0.0,0.0,0.0,-0.0,-0.0,0.0,0.0,0.0,0.0,0.0,-0.1617,-0.0345,-0.0374,-0.0,0.0,0.0,0.0,0.0,0.0,0.0,0.0,0.0,0.0,0.0,0.0,-0.1466,0.0,0.0,0.0,0.0,2.6452
OR5B2,0.0,0.0,-0.0,0.0,0.0,0.0,0.0,0.0,0.0,0.0,0.0,0.0,0.0,0.0,0.0,0.0,0.0,0.0,0.0,0.0,0.0,0.0,0.0,0.0,0.0,0.0,-0.0,0.0,0.0,0.0,0.0,0.0
OR10K2,0.0,0.0,0.0,0.0,0.0,0.0,0.0,0.0,0.0,0.0,0.0,0.0,0.0,0.0,0.0,0.0,0.0,0.0,0.0,0.0,0.0,0.0,0.0,0.0,0.0,0.0,0.0,0.0,0.0,0.0,0.0,0.0
OR5AK3P,0.0,0.0,0.0,0.0,0.0,0.0,0.0,-0.0,0.0,0.0,0.0,0.0,0.0,0.0,0.0,0.0,0.0,0.0,0.0,0.0,0.0,0.0,0.0,0.0,0.0,0.0,0.0,0.0,0.0,0.0,0.0,0.0
GPR101,0.0,0.0,0.0,0.0,0.0,0.0,0.0,0.0,0.0,-0.0,0.0,0.0,0.0,0.0,0.0,-0.01,0.0,0.0,0.0,0.0,0.0,0.0,0.0,0.0,0.0,0.0,0.0,0.0,0.0,0.0,0.0,0.0
OR1J4,0.0,0.0,0.0,0.0,0.0,0.0,0.0,0.0,0.0319,0.0,0.0,0.0,0.0,0.0,0.0,0.0,0.0,0.0,-0.0,0.0,0.0129,0.0,0.0,0.0,0.0,0.0321,-0.0,0.0,0.0,0.0,0.0,0.0
OR8A1,-0.0,0.0,0.0,0.0,0.0,0.0,0.0,0.0,0.0,0.0,0.0,0.0,0.0,0.0,0.0,0.0,0.0,0.0,0.0,0.0,0.0,0.0,0.0,0.0,0.0,0.0,-0.0,0.0,0.0,0.0,0.0,0.0
GPR156,0.0008,-0.0045,-0.0692,-0.0148,-0.0232,0.0,-0.0,-0.0,0.0121,0.2773,0.007,-0.0006,-0.0001,-0.0037,0.0,0.0325,0.0101,0.1356,-0.0097,0.0236,-0.0143,0.0,-0.0118,-0.0,0.1158,0.0029,-0.2399,0.0064,-0.0,-0.029,0.1284,0.0036
OR4K1,0.0,0.0,0.0,0.0,0.0,0.0,0.0,0.0,0.0,0.0,0.0,0.0,0.0,0.0,0.0,0.0,0.0,0.0,0.0,0.0,0.0,0.0,0.0,0.0,0.0,0.0,-0.0,0.0,0.0,0.0,0.0,0.0
CCKAR,0.0,0.0,0.0,-0.0012,0.0,0.0,-0.0048,0.0,-0.0394,0.0479,0.1756,1.6799,0.0,0.0,0.0,-0.0061,0.0,0.0,0.0,0.0,0.0,0.0175,0.0,0.01,0.0,-0.5634,-0.4659,0.1053,0.0,0.0,0.3679,0.0
HTR1A,0.0,0.0,0.0,0.0,0.0,0.0,0.0,0.0,0.0,-0.0499,0.0,0.0,0.0,0.0,0.0,0.2882,0.0,0.0,0.0,0.0,-0.0,0.0,0.1362,0.0,0.0,0.0,-0.0,0.0,0.0,0.0,0.0,0.0
OR5AU1,0.0,0.0,0.0,0.0,0.0,0.0,0.0,0.0,0.0,0.0,0.0,0.0,0.0,0.0,0.0,0.0,0.0,0.0,0.0,0.0,0.0,0.0,0.0,0.0,0.0,0.0,-0.0,0.0,0.0,0.0,0.0,0.0
OR14A2,0.0,0.0,0.0,0.0,0.0,0.0,0.0,0.0,0.0,0.0,0.0,0.0,0.0,0.0,0.0,0.0,0.0,0.0,0.0,0.0,0.0,0.0,0.0,0.0,0.0,0.0,-0.0,0.0,0.0,0.0,0.0,0.0
OR2T3,0.0,0.0,0.0,0.0,0.0,0.0,0.0,0.0,0.0,0.0,0.0,0.0,0.0,0.0,0.0,0.0,0.0,0.0,0.0,0.0,0.0,0.0,0.0,0.0,0.0,0.0,0.0,0.0,0.0,0.0,0.0,0.0
OR4D1,0.0,0.0,0.0,0.0,0.0,0.0,0.0,0.0,0.0,0.0,0.0,0.0,0.0,0.0,0.0,0.0,0.0,0.0,0.0,0.0,0.0,0.0,0.0,0.0,0.0,0.0,-0.0,0.0,0.0,0.0,0.0,0.0
OR5D13,0.0,0.0,0.0,0.0,0.0,0.0,0.0,0.0,0.0,0.0,0.0,0.0,0.0,0.0,0.0,0.0,0.0,0.0,0.0,0.0,0.0,0.0,0.0,0.0,0.0,0.0,0.0,0.0,0.0,0.0,0.0,0.0
OR13C3,0.0686,0.0,0.0,0.0,0.0,0.0,0.0,0.0,0.0,0.0,0.0,0.0,0.0,0.0,0.0,0.0,0.0,0.0,0.0,0.0,0.0,0.0,0.0,0.0,0.0,0.0,-0.0,0.0,0.0,0.0,0.0,0.0
OR2A12,0.0,0.0,0.0,0.0,0.0,0.0,0.0,0.0,0.0,0.0,0.0,0.0,0.0,0.0,0.0,0.0,0.0,0.0,0.0,0.0,0.0,0.0,0.0,0.0,0.0,0.0,-0.0,0.0,0.0,0.0,0.0,0.0
NRG1,0.0381,-0.052,-0.1029,-0.0992,-0.1267,-0.0033,-0.0715,-0.0434,0.4481,-0.0869,0.5639,-0.1547,0.0465,0.2233,-0.1858,-0.0832,-0.1608,0.0981,-0.1403,-0.0698,-0.0347,0.1185,0.6842,-0.1142,0.2221,0.0677,-0.0481,-0.057,-0.1177,0.0017,0.0488,-0.0094
SIGLECL1,0.1131,0.0,0.0,0.0,0.0,0.0,0.0,-0.0,0.0,0.0,0.0,0.0,0.0,0.0,0.0,0.0,0.0,0.0,0.0,0.0,0.0,0.0,0.0,0.0,0.0,0.0,-0.4347,0.0,0.0,0.0,0.0,0.0
GPRC6A,-0.0,-0.1752,0.0,0.0,0.0,0.0,0.0401,0.0,0.0,0.0,0.0,3.7088,-0.1,-0.0278,0.0,0.0,0.0,0.0051,0.0,0.0,0.0,0.0,-0.0108,-0.004,0.0,0.0,0.0,0.0,0.0,0.0,0.0,0.0
ADAM18,-0.0,0.0,0.0,0.0,0.0,0.0,0.0,0.0,0.0,0.0,0.0,0.0,2.075,0.0,0.0,0.0,0.0,0.0,0.0,0.0,0.0,0.0,0.0,0.0,0.0,0.0,-0.682,0.0,0.0,0.0,0.0,0.0
OR2F1,0.0,0.0,0.0,0.0,0.0,0.0,0.0,0.0,0.0,0.0,0.0,0.0,0.0,0.0,0.0,0.0,0.0,0.0,0.0,0.0,0.0,0.0,0.0,0.0,0.0,0.0,0.0,0.0,0.0,0.0,0.0,0.0
GABRR1,0.0929,0.0,0.0811,0.0,-0.0635,0.0,0.014,-0.0,0.9709,0.1011,0.5651,-0.0,0.0084,-0.0,0.0,0.0,0.1192,2.4241,-0.0211,-0.0,0.046,0.028,0.0127,-0.0006,0.0181,0.3435,-0.158,0.0108,0.0,0.0079,0.4396,0.0183
OR7D4,0.0,0.0,0.0,0.0,0.0,0.0,0.0,0.0,0.0,0.0,0.0,0.0,0.0,0.0,0.0,0.0,0.0,0.0,0.0,0.0,0.0,0.0,0.0,0.0,0.0,0.0,-0.0353,0.0,0.0,0.0,0.0,0.0
OR2T1,0.0,0.0,0.0,0.0,0.0,0.0,0.0,0.0,0.0,0.0,0.0,0.0,0.0,0.0,0.0,0.0,0.0,0.0,0.0,0.0,0.0,0.0,0.0,0.0,0.0,0.0,0.0,0.0,0.0,0.0,0.0,0.0
SLC10A2,0.0,0.0,0.0,0.0,0.0,0.111,-0.0452,0.0,0.0,0.0,0.0,-0.0,1.1466,-0.1373,0.0,0.0,0.0,0.0,-0.0,0.0,0.0,0.0451,0.0,0.0,0.0,0.0778,0.0,0.0,0.0,0.0,0.0,0.0
SLC24A5,0.0,0.0,0.0,0.0,0.0,0.0,-0.0,-0.0,-0.0,0.0081,0.0,-0.0,0.0,0.0,0.0,0.0,-0.0053,-0.0,2.6178,0.0,0.0037,0.0,0.0,0.0,0.0,0.0,-0.1817,0.0,0.0,0.0,0.0345,7.0944
OR14I1,0.0,0.0,0.0,0.0,0.0,0.0,0.0,0.0,0.0,-0.0505,0.0,0.0,0.0061,0.0,0.0,-0.0451,0.0,0.0,0.0,0.0,0.0,0.0,0.0,0.0499,0.0,0.0,-0.0,0.0,0.0,0.0,0.0,0.0
OR14A16,0.0,0.0,0.0,0.0,0.0,0.0,0.0,0.0,0.0,0.0,0.0,0.0,0.0,0.0,0.0,0.0,0.0,0.0,0.0,0.0,0.0,0.0,0.0,0.0,0.0,0.0,-0.0,0.0,0.0,0.0,0.0,0.0
TAS2R7,0.0,0.0,0.0,0.0,0.0,0.0,0.0,0.0,0.0,0.0,0.0,0.0,0.0,0.0,0.0,0.0,0.0,0.0,0.0,0.0,-0.0,0.0,0.0,0.0,0.0,0.0,0.0,0.0,0.0,0.0,0.0,0.0
GPR32P1,0.0,0.0,0.0,0.0,0.0,0.0,0.0,0.0,0.0,0.0,0.0,0.0,0.0,0.0,0.0,0.0,0.0,0.0,0.0,0.0,0.0,0.0,0.0,0.0,0.0,0.0,0.0,0.0,0.0,0.0,0.0,0.0
OR1F2P,-0.0,0.0,0.0,0.0,0.0,0.0,0.0,0.0,0.0,-0.0,0.0,0.0,0.0,0.0,0.0,-0.0,0.0,0.0,0.0,0.0,0.0,0.0,0.0,0.0,0.0,0.0,-0.0,0.0,0.0,0.0,0.0,0.0
TAS1R2,0.0,0.0,0.0,0.0,-0.0,0.0,0.0,0.0,0.0,0.0,0.0,0.0,0.0,0.0,0.0,0.0,0.0,0.0,-0.0,0.0,0.0,0.0,0.0,0.0,0.0,0.0,-0.0,0.0,0.0,0.0,0.0,0.0
OR2G6,0.0,0.0,0.0,0.0,0.0,0.0,0.0,0.0,0.0,0.0,0.0,0.0,0.0,0.0,0.0,0.0,0.0,0.0,0.0,0.0,0.0,0.0,0.0,0.0,0.0,0.0,-0.0,0.0,0.0,0.0,0.0,0.0
OR2C1,0.0532,-0.0,-0.0,0.0002,-0.0,0.0,-0.0,0.0,0.0,-0.0,-0.0,-0.0,0.0,0.0,0.0,0.0,0.0,0.0,-0.0,-0.0,0.0,0.0,0.0,0.0,0.0,0.001,-0.0,0.0,-0.0,-0.0,-0.0,-0.0
OR8J3,0.0,0.0,0.0,0.0,0.0,0.0,0.0,0.0,0.0,0.0,0.0,0.0,0.0,0.0,0.0,0.0,0.0,0.0,0.0,0.0,0.0,0.0,0.0,0.0,0.0,0.0,0.0,0.0,0.0,0.0,0.0,0.0
ADRB3,0.0,-0.0066,-0.112,-0.0013,-0.0037,0.0,-0.0044,0.0,-0.0172,0.0,0.0,-0.0,0.0,-0.0,0.0,-0.0,-0.0007,-0.0056,0.0029,0.0037,-0.072,0.0543,0.0,-0.0025,0.1412,-0.0467,0.0729,-0.0,0.0062,-0.0098,-0.0157,-0.0
OR11H12,0.0,0.0,0.0,0.0,0.0,0.0,0.0,0.0,0.0,0.0,0.0,0.0,0.0,0.0,0.0,0.0,0.0,0.0,0.0,0.0,0.0,0.0,0.0,0.0,0.0,0.0,0.0,0.0,0.0,0.0,0.0,0.0
GABRR2,0.3619,-0.0,-0.0,-0.0021,-0.0068,-0.0,-0.0016,-0.0178,-0.01,0.0052,-0.0,-0.0,-0.0164,-0.0015,-0.0,0.0006,-0.0109,-0.0067,-0.0009,-0.0094,-0.0084,-0.0,-0.0,-0.0,-0.0097,-0.0055,-0.0,-0.0146,-0.0,-0.009,-0.0217,-0.022
OR4F4,0.0,0.0,0.0,0.0,0.0,0.0,0.0,0.0,0.0,0.0,0.0,0.0,0.0,0.0,0.0,0.0,0.0,0.0,0.0,0.0,0.0,0.0,0.0,0.0,0.0,0.0,0.0,0.0,0.0,0.0,0.0,0.0
OR5I1,0.0,0.0,0.0,0.0,0.0,0.0,0.0,0.0,0.0,0.0,0.0,0.0,0.0,0.0,0.0,0.0,0.0,0.0,0.0,0.0,0.0,0.0,0.0,0.0,0.0,0.0,0.0,0.0,0.0,0.0,0.0,0.0
OR5P2,0.0,0.0,-0.0,0.0,0.0,0.0,0.0,0.0,0.0,0.0,0.0,0.0,0.0,0.0,0.0,0.0,0.0,0.0,-0.0,0.0,0.0,0.0,0.0,-0.0101,0.0,0.0,0.0,0.0,0.0,0.0,0.0,0.0
OR10H5,0.0,0.0,0.0,0.0,0.0,0.0,0.0,0.0,0.0,0.0,0.0,0.0,0.0,0.0,0.0,0.0,0.0,0.0,0.0,0.0,0.0,0.0,0.0,0.0,0.0,0.0,-0.0,0.0,0.0,0.0,0.0,0.0
GLP1R,0.1247,-0.0,-0.0087,0.0,0.0,0.1383,-0.0008,-0.0139,0.0421,-0.0069,0.0,-0.0,0.0361,0.0213,0.0,0.1597,-0.0307,-0.0099,-0.0039,0.0024,0.0722,-0.2369,0.4078,-0.0047,0.0259,-0.0443,-0.0,-0.003,0.0197,0.0563,0.1352,-0.0
DSG3,-0.0,-0.0,0.1515,-0.16,2.0574,-0.012,0.1283,-0.0,1.9445,-0.0,3.4788,-0.0,-0.0,-0.0,-0.0118,-0.0,-0.0255,2.8924,-0.464,-0.0567,-0.0042,0.7008,-0.0,-0.01,-0.0252,0.3467,0.0252,0.3001,-0.0218,-0.0469,-0.0448,-0.0
OR1A2,0.0,0.0,0.0,0.0,0.0,0.0,0.0,0.0,0.0,0.0,0.0,0.0,0.0,0.0,0.0,0.0,0.0,0.0,0.0,0.0,0.0,0.0,0.0,0.0,0.0,0.0,0.0,0.0,0.0,0.0,0.0,0.0
CLEC9A,0.3233,-0.0115,-0.0061,-0.0067,-0.0062,0.0306,-0.0013,0.3025,0.0,0.0349,-0.0032,0.0032,0.3069,0.0672,0.0104,0.303,-0.0217,-0.0154,0.0374,0.0085,-0.0058,0.0686,0.0018,0.0035,0.0853,0.0038,-0.0321,0.7448,0.0073,-0.0054,-0.0122,-0.0121
CD200,1.049,0.1282,-0.324,-0.1437,-0.4462,0.619,-0.0818,0.4234,-0.0949,-0.1165,-0.1779,-0.1425,0.414,0.3238,0.2785,-0.0241,-0.0928,-0.0961,0.3893,0.6122,-0.0871,0.3832,0.9121,-0.2085,0.6747,0.1257,0.286,0.1113,-0.0283,-0.2795,-0.3504,-0.1393
UMOD,0.0,0.0,0.0,0.0496,0.0,0.0,0.0,0.0,0.0,0.0,0.0,-0.5963,-0.7829,-0.6949,0.0,0.0,0.0,0.0,0.0,0.0,0.0,-0.1154,0.0,0.0006,0.0,-0.0238,-0.0,0.0,0.0,0.0,0.0,0.0
OR5AL1,0.0,0.0,0.0,0.0,0.0,0.0,0.0,0.0,0.0,0.0,0.0,0.0,0.0,0.0,0.0,0.0,0.0,0.0,0.0,0.0,0.0,0.0,0.0,0.0,0.0,0.0,0.0,0.0,0.0,0.0,0.0,0.0
OR13A1,-0.0058,-0.0,-0.1282,-0.0016,-0.0007,0.0459,-0.0021,-0.1218,-0.0017,-0.0,-0.005,-0.0,0.0039,0.0033,0.0,-0.0002,-0.0043,-0.016,-0.0,-0.0,-0.0007,0.0074,0.0,0.0067,0.0,-0.0014,-0.0023,0.2128,0.0074,-0.0018,0.0043,-0.0
OR5J2,0.0,0.0,0.0,0.0,0.0,0.0,0.0,0.0,0.0,0.0,0.0,0.0,0.0,0.0,0.0,0.0,0.0,0.0,0.0,0.0,0.0,0.0,0.0,0.0,0.0,0.0,0.0,0.0,0.0,0.0,0.0,0.0
OPN1MW,-0.0,0.0,0.0,0.0,0.0,0.0,0.0,0.0,0.0,0.0,0.0,0.0,0.0,0.0,0.0,0.0,0.0,0.0,0.0,0.0,0.0,0.0,0.0,0.0,0.0,0.0,0.0,0.0,0.0,0.0,0.0,0.0
OR1D5,0.0,0.0,0.0,0.0,0.0,0.0,0.0,0.0,0.0,0.0,0.0,0.0,0.0,0.0,0.0,0.0,0.0,0.0,0.0,0.0,0.0,0.0,0.0,0.0,0.0,0.0,-0.0,0.0,0.0,0.0,0.0,0.0
MRGPRX3,0.0,0.0,0.0,-0.0878,0.3645,0.0,0.0,0.0,0.3461,0.0276,1.5405,0.0,0.0,0.0,0.0,0.0,0.0,0.3021,1.2478,0.0,0.0,0.0,0.0688,0.0,0.0,0.0,-0.0896,0.0333,0.0,0.0,0.0,0.3941
HTR1F,0.9339,0.0,0.0,-0.0106,-0.0063,0.0347,0.0,-0.0,-0.0,0.0,-0.0,0.0,0.2709,0.0,0.0,0.0,-0.0069,-0.0025,-0.0087,0.0014,-0.0077,0.0044,0.0163,-0.0009,0.0022,0.0,-0.0,0.0091,-0.0003,-0.0186,-0.0103,-0.0
OR2D2,0.0,0.0,0.0,0.0,0.0,0.0,0.0,0.0,0.0,0.0,0.0,0.0,0.0,0.0,0.0,0.0,0.0,0.0,0.0,0.0,0.0,0.0,0.0,0.0,0.0,0.0,-0.0,0.0,0.0,0.0,0.0,0.0
OR2T27,0.0,0.0,0.0,0.0,0.0,0.0,0.0,0.0,0.0,0.0,0.0,0.0,0.0,0.0,0.0,0.0,0.0,0.0,0.0,0.0,0.0,0.0,0.0,0.0,0.0,0.0,-0.0,0.0,0.0,0.0,0.0,0.0
ADAM7,0.0,0.0,0.0,0.0,0.0,0.0,0.0,0.0,0.0,0.0,0.0,-0.0,-0.0078,0.0293,0.0,0.0,0.0,0.0,0.0,0.0,0.0,-0.0,0.0,0.9185,0.0,0.0,-0.0,0.0,0.0,0.0,0.0,0.0
OR56B4,0.0,0.0,-0.0,0.0,0.0,0.0,0.0,-0.0,0.062,0.0,0.0,0.0,0.0,0.0,0.0,0.0,0.0,0.0767,0.0,0.0,0.0,0.0,0.0,0.0,0.0,0.0241,-0.0,0.0372,-0.0,-0.0,-0.0,0.0
SIGLEC1,0.2677,-0.2523,-0.2882,-0.108,0.0652,-0.0513,-0.2481,0.0957,-0.1995,0.4087,-0.0603,-0.0552,0.3009,0.0561,-0.1089,0.1751,-0.2725,-0.3775,0.2798,0.1793,0.0642,0.3999,-0.31,-0.0445,0.3765,0.0392,0.1779,0.0388,-0.1497,-0.0388,0.0348,-0.1018
GPR55,0.2474,-0.0,0.0,0.0131,0.0004,0.0118,-0.0313,-0.0659,0.0008,0.0038,0.0089,0.0,0.024,0.0113,0.0006,-0.0042,-0.0006,-0.004,0.064,0.0,0.0014,0.027,0.0,-0.0004,0.0661,-0.0006,-0.2256,0.3801,0.029,0.004,0.0,-0.008
AGTR2,0.0,-0.0397,0.0,0.0,-0.0332,0.0,-0.0,0.0,0.0,0.0,0.0,-0.0,-0.0051,-0.0,0.0,0.0,-0.2298,-0.3108,0.0,0.0,-0.0527,-0.0084,-0.0172,0.0,0.0,0.0,0.1294,0.0,0.0,-0.2165,0.1311,0.0
SLCO1B7,0.0,0.0,0.0,0.0,0.0,-0.0,0.1014,0.0,0.5277,0.0,0.0198,0.0,0.0,0.0,-0.242,0.0,0.0,0.0,0.0,0.0,0.0,0.0564,0.0,0.0126,0.0,0.0,-0.0,0.0,0.0,0.0,0.0,0.0
HTR3C,0.0,0.0,0.0,-0.0,-0.0,0.0,-0.0449,0.0,0.0137,0.0,0.0048,0.0,0.0,0.0,0.0,0.0,-0.057,-0.0926,0.0,0.0,0.0036,0.2843,0.0,-0.0024,0.0,-0.0048,-0.0,0.0,-0.0,0.0,0.0,0.0
PKDREJ,0.2131,-0.0,-0.0,-0.0,-0.0,0.0,-0.0,-0.0,0.002,0.0,-0.001,-0.0,0.0004,0.0,0.0,0.0,-0.0,0.0,-0.0,-0.0,-0.0,0.0,-0.0,-0.0,-0.0002,0.0003,-0.0,-0.0,-0.0,-0.0,-0.0,-0.0
EPGN,2.1662,0.0,1.173,0.068,0.4168,-0.0,0.0152,-0.0,0.2282,0.0,2.2686,-0.0,0.0035,-0.0096,-0.0,0.0,-0.0602,0.3673,-0.2697,0.734,0.0319,0.0405,0.0,-0.0063,0.0,0.0935,-0.0289,0.0411,0.0,0.0,0.071,-0.0
CACNG3,0.0,-0.0,0.0,0.0,0.0,0.0,0.0,0.2633,0.0,-0.7031,0.0,0.0,0.0,0.0,0.0,-0.7898,0.0,0.0,0.0,0.0,0.0,0.0,2.1772,0.0,0.0,0.0,-0.0182,0.0,0.0,0.0,0.0,0.0
OR52N5,0.1858,0.0,0.0,0.0,0.0,0.0,0.0,0.0,0.0,0.0,0.0,0.0,0.0,0.0,0.0,0.0,0.0,0.0,0.0,0.0,-0.0,0.0,0.0,0.0,0.0,0.0,0.0,0.0,0.0,0.0,0.0,0.0
OR2W1,0.0,0.0,0.0,0.0,0.0,0.0,0.0,0.0,0.0,0.0,0.0,0.0,0.0,0.0,0.0,0.0,0.0,0.0,0.0,0.0,0.0,0.0,0.0,0.0,0.0,0.0,-0.0,0.0,0.0,0.0,0.0,0.0
ERVFRD-1,0.9358,-0.0149,-0.0119,-0.0027,-0.0,-0.0,-0.0117,-0.0,-0.0083,0.0,-0.0,0.0058,-0.0029,-0.0036,-0.0006,0.0,-0.0,-0.0105,-0.0399,-0.0326,-0.0,0.0,-0.0,-0.0083,0.0016,-0.0026,-0.0087,-0.0005,-0.0,-0.0127,-0.0197,0.0001
OR10G4,0.0,0.0,0.0,0.0,0.0,0.0,0.0,0.0,0.0,0.0,0.0,0.0,0.0,0.0,0.0,0.0,0.0,0.0,0.0,0.0,0.0,-0.0,0.0,0.0,0.0,0.0,-0.0,0.0,0.0,0.0,0.0,0.0
OR56A1,0.0,0.0,0.0,0.0,0.0,0.0,0.0,0.0,0.0,0.0,0.0,0.0,0.0,0.0,0.0,0.0,0.0,0.0,0.0,0.0,0.0,0.0,0.0,0.0,0.0,0.0,-0.0,0.0,0.0,0.0,0.0,0.0
SLC6A18,0.0,0.0,0.0,0.0,0.0,0.0,0.0033,0.0,0.0,0.0,0.0,-0.0,0.2166,-0.0591,0.0,0.0,0.0,0.0,0.0,0.0,0.0,0.0,0.0,0.0,0.0,0.0,-0.0,0.0,0.0,0.0,0.0,0.0
OR5T3,0.0,0.0,0.0,0.0,0.0,0.0,0.0,0.0,0.0,0.0,0.0,0.0,0.0,0.0,0.0,0.0,0.0,0.0,0.0,0.0,0.0,0.0,0.0,0.0,0.0,0.0,0.0,0.0,0.0,0.0,0.0,0.0
OR5F1,0.0,0.0,0.0,0.0,0.0,0.0,0.0,0.0,0.0,0.0,0.0,0.0,0.0,0.0,0.0,0.0,0.0,0.0,0.0,0.0,0.0,0.0,0.0,0.0,0.0,0.0,0.0,0.0,0.0,0.0,0.0,0.0
OR5M10,0.0,0.0,0.0,0.0,0.0,0.0,0.0,0.0,0.0,0.0,0.0,0.0,0.0,0.0,0.0,0.0,0.0,0.0,0.0,0.0,0.0,0.0,0.0,0.0,0.0,0.0,0.0,0.0,0.0,0.0,0.0,0.0
OR8G1,-0.0,0.0,0.0,0.0,0.0,0.0,0.0,0.0,0.0,0.0,0.0,0.0,0.0,0.0,0.0,0.0,0.0,0.0,0.0,0.0,0.0,0.0,0.0,0.0,0.0,0.0,-0.0,0.0,0.0,0.0,0.0,0.0
OR4F5,-0.0183,0.0,0.0,0.0,0.0,0.0,0.0,0.0,0.0,0.0,0.0,0.0,0.0,0.0,0.0,0.0,0.0,0.0,0.0,0.0,0.0,0.0,0.0,0.0,0.0,0.0,0.0,0.0,0.0,0.0,0.0,0.0
OR7G1,0.0,0.0,0.0,0.0,0.0,0.0,0.0,0.0,0.0,0.0,0.0,0.0,0.0,0.0,0.0,0.0,0.0,0.0,0.0,0.0,0.0,0.0,0.0,0.0,0.0,0.0,0.0,0.0,0.0,0.0,0.0,0.0
OR5D14,0.0,0.0,0.0,0.0,0.0,0.0,0.0,0.0,0.0,0.0,0.0,0.0,0.0,0.0,0.0,0.0,0.0,0.0,0.0,0.0,0.0,0.0,0.0,0.0,0.0,0.0,0.0,0.0,0.0,0.0,0.0,0.0
GLRA3,-0.0,-0.0,0.0549,-0.0534,-0.0,0.0,-0.0,0.5024,0.016,-0.1724,0.0,0.0266,0.0,0.0,0.0,0.5417,0.0744,0.0192,-0.0,-0.0199,0.0,0.0164,0.3342,0.0,0.0549,0.0,-0.0,0.0136,0.0,-0.0,-0.0,-0.0
OR10G9,0.0,0.0,0.0,0.0,0.0,0.0,0.0,0.0,0.0,0.0,0.0,0.0,0.0,0.0,0.0,0.0,0.0,0.0,0.0,0.0,0.0,0.0,0.0,0.0,0.0,0.0,0.0,0.0,0.0,0.0,0.0,0.0
SLC2A7,0.0,0.0,0.0,0.0,0.0,0.0,-0.0,0.0,0.0,0.0,0.0,0.0,0.0,0.0,0.0,0.0,0.0,0.0,0.0,0.0,0.0,0.0,0.0,0.0,0.0,0.0,-0.0,0.0,-0.0,0.0,0.0,0.0
OR4Q2,0.0,0.0,0.0,0.0,0.0,0.0,0.0,0.0,0.0,0.0,0.0,0.0,0.0,0.0,0.0,0.0,0.0,0.0,0.0,0.0,0.0,0.0,0.0,0.0,0.0,0.0,0.0,0.0,0.0,0.0,0.0,0.0
OR4F6,0.0,0.0,0.0,0.0,0.0,0.0,0.0,0.0,0.0,0.0,0.0,0.0,0.0,0.0,0.0,0.0,0.0,0.0,0.0,0.0,0.0,0.0,0.0,0.0,0.0,0.0,0.0,0.0,0.0,0.0,0.0,0.0
OR10W1,0.0,0.0,0.0,0.0,0.0,0.0,0.0,0.0,0.0,0.0,0.0,0.0,0.0,0.0,0.0,0.0,0.0,0.0,0.0,0.0,0.0,0.0,0.0,0.0,0.0,0.0,0.0,0.0,0.0,0.0,0.0,0.0
TLR9,0.8035,-0.0,-0.0049,-0.0016,-0.0026,-0.0,-0.0,0.0153,-0.0034,-0.0006,-0.0033,-0.0,-0.0002,-0.0,-0.0,-0.0,-0.0086,-0.004,-0.0051,-0.014,-0.0256,0.0,-0.0,-0.0,-0.003,-0.0012,-0.0,-0.0039,-0.0018,-0.0149,-0.0,-0.0
GP1BA,0.5704,-0.0,-0.0157,-0.002,-0.009,0.1222,-0.0118,0.3243,0.0324,-0.0006,-0.014,0.0274,0.0196,0.0852,-0.01,0.01,-0.054,-0.0408,-0.0822,0.0058,-0.0102,0.0472,0.0066,-0.0026,0.0078,0.038,0.0636,0.0689,-0.0122,-0.0,-0.0055,-0.0
ALK,0.0823,-0.0091,-0.0156,-0.0075,-0.0043,0.0,-0.0031,0.0146,-0.0,0.1243,-0.0025,0.0,0.0091,0.0322,0.0,0.1362,0.0031,0.0091,0.7068,0.084,0.2482,0.0188,0.7152,-0.0,0.0244,-0.0012,-0.0667,-0.0017,0.2256,0.0135,0.1256,0.8528
OR5AC2,0.0,0.0,0.0,0.0,0.0,0.0,0.0,0.0,0.0,0.0,0.0,0.0,0.0,0.0,0.0,0.0,0.0,0.0,0.0,0.0,0.0,0.0,0.0,0.0,0.0,0.0,-0.0,0.0,0.0,0.0,0.0,0.0
OR6Q1,0.0,0.0,0.0,0.0,0.0,0.0,0.0,0.0,0.0,0.0,0.0,0.0,0.0,0.0,0.0,0.0,0.0,0.0,0.0,0.0,0.0,0.0,0.0,0.0,0.0,0.0,0.0,0.0,0.0,0.0,0.0,0.0
GJD2,0.0,-0.0,0.0,0.0,0.0,0.0,0.0,0.0,0.0,-0.073,0.0,0.4618,-0.0102,-0.0,0.0,-0.0914,0.0,0.0,0.0,0.0,0.0,0.1649,4.1908,0.0,0.0,0.0,-0.0299,0.0,0.0,0.0,0.5009,0.0657
FAT2,0.1428,-0.0048,0.109,-0.0869,1.4077,0.0,-0.0029,-0.0099,0.902,-0.0037,1.8521,-0.0116,-0.0007,-0.0098,-0.001,-0.0008,-0.0352,1.3986,-0.291,-0.0076,0.4768,0.0051,-0.0003,-0.2082,-0.0103,0.0,-0.1643,0.4476,0.0171,0.2918,0.0952,-0.0148
HTR3B,0.0,0.0,0.0,0.0,0.0,0.0,-0.0,0.1041,-0.0394,-0.0239,0.0,0.1492,-0.0316,-0.0143,0.0,-0.0306,0.0,0.0,0.0334,0.0,0.0599,0.0,0.0,0.0,0.0,0.0,-0.1602,0.0,0.0,0.0,0.0,0.0
OR1J2,0.0,0.0,0.0,0.0,0.0,0.0,0.0,0.0,0.0,0.0,0.0,0.0,0.0,0.0,0.0,0.0,0.0,0.0,0.0,0.0,0.0,0.0,0.0,0.0,0.0,0.0,-0.0,0.0,0.0,0.0,0.0,0.0
ABCB5,0.0,0.1282,-0.0028,-0.0424,-0.0,0.0,-0.0067,-0.0,-0.0006,0.0077,-0.0005,0.0074,0.03,0.0637,0.0316,0.0,-0.0034,-0.0011,1.1456,-0.0013,-0.0006,0.0336,0.0,0.0016,0.4509,0.0,-0.07,-0.0,-0.0,-0.0063,-0.0,2.9416
LPAR4,1.9587,0.0,-0.0021,-0.0028,-0.0019,0.0,-0.0,0.0,-0.0058,0.1736,-0.0004,0.0048,0.0152,-0.0,0.0,0.4066,0.0004,0.0006,-0.0189,-0.0067,-0.0398,0.0079,0.0,-0.0,0.4166,0.0668,0.0622,-0.0,-0.0005,-0.0042,-0.0191,-0.0
OR2V1,-0.0,0.0,0.0,0.0,0.0,0.0,0.0,0.0,0.0,0.0,0.0,0.0,0.0,0.0,0.0,0.0,0.0,0.0,0.0,0.0,-0.0,0.0,0.0,0.0,0.0,0.0,0.0,0.5811,0.0,0.0,0.0,0.0
OR2H1,0.0,0.0,0.0,0.0,0.0,0.3892,0.0,0.0,0.0,0.0,0.0,0.0,0.0,0.0,0.0,0.0,0.0,0.0,0.0,0.0,-0.0,0.0,0.0,0.0,0.0,0.0,-0.0,0.0,0.0,0.0,0.0,0.0
TRPV6,0.0599,-0.0,0.1468,-0.0421,0.1719,0.3723,-0.0394,-0.0004,0.0722,-0.0232,-0.0591,-0.24,-0.0286,-0.087,-0.1011,-0.0829,-0.0395,0.0271,-0.0417,0.0126,0.2245,-0.3551,0.0008,0.1802,-0.0043,-0.2078,-0.198,0.0427,-0.1009,0.2951,0.0541,-0.0
OR5K4,0.0,0.0,0.0,0.0,0.0,0.0,0.0,0.0,0.0,0.0,0.0,0.0,0.0,0.0,0.0,0.0,0.0,0.0,0.0,0.0,0.0,0.0,0.0,0.0,0.0,0.0,-0.0,0.0,0.0,0.0,0.0,0.0
OR5G3,0.0,0.0,0.0,0.0,0.0,0.0,0.0,-0.0,0.0,0.0,0.0,0.0,0.0,0.0,0.0,0.0,0.0306,0.0,0.0,0.0,0.0,0.0,0.0,0.0,0.0,0.0,0.0,0.0,0.0,0.0,0.0,0.0
ART1,0.0,-0.0,0.0,0.0403,-0.0068,0.0,0.0,0.0,0.0,-0.0,0.0,-0.0,0.0,-0.0,0.0,0.0,-0.0134,-0.0,0.0,0.0,0.0,0.0,-0.0,0.01,-0.0775,0.0151,-0.0,0.0,-0.0,0.0,0.0,2.5156
OR1L8,0.0392,0.0,-0.0,-0.0009,-0.0,0.0,-0.0,-0.0,-0.0015,0.0,-0.0,0.5017,0.0025,-0.0049,0.0,0.0,-0.0,-0.0,-0.004,-0.0,-0.0018,0.0,0.0,-0.0,0.0,-0.0,-0.0,-0.0,-0.0,-0.0,-0.0,-0.0
OR11H2,0.0,0.0,0.0,0.0,0.0,0.0,0.0,0.0,0.0,0.0,0.0,0.0,0.0,0.0,0.0,0.0,0.0,0.0,0.0,0.0,0.0,0.0,0.0,0.0,0.0,0.0,0.0,0.0,0.0,0.0,0.0,0.0
KCNV2,0.2515,-0.0,-0.0,-0.0,-0.0,-0.0,-0.0,0.0,0.0,-0.0,-0.0,-0.0,0.0,-0.0,-0.0,-0.0,-0.0,-0.0,-0.0053,-0.0037,-0.0043,-0.0,-0.0,-0.0,-0.0,0.0,-0.3146,-0.0,-0.0,-0.0,-0.0,0.0111
SLC26A8,1.1239,-0.0,-0.0,-0.0039,-0.0028,-0.0,-0.0,-0.0,0.0041,-0.0251,-0.0,-0.0,-0.0,-0.0,-0.001,-0.0658,-0.0066,-0.0,-0.0,-0.0,-0.0,0.0,-0.0017,-0.0008,0.0,0.0019,-0.0273,-0.0,-0.0017,-0.0,-0.0,-0.0
LY6G6F,-0.1004,0.0,0.0,0.0,0.0,0.0,0.0,-0.0,0.0,0.0,0.0,0.0,0.0,0.0,0.0,0.0,-0.0,-0.0076,0.0,0.0,0.0,0.0,0.0,0.0,0.0,0.0,-0.0,0.0,-0.0,0.0,0.0,0.0
OR2T33,0.2235,0.0,0.0,0.0,-0.0,0.0,0.0,0.0,0.0,0.0,0.0,0.0,0.0,0.0,0.0,0.0,0.0,0.0,0.0,0.0,0.0358,0.0,0.0,0.0,0.0,0.0,-0.0,0.0,-0.007,0.0,0.0,0.0
OR51M1,-0.0361,0.0,0.0,0.0,0.0,0.0,0.0,0.0,0.0,0.0,0.0,0.0,0.0,0.0,0.0,0.0,0.0,0.0,0.0,0.0,0.0,0.0,0.0,0.0,0.0,0.0,0.0,0.0,0.0,0.0,0.0,0.0
SLC6A5,-0.0,0.0,0.0,0.0,0.0,0.0,0.0,0.0425,0.0,-0.0,0.0,0.0,0.0,0.0,0.0,-0.0187,0.0,0.0,0.0,0.0,0.0,0.0,0.2605,0.0,0.0,0.0,-0.3002,0.0,0.0,0.0,0.0,0.0
GPR50,-0.0,-0.2452,-0.0259,0.0,0.0,0.0,0.0,0.0,0.6554,0.0,0.7163,0.0,0.0,0.0,0.0,0.0306,0.0,1.2086,0.0,0.0,0.0,0.0,-0.1235,0.0,0.0,0.0,0.3085,0.0,0.0,-0.0373,-0.0139,0.0
TMEM95,0.0,0.0,0.0,0.0,0.0,0.0,0.0,0.0,0.0,0.0,0.0,0.0,0.0,0.0,0.0,0.0,0.0,0.0,0.0,0.0,0.0,0.0,0.0,0.0,0.0,0.0,-0.0,0.0,0.0,0.0,0.0,0.0
OR10G7,0.0,0.0,0.0,0.0,0.0,0.0,0.0,0.0,0.0,0.0,0.0,0.0,0.0,0.0,0.0,0.0,0.0,0.0,0.0,0.0,0.0,0.0,0.0,0.0,0.0,0.0,0.0,0.0,0.0,0.0,0.0,0.0
MEP1B,0.0,-0.0,0.0049,-0.0005,-0.0037,-0.0,-0.2195,-0.0,0.0219,0.0,-0.0,0.0,0.0,0.0,-0.0514,-0.0,-0.0169,-0.0036,-0.0,-0.0,-0.0034,0.1083,0.0,-0.0,0.0079,0.2003,-0.0,-0.0,-0.0,-0.0062,-0.0,-0.0
OR6K6,0.0,0.0,0.0,0.0,0.0,0.0,0.0,0.0,0.0,0.0,0.0,0.0,0.0,0.0,0.0,0.0,0.0,0.0,0.0,0.0,0.0,0.0,0.0,0.0,0.0,0.0,0.0,0.0,0.0,0.0,0.0,0.0
OR2G2,0.6284,0.0,0.0,0.0,0.0,0.0,0.0,0.0,0.0,0.0,0.0,0.0,0.0,0.0,0.0,0.0,0.0,0.0,0.0,0.0,0.0,0.0,0.0,0.0,0.0,0.0,-0.0,0.0,0.0,0.0,0.0,0.0
OR8D4,0.0,0.0,0.0,0.0,0.0,0.0,0.0,0.0,0.0,0.0,0.0,0.0,0.0,0.0,0.0,0.0,0.0,0.0,0.0,0.0,0.0,-0.0,0.0,0.0,0.0,0.0,-0.0,0.0,0.0,0.0,0.0,0.0
OR2A25,0.0,0.0,0.0,0.0,0.0,0.0,0.0,0.0,0.0,0.0,0.0,0.0,0.0,0.0,0.0,0.0,0.0,0.0,0.0,0.0,-0.0,0.0,0.0,0.0,0.0,0.0,-0.0,0.0,-0.0,0.0,0.0,0.0
VN1R2,0.0,0.0,-0.0,0.0,0.0,0.0,0.0,0.0,0.0,0.0,0.0,0.0,0.0,0.0,0.0,0.0,0.0,0.0,0.0,0.0,0.0,0.0,0.0,0.0,0.0,0.0,-0.0731,0.0,0.0,0.0,0.0,0.0
CD33,0.3934,-0.2156,-0.2226,-0.0217,-0.0895,0.0106,-0.1997,-0.3066,-0.147,0.592,-0.1227,-0.1019,0.2463,0.1301,-0.0424,0.3982,-0.2917,-0.3904,0.1447,0.2302,-0.0112,0.367,-0.2383,-0.1586,0.6151,0.0229,0.3135,0.1594,0.007,-0.1455,-0.1031,-0.1317
FGFRL1,0.3235,-0.1419,-0.2576,-0.1383,-0.2182,-0.0451,0.1914,-0.143,0.1659,0.0706,-0.2705,0.0572,-0.0505,-0.0169,-0.0355,-0.1937,-0.0269,-0.2462,-0.0555,-0.0257,0.1706,-0.1525,-0.218,0.1709,0.0538,-0.0074,0.2224,-0.3444,-0.0699,0.1198,0.272,0.0065
OR11L1,0.0328,0.0,0.0,0.0,0.0,0.0,0.0,0.0,0.0,0.0,0.0,0.0,0.0,0.0,0.0,0.0,0.0,0.0,0.0,0.0,0.0,0.0,0.0,0.0,0.0,0.0,-0.0,0.0,-0.0,0.0,0.0,0.0
OR10J4,0.0,0.0,0.0,0.0,0.0,0.0,0.0,0.0,0.0,0.0,0.0,0.0,0.0,0.0,0.0,0.0,0.0,0.0,0.0,0.0,0.0,0.0,0.0,0.0,0.0,0.0,0.0,0.0,0.0,0.0,0.0,0.0
OR6C6,0.0,0.0,0.0,0.0,0.0,0.0,0.0,0.0,0.0,0.0,0.0,0.0,0.0,0.0,0.0,0.0,0.0,0.0,0.0,0.0,0.0,0.0,0.0,0.0,0.0,0.0,0.0,0.0,0.0,0.0,0.0,0.0
HTR1E,0.0,0.0688,0.0,0.0,-0.012,0.0,-0.0,0.0,-0.0131,-0.0656,0.0,0.0,0.0,0.0,0.0,-0.1546,0.0,0.0,0.0,0.0,-0.0052,-0.0,1.0481,-0.0013,0.0,-0.0251,-0.0347,0.0,-0.0184,-0.1409,-0.0315,0.0
SDC2,-0.0214,0.1161,-0.4864,-0.029,-0.6339,-0.1819,-0.1589,0.1577,-0.1613,0.2211,-0.1966,0.4747,0.386,0.2062,0.2995,0.0687,-0.1941,-0.1363,-0.052,-0.0036,-0.4986,0.1149,0.54,0.0246,0.754,0.0713,0.2272,-0.5011,-0.0039,-0.2255,0.0059,-0.4809
CDH24,0.0979,-0.1654,0.04,-0.1416,0.0283,0.4955,-0.0438,-0.0415,0.0831,0.1091,-0.0021,-0.1202,-0.1459,-0.119,0.0537,0.0775,-0.1169,0.0092,-0.1725,-0.0458,0.0044,0.1873,0.2741,-0.3193,0.6495,0.1152,-0.0486,0.3071,-0.2433,-0.2506,-0.1276,-0.1976
DSG4,0.0,0.0,-0.0159,-0.0,0.0732,0.0,0.0997,0.0,0.1645,0.0,0.1788,0.0,0.0,0.0,0.011,0.0,0.0,0.0844,-0.0078,0.0,0.0,0.0143,0.0,0.0041,0.0,0.0093,-0.0,0.0,0.0,0.0,0.0,0.0
VN1R4,0.0,0.0,0.0,0.0,0.0,0.0,0.0,0.0,0.0,0.0,0.0,0.0,0.0,0.0,0.0,0.0,0.0,0.0,0.0,0.0,0.0,0.0,0.0,0.0,0.0,0.0,-0.0767,0.0,0.0,0.0,0.0,0.0
OR5D16,0.0,0.0,0.0,0.0,0.0,0.0,0.0,0.0,0.0,0.0,0.0,0.0,0.0,0.0,0.0,0.0,0.0,0.0,0.0,0.0,0.0,0.0,0.0,0.0,0.0,0.0,0.0,0.0,0.0,0.0,0.0,0.0
OR2M3,0.0,0.0,0.0,0.0,0.0,0.0,0.0,0.0,0.0,0.0,0.0,0.0,0.0,0.0,0.0,0.0,0.0,0.0,0.0,0.0,0.0,0.0,0.0,0.0,0.0,0.0,0.0,0.0,0.0,0.0,0.0,0.0
SLC9A6,0.2017,0.0684,-0.0423,-0.0833,0.0242,0.302,0.0062,0.0895,0.1336,-0.1076,0.0861,0.1572,0.2813,0.2335,0.1694,0.0528,0.0168,0.0432,0.034,-0.0317,-0.0768,0.3873,0.2836,-0.0415,0.1504,0.2084,-0.0096,-0.0183,0.0369,-0.0565,-0.1103,-0.0847
OR1Q1,0.162,0.0,-0.0031,0.0,-0.0,0.0,-0.0,0.0,0.0,0.0,0.0,0.0,0.0,0.0,0.0,0.0,0.0,0.0,-0.0,0.0,0.0257,0.0,0.0,0.0,0.0,0.0151,-0.0,0.0,0.0,0.0,0.0,0.0
OR10J3,0.0,0.0,0.0,0.0,0.0,0.0,0.0,0.0,0.0,0.0,0.0,0.0,0.0,0.0,0.0,0.0,0.0,0.0,0.0,0.0,0.0,0.0,0.0,0.0,0.0,0.0,0.0,0.0,0.0,0.0,0.0,0.0
OR1C1,0.0,0.0,0.0,0.0,0.0,0.0,0.0,0.0,0.0,0.0,0.0,0.0,0.0,0.0,0.0,0.0,0.0,0.0,0.0,0.0,0.0,0.0,0.0,0.0,0.0,0.0,-0.0,0.0,0.0,0.0,0.0,0.0
KCNMB2,0.0,0.0,0.0,0.0,0.0,0.0,0.0,0.0,0.0,0.0,0.0,-0.0,-0.2501,-0.097,0.0,0.0,0.0,0.0,0.0,0.0,0.0,0.0,0.0,0.0,0.0,0.0,0.0,0.0,0.0,0.0,0.0,0.0
OR10P1,0.0,0.0,0.0,0.0,0.0,0.0,0.0,0.0,0.0,0.0,0.0,0.0,0.0,0.0,0.0,0.0,0.0,0.0,0.0,0.0,0.0,0.0,0.0,0.0,0.0,0.0,-0.0,0.0,0.0,0.0,0.0,0.0
SLC13A3,-0.0141,0.1333,0.0435,-0.0109,-0.1149,-0.2186,0.1487,0.0007,0.0832,-0.1262,-0.0668,-0.4573,-0.4143,-0.4931,-0.0556,-0.1716,0.067,0.0335,0.1992,0.2893,-0.0932,-0.0788,-0.0628,0.2358,0.2029,-0.107,-0.2184,-0.0771,-0.0023,-0.012,0.1223,0.1254
LRIT1,0.0,0.0,0.0,0.0,0.0,0.0,0.0,0.0,0.0,0.0,0.0,0.0,0.0,0.0,0.0,0.0,0.0,0.0,0.0,0.0,0.0,0.0,0.0,0.0,0.0,0.0,-0.0,0.0,0.0,0.0,0.0,0.0
IGSF5,0.0,-0.0855,-0.0022,0.1243,-0.0127,0.1474,-0.0,-0.0,0.0,0.3562,-0.0068,-0.0,-0.005,0.0011,-0.0156,0.3491,0.0063,0.0041,-0.004,0.0016,-0.0064,-0.0041,-0.0391,0.1886,0.099,0.003,0.183,0.0191,-0.0062,-0.0013,0.0322,0.0028
OR8K3,0.0,0.0,0.0,0.0,0.0,0.0,0.0,0.0,0.0,0.0,0.0,0.0,0.0,0.0,0.0,0.0,0.0,0.0,0.0,0.0,0.0,0.0,0.0,0.0,0.0,0.0,0.0,0.0,0.0,0.0,0.0,0.0
GPR149,0.0,0.0,0.0,0.0,-0.0,0.0,0.0,0.0,0.0,-0.0,0.0,0.0,0.0,0.0,0.0,-0.0,0.0,0.2647,0.0,0.0,0.0,0.0,0.0,0.0,0.0,-0.0,-0.0,0.0,0.0,0.0,0.0,0.0
GUCY2C,0.0052,0.0,-0.0024,0.0,-0.0031,0.0155,1.2798,0.0,0.4906,0.0,0.0164,0.0,0.0023,0.0045,0.0751,-0.0,0.0284,0.0025,-0.0112,0.0036,0.0,0.2055,0.0,-0.0024,0.0018,1.9107,0.2169,-0.0,-0.0,-0.006,-0.029,-0.0
SLC4A10,0.0182,0.1895,0.0,0.0107,0.0083,-0.0,-0.0164,-0.0258,0.003,-0.4708,-0.001,-0.0,0.004,0.0084,-0.0018,-0.3021,-0.0027,-0.0029,0.0,0.0,-0.0006,0.0467,0.6295,0.0121,0.0079,0.001,-0.1141,-0.0,-0.0013,0.0,0.0,-0.0443
SPPL2C,0.0,0.0,0.0,0.0,-0.0,0.0,0.0,0.0,0.0,-0.0,0.0,0.0,0.0,0.0,0.0,-0.0,0.0,0.0,0.0,0.0,0.0,0.0,0.0,0.0,0.0,0.0,-0.0612,0.0,0.0,0.0,0.0,0.0
KIR2DS4,0.163,0.0,0.0383,-0.0084,0.094,-0.0058,0.0027,-0.1952,0.0,0.0,0.0386,0.0,0.1627,0.0353,-0.0013,0.0,-0.0419,-0.04,0.0244,0.1952,0.0179,0.0,0.0,-0.0,0.0185,0.0524,0.1457,0.0,-0.0036,-0.0061,-0.0498,0.0
OR10G6,0.0,0.0,0.0,0.0,0.0,0.0,0.0,0.0,0.0,0.0,0.0,0.0,0.0,0.0,0.0,0.0,0.0,0.0,0.0,0.0,0.0,-0.0,0.0,0.0,0.0,0.0,0.0,0.0,0.0,0.0,0.0,0.0
OR2AE1,0.1674,-0.0,-0.0,-0.0005,-0.0,0.0,0.0,0.0,0.0,0.0,0.0,0.0,0.0,0.0,0.0,0.0,0.0,0.0,-0.0,0.0,-0.0,0.0,-0.0,0.0,0.0,0.0214,0.0,0.0,0.0,-0.0,-0.0,0.0
OR4E1,0.0,0.0,0.0,0.0,0.0,0.0,0.0,0.0,0.0,0.0,0.0,0.0,0.0,0.0,0.0,0.0,0.0,0.0,0.0,0.0,0.0,0.0,0.0,0.0,0.0,0.0,-0.0,0.0,0.0,0.0,0.0,0.0
OR7G3,0.0,0.0,0.0,0.0,0.0,0.0,0.0,0.0,0.0,0.0,0.0,0.0,0.0,0.0,0.0,0.0,0.0,0.0,0.0,0.0,0.0,0.0,0.0,0.0,0.0,0.0,0.0,0.0,0.0,0.0,0.0,0.0
TARM1,0.4251,0.0,0.0,0.0,0.0,0.0,0.0,-0.0,0.0,0.0,0.0,0.0,0.0,0.0,0.0,0.0,0.0,0.0,0.0,0.0,0.0,0.0,0.0,0.0,0.0,0.0,-0.0561,0.0,0.0,0.0,0.0,0.0
KIR3DL1,0.2223,0.0,-0.0028,-0.005,0.046,-0.0,-0.0039,-0.054,0.0278,0.0,0.0022,0.0,0.0257,0.002,-0.0015,0.0,-0.0157,-0.0039,0.0122,0.0202,0.0,0.0,0.0,-0.0,0.0011,0.0289,0.0544,0.0,-0.0,-0.0027,-0.0,-0.0
VSIG2,0.2066,-0.0165,-0.0536,-0.2013,-0.0935,0.0192,0.3123,-0.0405,-0.0488,-0.012,-0.1567,0.2282,-0.1313,-0.1003,-0.0739,-0.0069,-0.2294,-0.4578,-0.0189,-0.1406,0.038,1.242,0.0611,-0.0223,-0.0144,-0.5201,0.1502,-0.148,-0.0036,-0.1987,-0.1129,-0.0151
OR2T10,0.0,0.0,0.0,0.0,0.0,0.0,0.0,0.0,0.0,0.0,0.0,-0.0,0.3652,-0.0215,0.0,0.0,0.0,0.0,0.0,0.0,0.0,0.0,0.0,0.0,0.0,0.0,0.0,0.0,0.0,0.0,0.0,0.0
OR52R1,0.0,0.0,0.0,0.0,0.0,0.0,0.0,0.0,0.0,0.0,0.0,0.0,0.0,0.0,0.0,0.0,0.0,0.0,0.0,0.0,0.0,0.0,0.0,0.0362,0.0,0.0,0.0,0.0,0.0,0.0,0.0,0.0
OR8D1,-0.0,0.0,0.0,0.0,0.0,0.0,0.0,0.0,0.0,0.0,0.0,0.0,0.0,0.0,0.0,0.0,0.0,0.0,0.0,0.0,0.0,0.0,0.0,0.0,0.0,0.0,-0.0,0.0,0.0,0.0,0.0,0.0
OR6N2,0.0,0.0,0.0,0.0,0.0,0.0,0.0,0.0,0.0,0.0,0.0,0.0,0.0,0.0,0.0,0.0,0.0,0.0,0.0,0.0,0.0,0.0,0.0,0.0,0.0,0.0,0.0,0.0,0.0,0.0,0.0,0.0
LYPD4,-0.0,0.0,0.0,0.0,-0.0,0.0,0.0,-0.0,0.0,0.0,0.0,0.0,0.0,0.0,0.0,0.0,0.0,0.0,0.0,0.0,-0.0,0.0,0.0,0.0,0.0,0.0,-0.2438,0.0,0.0,0.0,0.0,0.0
OR2M4,0.0,0.0,0.0,0.0,0.0,0.0,0.0,0.0,0.0,0.0,0.0,0.0,0.0,0.0,0.0,0.0,0.0,0.0,0.0,0.0,0.0,0.0,0.0,0.0,0.0,0.0,0.0,0.0,0.0,0.0,0.0,0.0
CHRNA7,0.6019,0.0183,-0.0938,-0.0062,-0.0413,0.1212,-0.0826,-0.0,0.127,0.0567,-0.0267,0.0154,0.0395,0.0674,0.0023,0.1659,-0.021,0.0723,0.0086,-0.013,-0.0246,0.0333,1.0334,-0.057,0.046,-0.0123,-0.155,-0.0303,-0.0956,-0.0397,0.0057,-0.002
AQP2,0.0,-0.5248,-0.0,-0.0064,0.0,0.0,0.0042,0.0,0.1912,0.0097,-0.006,-0.2252,-0.5665,-0.416,0.0,0.0,0.0,-0.0046,-0.0,-0.0,0.1626,0.107,-0.1062,-0.0533,0.0,0.0975,-0.0,0.0281,-0.0009,0.2552,0.0596,-0.0
OR2AT4,-0.0378,0.0,0.0,0.0,0.0,0.0,0.0,0.0,0.0,0.0,0.0,0.0,0.0,0.0,0.0,0.0,0.0,0.0,0.0,0.0,0.0,0.0,0.0,0.0,0.0,0.0,-0.0,0.0,0.0,0.0,0.0,0.0
UPK1A,0.0013,0.0,-0.6678,0.0,-0.0568,0.0304,-0.0063,-0.0,-0.0474,-0.0,0.0336,-0.0,-0.0068,-0.0117,0.0048,-0.0011,-0.0146,0.0045,-0.1678,-0.001,0.0305,0.0064,-0.0007,-0.1837,0.0679,0.0151,-0.0301,-0.0,-0.0011,-0.0303,0.121,0.0
OR52N2,0.2267,0.0,0.0,-0.0172,0.0,0.0,-0.0,-0.0,0.0,0.0,0.0,0.0,0.0,0.0,0.0,0.0,0.0,-0.0,0.0,0.0,-0.0,0.0201,0.0,0.0,0.0,0.0,-0.0,0.0,0.0,0.0,0.0,0.0
OR52N4,0.3903,-0.0,-0.0037,-0.0059,-0.0,-0.0047,-0.0,-0.0,-0.0096,-0.0003,-0.0,-0.0,0.0063,-0.0056,-0.0008,0.0048,-0.0059,-0.0016,-0.0013,-0.0062,-0.0,0.0031,-0.0,-0.0014,-0.0021,-0.0059,-0.0,-0.0063,-0.002,-0.0051,-0.0,-0.0
CD200R1L,-0.0232,0.0,0.0,0.0,0.0,0.0,0.0,0.0,0.0,0.0,0.0,0.0,0.0,0.0,0.0,0.0,0.0,0.0,0.0,0.0,0.0,0.0,0.0,0.0,0.0,0.0,-0.0,0.0,0.0,0.0,0.0,0.0
OR5D18,0.0,0.0,0.0,0.0,0.0,0.0,0.0,0.0,0.0,0.0,0.0,0.0,0.0,0.0,0.0,0.0,0.0,0.0,0.0,0.0,0.0,0.0,0.0,0.0,0.0,0.0,-0.0,0.0,0.0,0.0,0.0,0.0
PTPRG,0.119,-0.1954,-0.2881,-0.1493,-0.3441,0.3246,0.0294,0.1348,0.1475,0.2621,-0.1157,0.1881,0.2606,0.1072,0.1485,0.2946,-0.2484,-0.2988,0.1431,-0.0957,-0.139,0.3805,-0.1621,-0.0687,0.2896,0.3003,0.0155,-0.2166,-0.0428,-0.1192,-0.1138,-0.2252
RXFP3,0.0,-0.0265,0.0,0.0,0.0,0.0,0.0,0.0,0.0,0.0,0.0,0.0,0.0,0.0,0.0,0.0068,0.0,0.0,0.0,0.0,0.0,0.0496,0.1878,0.0,0.0,0.0084,-0.0,0.0,0.0,0.0,0.0,0.0
OR4C45,0.0,0.0,0.0,0.0,0.0,0.0,0.0,0.0,0.0,0.0,0.0,0.0,0.0,0.0,0.0,0.0,0.0,0.0,0.0,0.0,0.0,0.0,0.0,0.0,0.0,0.0,0.0,0.0,0.0,0.0,0.0,0.0
HTR2C,-0.011,0.0,0.2617,0.0,-0.0289,0.0,0.0,0.0,0.6215,-0.0299,0.1497,0.0,0.0,0.0,0.0,-0.1217,0.0,0.9621,0.0,0.0,0.0875,0.0,0.0,-0.0089,0.0,0.0,0.2591,0.2345,0.0,0.0,0.0607,0.0
OR51L1,0.0,0.0,0.0,0.0,0.0,0.0,0.0,0.0,0.0,0.0,0.0,0.0,0.0,0.0,0.0,0.0,0.0,0.0,0.0,0.0,0.0,0.0,0.0,0.0,0.0,0.0,0.0,0.0,0.0,0.0,0.0,0.0
OR10V1,0.0,0.0,0.0,0.0,0.0,0.0,0.0,0.0,0.0,0.0,0.0,0.0,0.0,0.0,0.0,0.0,0.0,0.0,0.0,0.0,0.0,0.0,0.0,0.0,0.0,0.0,0.0,0.0,0.0,0.0,0.0,0.0
OR2AG1,0.0,0.0,0.0,0.0,0.0,0.0,0.0,0.0,0.0,0.0,0.0,0.0,0.0,0.0,0.0,0.0,0.0,0.0,0.0,0.0,0.0,0.0,0.0,0.0,0.0,0.0,0.0,0.0,0.0,0.0,0.0,0.0
ENTPD3,0.0,-0.0048,-0.1776,-0.0018,0.3255,0.2328,-0.0478,-0.0,0.1242,-0.1654,0.4205,-0.0046,-0.0088,-0.0138,-0.0082,-0.2269,0.3485,0.4547,-0.0571,-0.038,0.0461,-0.0464,0.2128,-0.0302,-0.0424,0.0328,-0.0028,-0.0455,0.1059,0.3651,0.0281,-0.0132
OR7A2P,0.0,0.0,0.0,0.0,0.0,0.0,0.0,0.0,0.0,0.0,0.0,0.0,0.0,0.0,0.0,0.0,0.0,0.0,0.0,0.0,0.0,0.0,0.0,0.0,0.0,0.0,0.0,0.0,0.0,0.0,0.0,0.0
OR13C2,0.0242,0.0,0.0,0.0,-0.0,0.0,0.0,0.0,0.0,0.0,0.0,0.0,0.0,0.0,0.0,0.0,0.0,0.0,0.0,0.0,-0.0,0.0,0.0,0.0,0.0,0.0,-0.0,0.0,-0.0,0.0,0.0,0.0
OR12D3,0.0,0.0,0.0,0.0,0.0,0.0,0.0,0.0,0.0,0.0,0.0,0.0,0.0,0.0,0.0,0.0,0.0,0.0,0.0,0.0,0.0,0.0,0.0,0.0,0.0,0.0,-0.0,0.0,0.0,0.0,0.0,0.0
OR4M1,0.0,0.0,0.0,0.0,0.0,0.0,0.0,0.0,0.0,0.0,0.0,0.0,0.0,0.0,0.0,0.0,0.0,0.0,0.0,0.0,0.0,0.0,0.0,0.0,0.0,0.0,-0.0,0.0,0.0,0.0,0.0,0.0
DISP1,0.8201,-0.118,-0.2171,-0.0157,-0.1808,0.167,-0.1974,-0.0102,-0.0916,0.3089,-0.1269,-0.1752,0.127,0.1388,0.1653,0.2832,-0.2766,-0.3511,0.0401,0.1594,-0.0703,0.341,-0.1167,-0.0792,0.3079,0.0302,-0.2715,-0.1006,-0.0167,-0.2079,-0.1188,-0.1155
IZUMO1R,0.0,-0.078,0.0,0.0,-0.0105,0.0,0.0,0.0,0.0,0.0,0.0,-0.0,-0.0,-0.0,0.0,0.0,0.0,0.0,0.0,0.0,-0.0,0.0605,0.0062,0.0,0.1966,0.0,-0.0045,2.1844,-0.0084,-0.0,-0.0,0.0
OR4Q3,0.0,0.0,0.0,0.0,0.0,0.0,0.0,0.0,0.0,0.0,0.0,0.0,0.0,0.0,0.0,0.0,0.0,0.0,0.0,0.0,0.0,0.0,0.0,0.0,0.0,0.0,-0.0,0.0,0.0,0.0,0.0,0.0
EMP1,0.7632,-0.2328,-0.0139,-0.2173,0.1833,0.4049,0.029,0.0946,0.0103,0.8234,0.292,-0.194,0.2945,0.0772,0.2519,0.4613,-0.267,-0.1165,-0.072,0.2059,0.0369,0.6946,0.0772,-0.0478,0.4692,0.2444,-0.0528,-0.4168,-0.1515,-0.2339,-0.1576,0.2135
OR4F17,-0.0163,0.0,-0.0,0.0,0.0,0.0,0.0,0.0,0.0,0.0,0.0,0.0,0.0,0.0,0.0,0.0,0.0,0.0,0.0,0.0,0.0,0.0,0.0,0.0,0.0,0.0,0.0,0.0,0.0,0.0,0.0,0.0
ADAM2,0.0,0.0,0.0,0.0,-0.0106,0.0,0.0,0.0,0.0,0.0,0.0,4.8838,0.0,0.0,0.0,0.0,0.0,0.0,0.0,0.0,0.0,0.0,0.0,2.7489,0.0,0.0,-0.2151,0.0,0.0,0.0,0.0,0.0
TAS2R9,0.0385,0.0,0.0,0.0,0.0,0.0,0.0,0.0,0.0,0.0,0.0,0.0,0.0,0.0,0.0,0.0,0.0,0.0,0.0,0.0,0.0,0.0,0.0,0.0,0.0,0.0,0.0,0.0,0.0,0.0,0.0,0.0
MDGA2,0.0262,0.0577,-0.0295,0.0,-0.0,-0.0,-0.0,-0.0,0.0785,-0.1338,-0.0234,-0.039,0.0088,-0.0115,-0.1372,1.2749,0.0,0.0,1.244,0.0492,0.0055,0.0,0.7773,0.0,0.1308,-0.0118,-0.598,-0.0,-0.0,0.0,0.1201,1.3485
OR52I2,0.0,0.0,0.0,0.0,0.0,0.0,0.0,0.0,0.0,0.0,0.0,0.0,0.0,0.0,0.0,0.0,0.0,0.0,0.0,0.0,0.0,0.0,0.0,0.0,0.0,0.0,-0.0,0.0,0.0,0.0,0.0,0.0
OR4M2,0.0,0.0,0.0,0.0,0.0,0.0,0.0,0.0,0.0,0.0,0.0,0.0,0.0,0.0,0.0,0.0,0.0,0.0,0.0,0.0,0.0,0.0,0.0,0.0,0.0,0.0,-0.0434,0.0,0.0,0.0,0.0,0.0
OR56B1,0.6515,0.0,-0.0,0.0,-0.0,0.0,-0.0,-0.0,0.0,0.0,0.0,0.0,0.0,0.0,0.0,0.0,-0.0,-0.0,0.0,0.0,-0.0,0.0,0.0,0.0,0.0,0.0,-0.0,0.0,0.0,-0.0,-0.0,0.0
OR2K2,0.0,0.0,0.0,0.0,0.0,0.0,0.0,0.0,0.0,-0.0,0.0,0.0,0.0,0.0,0.0,-0.0,0.0,0.0,0.0,0.0,0.0,0.0,0.0,0.0,-0.0,0.0,-0.0,0.0,0.0,0.0,0.0,0.0
TAAR9,0.0,0.0,0.0,0.0,0.0,0.0,0.0,0.0,0.0,0.0,0.0,0.0,0.0,0.0,0.0,0.0,0.0,0.0,0.0,0.0,0.0,0.0,0.0,0.0,0.0,0.0,0.0,0.0,0.0,0.0,0.0,0.0
CATSPERD,0.0,0.0,-0.0061,-0.0407,-0.0456,0.0,0.0,0.0,0.0,0.1105,0.0,0.0,0.0,0.0,0.0,0.0341,-0.2052,-0.2958,0.0275,0.0,-0.0644,0.0,0.0,-0.0119,0.0,0.0,-0.1905,0.0,0.0,0.0479,-0.0197,0.9932
OPN1SW,0.0168,-0.0,-0.0004,-0.0005,-0.0003,0.0,-0.0009,0.0,0.0005,0.0354,-0.0013,0.0,0.0014,0.0031,0.001,0.0056,-0.0009,-0.0017,0.006,0.011,-0.0004,0.0,0.0033,-0.0017,0.0276,0.0061,-0.0023,-0.0014,-0.0007,-0.0027,-0.0,-0.003
MUC17,0.0,0.0,0.0,0.0,-0.0359,0.0,-0.3472,0.0,2.0524,0.0,0.0,0.0,0.0,0.0,0.0,0.0,0.0,0.0,0.0,0.0,0.0,3.8881,0.0,-0.0182,0.0,5.69,-0.207,0.0,0.0,0.0,0.0,0.0
MYADML2,0.0,-0.0,0.0,0.0008,0.0065,0.0232,0.652,0.0203,0.0396,-0.0412,0.0,-0.0,-0.0,-0.0,0.0,-0.1147,0.0002,0.0,-0.0,0.0014,0.0,-0.0153,0.0055,0.0,-0.0356,0.039,-0.0,-0.0,-0.0043,-0.0006,0.0731,-0.0046
PCDHGA8,0.1482,0.011,-0.0,-0.0058,-0.0116,0.0,-0.0049,0.0,0.0012,0.0,-0.001,0.0,0.0021,0.0,-0.0028,0.0032,-0.0158,-0.0058,-0.0012,-0.0026,-0.0173,0.0,0.0018,-0.0008,-0.0016,0.0024,0.0088,-0.0039,-0.0022,-0.0088,-0.0066,-0.0041
OR13C8,0.0,0.0,0.0,0.0,0.0,0.0,0.0,0.0,0.0,0.0,0.0,0.0,0.0,0.0,0.0,0.0,0.0,0.0,0.0,0.0,0.0,0.0,0.0,0.0,0.0,0.0,0.0,0.0,0.0,0.0,0.0,0.0
OR51A7,0.0,0.0,0.0,0.0,0.0,0.0,0.0,0.0,0.0,0.0,0.0,0.0,0.0,0.0,0.0,0.0,0.0,0.0,0.0,0.0,0.0,0.0,0.0,0.0,0.0,0.0,-0.0,0.0,0.0,0.0,0.0,0.0
OR4D5,0.0,0.0,0.0,0.0,0.0,0.0,0.0,0.0,0.0,0.0,0.0,0.0,0.0,0.0,0.0,0.0,0.0,0.0,0.0,0.0,0.0,-0.0,0.0,0.0,0.0,0.0,-0.0,0.0,0.0,0.0,0.0,0.0
OR4C13,0.0,0.0,0.0,0.0,0.0,0.0,0.0,0.0,0.0,0.0,0.0,0.0,0.0,0.0,0.0,0.0,0.0,0.0,0.0,0.0,0.0,0.0,0.0,0.0,0.0,0.0,0.0,0.0,0.0,0.0,0.0,0.0
GPR32,0.9242,0.0,0.0,0.0,0.0,0.0,0.0,0.0,0.0,0.0,0.0,0.0,0.0,0.0,0.0,0.0,0.0,0.0,0.0,0.0,0.0,0.0,0.0,0.0,0.0,0.0,-0.0211,0.0,0.0,0.0,0.0,0.0
NCR2,0.0,0.0,0.0,0.0,0.0506,0.0,-0.0,0.0,0.0987,0.0,0.0257,0.0,0.0,0.0,0.0,0.0,0.0,0.0,0.0,0.0,0.0318,0.0,0.0,0.0,0.0,0.0253,0.0,0.0,0.0,0.0,0.0,0.0
OR6N1,0.0,0.0,0.0,0.0,0.0,0.0,0.0,0.0,0.0,0.0,0.0,0.0,0.0,0.0,0.0,0.0,0.0,0.0,0.0,0.0,0.0,0.0,0.0,0.0,0.0,0.0,0.0,0.0,0.0,0.0,0.0,0.0
TM4SF5,0.0,-0.0639,0.0,0.0,0.0,-0.5308,1.0337,0.0,1.6286,0.0,0.0,-0.0,0.6226,-0.1629,0.5385,0.0,0.2986,0.0,0.0,0.0,-0.0168,2.4998,-0.0138,0.0,0.0,0.8422,-0.0336,0.0,0.0,0.0,0.0,0.0
OR3A3,0.0,0.0,0.0,0.0,0.0,0.0,0.0,0.0,0.0,-0.0,0.0,0.0,0.0,0.0,0.0,-0.0079,0.0,0.0,0.0,0.0,-0.0101,0.0,0.0,0.0,0.0,0.0,-0.0052,0.0,0.0,0.0,0.0,0.0
CACNG5,0.0,0.0,0.0,0.0,0.0,0.0,0.0,0.0,0.0,-0.0359,0.0,0.0,0.0898,0.0,0.0,-0.1186,0.0,0.0,0.0,0.0,0.0413,0.0,0.0176,0.0,0.0,0.0,0.0,0.0,0.0,0.0,0.0704,0.233
OR8B8,0.0,0.0,0.0,0.0,0.0,0.0,0.0,0.0,0.0,0.0,0.0,0.0,0.0,0.0,0.0,0.0,0.0,0.0,0.0,0.0,0.0,0.0,0.0,0.0,0.0,0.0,0.0,0.0,0.0,0.0,0.0,0.0
OR11H4,0.0,0.0,-0.014,0.0,0.0,0.0,0.0,0.0,0.0,0.0,0.0,0.0,0.0,0.0,0.0,0.0,0.0,0.0,0.0,0.0,0.0,0.0,0.0,0.0,0.0,0.0,-0.0,0.0,0.0,0.0,0.0,0.0
SCN10A,0.0,0.0,0.0,0.0,-0.0,0.0,0.0,-0.0,0.0,0.0,0.0,0.0,0.0,0.0,0.0,0.0,0.0,0.0,0.0,0.0,0.0,0.0,0.0,0.0,0.0,0.0,-0.0,0.0,0.0,0.0,0.0,0.0
TAS2R19,0.6685,-0.0017,-0.0029,-0.0046,-0.0,0.0,-0.0111,-0.0,-0.0,-0.0008,-0.0,-0.0,0.0005,0.0018,-0.0,0.0209,-0.008,-0.0021,-0.0008,-0.0066,-0.0049,-0.0,-0.0,-0.0028,-0.0013,-0.0,-0.0107,-0.0008,-0.0,-0.0182,-0.0144,-0.0
P2RY4,0.281,-0.0,-0.0,-0.0124,-0.0,-0.0,-0.0071,-0.0,0.0,0.0,-0.0012,-0.0,-0.0,-0.0,-0.0193,0.0,-0.0057,-0.0009,-0.0024,-0.0,-0.0,-0.0006,-0.0,-0.0012,-0.0,-0.0003,-0.0,-0.0,-0.0007,-0.0,-0.0,-0.0
OR6C4,0.0,0.0,0.0,0.0,0.0,0.0,0.0,0.0,0.0,0.0,0.0,0.0,0.0,0.0,0.0,0.0,0.0,0.0,0.0,0.0,0.0,0.0,0.0,0.0,0.0,0.0,0.0,0.0,0.0,0.0,0.0,0.0
OR1F1,-0.0,0.0,0.0,0.0,0.0149,0.0,0.0,0.0,0.0417,-0.0101,0.0048,0.0,0.0,0.0,0.0,-0.0506,0.0,0.0183,0.0,0.0,0.0,0.0,0.0,0.0,0.0,0.0,-0.0322,0.0,0.0,0.098,0.0,0.0
OR10H2,0.0,0.0,0.0,0.0,0.0,0.0,0.0,0.0,0.0,0.0,0.0,0.0,0.0,0.0,0.0,0.0,0.0,0.0,0.0,0.0,0.0,0.0,0.0,0.0,0.0,0.0,-0.0,0.0,0.0,0.0,0.0,0.0
GRIK4,0.0,0.0922,0.0096,0.0955,-0.0091,0.0,-0.0,-0.0111,-0.003,0.2581,-0.0039,-0.0,0.0382,-0.0,0.0095,0.5929,-0.0114,-0.0248,0.0,0.0,-0.0824,0.0,-0.0552,-0.0054,0.1042,0.0049,-0.0295,-0.0033,-0.1113,0.0209,0.1266,0.0
OR3A4P,0.0,0.0,0.0,0.0,0.0,0.0,0.0,0.0,0.0,0.0,0.0,0.0,0.0,0.0,0.0,0.0,0.0,0.0,0.0,0.0,0.0,0.0,0.0,0.0,0.0,0.0,0.0,0.0,0.0,0.0,0.0,0.0
OR13F1,0.1028,0.0,0.0,0.0,0.0,0.0,0.0,0.0,0.0,0.0,0.0,0.0,0.0,0.0,0.0,0.0,0.0,0.0,0.0,0.0,0.0,0.0,0.0,0.0,0.0,0.0,0.0,0.0,0.0,0.0,0.0,0.0
GPR45,0.027,-0.0,-0.0043,-0.0,-0.0,-0.0,-0.0,0.0,-0.0,-0.0232,-0.0104,0.0,0.0029,0.0081,-0.0,0.3304,-0.0,-0.0,0.0056,0.0,0.0026,-0.0,0.0,-0.0,0.0174,-0.0,-0.0795,-0.0,-0.0,-0.0,-0.0,-0.0
OR4P4,0.0,0.0,0.0,0.0,0.0,0.0,0.0,0.0,0.0,0.0,0.0,0.0,0.0,0.0,0.0,0.0,0.0,0.0,0.0,0.0,0.0,0.0,0.0,0.0,0.0,0.0,0.0,0.0,0.0,0.0,0.0,0.0
CDH2,0.0659,-0.4758,-0.0196,0.2456,-0.1574,0.1874,-0.0747,0.0113,-0.1637,0.4141,-0.1392,-0.0553,0.6209,0.5421,0.2038,0.3614,0.0082,0.0369,0.5038,0.4103,0.2979,0.6988,-0.1516,-0.0862,0.6181,-0.1471,-0.1582,0.2219,0.6805,0.2947,0.6768,-0.1084
TEX101,-0.032,0.0875,0.0,0.0,0.0045,0.0,0.0111,0.0,0.0412,-0.0,0.5351,0.0,0.0,0.0,0.0,-0.0052,0.0,0.4053,-0.0792,0.0,0.0866,0.0,0.0,0.0,0.0,-0.0079,-0.276,0.4162,0.0,0.043,0.0,0.0
LRRN2,0.6828,-0.0952,-0.0689,0.3608,-0.1296,0.5405,-0.1816,-0.0353,-0.1276,0.1427,-0.0915,0.3319,-0.197,-0.2434,-0.001,0.2336,-0.1194,-0.0945,-0.0054,0.3646,0.4471,0.3271,0.7028,-0.0518,0.1255,0.0399,-0.2128,0.2929,-0.0805,0.1551,0.2198,0.1007
OR1P1,0.0,0.0,0.0,0.0,0.0,0.0,0.0,0.0,0.0,0.0,0.0,0.0,0.0,0.0,0.0,0.0,0.0,0.0,0.0,0.0,0.0,0.0,0.0,0.0,0.0,0.0,0.0,0.0,0.0,0.0,0.0,0.0
OR1I1,0.0,0.0,0.0,0.0,0.0,0.0,0.0,0.0,0.0,0.0,0.0,0.0,0.0,0.0,0.0,0.0,0.0,0.0,0.0,0.0,0.0,0.0,0.0,0.0,0.0,0.0,0.0,0.0,0.0,0.0,0.0,0.0
OR6C2,0.0,0.0,0.0,0.0,0.0,0.0,0.0,0.0,0.0,0.0,0.0,0.0,0.0,0.0,0.0,0.0,0.0,0.0,0.0,0.0,0.0,0.0,0.0,0.0,0.0,0.0,-0.3235,0.0,0.0,0.0,0.0,0.0
OPN4,0.0,0.0031,-0.0034,-0.0,-0.0,0.0,-0.0,0.0,-0.0,-0.0,-0.0037,0.0,0.0403,0.0,0.0,-0.014,0.0,0.002,-0.0036,-0.0,-0.0006,0.0,-0.0095,0.0,-0.0727,-0.0,-0.0,-0.0,-0.0057,-0.0059,-0.0,-0.0068
OR51S1,0.0,0.0,0.0,0.0,0.0,0.0,0.0,0.0,0.0,0.0,0.0,0.0,0.0,0.0,0.0,0.0,0.0,0.0,0.0,0.0,0.0,0.0,0.0,0.0202,0.0,0.0,-0.0,0.0,0.0,0.0,0.0,0.0
OR51T1,0.0,0.0,0.0,0.0,0.0,0.0,0.0,0.0,0.0,0.0,0.0,0.0,0.0,0.0,0.0,0.0,0.0,0.0,0.0,0.0,0.0,0.0,0.0,0.0347,0.0,0.0,0.0,0.0,0.0,0.0,0.0,0.0
OR11A1,0.0,0.0,0.0,0.0,0.0,0.0,0.0,0.0,0.0,0.0,0.0,0.0,0.0,0.0,0.0,0.0,0.0,0.0,0.0,0.0,0.0,0.0,0.0,0.0,0.0,0.0,-0.0,0.0,0.0,0.0,0.0,0.0
OR4K13,0.0,0.0,0.0,0.0,0.0,0.0,0.0,0.0,0.0,0.0,0.0,0.0,0.0,0.0,0.0,0.0,0.0,0.0,0.0,0.0,0.0,0.0,0.0,0.0,0.0,0.0,0.0,0.0,0.0,0.0,0.0,0.0
SIGLEC16,0.1581,-0.008,-0.0104,-0.0045,-0.0055,-0.0,-0.0013,-0.0286,-0.0034,0.0373,-0.0089,-0.0,-0.0013,-0.0015,-0.003,0.01,-0.0317,-0.0108,0.0172,0.0034,-0.0796,0.001,-0.0028,-0.0007,0.049,-0.0055,-0.0144,-0.0036,-0.0011,-0.0128,-0.0179,-0.0053
SLC2A2,0.0,0.0,0.0,0.0,-0.0034,-1.1932,-0.0139,0.0,0.0397,0.0,0.0,-0.0,0.5753,0.0237,0.1771,0.0,0.0,0.0,0.0,0.0,-0.0,0.0827,0.0,0.0,0.0,0.0785,-0.1985,0.0,0.0,0.0,0.0,0.0
TRHR,0.0532,0.0,0.0,0.0,0.0,0.0,0.0,0.0,0.0,0.0,0.0,0.0,0.0,0.0,0.0,0.0,0.0,0.0,0.0,0.0,0.0,0.0,0.0,0.0,0.0,0.0,0.0,0.0,0.0,0.0,0.0,0.0
OR8J1,0.0,0.0,0.0,0.0,0.0,0.0,0.0,0.0,0.0,0.0,0.0,0.0,0.0,0.0,0.0,0.0,0.0,0.0,0.0,0.0,0.0,0.0,0.0,0.0,0.0,0.0,0.0,0.0,0.0,0.0,0.0,0.0
OR6K3,0.0,0.0,0.0,0.0,0.0,0.0,0.0,0.0,0.0,0.0,0.0,0.0,0.0,0.0,0.0,0.0,-0.0,-0.0,0.0,0.0,0.0,0.0,0.0,0.0,0.0,0.0,-0.0,0.0,0.0,0.0,0.0,0.0
OR2D3,0.0,0.0,0.0,0.0,0.0,0.0,0.0,0.0,0.0,0.0,0.0,0.0,0.0,0.0,0.0,0.0,0.0,0.0,0.0,0.0,0.0,0.0,0.0,0.0,0.0,0.0,-0.0,0.0,0.0,0.0,0.0,0.0
MC5R,0.0,-0.0,0.0,0.0,0.0,0.0,0.0,0.0,-0.0032,0.5542,0.0,0.0,0.0,0.0,0.0,0.3243,0.0414,0.0129,0.2066,0.0,0.0,0.0227,-0.0398,0.0,0.0,0.1464,-0.0,1.493,0.0,0.0,0.2659,0.0
CACNG2,0.0,0.2601,0.0,0.0,0.0,0.0,0.0,0.0,0.0,-0.2696,0.0,0.0,0.0,0.0,0.0,0.2289,0.0,0.0,0.0,0.0,0.0,0.0,5.6465,0.0,0.0,0.0,-0.0499,0.0073,0.0,0.0,0.0,0.0
OR8G5,-0.0,0.0,0.0,0.0,0.0,0.0,0.0,0.0,0.0,0.0,0.0,0.0,0.0,0.0,0.0,0.0,0.0,0.0,0.0,0.0,0.0,0.0,0.0,0.0,0.0,0.0,-0.0185,0.0,0.0,0.0,0.0,0.0
GPR179,0.0111,-0.0,-0.0,-0.0014,-0.0,0.0,-0.0023,-0.0,-0.0,-0.0586,-0.0,0.0,0.0,0.0,-0.0,-0.0301,0.0,-0.0003,0.0,-0.0,-0.0015,0.0,0.0136,-0.0,-0.004,-0.0044,-0.0,-0.0,-0.0,-0.0,-0.0,-0.0198
OR10A2,0.0,0.0,0.0,0.0,0.0,0.0,0.0,0.0,0.0,0.0,0.0,0.0,0.0,0.0,0.0,0.0,0.0,0.0,0.0,0.0,0.0,0.0,0.0,0.0,0.0,0.0,-0.0,0.0,0.0,0.0,0.0,0.0
OR13C4,0.0,0.0,0.0,0.0,0.0,0.0,0.0,0.0,0.0,0.0,0.0,0.0,0.0,0.0,0.0,0.0,0.0,0.0,0.0,0.0,0.0,0.0,0.0,0.0,0.0,0.0,0.0,0.0,0.0,0.0,0.0,0.0
OR4C12,0.0,0.0,0.0,0.0,0.0,0.0,0.0,0.0,0.0,0.0,0.0,0.0,0.0,0.0,0.0,0.0,0.0,0.0,0.0,0.0,0.0,0.0,0.0,0.0,0.0,0.0,0.0,0.0,0.0,0.0,0.0,0.0
OR5T2,0.0,0.0,0.0,0.0,0.0,0.0,0.0,0.0,0.0,0.0,0.0,0.0,0.0,0.0,0.0,0.0,0.0,0.0,0.0,0.0,0.0,0.0,0.0,0.0,0.0,0.0,-0.0,0.0,0.0,0.0,0.0,0.0
OR51B4,-0.0167,-0.0,0.0,0.0,-0.0123,0.0,0.0,0.0,0.0,0.0,0.0,0.0,0.0,0.0,0.0,0.0,0.0,0.0,0.0,0.0,-0.0191,0.0,-0.0,-0.0067,0.0,0.0,-0.0153,0.0,0.0,-0.0,-0.0,0.0
OR2S2,0.0,0.0,0.0,0.0,0.0,0.0,0.0,0.0,0.0,0.0,0.0,0.0,0.0,0.0,0.0,0.0,0.0,0.0,0.0,0.0,0.0,0.0,0.0,0.0,0.0,0.0,0.0,0.0,0.0,0.0,0.0,0.0
TACR3,0.0,0.0,-0.0302,0.0136,-0.0042,0.0,-0.0,0.0,0.0,-0.0,0.0,-0.0,-0.0,-0.0,0.0,-0.0011,-0.0367,-0.0055,0.0,0.0,0.0,0.0,0.0,0.0,-0.0874,-0.0,-0.0183,0.0,-0.0,0.0,0.0615,0.0
GDPD2,0.0,-0.0,0.1473,0.0306,0.0842,0.0079,-0.1038,-0.0,0.4097,0.574,0.9948,-0.0145,-0.0016,-0.0205,-0.0,0.2084,0.0,0.2418,-0.0907,-0.0,0.5534,0.5995,0.0089,-0.0,0.0021,0.0466,1.7167,-0.0,-0.0,0.0108,0.0805,-0.0155
OR6C1,0.0,0.0,0.0,0.0,0.0,0.0,0.0,0.0,0.0,0.0,0.0,0.0,0.0,0.0,0.0,0.0,0.0,0.0,0.0,0.0,0.0,0.0,0.0,0.0,0.0,0.0,0.0,0.0,0.0,0.0,0.0,0.0
TMPRSS15,-0.0,0.0,0.0,0.0,0.0,0.0,-0.0082,0.0212,0.1567,0.0,0.0,0.0,0.0,0.0,0.0,0.0,0.0,0.0498,0.0272,0.0,0.0122,0.2144,0.0,-0.0,0.0,0.3341,-0.0,0.0,0.0,0.0,0.2873,0.0
NPBWR2,0.0,0.0,0.0,0.0,0.0,0.0,0.0,0.0,0.0,0.0,0.0,0.0,0.0,0.0,0.0,0.0,0.0,0.0,0.0,0.0,0.0,0.0,2.4294,0.0,0.0,0.0,0.0,0.0,0.0,0.0,0.0,0.0
OR6F1,0.0,0.0,0.0,0.0,0.0,0.0,0.0,0.0,0.0,0.0,0.0,0.0,0.0,0.0,0.0,0.0,0.0,0.0,0.0,0.0,0.0,0.0,0.0,0.0,0.0,0.0,-0.0,0.0,0.0,0.0,0.0,0.0
GPR6,0.0,0.0,0.0,0.0,0.0,0.0,0.0,0.0,0.0,-0.0618,0.0,0.0,0.0,0.0,0.0,-0.1673,0.0,0.0,0.0,0.0,0.0,-0.0287,0.1412,0.0,0.0,0.0,-0.0,0.0,0.0,0.0,0.0,0.0
OR52H1,3.0326,0.0,0.0,0.0,-0.0,0.0,0.0,0.0,0.0,0.0,0.0,0.0,0.0,0.0,0.0,0.0,0.0,0.0,0.0,0.0,0.0,0.0,0.0,0.0,0.0,0.0,-0.0,0.0,0.0,0.0,0.0,0.0
OR6C76,0.0,0.0,0.0,0.0,0.0,0.0,0.0,0.0,0.0,0.0,0.0,0.0,0.0,0.0,0.0,0.0,0.0,0.0,0.0,0.0,0.0,0.0,0.0,0.0,0.0,0.0,0.0,0.0,0.0,0.0,0.0,0.0
MMP16,-0.0167,0.1755,-0.0188,0.1046,-0.0177,0.0184,-0.0042,0.0036,0.0124,0.3141,-0.0069,0.0092,0.2006,0.0085,0.0,0.5721,0.0037,0.0037,0.3265,0.088,-0.0131,0.1892,0.4356,-0.0063,0.8019,0.0583,0.0423,0.0079,0.2468,-0.0343,0.1282,-0.0
OR6Y1,0.0,0.0,0.0,0.0,0.0,0.0,0.0,0.0,0.0,0.0,0.0,0.0,0.0,0.0,0.0,0.0,0.0,0.0,0.0,0.0,0.0,0.0,0.0,0.0,0.0,0.0,0.0,0.0,0.0,0.0,0.0,0.0
KCNK18,0.0,0.0,0.0,0.0,0.0,0.0,0.0,0.0,0.0,0.0,0.0,0.0,0.0,0.0,0.0,0.0,0.0,0.0,0.0,0.0,0.0,0.0,0.0,0.0,0.0,0.0,-0.0,0.0,0.0,0.0,0.0,0.0
ERVFC1,0.0,0.0,0.0,0.0,0.0,0.0,0.0,0.0,0.0,0.0,0.0,0.0,0.0,0.0,0.0,0.0,0.0,0.0,0.0,0.0,0.0,0.0,0.0,0.0,0.0,0.0,-0.6501,0.0,0.0,0.0,0.0,0.0
MFRP,0.0,0.0,0.0,0.0,0.0,0.0,0.0,0.0,0.0,0.0,0.0,0.0,0.0,0.0,0.0,0.0,0.0,0.0,0.0,0.0,0.0,0.0,0.0,0.0,0.0,0.0,0.0,0.0,0.0,0.0,0.0,0.0
PCDHA5,0.0,0.0138,-0.03,0.0061,-0.0226,0.0608,-0.0119,-0.0,0.0,-0.0419,-0.0045,-0.0341,0.0309,0.039,0.0078,-0.0394,0.0,-0.0124,0.0162,0.0085,-0.0025,0.0185,0.2327,0.0119,0.1605,0.008,-0.012,-0.0,-0.0022,-0.0206,-0.0122,-0.0
OR5M1,0.0,0.0,0.0,0.0,0.0,0.0,0.0,0.0,0.0,0.0,0.0,0.0,0.0,0.0,0.0,0.0,0.0,0.0,0.0,0.0,0.0,0.0,0.0,0.0,0.0,0.0,0.0,0.0,0.0,0.0,0.0,0.0
PCDHGA1,0.0503,0.2525,-0.0116,0.0018,-0.0058,0.1144,0.0073,0.0,0.0806,0.0698,0.0042,0.0231,0.0808,0.0292,0.0085,0.231,-0.0067,0.0,0.034,0.0573,-0.0289,0.0094,0.1255,0.0606,0.0171,0.0978,-0.0142,-0.016,-0.0026,-0.0206,-0.0346,-0.0
OR6C70,0.0,0.0,0.0,0.0,0.0,0.0,0.0,0.0,0.0,0.0,0.0,0.0,0.0,0.0,0.0,0.0,0.0,0.0,0.0,0.0,0.0,0.0,0.0,0.0,0.0,0.0,0.0,0.0,0.0,0.0,0.0,0.0
SLC22A16,2.7978,-0.0,-0.0124,-0.0146,0.0024,0.0,-0.0001,-0.0,0.0032,0.0078,0.0,-0.0,0.0063,-0.0015,-0.0009,0.0,-0.0105,-0.0283,0.0009,0.0084,0.0193,0.0431,-0.0042,0.0093,0.4767,0.0073,-0.0891,0.3673,0.0,-0.0476,0.0501,-0.0077
ZAN,0.0,0.0,0.0,0.0023,0.0,-0.0,0.0,0.0,0.1099,0.0,0.1182,0.0,0.0,0.0,-0.0,0.0,0.0,0.0,-0.0,0.0,0.0,-0.0,0.0,0.0,0.0,0.0,-0.7134,0.0,0.0,0.0,0.0,0.0
PCDHB11,0.0236,0.0906,-0.0485,-0.0348,-0.0616,0.262,-0.0213,0.0,0.1908,-0.0076,-0.033,-0.0315,0.1722,0.0399,0.0166,-0.0012,0.0305,0.099,0.0079,-0.0368,0.0052,0.0312,0.0554,0.156,0.1521,0.1892,-0.07,-0.0701,-0.0183,-0.063,0.0935,-0.0726
OR1M1,0.0,0.0,0.0,0.0,0.0,0.0,0.0,0.0,0.0,0.0,0.0,0.0,0.0,0.0,0.0,0.0,0.0,0.0,0.0,0.0,0.0106,0.0,0.0,0.0,0.0,0.0,0.0,0.0,0.0,0.0,0.0,0.0
OR4C16,0.0,0.0,0.0,0.0,0.0,0.0,0.0,0.0,0.0,0.0,0.0,0.0,0.0,0.0,0.0,0.0,0.0,0.0,0.0,0.0,0.0,0.0,0.0,0.0,0.0,0.0,0.0,0.0,0.0,0.0,0.0,0.0
OR2T34,0.0,0.0,0.0,0.0,0.0,0.0,0.0,0.0,0.0,0.0,0.0,0.0,0.0,0.0,0.0,0.0,0.0,0.0,0.0,0.0,0.0,0.0,0.0,0.0,0.0,0.0,0.0,0.0,0.0,0.0,0.0,0.0
OR11H6,0.0,0.0,0.0,0.0,0.0,0.0,0.0,0.0,0.0,0.0,0.0,0.0,0.0,0.0,0.0,0.0,0.0,0.0,0.0,0.0,0.0,0.0,0.0,0.0,0.0,0.0,-0.0,0.0,0.0,0.0,0.0,0.0
OR1L3,0.0,0.0,0.0,0.0,0.0,0.0,0.0,0.0,0.0,0.0,0.0,0.0,0.0,0.0,0.0,0.0,0.0,0.0,0.0,0.0,0.0,0.0,0.0,0.0,0.0,0.0,-0.0,0.0,0.0,0.0,0.0,0.0
GLRA2,0.0,0.0,0.0,0.0,0.0,0.0,0.092,0.0,0.0389,-0.2761,0.0,-0.0,0.0005,-0.014,0.0,-0.3022,0.0,0.0,0.1297,0.0,-0.0342,0.0195,0.0,0.0,0.0,0.0295,0.0365,0.0,0.0,0.0372,0.094,0.0
OR1L1,0.0,0.0,-0.0,0.0,0.0,0.0,0.0,0.0,0.0,0.0,0.0,0.0,0.0,0.0,0.0,0.0,0.0,0.0,0.0,0.0,0.0,0.0,0.0,0.0,0.0,0.0,0.0,0.0,0.0,0.0,0.0,0.0
GPR150,0.073,0.0228,-0.0153,-0.0011,-0.011,0.0048,-0.0013,0.0119,0.006,-0.0094,-0.0053,0.0451,0.0058,0.023,0.0124,-0.0172,-0.0023,-0.001,-0.0292,-0.0084,-0.0003,-0.0365,0.1903,-0.0016,0.0301,-0.0039,-0.01,-0.0,0.0,-0.0031,-0.0,0.1909
OR5B12,0.0,0.0,0.0,0.0,-0.0,0.0,0.0,0.0,0.0,0.0,0.0,0.0,0.0,0.0,0.0,0.0,0.0,0.0,0.0,0.0,-0.071,0.0,0.0,0.0,0.0,0.0,-0.0,0.0,0.0,0.0,0.0,0.0
OR52B2,0.0,0.0,0.0,0.0,0.0,0.0,0.0,0.0,0.0,0.0,0.0,0.0,0.0,0.0,0.0,0.0,0.0,0.0,0.0,0.0,0.0,0.0,0.0,0.0,0.0,0.0,0.0,0.0,0.0,0.0,0.0,0.0
FFAR3,-0.0119,-0.0005,-0.0046,-0.0158,0.0024,0.0,-0.004,-0.0556,0.0,0.001,-0.0026,0.019,0.0237,0.0044,-0.0024,-0.0039,-0.0054,-0.0033,0.0281,0.0594,-0.0109,0.0958,0.0547,-0.0009,0.2932,-0.0031,-0.0,-0.0037,-0.0079,0.0,0.0136,0.2865
OR52B6,2.5791,0.0,0.0,0.0,0.0,0.0,0.0,0.0,0.0247,0.0,0.0,0.0,0.0,0.0,0.0,0.0,0.0,0.0,0.0,0.0,-0.0,0.0,0.0,0.0,0.0,0.0107,-0.0,0.0,0.0,-0.0,-0.0,0.0
OR2Z1,-0.0148,0.0,0.0,0.0,0.0,0.0,0.0,0.0,0.0,0.0,0.0,0.0,0.0,0.0,0.0,0.0,0.0,0.0,0.0,0.0,0.0,0.0,0.0,0.0,0.0,0.0,0.0,0.0,0.0,0.0,0.0,0.0
RAMP2,0.0401,-0.0244,-0.1084,-0.2844,-0.3998,0.424,-0.1841,0.3651,-0.0506,0.2925,-0.2294,-0.0787,0.2844,-0.2589,0.3598,0.271,-0.4918,-0.5434,0.0115,-0.0592,-0.1818,0.442,0.2412,-0.1468,0.3254,0.2658,0.126,-0.0487,-0.1177,-0.3237,-0.0841,-0.2222
OR5B21,0.2097,0.0,0.0,0.0,0.0,0.0,0.0,0.0,0.0,0.0,0.0,0.0,0.0,0.0,0.0,0.0,0.0,0.0,0.0,0.0,0.0,0.0,0.0,0.0,0.0,0.0,-0.0,0.0,0.0,0.0,0.0,0.0
OR6B2,0.0,0.0,0.0,0.0,0.0,0.0,0.0,0.0,0.0,0.0,0.0,0.0,0.0,0.0,0.0,0.0,0.0,0.0,0.0,0.0,0.0,0.0,0.0,0.0,0.0,0.0,-0.0,0.0,0.0,0.0,0.0,0.0
CLRN1,0.0,-0.9622,0.0,0.0,0.0,0.0,0.0,-0.0,0.0,0.0,0.0,0.0,0.0,0.0,0.0,0.0,0.0,0.0,0.0,0.0,-0.0,0.0,-0.33,0.0,0.0,0.0,-0.1631,0.0,0.0,0.0,0.0,0.0
SLC39A14,0.2246,-0.0738,-0.2687,-0.0927,-0.0862,-0.3831,0.0556,0.3814,0.2183,0.4532,-0.0418,-0.2267,0.3573,-0.0753,-0.3206,0.3804,-0.084,0.0399,0.0791,-0.0018,-0.1212,-0.1835,-0.2397,-0.11,0.2869,0.0949,-0.0202,-0.4554,-0.2254,-0.2429,-0.2369,-0.2454
OR10A3,0.0,0.0,-0.0,0.0,0.0,0.0,0.0,0.0,0.0,0.0,0.0,0.0,0.0,0.0,0.0,0.0,0.0,0.0,-0.0,0.0,0.0,0.0,0.0,0.0,0.0,0.0,0.1158,0.0,0.0,0.0,0.0,0.0
MRGPRG,0.0,0.0,0.0,0.0,0.0,0.0,0.0,0.0,0.0,0.0,0.0,0.0,0.0,0.0,0.0,0.0,0.0,0.0,0.0,0.0,0.0,0.0,0.0,0.0,0.0,0.0,-0.0,0.0,0.0,0.0,0.0,0.0
OR2T5,0.0,0.0,-0.0,0.0,-0.0,0.0,0.0,0.0,0.0,0.0,0.0,0.0,0.0546,0.0,0.0,0.0,0.0,0.0,0.0,0.0,0.0,0.0,0.0,0.0,0.0,0.0,-0.0,0.0,0.0,0.0,0.0,0.0
TAS2R38,0.0,0.0,-0.0039,0.0,0.0,0.0,0.3551,0.0,0.6668,0.0,0.0,0.0,0.0,0.0,0.0,0.0,0.0,0.1061,0.0,0.0,0.0,0.0744,0.0,0.0,0.0,0.2645,-0.0,0.2978,0.0,0.0,0.0,0.0
TMX4,0.2571,0.0725,-0.3157,0.0427,-0.2388,0.2224,-0.082,-0.1371,-0.0228,0.1728,-0.1639,0.3975,0.2898,0.2302,0.1895,0.1374,0.0339,-0.0535,0.3239,0.076,-0.213,0.3126,0.4922,0.0899,0.1082,0.1638,-0.4421,-0.0916,0.0749,-0.1953,-0.2473,-0.3235
OR8H2,0.0,0.0,0.0,0.0,0.0,0.0,0.0,0.0,0.0,0.0,0.0,0.0,0.0,0.0,0.0,0.0,0.0,0.0,0.0,0.0,0.0,0.0,0.0,0.0,0.0,0.0,0.0,0.0,0.0,0.0,0.0,0.0
HTR5A,0.0,0.0,0.0,0.0,0.0,0.0,0.0,0.0,0.0,-0.2039,0.0,0.0,0.0,0.0,0.0,-0.496,0.0,0.0,0.0,0.0,0.0,0.0,0.0,0.0,0.0,0.0,-0.0374,0.2052,0.0,0.0,0.0,0.0
DAGLA,0.2573,0.0355,-0.0084,-0.0618,-0.0993,0.575,0.1602,-0.0066,0.0538,0.0269,-0.1003,-0.045,0.0942,0.1401,0.1358,0.1265,-0.0071,-0.1186,0.2243,0.0339,0.0201,0.0199,0.1047,-0.1186,0.1499,0.229,-0.0679,-0.0187,-0.0154,-0.1253,-0.0568,0.0811
SLC35F4,0.0,0.1156,-0.0059,-0.0003,-0.0049,0.0,-0.0053,-0.0,0.0,-0.1015,-0.0,0.0,0.0,0.0,0.0,-0.0274,-0.0058,-0.003,-0.0081,-0.0205,0.0003,0.0098,0.0,-0.0627,0.3654,-0.0,-0.0397,-0.0,-0.056,-0.0,-0.0154,-0.0
MRGPRX4,0.0,0.0,0.0,0.0,0.0,0.0,0.0,0.0,0.0,0.0,0.0,0.0,0.0,0.0,0.0,0.0,0.0,0.0,1.087,0.0,0.0,0.0,0.0,0.0,0.0,0.0,-0.0,0.0,0.0,0.0,0.0,0.0
HTR3E,0.0,0.0,0.0422,0.0,0.0166,0.0,-0.0271,0.0,0.0197,0.0,0.0242,0.0,0.0,0.0,0.0,0.0,0.0,0.0646,0.0,0.0,0.0,0.312,0.0,0.0,0.0,0.0222,-0.0,0.0,0.0,0.0,0.5629,0.0
OR4X2,0.0,0.0,0.0,0.0,0.0,0.0,0.0,0.0,0.0,0.0,0.0,0.0,0.0,0.0,0.0,0.0,0.0,0.0,0.0,0.0,0.0,0.0,0.0,0.0,0.0,0.0,0.0,0.0,0.0,0.0,0.0,0.0
OR8U1,0.0,0.0,0.0,0.0,0.0,0.0,0.0,0.0,0.0,0.0,0.0,0.0,0.0,0.0,0.0,0.0,0.0,0.0,0.0,0.0,0.0,0.0,0.0,0.0,0.0,0.0,0.0,0.0,0.0,0.0,0.0,0.0
OR1L4,0.0,0.0,0.0,0.0,0.0,0.0,0.0,0.0,0.0,0.0,0.0,0.0,0.0,0.0,0.0,0.0,0.0,0.0,0.0,0.0,0.0,0.0,0.0,0.0,0.0,0.0,0.0,0.0,0.0,0.0,0.0,0.0
CEACAM3,0.1694,-0.0,-0.0082,-0.0025,0.0355,-0.0055,0.0024,-0.1344,-0.008,0.0083,0.0154,-0.0,0.0018,-0.0034,-0.0084,-0.0006,-0.1148,-0.1223,0.0127,-0.003,0.0014,0.1178,-0.0,-0.0005,-0.0011,0.1015,-0.0005,0.0014,-0.0008,0.0039,-0.0,-0.0
TAS2R39,0.0,0.0,0.0,0.0,0.0,0.0,0.0,0.0,0.0,0.0,0.0,0.0,0.0,0.0,0.0,0.0,0.0,0.0,0.0,0.0,0.0,0.0,0.0,0.0,0.0,0.0,0.0,0.0,0.0,0.0,0.0,0.0
TAAR6,0.0,0.0,0.0,0.0,0.0,0.0,0.0,0.0,0.0,0.0,0.0,-0.0,-0.0,0.0,0.0,0.0,0.0,0.0,0.0,0.0,0.0,0.0,0.0,0.0,0.0,0.0,0.0,0.0,0.0,0.0,0.0,0.0
OR5K3,0.0,0.0,0.0,0.0,0.0,0.0,0.0,0.0,0.0,0.0,0.0,0.0,0.0,0.0,0.0,0.0,0.0,0.0,0.0,0.0,0.0,0.0,0.0,0.0,0.0,0.0,0.0,0.0,0.0,0.0,0.0,0.0
TMEM132E,0.0045,0.1432,-0.0049,-0.0045,-0.0193,0.061,-0.0052,-0.0,0.0016,0.265,-0.0008,-0.0,-0.0813,-0.0861,-0.0044,0.4261,0.0061,-0.0014,-0.0053,0.06,-0.0023,0.1049,0.0697,-0.0013,0.1285,0.0087,-0.1092,-0.0007,-0.0023,-0.0115,0.0625,-0.0089
SCAP,0.1821,-0.0327,-0.0212,-0.0318,-0.1061,-0.042,-0.0149,-0.0567,-0.0007,0.1411,-0.1273,0.0517,-0.1317,0.0654,0.0157,0.1633,-0.0879,-0.0821,-0.0483,-0.0793,-0.0783,0.1557,-0.2117,-0.0313,0.2266,0.0654,-0.1328,0.0142,-0.0881,-0.0691,-0.0757,-0.1052
OR8H1,0.0,0.0,0.0,0.0,-0.0,0.0,0.0,0.0,0.0,0.0,0.0,0.0,0.0,0.0,0.0,0.0,0.0,0.0,0.0,0.0,0.0,0.0,0.0,0.0,0.0,0.0,0.0,0.0,0.0,0.0,0.0,0.0
SLC45A2,0.0,0.0,-0.0029,0.0009,0.0014,-0.0155,0.0002,0.0,0.0176,-0.0014,-0.0009,-0.012,0.0045,0.083,-0.0402,-0.0003,0.0,0.0,2.5663,0.0,-0.0004,0.0,0.0,0.5633,0.0019,-0.0072,-0.0121,-0.0,0.0027,0.0,0.0467,3.412
SERINC4,-0.0,-0.0114,-0.0,-0.0062,-0.0039,0.0,-0.0039,-0.0041,-0.0,-0.0022,-0.0,0.0,0.0002,-0.0031,-0.0002,0.0099,-0.0022,-0.0034,-0.001,-0.0,-0.0,-0.0006,-0.0,-0.011,0.0004,-0.0,-0.0067,-0.0,-0.0126,-0.0,-0.0,-0.0024
LRRC4,0.5163,-0.1084,-0.0106,0.0684,0.1158,0.0043,-0.0199,-0.0551,0.0184,-0.0506,0.1752,0.2677,-0.017,-0.0467,-0.0016,0.2029,-0.0151,0.2418,0.0788,0.0048,-0.0301,0.047,0.1034,-0.0086,0.1693,-0.0269,-0.2342,0.2494,0.0255,0.0586,-0.0103,-0.0448
KIR2DL3,0.1534,0.1156,0.0216,-0.0033,0.033,0.0057,0.0078,-0.0784,0.0319,0.0,0.0,0.0,0.0278,-0.0007,-0.0027,0.0,-0.0384,-0.0219,0.0313,0.1314,0.0161,0.0,0.0,-0.005,0.0213,0.0729,0.0365,0.0,-0.002,-0.0055,-0.0,-0.0
OR10T2,0.0,0.0,0.0,0.0,0.0,0.0,0.0,0.0,0.0,0.0,0.0,0.0,0.0,0.0,0.0,0.0,0.0,0.0,0.0,0.0,0.0,0.0,0.0,0.0,0.0,0.0,0.0,1.0286,0.0,0.0,0.0,0.0
DRD3,0.0,0.0,0.0,0.0,0.0,0.0,0.0,0.0,0.0,0.0195,0.0,0.0,0.0,0.0,0.0,0.0184,0.0,0.0,0.0,0.0,0.0,0.0,0.0,0.0,0.0,0.0,-0.0,0.0,0.0,0.0,0.0,0.0
OR6C65,0.0,0.0,0.0,0.0,0.0,0.0,0.0,0.0,0.0,0.0,0.0,0.0,0.0,0.0,0.0,0.0,0.0,0.0,0.0,0.0,0.0,0.0,0.0,0.0,0.0,0.0,0.0,0.0,0.0,0.0,0.0,0.0
SLC22A12,0.0485,0.0,0.0,-0.0,-0.0,-0.0,0.0,0.0,0.0,0.0,0.0,-0.0,-1.2612,-1.4331,0.4842,0.0,0.0,0.0,0.0,0.0,0.0,0.0,0.0,0.0,0.0,0.0,-0.0296,0.0,0.0,0.0,0.0,0.0
OR13C9,0.0656,0.0,0.0,0.0,0.0,0.0,0.0,0.0,0.0,0.0,0.0,0.0,0.0,0.0,0.0,0.0,0.0,0.0,0.0,0.0,0.0,0.0,0.0,0.0,0.0,0.0,0.0,0.0,0.0,0.0,0.0,0.0
BRS3,0.0,0.0,-0.0023,-0.0081,-0.0,0.0,0.0,0.0,0.0097,-0.0029,0.0,0.0,0.0682,0.0431,0.0,0.0,0.0,0.0,0.0,0.0,-0.0066,0.0478,0.0393,0.0,0.0,0.0126,-0.0186,0.0293,-0.0088,-0.016,-0.0,0.0
LCT,0.6542,0.0,0.0,0.0,0.0,0.0,-0.0,0.0339,0.0712,0.0,0.0,0.0,0.0,0.0,0.0,0.0,0.0392,0.0,-0.0,0.0,0.0,0.1016,0.0,-0.0041,0.0,0.0926,-0.0559,0.2773,-0.0,0.0,0.0,-0.0
GFRA4,0.0,0.0,0.0,0.0,0.0,0.0,0.0,0.0,0.0,-0.0,0.0,-0.0,-0.0,-0.0,0.0,-0.0,0.0,0.0,0.0,0.0,-0.0298,0.0,0.0,0.0,0.0,0.0,-0.0,0.0,-0.0115,0.0,0.089,0.0
OR4A5,0.0,0.0,0.0,0.0,0.0,0.0,0.0,0.0,0.0,0.0,0.0,0.0,0.0,0.0,0.0,0.0,0.0,0.0,0.0,0.0,0.0,0.0,0.0,0.0,0.0,0.0,0.0,0.0,0.0,0.0,0.0,0.0
GABRR3,0.0,0.0,0.0,0.0,0.0,0.0,0.0,-0.0,0.0,0.0,0.0,0.0,0.0,0.0,0.2021,0.0,0.0,0.0,0.0,0.0,0.0,0.0,0.0,0.0,0.0,0.0,-0.0,0.0,-0.0,0.0,0.0,0.0
PCDHB1,0.0,0.0407,-0.0,0.0,-0.0,0.0,-0.0,0.0,0.0,0.0092,0.0,0.0,-0.0,0.0152,0.0,0.0102,0.0,-0.0,0.0,0.0,0.0123,-0.0,0.0543,0.0,0.0,0.0,-0.0,0.0,0.0,0.0,0.0,0.0
PCDHA2,0.0,0.0278,-0.0067,-0.0028,-0.0222,0.074,-0.0,-0.0,-0.0112,-0.0113,-0.0,-0.026,0.0064,0.0679,0.0098,0.1566,-0.0068,-0.0046,0.0076,-0.0075,-0.0121,-0.0016,0.2627,-0.001,0.1685,-0.0027,-0.0799,-0.0,-0.0024,-0.0326,-0.0397,-0.0105
CHRM3,0.0376,-0.0016,-0.2786,-0.0315,-0.0788,-0.0127,0.0789,-0.0,-0.0101,0.1034,0.111,-0.0423,0.0318,-0.0278,0.0318,-0.0189,-0.0678,0.3523,-0.0508,-0.019,-0.0865,-0.1672,0.3358,0.1182,0.1418,-0.0796,-0.0744,0.0345,-0.0878,-0.1182,-0.079,-0.0103
TAS2R1,0.0,0.0,0.0,0.0,0.0,0.0,0.0,0.0,0.0,-0.0,0.0,0.0,0.0,0.0,0.0,-0.0,0.0,0.0,0.0,0.0,0.0118,0.0,0.0,0.0,0.0,0.0,-0.0,0.0,-0.0,0.0,0.0,0.0
HTR7,0.2862,-0.0044,-0.0811,-0.0006,0.023,0.0162,-0.0014,0.0,0.0398,0.0129,0.5727,0.0089,0.0822,0.0206,0.0004,0.0025,-0.0033,0.1783,-0.0378,0.0163,-0.0003,0.0374,0.0312,-0.0006,0.0423,-0.0056,-0.0837,-0.0151,-0.0007,-0.001,0.028,-0.0
OR2A2,0.0,0.0,0.0,0.0,0.0,0.0,0.0,0.0,0.0,0.0,0.0,0.0,0.0,0.0,0.0,0.0,0.0,0.0,0.0,0.0,0.0,0.0,0.0,0.0,0.0,0.0,0.0,0.0,0.0,0.0,0.0,0.0
OR10J1,0.0,0.0,0.0,0.0,0.0,0.0,0.0,0.0,0.0,0.0,0.0,0.0,0.0,0.0,0.0,0.0,0.0,0.0,0.0,0.0,0.0,0.0,0.0,0.0,0.0,0.0,-0.0,0.0,0.0,0.0,0.0,0.0
SHISA8,-0.0032,-0.3738,0.0388,0.0032,0.1087,0.0398,0.0,0.2905,0.0166,-0.0,0.0,-0.013,-0.0038,-0.0035,0.0,-0.0509,0.0,0.0056,-0.0096,0.0,0.1023,0.0299,-0.2649,0.0446,0.0299,0.0447,-0.0022,-0.0049,0.0037,0.2974,0.1004,-0.0
CD300LD,-0.0136,0.0,0.0,0.0,0.0,0.0,0.0,-0.0,0.0,0.0,0.0,0.0,0.0,0.0,0.0,0.0,-0.0,-0.0,0.0,0.8117,0.0,0.0,0.0,0.0,0.0,0.0,-0.0,0.0,0.0,0.0,0.0,0.0
TECTB,0.0,0.0,0.0,0.0,0.0,-0.0,0.0,0.0,0.0,0.0585,0.0,0.0,0.0,0.0,-0.0273,0.0222,0.0,0.0,0.0,0.0,0.0,0.0,0.0567,0.0088,0.0,0.0,-0.0,0.0,-0.0397,0.0,0.0,0.1086
MTNR1A,-0.0,0.0,0.0,0.0,0.0,0.1861,0.1765,0.0,0.4911,-0.0,0.0247,-0.0,-0.018,-0.0279,0.0,-0.0,0.1225,0.0105,0.0,0.0,0.0,-0.0015,0.0,0.0362,0.0,0.4008,-0.0,0.0,0.0,0.0,0.0,0.0
OR10Q1,0.0,0.0,0.0,-0.0149,0.0,0.8673,0.0,0.0,0.0,0.0,0.0,0.0,0.0528,0.0,0.0,0.0,0.0,0.0,0.0,0.0,0.0,-0.0,0.0,0.0,0.0,0.0,-0.0,0.0,0.0,0.0,0.0,0.0
MFSD2B,-0.1228,0.0,0.0379,0.0025,0.0117,0.0,0.0515,0.0246,0.0,-0.0,0.0504,0.001,0.0003,0.0014,0.0162,0.0013,-0.0154,-0.006,0.0213,0.0083,-0.0005,0.0397,0.0054,-0.0,0.007,0.0007,-0.0348,0.0326,0.0,0.025,0.014,0.0069
GPR148,0.0,0.0,0.0,0.0,0.0,0.0,0.0,0.0,0.0,-0.0,0.0,0.0,0.0,0.0,0.0,-0.0,0.0,0.0,0.0,0.0,0.0,-0.0097,0.0,0.0,0.0,0.0,-0.0,0.0,0.0,0.0,0.0,0.0
OR10S1,0.0,0.0,0.0,0.0,0.0,0.0,0.0,0.0,0.0,0.0,0.0,0.0,0.0,0.0,0.0,0.0,0.0,0.0,0.0,0.0,0.0,0.0,0.0,0.0,0.0,0.0,0.0,0.0,0.0,0.0,0.0,0.0
OR52K1,0.795,0.0,0.0,0.0,0.0,0.0,0.0,0.0,0.0,0.0,0.0,0.0,0.0,0.0,0.0,0.0,0.0,0.0,0.0,0.0,0.0,0.0,0.0,0.0,0.0,0.0,0.0,0.0,0.0,0.0,0.0,0.0
USH2A,0.0,-0.0168,-0.0027,-0.0,-0.0,-0.0,-0.0,-0.0,0.0,-0.0,-0.0,-0.0,0.0,-0.0,-0.0631,-0.0,-0.0,-0.0011,0.0,-0.0,-0.0009,0.0,0.0,-0.0,0.0079,0.0,-0.0,-0.0,-0.0,-0.0049,-0.0,-0.0068
OR52K2,2.4282,0.0,0.0,0.0,0.0,0.0,0.0,0.0,0.0,0.0,0.0,0.0,0.0,0.0,0.0,0.0,0.0,0.0,0.0,0.0,0.0,0.0,0.0,0.0,0.0,0.0,0.0,0.0,0.0,0.0,0.0,0.0
SLC22A9,0.0,0.0,0.0,0.0,0.0,-0.9257,0.0,0.0,0.0174,-0.0,0.0,-0.0376,0.0182,0.0,0.7142,-0.0031,0.0,0.0,0.0,0.0,0.0,0.0016,0.0,0.0,0.0,0.0238,-0.0238,0.0,0.0,0.0,0.0,0.0
GPR78,-0.0,-0.0,0.1038,-0.001,-0.2063,0.0,0.0015,-0.0,0.0061,-0.0,0.1657,-0.0,-0.0009,-0.0031,0.0,-0.0005,-0.0088,-0.0097,-0.0017,0.0328,-0.0654,0.0673,-0.0073,-0.0,0.0988,0.0184,-0.0023,0.0098,-0.0012,-0.0046,-0.0,-0.0
ATP13A1,0.2535,0.0517,-0.0505,-0.0497,-0.1334,0.2304,-0.0401,0.0245,0.109,0.1278,-0.0867,-0.0197,-0.0441,0.0825,0.042,0.1091,-0.0867,-0.0798,0.0305,0.0349,-0.0827,0.1313,0.0105,-0.103,0.2185,0.0662,-0.0308,0.0047,-0.1639,-0.0929,-0.0869,0.0846
ADAM21,0.006,-0.0157,-0.0031,0.0003,-0.0016,0.0,-0.0011,0.0,-0.0,0.0,-0.0018,-0.0,0.0,0.0,0.0008,0.0,-0.0036,-0.0051,-0.0039,-0.0,-0.0074,0.0,-0.0022,0.0091,0.0003,-0.0014,-0.0,-0.0,-0.0007,-0.0215,-0.0018,-0.0
ADAM30,0.0,0.0,0.0,0.0,0.0,0.0,0.0,0.0,0.0,0.0,0.0,0.0,0.0,0.0,0.0,0.0,0.0,0.0,0.0,0.0,-0.0,0.0,0.0,0.0,0.0,0.0,-0.0693,0.0,0.0,0.0,0.0,0.0
SLC22A6,0.0,0.0,0.0,0.0,0.0,0.0,0.0,0.0,0.0,-0.0844,0.0,-0.0,-1.1081,-1.5646,0.0,0.6245,0.0,0.0,0.0,0.0,0.0,0.0,0.0,0.0,0.0,0.0,0.0,0.0,0.0,0.0,0.0,0.0
OR51A4,0.0,0.0,0.0,0.0,0.0,0.0,0.0,0.0,0.0,0.0,0.0,0.0,0.0,0.0,0.0,0.0,0.0,0.0,0.0,0.0,0.0,0.0,0.0,0.0,0.0,0.0,0.0,0.0,0.0,0.0,0.0,0.0
DCC,0.0,-0.0,-0.0031,-0.0011,-0.0017,0.032,-0.0012,-0.0775,0.0146,0.01,-0.0047,-0.0,0.0009,-0.0059,0.0412,0.366,-0.0077,-0.0354,0.0197,-0.017,-0.0047,0.0066,0.0,-0.0031,0.0813,0.0008,-0.1583,-0.0,0.0,0.0,0.0222,-0.0
OR1B1,0.0,0.0,0.0,0.0,-0.0,0.0,0.0,0.0,0.0,0.0,0.0,0.0,0.0,0.0,0.0,0.0,0.0,0.0,0.0,0.0,-0.0,0.0,0.0,0.0,0.0,0.0,0.0,0.0,0.0,0.0,0.0,0.0
OR52E8,0.0,0.0,0.0,0.0,0.0,0.0,0.0,0.0,0.0,0.0,0.0,0.0,0.0,0.0,0.0,0.0,0.0,0.0,0.0,0.0,0.0,0.0,0.0,0.0,0.0,0.0,0.0,0.0,0.0,0.0,0.0,0.0
OR2T12,0.0,0.0,0.0,0.0,0.0,0.0,0.0,0.0,0.0,0.0,0.0,0.0,0.0,0.0,0.0,0.0,0.0,0.0,0.0,0.0,0.0,0.0,0.0,0.0,0.0,0.0,0.0,0.0,0.0,0.0,0.0,0.0
GFY,-0.0306,0.0,0.1187,0.0,0.1999,0.0,0.0,0.0,0.139,-0.0,0.0346,0.0,0.0,0.0,0.0,-0.0,0.1573,0.0844,0.0,0.0,0.0672,0.0,0.0,0.0,0.0,0.1357,-0.2911,0.0,0.0,0.2775,0.0601,0.0
OR4C5,0.0,0.0,0.0,0.0,0.0,0.0,0.0,0.0,0.0,0.0,0.0,0.0,0.0,0.0,0.0,0.0,0.0,0.0,0.0,0.0,0.0,0.0,0.0,0.0,0.0,0.0,0.0,0.0,0.0,0.0,0.0,0.0
OR5K1,0.0,0.0,0.0,0.0,0.0,0.0,0.0,0.0,0.0,0.0,0.0,0.0,0.0,0.0,0.0,0.0,0.0,0.0,0.0,0.0,0.0,0.0,0.0,0.0,0.0,0.0,0.0,0.0,0.0,0.0,0.0,0.0
OR9A1P,0.311,0.0,0.0,0.0,0.0,0.0,0.0,0.0,0.0,0.0,0.0,0.0,0.0,0.0,0.0,0.0,0.0,0.0,0.0,0.0,-0.0,0.0,0.0,0.0,0.0,0.0,0.0,0.0,0.0,0.0,0.0,0.0
SLC38A4,0.1325,-0.0212,-0.1291,0.0,-0.0102,-0.4743,0.0392,-0.0,0.0277,0.0272,0.1271,0.0529,-0.0994,-0.0763,-0.1268,0.0085,0.002,0.0394,-0.0097,-0.0122,0.0115,-0.0979,-0.0137,-0.0155,-0.1837,0.0151,-0.0392,0.2349,-0.0186,-0.069,-0.0831,-0.0
SLC36A3,0.0,0.0,0.0,0.0,-0.0,0.0,0.0,0.0,0.0,0.0,0.0,0.0,0.0,0.0,0.0,0.0,0.0,0.0,0.0,0.0,0.0,0.0,0.0,0.0,0.0,0.0,-0.0,0.0,0.0,0.0,0.0,0.0
OR4A15,0.0,0.0,0.0,0.0,0.0,0.0,0.0,0.0,0.0,0.0,0.0,0.0,0.0,0.0,0.0,0.0,0.0,0.0,0.0,0.0,0.0,0.0,0.0,0.0,0.0,0.0,0.0,0.0,0.0,0.0,0.0,0.0
OR1N1,0.0,0.0,0.0,0.0,0.0,0.0,0.0,0.0,0.0,0.0,0.0,0.2124,0.0,0.0,0.0,0.0,0.0,0.0,0.0,0.0,0.1533,0.0,0.0,0.0,0.0,0.0,-0.1393,0.0,0.0,0.0,0.0,0.0
MRGPRX2,-0.0,0.0,-0.0647,-0.0,-0.0,0.0,-0.0,-0.0,-0.0144,0.0,-0.0,0.0,0.0,0.0,0.0,0.0,-0.0,-0.0031,-0.0,-0.0,-0.0,0.0,0.0,0.0,-0.0,-0.0,-0.0,-0.0,0.0,-0.0,-0.0,-0.0
OR4X1,0.0,0.0,0.0,0.0,0.0,0.0,0.0,0.0,0.0,0.0,0.0,0.0,0.0,0.0,0.0,0.0,0.0,0.0,0.0,0.0,0.0,0.0,0.0,0.0,0.0,0.0,0.0,0.0,0.0,0.0,0.0,0.0
OR4K2,0.0,0.0,0.0,0.0,0.0,0.0,0.0,0.0,0.0,0.0,0.0,0.0,0.0,0.0,0.0,0.0,0.0,0.0,0.0,0.0,0.0,0.0,0.0,0.0,0.0,0.0,0.0,0.0,0.0,0.0,0.0,0.0
TAS2R46,5.4155,-0.0,-0.0292,0.0,-0.0,0.0,-0.0301,0.0,0.0,0.0,0.0,0.0,0.0,0.0,0.0,0.0,0.0,0.0,-0.0,0.0,-0.0,0.0,-0.0,0.0,0.0,0.0,0.0,0.0,-0.0,-0.0961,-0.0,0.0
TAAR5,0.0,0.0,0.0,0.0,0.0,0.0,0.0,0.0,0.0,0.0,0.0,0.0,0.0,0.0,0.0,0.0,0.0,0.0,0.0,0.0,0.0,0.0,0.0,0.0,0.0,0.0,0.0,0.0,0.0,0.0,0.0,0.0
ROBO1,0.015,-0.1041,-0.0911,0.0169,-0.0857,0.3984,-0.0335,0.3424,0.1378,0.305,0.1144,-0.0276,0.3325,0.0738,0.5304,0.3468,-0.0878,0.0719,-0.0303,-0.0273,-0.262,0.6238,-0.0234,-0.0841,0.5132,0.3008,-0.2594,0.0331,-0.0858,-0.1648,0.0931,-0.2813
OR6C75,0.0,0.0,0.0,0.0,0.0,0.0,0.0,0.0,0.0,0.0,0.0,0.0,0.0,0.0,0.0,0.0,0.0,0.0,0.0,0.0,0.0,0.0,0.0,0.0,0.0,0.0,0.0,0.0,0.0,0.0,0.0,0.0
SCN11A,0.0365,-0.0,-0.0392,-0.0031,-0.0,-0.0,-0.0,-0.0027,-0.0071,-0.0,-0.0017,-0.0,-0.0004,0.0005,-0.0,-0.0002,-0.0,-0.0009,-0.0029,-0.0041,-0.0034,0.0,-0.002,-0.0013,0.0233,-0.0007,-0.0484,-0.0,-0.0,-0.0,0.0,-0.0
OR52A5,-0.0165,0.0,0.0,0.0,0.0,0.0,0.0,0.0,0.0,0.0,0.0,0.0,0.0,0.0,0.0,0.0,0.0,0.0,0.0,0.0,0.0,0.0,0.0,0.0,0.0,0.0,0.0,0.0,0.0,0.0,0.0,0.0
MUC22,0.0,0.0,0.0,0.0,0.0666,0.0,0.0,0.0,0.0815,0.0,0.0715,0.0,0.0,0.0,0.0,0.0,0.0647,-0.0051,0.0,0.0,0.0,0.0,0.0,0.0,-0.0,0.0,-0.0,0.0,0.0,0.0,0.0,0.0
OR2M2,0.0,0.0,0.0,0.0,0.0,0.0,0.0,0.0,0.0,0.0,0.0,0.0,0.0,0.0,0.0,0.0,0.0,0.0,0.0,0.0,0.0,0.0,0.0,0.0,0.0,0.0,0.0,0.0,0.0,0.0,0.0,0.0
OR5AC1,0.0,0.0,0.0,0.0,0.0,0.0,0.0,0.0,0.0,0.0,0.0,0.0,0.0,0.0,0.0,0.0,0.0,0.0,0.0,0.0,0.0,0.0,0.0,0.0,0.0,0.0,0.0,0.0,0.0,0.0,0.0,0.0
OR7D2,-0.0297,-0.0118,-0.0246,-0.0049,-0.0033,0.0,-0.0044,-0.0,-0.0018,0.0141,-0.0043,0.0,0.0,0.0,0.0,0.019,-0.0022,-0.0023,-0.0058,-0.0,-0.0277,0.0,-0.0059,-0.0077,-0.0082,-0.0081,-0.0,-0.0,-0.0013,-0.0144,-0.0,-0.0
SLC5A8,0.0,-0.2078,0.0,0.1373,-0.106,0.6774,-0.0164,0.0,-0.0,-0.0,-0.0247,-0.0,0.896,0.5302,0.0,-0.0,-0.0856,-0.0901,-0.0,-0.0133,-0.0,0.0,-0.085,-0.079,0.0,0.0,-0.0418,0.0782,-0.5602,0.0521,0.0,-0.0
GPR152,0.3979,0.0,-0.0,0.0,-0.0,0.0,-0.0,-0.0214,0.0174,0.0,0.0,0.0,0.0,0.0,0.0,0.0,-0.0,-0.0,0.0,0.0,0.0,0.0,0.0,0.0,0.0,0.0,-0.0,0.0,0.0,0.0,0.0,0.0
OR5H2,0.0,0.0,0.0,0.0,0.0,0.0,0.0,0.0,0.0,0.0,0.0,0.0,0.0,0.0,0.0,0.0,0.0,0.0,0.0,0.0,0.0,0.0,0.0,0.0,0.0,0.0,0.0,0.0,0.0,0.0,0.0,0.0
OR10H3,0.0,0.0,0.0,0.0,0.0,0.0,0.0,0.0,0.0,0.0,0.0,0.0,0.0,0.0,0.0,0.0,0.0,0.0,0.0,0.0,0.0,0.0,0.0,0.0,0.0,0.0,0.0,0.0,0.0,0.0,0.0,0.0
GFRAL,0.0,0.0,0.0,-0.0,0.0,0.0,0.0,0.0,0.0,0.0,0.0,0.0,0.0,0.0,0.0,0.0,0.0,0.0,0.0,0.0,0.0,0.0,0.0,0.0,0.0,0.0,-0.0837,0.0,0.0,0.0,0.0,0.0
OR10A7,0.0,0.0,0.0,0.0,0.0,0.0,0.0,0.0,0.0,0.0,0.0,0.0,0.0,0.0,0.0,0.0,0.0,0.0,0.0,0.0,0.0,0.0,0.0,0.0,0.0,0.0,-0.0,0.0,0.0,0.0,0.0,0.0
OR6A2,-0.0354,0.0,0.0,0.0,0.0,0.0,0.0,0.0,0.0,0.0,0.0,0.0,0.0,0.0,0.0,0.0,0.0,0.0,0.0,0.0,0.0,0.0,0.0,0.0,0.0,0.0,-0.0,0.0,0.0,0.0,0.0,0.0
OR2T29,0.0,0.0,0.0,0.0,-0.0,0.0,0.0,0.0,0.0,0.0,0.0,0.0,0.0,0.0,0.0,0.0,0.0,0.0,0.0,0.0,0.0,0.0,0.0,0.0,0.0,0.0,0.0,0.0,0.0,0.0,0.0,0.0
OR5H6,0.0,0.0,0.0,0.0,0.0,0.0,0.0,0.0,0.0,0.0,0.0,0.0,0.0,0.0,0.0,0.0,0.0,0.0,0.0,0.0,0.0,0.0,0.0,0.0,0.0,0.0,-0.0,0.0,0.0,0.0,0.0,0.0
SLC10A5,0.1289,0.0,-0.0027,0.0082,-0.0037,0.0309,-0.002,0.0,0.0353,-0.0,-0.0,-0.0,0.0202,0.0008,0.0626,-0.0013,0.0026,-0.0008,-0.0,-0.0,-0.0024,0.0093,0.0037,0.0098,0.0045,0.0771,0.0008,-0.0,-0.0012,-0.0013,-0.0068,-0.0
OR10D3,-0.0,0.0,0.0,0.0,0.0,0.0,0.0,0.0,0.0,0.0,0.0,0.0,0.0,0.0,0.0,0.0,0.0,0.0,0.0,0.0,0.0,0.0,0.0,0.0,0.0,0.0,-0.0,0.0,0.0,0.0,0.0,0.0
CHRNA3,0.0138,-0.0715,-0.0161,0.0015,-0.0132,0.1349,-0.1705,0.0,0.0032,-0.0208,0.0013,0.022,0.0007,0.0008,0.0128,-0.0149,0.0173,0.0471,-0.0203,0.0054,0.0061,0.262,2.0856,-0.0064,0.0038,0.0667,-0.0701,1.3259,-0.001,-0.0272,-0.0068,0.043
OPN1LW,0.0,0.0,0.0,0.0,0.0,0.0,0.0,0.0,0.0,0.0,0.0,0.0,0.0,0.0,0.0,0.0,0.0,0.0,0.0,0.0,0.1093,0.0,0.0,0.0,0.0,0.0,-0.0,0.0,0.0,0.0,0.0,0.0
ZP4,0.0,0.0,0.0,0.0,0.0,0.0,0.0,0.0,0.0,0.0,0.0539,0.0,0.0,0.0,0.0,0.0,0.0,0.0,0.1101,0.0,0.0,0.0,0.0,0.0,0.0,0.0,0.0,0.0,0.0,0.0,0.0,0.0
OR14J1,0.0,0.0,0.0,0.0,0.0,0.0,0.0,0.0,0.0,0.0,0.0,0.0,0.0,0.0,0.0,0.0,0.0,0.0,0.0,0.0,0.0,0.0,0.0,0.0,0.0,0.0,-0.0,0.0,0.0,0.0,0.0,0.0
GPR151,0.0,0.0,0.0,0.0,0.0,0.0,0.0,0.0,0.0,0.0,0.0,0.0,0.0,0.0,0.0,0.0033,0.0,0.0,0.0,0.0,0.0,0.0,0.0,0.0,0.0,0.0,0.0098,0.0,0.0,0.0,0.0,0.0
GP5,0.0797,-0.0,-0.0,0.0002,-0.004,-0.0,-0.0,-0.0111,0.0,0.0,-0.0,-0.0,0.0008,-0.0,-0.003,-0.0009,-0.0015,-0.0,-0.0006,-0.0,-0.0034,0.0,0.0,-0.0,0.0087,0.0048,0.2267,0.0,-0.0026,-0.0,-0.0,-0.0
KIRREL3,0.6452,-0.0246,-0.0041,0.0149,-0.0202,0.0828,-0.0199,-0.0105,-0.0422,-0.3489,-0.0071,0.0105,0.0012,0.0023,0.0007,-0.2639,-0.0121,-0.0132,0.1662,0.3339,-0.012,0.1956,0.2889,-0.0009,0.2114,-0.012,-0.0215,-0.0,-0.0085,-0.0084,0.1528,0.1575
SLC22A13,0.0,-0.0,-0.0,-0.001,-0.0,0.0,-0.0,-0.0,0.0,-0.0,-0.0,-0.0767,-0.124,-0.0773,-0.0,-0.0,-0.0,-0.0,-0.0029,-0.0,0.0,0.0,-0.0,-0.0,-0.0,0.0,-0.0,-0.0,-0.0,-0.0,-0.0,-0.0
AMHR2,-0.0638,0.092,-0.0,-0.0005,-0.0037,-0.0,-0.0,-0.0,-0.0099,0.0,-0.0017,-0.0,-0.0,0.0002,-0.016,0.0,-0.0068,-0.002,-0.0337,0.1456,-0.2144,-0.136,-0.4265,-0.0003,-0.0249,-0.0284,-0.506,-0.0,-0.0008,-0.0052,-0.0157,-0.0
APLP1,-0.0467,0.4322,-0.0218,0.2047,0.1423,0.9306,-0.1819,0.2327,-0.035,-0.2304,-0.1179,-0.1301,-0.1274,-0.1577,0.0768,-0.1209,0.0935,-0.0081,0.1413,0.5357,0.4757,-0.1067,1.569,-0.0636,0.8129,-0.4108,-0.0818,-0.0423,-0.0217,0.1177,0.5589,-0.1844
SLC10A1,1.366,-0.0,0.0852,-0.0021,-0.0,-1.323,-0.0019,-0.0,0.0,-0.0,-0.0,0.0,0.0068,0.0,-0.2594,-0.0,-0.0015,-0.0012,-0.0,0.0,-0.003,0.0,-0.0,-0.0015,0.0,0.0,-0.014,-0.0,-0.0,-0.0,-0.0,-0.0
GPC2,0.099,0.002,0.0171,-0.0867,-0.0655,0.1483,-0.056,-0.0562,-0.0294,0.4294,-0.0816,-0.0108,-0.0054,0.0301,0.0,0.555,-0.0268,0.0587,-0.1925,-0.0654,-0.152,0.1147,0.0128,-0.0804,0.3479,-0.0214,-0.2632,0.3552,-0.0117,-0.1125,0.2735,-0.0437
SLC2A14,-0.0801,0.2749,-0.0088,-0.0335,-0.011,-0.0069,-0.0085,-0.0,0.0163,-0.0045,-0.0097,-0.0,0.0351,0.0234,-0.0057,-0.0013,0.0018,-0.0068,-0.0092,0.1159,-0.035,-0.0401,-0.0607,-0.0009,0.0146,-0.0053,-0.68,-0.0054,-0.0011,0.0005,0.0121,-0.0
LRIT2,0.0,0.0,0.0,0.0,-0.0,0.0,0.0077,-0.0,-0.0,-0.006,0.0038,-0.0,0.0046,0.0462,0.0,0.1384,0.0,0.0,-0.0,0.0,0.0,0.0,0.1088,-0.0,0.0,0.0,-0.0,0.0,0.0,0.0,0.0,0.0
LDLRAD4,1.002,-0.1794,-0.2704,0.3396,-0.2838,-0.0451,-0.0447,0.0719,-0.0867,-0.0744,-0.1322,0.0567,0.4285,-0.0181,0.0852,0.1024,-0.1071,-0.1809,-0.0225,-0.0651,-0.1111,0.5889,0.2006,-0.0866,0.2227,0.2521,-0.4419,0.4135,-0.0197,-0.4182,-0.3962,-0.0874
SLC14A2,0.0,-0.0976,-0.0016,-0.0208,-0.0039,0.0,-0.0106,0.0,-0.0049,0.0162,-0.0015,0.1914,-0.015,-0.0092,0.0,0.3088,-0.1119,-0.0181,-0.0027,0.1149,0.0074,0.0,-0.0343,-0.0017,0.0,0.0158,-0.0123,0.002,-0.0304,0.022,0.0629,-0.0
SUSD2,0.0481,-0.2118,-0.1631,0.0481,-0.3496,0.4764,-0.2404,0.2086,0.0141,0.3422,-0.2218,-0.1889,-0.0256,-0.2864,0.1033,0.0289,-0.3043,-0.6701,-0.4573,0.133,0.3291,0.4993,-0.1183,-0.1508,0.1949,0.1003,0.6479,-0.2361,-0.1513,-0.1369,-0.2587,-0.1689
PCDHB12,0.0141,0.0385,-0.0555,-0.0503,-0.0357,0.1804,-0.0172,0.0,0.0133,0.0196,-0.0273,-0.0083,0.2897,0.0496,0.0052,0.0403,-0.0541,-0.0575,-0.0083,0.0513,-0.108,0.0713,0.1458,0.0089,0.253,0.0746,-0.0741,-0.0426,-0.0147,-0.0989,-0.1516,-0.0
PIEZO1,0.2765,-0.0033,0.0007,-0.1961,0.0419,0.3005,-0.0704,-0.0657,-0.1086,0.1624,0.0107,-0.4692,-0.039,-0.1586,-0.0193,0.076,-0.2837,-0.2728,-0.1261,0.0988,-0.2826,0.5253,-0.2081,-0.0444,0.6361,0.1203,0.2081,-0.0137,-0.1648,-0.302,-0.2095,-0.0831
SIGLEC11,0.1616,0.1004,-0.0135,-0.0054,-0.0054,-0.0,-0.0014,-0.065,-0.0085,0.1606,-0.0195,-0.0078,-0.0009,-0.0013,-0.0102,0.1215,-0.0434,-0.0187,0.064,0.0405,-0.2129,-0.0412,-0.1618,-0.0,0.1694,-0.0534,-0.1011,-0.0099,-0.0061,-0.0084,-0.0222,-0.0047
CSMD1,-0.0015,0.0,-0.0626,-0.0072,-0.0222,0.032,-0.0,0.0538,0.0,-0.2116,-0.0374,-0.0,-0.0187,-0.05,0.1905,0.1181,-0.0465,0.0278,0.0698,-0.015,-0.0572,0.032,0.0142,-0.0085,-0.0336,-0.0073,-0.4506,-0.0033,0.396,-0.0232,0.0135,-0.0
MMP25,-0.0326,-0.0119,-0.0381,-0.0667,0.0045,-0.0803,-0.0905,-0.7796,0.1583,0.2733,0.0146,-0.0218,-0.0091,-0.0355,-0.052,0.0885,-0.4277,-0.4064,-0.002,-0.0496,-0.0468,0.0291,-0.0113,-0.0815,0.018,0.1197,0.3523,-0.0119,-0.043,-0.0553,-0.0678,-0.0459
CLDN19,0.2221,-0.1152,-0.0381,-0.0989,-0.0321,0.0615,-0.0045,0.0,-0.0116,-0.0,0.0153,-0.0904,-0.325,-0.4617,0.0717,-0.0031,-0.0103,-0.019,-0.0622,-0.0,0.0335,0.0,-0.0,-0.0,-0.0417,-0.044,1.2334,0.1048,-0.0,-0.0836,0.5901,0.0
IL18RAP,-0.3589,-0.0052,-0.0505,-0.0391,-0.0239,-0.0653,-0.044,-0.4233,-0.0092,0.0023,-0.03,-0.0,0.0134,-0.017,-0.0218,-0.0032,-0.2007,-0.1921,-0.0101,-0.0243,-0.0065,0.0519,-0.0015,-0.0103,0.006,-0.0481,0.2264,-0.0362,-0.003,-0.0161,-0.0097,-0.0117
SELE,0.0082,-0.0075,0.0332,-0.0544,-0.144,-0.1193,0.0843,0.4099,0.1169,-0.0062,0.1434,-0.075,0.0432,-0.0494,-0.0892,-0.0144,-0.1046,-0.1218,-0.0157,-0.0095,-0.0285,0.2098,-0.0151,-0.1098,0.0421,0.1927,-0.0491,-0.0533,-0.2699,-0.0739,-0.0602,-0.0
LINGO2,0.0081,-0.0354,-0.0354,-0.0008,-0.0632,0.0,-0.0,-0.0,-0.0036,-0.0523,-0.0121,-0.0817,-0.0125,-0.031,-0.0055,-0.0819,-0.0051,0.0392,0.2598,0.0058,-0.0153,0.015,1.2129,-0.0045,0.4465,-0.0088,-0.0969,0.0189,-0.2084,-0.153,-0.3281,0.0486
ADAM22,0.3657,-0.1833,-0.0918,-0.0088,-0.1224,0.1431,-0.0144,0.0233,0.019,-0.0636,-0.0469,0.104,0.2099,-0.0034,0.0055,0.2501,-0.0267,-0.0466,0.0372,-0.0376,-0.064,0.4567,0.0665,-0.1241,0.2294,0.1201,-0.0195,-0.0438,-0.124,-0.144,-0.1487,-0.0077
SLC5A11,0.0542,-0.0,0.0,-0.0015,0.0,-0.0052,-0.0138,-0.0041,0.005,-0.2645,-0.0152,-0.0,-0.0551,-0.0911,0.0447,-0.0803,-0.0101,-0.0102,-0.0,0.0,0.0,-0.0008,-0.0,-0.0016,0.0,0.0043,-0.0334,-0.0,-0.0,-0.0043,-0.0029,-0.0
NUP210L,0.0154,-0.0087,-0.0,-0.0004,-0.0,0.0,-0.0,-0.0,0.0,-0.0025,-0.0,-0.0,-0.0,-0.0047,-0.0134,-0.0039,0.0963,-0.0,0.0027,-0.0,-0.005,0.0,-0.0,-0.0027,0.0,0.0,-0.0911,-0.0,-0.0323,-0.0,-0.0159,0.0
CUZD1,0.0895,-0.0008,-0.0122,-0.0121,-0.0287,0.0404,-0.0088,-0.0005,-0.0132,-0.0346,-0.008,-0.0056,-0.0045,-0.008,-0.0027,-0.0171,-0.0226,-0.0204,-0.0128,-0.0173,-0.0185,-1.0279,0.055,-0.0008,0.0881,-0.0103,-0.0319,0.0487,-0.0009,-0.036,-0.0277,-0.0
MEGF9,0.2344,-0.066,-0.1947,0.1935,-0.0953,-0.0806,-0.0327,-0.2495,0.0307,0.0044,-0.0036,0.3435,0.1797,0.1474,0.0093,0.1526,-0.0628,-0.1317,-0.1098,-0.1484,-0.123,0.2993,0.0984,0.0954,0.2097,0.0864,0.0477,-0.2061,0.1411,-0.0482,-0.0873,-0.1635
GPR61,-0.0036,0.0688,-0.0083,-0.0004,-0.0036,-0.0009,-0.0033,-0.0,-0.0008,-0.1112,-0.0012,-0.0127,-0.0049,-0.0093,-0.0006,-0.1448,-0.0018,-0.0012,-0.004,-0.0,-0.0053,0.0043,0.6761,-0.0033,0.0029,-0.0016,-0.0596,0.0353,-0.1016,-0.006,-0.0144,-0.0183
IZUMO1,0.0046,-0.0635,-0.0082,-0.0031,-0.0151,0.0176,-0.0011,-0.0,-0.0053,-0.0096,-0.015,-0.0153,-0.0044,-0.0,-0.0005,-0.0034,-0.014,-0.0415,-0.0011,-0.0082,-0.0011,-0.009,-0.0,-0.0062,-0.0012,-0.0324,-0.0232,-0.0064,-0.0,-0.008,-0.0194,-0.0
HAVCR1,0.171,-0.0249,-0.1113,-0.0101,-0.0088,0.3216,0.2374,-0.0246,0.111,-0.0,-0.0043,-0.0259,1.4206,1.5294,0.0466,0.0,0.0793,-0.0204,-0.0004,-0.0,0.0026,0.6306,-0.0,-0.0067,0.0,0.2436,-0.1872,-0.0,-0.0,0.0338,0.0,-0.0
PCDHA3,0.0,0.0917,-0.0135,-0.0303,-0.0255,0.1543,-0.0027,0.0,-0.0078,-0.0639,-0.0055,-0.0425,0.0349,0.0546,0.0327,0.055,-0.039,-0.0317,-0.0099,-0.0158,-0.0618,0.0181,0.3462,0.019,0.1088,-0.0026,-0.0537,-0.019,0.0,-0.0715,-0.0742,-0.0119
SIGLEC6,0.1267,0.0,-0.1084,-0.0051,-0.0018,0.0,-0.0207,-0.0181,-0.0495,0.0,-0.0117,-0.0069,0.0184,0.0536,-0.0009,0.0,-0.0923,-0.0485,-0.0101,-0.013,0.0004,0.1332,0.0,-0.0186,0.0199,-0.0009,-0.0038,-0.0069,0.4103,-0.0062,-0.0362,-0.0
TREH,0.0,-0.0,-0.0274,-0.0005,-0.0149,-0.0199,-0.1185,-0.0,-0.0085,-0.0,-0.009,-0.0,-0.1478,-0.0529,-0.065,-0.0001,-0.0165,-0.0013,-0.0005,-0.0,-0.0018,0.0532,-0.0025,-0.001,0.004,-0.0338,-0.0899,-0.0,-0.0075,0.0102,-0.0,-0.0
CRHR2,0.0143,0.003,-0.0083,-0.0017,-0.0064,0.0524,-0.0046,-0.0,-0.0036,-0.0064,-0.0074,0.0,0.0112,-0.0009,0.0053,-0.022,-0.0079,-0.0007,-0.001,-0.0181,-0.0168,-0.0049,0.0058,-0.0011,-0.0066,-0.0037,-0.0226,0.0308,-0.033,-0.0109,-0.0,-0.0
SLC39A12,0.0,-0.0,-0.0,-0.0282,-0.0,-0.0,-0.0,-0.0337,-0.0026,-0.3747,-0.0,0.0,0.0,0.0,-0.0,-0.2805,-0.0033,-0.0,0.0039,-0.0,-0.0,0.0,0.0016,-0.0,0.0,-0.0,-0.1019,-0.0,0.0,-0.0,-0.0082,0.0213
SCN2A,-0.0244,-0.0434,-0.0141,-0.0163,-0.0601,0.0146,-0.0095,-0.0122,0.0181,-0.5342,-0.036,-0.1027,-0.039,-0.1175,-0.0011,-0.3101,-0.0137,0.0049,-0.0268,0.0051,-0.0162,0.0323,0.8845,0.0027,0.0741,-0.0352,-0.0185,0.0122,-0.0,-0.0507,-0.0414,-0.0
GABRA5,0.0,0.065,0.0,0.055,-0.0152,0.0663,-0.0,-0.0572,-0.2653,-0.6941,-0.0664,-0.0247,-0.0411,-0.0057,-0.0345,-0.6409,0.0,0.3755,0.0,0.1897,0.0428,0.0179,0.0746,-0.0006,-0.1121,-0.0546,0.0245,0.7933,-0.0076,0.0304,0.7189,0.3621
SLC36A2,-0.0,-0.0,-0.0201,-0.0047,0.0,0.0,-0.0,0.0,-0.0087,0.0,0.0,-0.0,-0.3259,-0.2585,0.0,0.0,0.0,0.0,-0.0,-0.0,-0.0,0.0,-0.0088,-0.0107,-0.101,0.0,-0.0,-0.0,-0.0,-0.0111,-0.0073,-0.0
SIRPB2,0.952,-0.0544,-0.1696,-0.0383,-0.0728,0.0455,-0.105,-0.3741,-0.0738,0.4517,-0.0569,-0.0194,0.3322,0.06,-0.0237,0.1963,-0.3029,-0.3434,0.0568,0.0594,-0.0432,0.3339,-0.0985,-0.0397,0.2469,0.0576,0.0857,-0.071,-0.0523,-0.0676,-0.0688,-0.0209
PCDHGB3,0.7322,-0.0143,-0.007,-0.0164,-0.0027,0.0985,-0.0019,0.0482,0.0006,0.0298,-0.0098,-0.0024,0.0386,0.0118,-0.0005,0.0518,-0.0189,-0.0043,-0.0105,0.0087,-0.05,0.0043,0.0169,0.001,-0.0008,0.0252,-0.007,-0.0595,-0.016,-0.0,-0.0132,-0.0161
GABRB2,-0.01,-0.1081,-0.0095,0.0081,-0.0468,0.0,0.0018,-0.0156,0.0107,-0.4169,-0.0124,-0.0,-0.0117,-0.0205,0.0,-0.472,-0.0643,-0.0369,-0.017,0.057,0.0158,0.0058,-0.0275,-0.0024,0.0,-0.0063,-0.0194,-0.0163,1.9891,-0.0132,0.0044,-0.0129
PTGDR,0.3408,-0.0143,-0.0013,-0.0188,-0.0065,-0.0064,-0.063,-0.0356,-0.0047,-0.0,-0.0048,-0.0,0.0687,-0.0,-0.001,-0.0039,-0.0149,-0.0053,-0.002,-0.0119,-0.0,0.0095,-0.0,-0.0009,0.0442,-0.0029,0.0073,-0.0015,-0.0055,-0.0,-0.0,-0.0
CA14,0.4659,0.0031,-0.0182,0.0796,0.0147,-0.0241,-0.0116,-0.0,0.0,0.2081,-0.0102,-0.0048,0.0002,0.019,0.1002,0.2447,-0.0078,-0.0089,0.7409,-0.0075,-0.0814,0.2759,0.1005,-0.0786,-0.0751,0.0116,-0.0225,-0.0018,0.04,0.1015,0.3347,1.3801
SLC7A9,0.0219,0.0006,-0.0185,-0.0074,-0.0297,-0.2076,-0.1298,-0.0,-0.0229,-0.0204,-0.0032,-0.0,0.0803,-0.2426,0.1138,-0.0197,-0.0236,-0.0108,-0.0,-0.0101,-0.0626,0.0549,-0.0014,-0.0123,0.0267,0.1298,-0.0807,-0.0051,-0.0152,-0.0551,-0.0626,-0.0
TNFRSF8,-0.2267,0.0044,-0.0348,-0.1,0.0068,0.0256,-0.0094,0.0599,-0.0209,0.06,0.0282,-0.0036,0.0173,-0.0006,0.0032,0.0526,-0.0178,-0.0218,-0.0015,0.5796,0.0149,0.1712,0.0009,-0.0011,0.0761,-0.0137,-0.0808,-0.0038,0.052,-0.029,0.0196,-0.0398
CD177,-0.0796,-0.0014,0.0373,-0.0405,0.03,0.0549,0.0485,-0.0,0.1603,-0.0177,0.2949,0.0409,-0.0186,-0.0244,-0.015,-0.0027,-0.1954,-0.2536,-0.0099,-0.0349,-0.0372,0.169,-0.003,-0.0506,-0.03,0.132,0.0225,-0.0303,-0.0419,-0.0128,-0.0247,-0.0642
SLITRK5,0.2728,-0.0,-0.0067,-0.0089,-0.0205,0.0375,-0.0,-0.0,-0.0,-0.08,-0.0028,-0.0,0.1362,0.0857,0.0,0.1281,0.0,0.0,-0.0172,0.0439,-0.0248,0.0,0.0,-0.0234,0.0,-0.0039,-0.0297,0.0659,-0.0466,0.0344,0.1204,-0.0
VSIG8,0.0,-0.0,-0.0074,-0.0011,-0.0012,0.0366,-0.0032,-0.0,-0.0335,-0.0029,0.205,-0.0,-0.0026,-0.0092,0.0,-0.0046,-0.0044,-0.0243,-0.0235,-0.0023,-0.0046,0.0057,0.0007,-0.0,0.0012,0.0,-0.0069,0.5709,-0.0,-0.0174,-0.0,-0.0
OSMR,0.28,-0.2601,-0.2144,-0.1925,-0.0445,0.1821,-0.2811,0.099,0.1902,0.5449,0.1004,-0.3484,0.2702,0.0533,-0.1356,0.1075,-0.0113,-0.0693,-0.3455,0.2154,-0.1651,0.3759,-0.4599,-0.2073,0.4873,0.2169,-0.067,-0.2765,-0.2727,-0.3553,-0.3277,-0.4658
BEST4,0.0,-0.0432,-0.0025,-0.0084,-0.0006,0.0589,-0.0813,0.0759,-0.0022,-0.0178,-0.0078,-0.0,0.0456,0.0536,-0.0032,-0.0243,-0.018,-0.0183,-0.0037,0.0526,-0.0598,0.0704,-0.0572,-0.0009,0.0192,0.0067,-0.0256,0.082,-0.0009,-0.049,-0.0314,-0.0
HTR1B,0.0,-0.0114,-0.0288,-0.0015,-0.0,0.0,0.0014,-0.0,-0.0331,-0.003,-0.0013,-0.0,0.0037,-0.0057,0.0054,-0.0195,-0.0289,-0.0024,-0.0064,-0.0177,-0.0013,0.2551,0.1337,-0.0012,0.0872,-0.0336,-0.076,-0.0,-0.0008,-0.0,-0.0126,-0.0
TYRP1,0.0,-0.0098,0.0298,0.055,0.036,0.1221,0.0273,0.0,0.2396,-0.005,0.0199,-0.0198,-0.0566,-0.0411,0.0274,-0.0089,-0.2018,-0.2021,0.0194,0.1323,0.0934,0.3255,0.0117,0.0368,-0.096,0.2261,-0.0933,0.2563,-0.0029,0.0312,0.0553,3.8627
TAS2R30,5.3842,-0.0,0.0,-0.0367,-0.0,0.0,-0.1277,-0.0,0.0,0.0,-0.0,0.0,0.0,0.0,0.0,0.0,-0.0975,-0.0,-0.0,-0.0,-0.0,0.0,-0.0,-0.0327,0.0,0.0,-0.0,-0.0158,-0.0,-0.134,-0.0,-0.0
NETO1,0.1776,0.0126,-0.0494,-0.0548,0.0083,0.167,-0.0035,-0.0433,0.0474,-0.2743,0.0062,0.0061,0.1033,-0.0067,0.0,0.209,0.2433,0.3673,-0.0341,0.1274,0.0897,0.0999,0.2308,0.017,0.1697,-0.0078,-0.0548,0.0,-0.0583,0.0078,0.0,-0.0081
SLC28A2,0.0,-0.0,-0.0167,0.0,0.018,-0.0075,-0.2856,0.0079,0.0643,-0.0,-0.0033,-0.0,-0.0012,-0.0,0.0038,-0.0003,0.0518,-0.0062,-0.0,-0.0,-0.0356,0.0406,-0.0,-0.0,-0.0,-0.1448,-0.0277,-0.0,-0.0,-0.0166,-0.0,-0.0
ERMAP,0.1869,-0.1948,-0.1977,-0.0241,-0.0434,-0.0439,-0.0789,-0.2168,-0.0351,0.3193,-0.129,-0.0109,0.1258,0.056,-0.1195,0.186,-0.1135,-0.094,-0.2219,-0.0768,-0.0112,0.0775,-0.1379,0.0037,0.2812,-0.0375,-0.1917,-0.1215,-0.0121,-0.1576,-0.2413,-0.1979
SLC10A4,-0.0129,-0.0051,-0.0073,-0.0016,-0.046,-0.0032,-0.0064,-0.0,0.0,0.4612,-0.0382,-0.0,-0.0006,-0.0009,-0.0068,0.1344,-0.0073,0.0066,-0.013,-0.0,0.0046,0.0025,1.8005,-0.0033,0.0564,-0.0131,0.0049,-0.0134,-0.0145,0.0599,0.3403,-0.0061
TAS2R4,0.3945,-0.0,-0.0011,-0.0031,-0.001,0.0078,-0.0068,-0.0,-0.0077,-0.018,-0.0,-0.0,-0.0005,0.0014,-0.0,-0.0126,-0.0032,-0.0021,-0.0012,-0.0039,-0.012,-0.0004,-0.0,-0.0027,-0.0002,-0.0014,-0.0193,-0.0104,-0.0024,-0.0092,-0.0,-0.0
OPCML,0.0,-0.007,-0.0034,0.0063,-0.0,0.0181,0.0021,-0.0,-0.006,-0.4479,-0.0065,-0.0,0.2822,-0.0082,0.0,0.0117,0.0049,0.0,-0.0105,-0.0192,-0.0218,0.0699,0.2971,-0.0014,0.063,-0.0022,-0.0861,-0.0133,0.0187,-0.0222,-0.0282,-0.0141
ISLR2,0.0,0.0279,-0.0241,-0.0454,-0.0146,0.2047,-0.0356,0.0253,-0.0118,-0.1157,-0.0109,-0.0006,0.0043,-0.0001,0.0089,-0.065,0.0559,0.0417,0.002,0.0817,0.0237,0.5145,0.6834,0.0068,0.0232,0.1,-0.3459,-0.0088,0.0247,-0.0754,0.0823,-0.0045
NTRK1,-0.0816,-0.0259,-0.0083,-0.0135,-0.0132,-0.0,-0.0047,-0.0035,-0.0027,0.0184,-0.0082,-0.0143,-0.0122,-0.0221,-0.0009,0.0027,-0.0125,-0.0096,0.0213,-0.0158,-0.0105,0.0052,1.1299,-0.032,0.0712,-0.0023,-0.0819,-0.0117,-0.0107,-0.0404,-0.0796,-0.0061
OR51E2,0.0,0.0,-0.0068,-0.0052,-0.0078,0.0,-0.0593,0.0,-0.0042,0.0037,-0.0046,0.0006,0.3958,-0.0052,0.0,-0.0028,0.0119,0.0137,-0.0003,-0.0142,-0.0024,0.0,0.0313,1.115,0.0099,0.0007,-0.0086,-0.0,-0.0006,-0.005,-0.0275,-0.008
UTS2R,0.0264,0.0,-0.0299,-0.0015,-0.0,0.0,-0.0079,0.0207,0.0482,-0.0033,-0.0034,-0.0,-0.0038,-0.1803,0.0,-0.0029,-0.0033,-0.0009,0.0,-0.0224,0.0056,-0.0057,0.0,-0.0,-0.1218,0.0813,-0.3579,0.1883,-0.1546,0.0,0.6623,-0.0
FZD9,-0.0029,0.2114,-0.0146,-0.0509,0.0634,0.0391,-0.017,-0.0,0.0038,-0.0795,0.0048,0.0037,0.002,0.0055,0.0,-0.0876,0.03,0.1108,0.4203,-0.0117,0.0159,-0.0115,-0.0035,-0.0528,-0.1469,-0.0119,-0.2254,-0.0064,-0.0011,0.0256,0.4589,0.9602
HTR4,-0.0,-0.0325,-0.0,-0.0,-0.0,-0.0,-0.1362,-0.0,-0.0038,-0.0117,-0.0038,0.0926,0.0,0.0,0.0047,-0.0305,-0.0041,-0.0,-0.0046,-0.0,-0.0,0.0,-0.0605,0.0,-0.0052,0.0,-0.0,-0.0327,-0.0,-0.0,-0.0368,-0.0
PROKR1,0.0,-0.0,-0.0038,-0.0344,-0.0,0.0,-0.0029,-0.0,0.0,0.0,-0.0007,-0.0,0.0,0.0,0.0,0.0,0.0,0.0,-0.0042,-0.0,0.0,0.0,2.7614,-0.0,0.0136,-0.0009,-0.0365,0.0,-0.0028,0.0,0.1223,-0.0
CEACAM8,0.7455,0.0,0.0,-0.0,0.0,-0.0744,0.1214,-0.0,0.0139,-0.0029,0.0,-0.0,-0.0098,-0.0,-0.0,-0.0,-0.1407,-0.0,0.0,0.0,0.0,0.0744,-0.0,0.0,0.0,0.0301,-0.0,0.0,-0.0133,-0.0124,-0.0,0.0
GRM2,0.1658,0.0,-0.0079,-0.0073,-0.0034,0.0,-0.0009,-0.0,0.0011,-0.1122,-0.0008,0.0021,-0.0004,-0.0,0.0036,-0.1317,-0.0043,-0.002,-0.0045,-0.0071,-0.0122,0.0122,0.0289,-0.0017,0.0016,0.0011,-0.5114,-0.0,-0.0018,-0.0147,-0.0086,-0.0072
SLC5A4,0.0122,-0.014,-0.0029,-0.0019,-0.0,0.0,-0.0,-0.0,-0.003,0.0,-0.0095,-0.0,0.1122,-0.0108,0.0,-0.0004,-0.0129,-0.0214,0.1028,-0.0056,-0.0041,0.0012,0.0128,-0.0041,0.0183,0.0,-0.0,-0.0787,-0.0172,-0.0178,-0.0,-0.0
CORIN,0.0016,-0.0008,-0.0561,0.2359,-0.0672,0.0319,0.0504,-0.0,-0.0022,-0.001,-0.0233,-0.0024,-0.0083,-0.0159,0.0,-0.0003,-0.0557,-0.0604,-0.0433,-0.0184,-0.017,0.6253,0.035,-0.1351,0.0612,0.0581,-0.0831,-0.0204,-0.0153,-0.1128,-0.1199,-0.0
PCDH8,0.0,0.0,0.0,-0.0159,-0.0193,0.0,-0.0218,0.0,0.0,-0.077,-0.0126,0.0,0.0,0.0,0.0,-0.0042,0.0,0.1322,-0.009,-0.0304,-0.0279,0.0436,0.8363,-0.0068,-0.0917,-0.0122,-0.1659,0.0043,0.2712,0.0159,1.3095,-0.0071
DRD1,0.0,-0.0297,-0.1024,-0.0127,-0.0124,-0.0118,-0.0074,-0.0,-0.0034,-0.0641,-0.014,-0.0,0.0047,-0.0041,-0.0183,-0.1243,-0.0455,-0.0302,-0.0029,0.0592,-0.0064,0.2298,-0.0087,-0.0265,0.0268,0.0226,0.1649,-0.0602,-0.009,-0.032,-0.0139,-0.0226
PTPRT,0.0,0.0254,-0.0257,0.4443,-0.0235,0.0,-0.0,0.0126,0.0386,-0.1629,-0.0443,0.0,-0.0006,-0.0047,-0.0084,0.4978,-0.0462,-0.0288,-0.0053,-0.0249,-0.0185,0.0119,0.0077,0.3857,0.6742,-0.0065,-0.1126,1.4438,-0.0081,0.0254,0.2531,-0.0235
TMEM231,-0.0179,0.051,-0.123,-0.0613,-0.3204,0.454,0.0894,0.1238,-0.0158,0.2875,-0.2413,0.156,0.1699,0.2538,-0.0139,0.2085,-0.0421,-0.0574,0.0306,-0.0855,-0.069,0.2105,0.1949,-0.0453,0.3937,0.181,-0.3285,-0.1629,0.052,-0.1048,-0.2165,-0.0133
ABCB11,0.0111,-0.0,-0.0017,-0.0054,-0.0,-0.3158,-0.0,-0.0,0.0,0.0,0.0,0.0,0.0,0.0,-0.2631,0.0,0.0016,0.0017,-0.0,-0.0,0.0014,0.0143,-0.0,0.0,0.0,0.0041,-0.0,-0.0166,-0.0,0.0,0.0,-0.0
ATP1B3,0.1231,-0.1181,0.1389,-0.0242,0.261,0.5355,0.0799,0.2148,0.1914,0.1891,0.3783,-0.0813,-0.0149,-0.0817,0.2432,0.0479,-0.2362,0.1529,-0.0368,0.0024,-0.1343,0.4977,-0.0814,-0.086,0.4598,0.299,0.0022,-0.0715,-0.0402,0.0434,0.0372,-0.1601
SLC4A4,0.0239,-0.0177,-0.1151,-0.0354,-0.0572,0.3401,-0.1435,-0.0,-0.0583,0.219,-0.0217,-0.2153,0.3473,0.1726,-0.0762,0.3932,0.0781,-0.1374,0.0775,0.3682,-0.0281,-0.2252,0.5606,0.5143,0.0713,0.1216,-0.0802,0.0118,-0.2807,0.0032,0.0013,-0.0285
CDHR1,-0.0191,-0.0377,-0.0127,-0.0037,0.1079,-0.0059,0.2239,-0.0643,0.1238,-0.175,0.5268,-0.0105,0.2595,0.3715,-0.0081,0.2903,-0.0111,0.3141,-0.254,-0.0114,0.1443,0.002,0.6482,-0.0558,0.0203,-0.0211,0.1509,0.0234,-0.0102,0.1677,0.0138,-0.0286
KCNJ4,-0.0095,0.0308,0.0,-0.0147,-0.01,-0.0275,-0.0023,-0.0111,0.0047,-0.5952,-0.0114,-0.0,0.026,0.5984,0.0174,-0.4413,-0.0118,0.0,-0.0311,0.1793,-0.0011,0.0,-0.0194,-0.0,0.1505,0.0097,-0.0649,1.0834,-0.0,0.0913,0.6175,0.0055
CEACAM4,1.2453,-0.0172,-0.0567,-0.0061,-0.0084,-0.0029,-0.0212,-0.3366,-0.008,0.1032,-0.0012,-0.0056,0.0242,-0.0056,-0.0044,0.0106,-0.2269,-0.1567,0.0163,0.0247,-0.0126,0.0983,-0.0017,-0.0101,0.082,-0.0011,0.0046,-0.0105,-0.0108,-0.0134,-0.0044,-0.0
P2RY12,0.3378,-0.0603,-0.0245,-0.0432,-0.0129,0.0341,-0.0083,0.0464,-0.0227,0.5044,-0.0155,0.0251,0.5564,0.2182,0.0009,0.6972,-0.0487,-0.0446,0.0896,0.0205,-0.0122,0.1377,0.0108,-0.003,0.1157,0.0117,0.0236,-0.0387,0.0667,-0.0025,-0.0078,-0.007
SLC6A7,-0.0,-0.0,-0.0011,-0.0014,-0.0022,0.0,-0.0839,0.0,0.1112,-0.3177,-0.0,-0.0,-0.0,-0.0,0.0,-0.5262,-0.0,-0.0,-0.0,-0.005,-0.0,0.0272,0.0,-0.0,0.0053,0.136,-0.0088,-0.0,-0.0,-0.0,-0.0,-0.0
SLC15A4,0.0382,-0.0096,-0.0686,-0.026,-0.1608,0.197,-0.0238,-0.0485,-0.0089,0.2135,-0.04,0.0378,0.4332,0.2559,0.0141,0.148,-0.0485,-0.0696,0.0977,0.0041,-0.1759,0.2746,0.1555,-0.0634,-0.0697,0.1196,-0.0807,-0.0255,0.027,-0.2301,-0.2198,0.1203
CLEC4M,0.0121,-0.0031,-0.0088,-0.0098,-0.0,-0.2891,-0.0111,0.0815,-0.0022,-0.0,-0.0019,-0.0285,-0.0073,-0.0198,-0.2216,-0.003,-0.0356,-0.0157,0.0567,-0.0298,-0.0835,0.0,-0.0459,-0.0,0.009,-0.0028,-0.1147,-0.0297,-0.0043,-0.012,-0.0373,-0.0
SLC4A1,0.0817,0.0,-0.0022,-0.0035,0.0035,-0.0,-0.0,-0.0,-0.001,-0.0119,-0.0039,0.9257,-0.33,-0.0994,-0.0119,-0.0056,-0.0,-0.0132,-0.0034,-0.0,0.0,-0.0,0.0028,-0.0,-0.0027,0.0016,-0.0127,-0.0057,-0.0035,-0.0026,-0.0,-0.0
VN1R1,0.8113,0.0263,-0.0232,-0.0055,-0.0015,0.1717,-0.0025,-0.0047,0.0022,0.004,-0.0041,0.0229,-0.0026,-0.0063,-0.0085,0.0696,-0.0204,-0.0245,-0.0228,-0.0125,-0.0406,0.0256,0.1166,-0.0314,-0.0417,0.0051,-0.0469,-0.0194,-0.0464,-0.0176,-0.0201,-0.0306
CACNG6,-0.0059,0.0,0.0,-0.0207,0.0265,0.2286,-0.0077,-0.0,0.0588,0.3827,0.0429,-0.0,0.0019,-0.0186,0.0,0.6735,-0.0898,-0.107,-0.0128,0.108,0.0801,0.9479,0.0,0.0,-0.3066,-0.0363,-0.2816,-0.0159,0.0,0.3752,0.706,-0.0
TECTA,0.0033,-0.0031,-0.0021,-0.0004,-0.0,-0.0,-0.0,-0.0,-0.0,-0.0127,-0.0008,-0.0049,-0.0003,-0.0014,-0.0017,0.0536,-0.0007,-0.0007,-0.0005,-0.0014,-0.0141,0.0,0.1467,-0.0,-0.0027,-0.0,-0.0227,-0.0022,-0.0014,-0.004,-0.0036,-0.0
IL15RA,0.097,-0.1821,-0.1782,-0.2991,-0.2211,0.2655,0.0436,0.2702,0.1296,0.2547,0.0893,-0.1563,0.2294,-0.2205,0.0132,0.1257,-0.2998,-0.3054,-0.226,0.1564,-0.0368,0.3341,-0.1514,-0.2454,0.2311,0.1983,-0.102,-0.1739,-0.2814,-0.315,-0.5159,-0.2227
SORCS2,0.1578,-0.0451,-0.161,0.0894,-0.2606,-0.0588,-0.1188,0.0178,-0.1244,-0.1636,0.086,-0.0469,-0.1233,-0.1626,-0.0912,-0.0383,0.0739,-0.0871,-0.082,0.2961,-0.178,0.4766,-0.0343,-0.1993,0.33,0.0896,-0.1409,0.3346,0.2446,-0.2103,0.0206,0.2382
IL20RB,-0.0351,-0.0053,0.1049,-0.0283,0.9582,-0.0056,-0.015,-0.0011,0.1845,0.0447,1.0702,-0.0171,0.1905,0.0111,-0.0404,0.0202,-0.0099,0.4709,-0.2296,0.0359,-0.01,0.3808,-0.0007,-0.0446,0.1227,0.0243,-0.3349,0.0853,-0.0136,0.0178,0.1217,-0.0
GJC3,-0.0,-0.0015,-0.019,-0.1132,-0.0131,-0.0426,0.0365,-0.0,-0.0077,0.009,-0.0054,0.0,-0.0008,-0.002,-0.0355,0.0341,-0.0163,-0.0112,0.0727,-0.0,-0.0066,-0.0937,0.1302,0.0246,0.0023,-0.0207,-0.1501,-0.0026,-0.0,-0.0116,-0.0066,0.0864
FLT3,2.5254,-0.0,-0.0097,0.1842,-0.0018,0.04,-0.0072,-0.0644,-0.0054,-0.005,-0.0029,-0.0,0.0788,0.0393,0.0008,-0.0071,-0.0199,-0.0166,-0.0062,0.1273,-0.0025,-0.0388,-0.0,-0.0009,0.0481,0.0014,-0.0219,0.1828,-0.0032,-0.0065,-0.0068,-0.0
SCTR,0.0,-0.0423,-0.0073,-0.0018,-0.0272,1.3499,-0.0078,0.0074,0.0207,-0.0005,-0.0062,-0.1049,-0.104,-0.143,-0.042,0.0,0.0099,-0.2959,-0.0234,0.0552,-0.0284,-0.1462,-0.0479,-0.0018,0.0181,-0.1412,-0.1305,-0.0341,-0.0562,0.0611,0.1544,-0.0
SLC26A5,0.0,-0.0,-0.0316,-0.0234,-0.0122,-0.0,-0.0,-0.0,0.0114,-0.0,-0.0114,-0.0,-0.0,-0.0,-0.0,-0.0,-0.0151,-0.0221,-0.0094,-0.0,-0.0019,0.0007,0.0074,-0.0058,-0.0,-0.0053,-0.0,-0.0039,-0.0036,-0.0096,-0.0,-0.0
EGFR,-0.0008,-0.2263,-0.0872,-0.4455,-0.044,-0.039,-0.0597,0.0253,0.1508,0.856,0.2801,0.1366,0.5608,0.2554,-0.0985,0.7136,0.0103,0.1731,-0.3825,0.0857,-0.317,0.1637,-0.2533,-0.0959,0.1191,0.1964,-0.1713,-0.0157,-0.0256,-0.295,-0.2066,-0.0989
CD1D,0.4771,-0.0651,-0.0787,-0.0699,-0.0621,-0.2097,-0.2118,-0.2203,-0.0206,0.3167,-0.0569,-0.0206,0.3973,0.0572,-0.2348,0.1086,-0.1707,-0.1712,0.0871,0.0013,-0.0312,0.3268,-0.0588,-0.0838,0.1891,-0.0476,0.0748,0.6022,-0.103,-0.0969,-0.0971,-0.0164
MRGPRE,0.0069,-0.0,-0.0,-0.0059,-0.0485,0.0,-0.0066,-0.0,-0.0061,-0.0402,-0.0,0.0,0.0,0.1713,0.0,-0.0032,0.0752,0.0,-0.0276,-0.0,0.0136,0.0027,0.0301,-0.0,0.1186,0.0364,-0.0,-0.0,0.2975,-0.0353,-0.0,0.0417
CR1,0.2544,-0.0239,-0.0438,-0.0228,-0.0073,-0.0115,-0.0519,-0.4269,-0.0265,0.0309,-0.0219,-0.0296,-0.0411,-0.062,-0.014,0.0,-0.1467,-0.1194,0.1021,0.0453,-0.0006,0.2337,-0.0111,-0.0052,0.2286,0.1091,0.0936,-0.0076,-0.0135,-0.01,-0.0035,-0.0
GPR20,0.0022,-0.0,-0.012,-0.0015,-0.0288,0.0068,-0.0147,-0.0,-0.0258,-0.001,-0.0,-0.0017,0.0802,-0.0018,-0.0008,-0.0007,-0.0247,-0.0064,-0.0013,-0.0177,-0.0824,0.1122,0.0131,-0.002,-0.0153,-0.0336,-0.0132,-0.0,-0.0047,-0.0171,-0.106,-0.0
LINGO3,0.727,-0.0064,-0.0111,-0.0054,-0.0015,0.0014,-0.0114,-0.1509,0.0024,-0.1287,-0.0016,-0.0,0.0028,0.0,-0.0011,-0.1553,-0.0096,-0.01,-0.0057,-0.002,-0.0021,0.0202,-0.0074,-0.0049,0.0095,0.0422,-0.0,-0.0039,-0.0,-0.009,-0.0065,-0.0154
SEMA4C,-0.0712,-0.1894,-0.2327,-0.0977,-0.257,0.1314,-0.1548,-0.3061,-0.18,0.0776,-0.131,-0.2945,0.0813,-0.0735,-0.0823,0.1065,-0.0323,-0.0452,0.1335,-0.0131,-0.1964,0.3459,0.1185,-0.1885,0.4523,0.0425,0.504,-0.1778,-0.103,-0.2927,-0.2022,-0.0824
AQP8,0.0,0.1893,-0.0011,-0.0015,-0.0064,-0.0065,0.0528,-0.0,-0.006,-0.003,-0.0,0.0,0.0002,0.0,0.1743,-0.0,-0.0011,-0.0014,-0.0,-0.0041,-0.0035,-0.9027,-0.0,-0.0069,0.0038,-0.0118,-0.0234,-0.0,0.0,-0.0096,-0.0065,-0.0
SLC22A1,-0.0259,-0.0238,0.0115,-0.0161,-0.017,-0.8924,-0.0094,-0.0599,0.07,0.0041,-0.015,-0.0209,-0.0178,-0.0112,-0.4919,-0.0003,-0.0297,-0.0353,-0.0113,-0.0069,-0.0184,0.0017,-0.008,-0.04,-0.0055,0.0036,-0.0338,-0.0095,-0.0414,-0.0147,-0.0062,-0.0163
LNPEP,0.5048,-0.0206,-0.1442,0.0513,-0.0437,0.3309,-0.0912,0.1618,0.0536,0.0091,-0.0575,0.3408,0.3046,0.2459,0.0244,0.1297,-0.0665,-0.0852,-0.1137,-0.0816,-0.183,0.3308,0.2188,0.0379,0.077,0.1211,-0.124,0.0737,0.0074,-0.1524,-0.2101,-0.2169
TAS2R20,0.3811,-0.0043,-0.0067,-0.013,-0.0058,-0.0034,-0.0066,-0.0,-0.018,-0.0055,-0.0052,-0.0,-0.0011,-0.0019,-0.0,-0.0035,-0.0289,-0.0209,-0.0041,-0.0059,-0.0084,-0.0021,-0.0,-0.001,-0.0123,-0.0013,-0.0403,-0.0095,-0.001,-0.0166,-0.0156,-0.0
LAYN,0.1237,0.1794,-0.2694,-0.1706,-0.325,0.5148,-0.3027,0.2618,-0.139,0.2592,0.06,-0.0736,0.4356,0.1469,0.0787,0.1584,-0.2374,-0.0189,-0.0797,0.1566,-0.283,0.6479,0.3407,-0.2626,0.5055,0.1177,-0.0157,0.1562,-0.3928,-0.4882,-0.2125,-0.1982
ATG9A,0.0058,-0.0079,-0.1295,-0.0213,-0.0629,0.1647,-0.0281,-0.1718,0.0802,0.1054,0.0271,-0.066,0.088,0.1488,0.0846,0.1456,-0.0645,-0.0546,0.0069,-0.028,0.0136,0.2238,0.0222,-0.0604,-0.1853,0.1371,-0.3247,-0.1594,-0.0999,-0.1028,-0.074,0.045
CXCR1,-0.0996,-0.0,-0.0112,-0.0255,-0.0164,-0.0218,0.0219,-0.0463,0.0084,0.0293,0.0753,-0.0041,0.0122,-0.0258,-0.0131,-0.0062,-0.1026,-0.1826,-0.0104,-0.0141,-0.0053,0.1076,0.0052,-0.0027,-0.0102,0.0325,-0.0,-0.0037,-0.0059,-0.0226,-0.0117,-0.0
SLC5A6,0.2374,-0.178,0.0317,-0.0566,-0.0628,-0.3075,0.2061,0.0796,0.1175,0.0587,-0.101,-0.1226,-0.0282,0.0349,-0.2493,-0.043,-0.0268,0.0822,0.1448,-0.1382,-0.1348,0.1013,-0.0955,-0.1984,-0.0655,0.1659,-0.0689,-0.2085,-0.2982,-0.1855,-0.1203,-0.0489
ABCC10,0.1672,-0.0187,-0.0347,-0.0444,-0.106,0.2573,0.0034,0.0158,0.0114,-0.0619,-0.0759,-0.2477,-0.0916,0.0779,0.0342,-0.0339,-0.0238,-0.0394,0.0536,-0.0222,-0.2595,0.139,-0.0586,-0.2973,0.286,0.0031,0.0853,0.0503,-0.1882,-0.0576,-0.0588,-0.0214
GPR83,0.0108,-0.0144,-0.0039,-0.0041,-0.0039,0.0,-0.0161,-0.0,0.0013,-0.0917,-0.0039,-0.0,0.0002,-0.001,-0.0012,-0.2508,-0.0021,-0.0014,-0.0087,-0.0,-0.0006,0.0015,1.2846,-0.0011,-0.0148,0.0007,-0.0,0.0369,-0.0853,-0.0131,0.0,-0.0
EPHA6,0.0,0.0,-0.0382,-0.0178,-0.0718,0.9234,-0.0055,0.0,-0.0515,-0.0218,-0.046,0.0073,0.3135,0.0458,-0.0421,-0.0728,-0.0106,0.02,-0.007,0.1072,-0.0832,0.0467,0.5054,0.1646,0.329,-0.0047,-0.0808,0.1027,-0.0129,-0.0403,0.0128,-0.0
INSRR,-0.0019,-0.0224,-0.0038,-0.0039,-0.0101,-0.0,-0.0017,-0.0,-0.0,0.0332,-0.0,-0.072,-0.018,-0.0099,0.0,0.0,-0.0016,-0.0013,0.0006,0.0049,-0.0064,0.0006,1.348,-0.0151,0.2858,-0.0103,-0.0476,0.0176,-0.0039,-0.0247,-0.0698,-0.0
IL1RAPL1,-0.0064,0.0,-0.0055,-0.0056,-0.0,0.0546,-0.0,0.0,-0.0016,-0.022,-0.0017,-0.0,0.0033,0.0,0.017,0.2975,0.0,0.0,0.219,-0.0,-0.0029,0.0,0.0,0.1081,0.005,0.001,-0.0026,-0.0,-0.0017,-0.0,0.0054,-0.0
CCKBR,0.0,-0.0,-0.0732,-0.0263,-0.1062,0.0,-0.0147,0.0,-0.0424,-0.2932,-0.0655,-0.0,0.0053,0.1622,0.0,-0.3482,-0.0037,0.0,-0.0384,0.152,0.227,-0.1618,-0.0349,0.0056,0.2197,-0.4434,-0.0525,-0.0,0.0247,0.1372,0.2652,-0.0
CHRNA10,0.1942,-0.0,-0.0121,-0.0132,-0.0083,-0.0142,-0.0131,-0.0127,-0.0115,-0.0039,-0.0119,-0.0057,-0.0156,-0.0157,-0.002,-0.0089,-0.024,-0.0205,-0.0042,-0.0076,-0.0302,0.0007,-0.0032,-0.0391,-0.0776,-0.0117,-0.1001,-0.0137,-0.012,-0.0395,-0.0332,-0.0049
GRIN3B,0.0167,-0.0062,-0.0051,-0.0027,-0.0076,0.0053,-0.0,-0.0,0.0032,-0.0006,-0.0097,-0.0235,-0.0096,-0.0198,-0.0033,-0.0007,-0.0404,-0.0473,-0.0014,0.002,-0.0268,0.004,0.0,-0.0056,0.0078,0.0012,-0.0092,-0.0,-0.0083,-0.015,-0.019,-0.0
BDKRB1,-0.0071,-0.0036,-0.0194,-0.0303,-0.1515,0.7792,-0.0883,0.1264,-0.0281,-0.002,0.5142,0.272,-0.1006,-0.0891,0.0661,-0.0014,0.1141,0.2737,-0.0922,0.9539,-0.0135,0.2326,0.1586,-0.01,0.905,0.097,-0.1242,-0.0362,-0.0323,-0.0513,-0.0194,-0.0
MUSK,0.0,-0.0223,-0.0121,-0.0005,-0.0,-0.0,-0.0037,0.018,-0.0163,-0.0007,-0.0114,-0.0,-0.0,-0.0,-0.0364,-0.001,-0.0078,-0.0,-0.0182,-0.0,0.0002,0.0159,-0.0,-0.001,-0.0576,-0.0575,-0.0444,-0.0,-0.0,-0.0,-0.0631,-0.0
GSG1,0.0445,-0.0127,-0.0087,-0.0032,-0.0031,-0.052,-0.0,-0.0,-0.0021,-0.0174,-0.0,-0.013,-0.0403,0.172,-0.0051,-0.0019,-0.0034,-0.0018,-0.0021,0.0,-0.0,-0.0651,0.0022,-0.0,0.0297,-0.0036,-1.3793,-0.0,-0.0,-0.0,-0.0083,-0.0265
ABCG4,-0.0,-0.0,-0.002,-0.0005,-0.0057,-0.0,-0.0,-0.0,-0.0183,-0.1433,0.0,0.0107,0.0,-0.0025,-0.0014,-0.2039,-0.0006,-0.0022,-0.0068,-0.0042,0.0478,0.0,0.3968,-0.0,0.0156,-0.0003,-0.1818,0.0925,-0.0363,-0.0219,-0.0341,-0.0096
CDH12,-0.0,-0.3391,-0.0743,-0.0288,-0.1532,0.0,0.0,0.0,0.0,-0.0366,-0.0201,0.7574,-0.0233,-0.0631,0.0,-0.0728,0.0,0.0649,-0.111,0.0082,0.2865,0.005,-0.2789,-0.0006,0.1129,-0.0172,-0.1181,-0.0075,0.0,0.0086,0.5307,-0.0037
SSTR5,0.0,-0.1448,-0.1305,0.0,0.0827,1.3954,0.3455,0.0,0.6004,0.0,0.0407,-0.1179,-0.0211,0.0354,0.0,0.0614,0.0,0.0798,0.0,0.0,-0.0023,0.0635,-0.1982,-0.0321,-0.0711,0.1433,-0.0058,-0.0494,0.0,0.0,0.0232,-0.0189
TSPAN5,0.1881,0.1825,-0.1181,0.149,-0.0754,0.385,0.1249,-0.1976,-0.0242,0.0819,0.2457,0.8046,0.1815,-0.1179,0.0857,0.1157,0.2299,0.2104,-0.421,0.1364,-0.4888,0.6852,0.4644,-0.0436,0.5254,0.0039,-0.3148,-0.0715,-0.1667,-0.435,-0.3394,-0.1954
KEL,-0.0927,-0.0022,-0.0145,-0.001,-0.0596,0.0379,-0.0012,-0.0827,-0.0145,-0.0469,-0.0334,-0.0066,-0.0031,-0.003,-0.0017,-0.0289,-0.0169,-0.0307,0.0534,-0.0042,-0.0123,0.008,-0.0003,-0.0068,0.0084,0.0185,-0.6585,0.0417,-0.0049,-0.0017,-0.0146,-0.0
ABCG2,0.0962,-0.0532,-0.0714,-0.1039,-0.1261,-0.1074,-0.136,0.0017,0.0432,0.1398,-0.0823,0.0888,0.4007,-0.0136,0.0442,0.252,-0.081,-0.0956,0.1102,-0.0706,-0.1446,0.2825,0.0282,-0.0966,0.4759,0.1336,0.0622,-0.085,-0.1009,-0.2886,-0.2539,-0.0676
BEST2,0.0305,-0.0,0.0381,-0.0036,-0.0134,-0.0,-0.5347,-0.0,0.0357,0.0,0.0894,0.0,0.0,0.0,-0.0021,-0.0,-0.0039,0.0099,-0.0114,-0.0,-0.0,0.0,-0.0,-0.0045,-0.0,0.0152,-0.0893,-0.0188,-0.0,-0.0047,0.0,-0.028
SLC24A4,1.0866,-0.0152,-0.0016,-0.0005,-0.004,-0.0,-0.0,-0.0386,-0.0043,-0.0707,-0.0,-0.0,0.0,0.0,-0.0,0.2286,-0.0117,-0.0047,0.1755,-0.0,-0.0,0.004,-0.0026,-0.0008,0.0079,-0.0001,-0.0147,-0.0,-0.0,-0.0034,-0.0036,-0.0108
ZP1,0.0,-0.0366,-0.0257,-0.0293,-0.0165,0.0,-0.0,-0.0,-0.0051,0.0011,-0.0118,-0.0031,0.0682,0.0,0.0021,-0.0006,0.0,-0.0009,-0.0496,-0.0,-0.0014,0.0079,-0.0046,0.0111,0.0066,-0.0037,-0.0,0.2164,-0.003,-0.0062,-0.0171,-0.0097
MFAP3L,0.151,-0.0262,-0.2202,0.1199,-0.1035,-0.235,0.0854,-0.0137,0.0812,0.0562,-0.0718,-0.1238,0.0824,0.0745,-0.2204,0.1224,-0.0577,-0.0145,-0.0027,-0.0307,-0.0194,0.1903,0.4875,-0.0103,-0.011,0.13,-0.8026,-0.0823,-0.0654,0.0655,-0.1389,0.2787
TAS1R1,0.0044,-0.0279,-0.0123,-0.0042,-0.0176,-0.0,-0.0,0.2406,0.0,0.1798,-0.0143,-0.0,-0.0005,0.0,0.0,0.0265,-0.0266,-0.0089,-0.0332,-0.0,-0.0104,0.0026,-0.0139,0.0001,-0.0015,-0.0012,-0.0163,-0.0094,-0.0018,0.0693,0.1511,-0.0094
GPR62,0.0,-0.0,-0.0042,-0.0013,-0.0021,-0.0,-0.0,0.0,0.0,-0.1757,-0.0023,-0.0,-0.0005,0.0004,0.0014,-0.061,-0.0008,-0.0004,-0.0004,-0.0045,-0.0196,0.001,0.0,-0.0006,-0.0054,-0.0004,-0.0,0.0014,-0.0004,-0.0055,-0.0,0.0063
GPR63,-0.0263,-0.0168,-0.0101,-0.0059,-0.0238,0.0,-0.0164,-0.0,0.0026,-0.0263,-0.0139,-0.0008,-0.0,-0.0006,-0.0005,-0.0185,-0.0066,-0.0012,-0.0088,-0.0182,-0.0202,0.0031,-0.0197,-0.0138,0.0363,0.0146,-0.0955,0.0045,-0.0,-0.0288,-0.0059,-0.0
SLC2A8,-0.0397,-0.1047,-0.2904,-0.02,-0.0972,-0.0956,0.0466,0.1916,-0.0764,0.0459,-0.0495,0.1734,-0.0092,0.0441,0.0112,0.0495,-0.0678,-0.0107,-0.0206,-0.1341,-0.1221,0.1625,-0.2719,-0.0835,0.0452,0.0094,-0.4811,-0.1733,-0.1968,-0.0935,-0.0963,-0.0628
GPR88,0.1705,-0.0066,-0.0033,-0.0239,-0.0024,-0.0329,-0.0,-0.0,-0.0114,-0.0678,-0.0017,-0.0046,0.0041,-0.0091,-0.0031,-0.0393,0.0018,-0.0005,0.0,-0.002,-0.0101,0.0077,-0.0,0.0132,0.0136,0.0026,-0.0145,0.0045,-0.002,-0.0042,0.022,-0.0
CRB1,0.0078,-0.0019,-0.0063,-0.0022,-0.016,0.0,-0.0,-0.0,-0.0048,0.2756,-0.0019,-0.0,0.0012,-0.0001,0.003,0.6055,-0.0085,-0.0033,0.0063,0.2445,-0.0115,0.0017,0.1904,-0.0,-0.0158,0.0017,-0.0425,0.0249,0.0002,-0.0077,0.015,-0.0057
PCDHGB2,0.4149,-0.0038,-0.0627,-0.0406,-0.1128,0.2619,-0.0172,0.0404,0.1155,0.3825,0.0061,-0.0039,0.2699,0.1678,0.0474,0.1855,-0.0633,-0.077,-0.0359,0.0471,-0.0981,0.1971,0.1035,0.1699,0.1437,0.1684,-0.0168,-0.0633,-0.0249,-0.0892,-0.1072,-0.0436
PILRA,0.3,-0.2001,-0.2694,-0.014,-0.131,0.114,-0.1571,-0.2526,-0.076,0.2017,-0.1129,-0.1372,0.183,0.0857,-0.0299,0.0643,-0.2085,-0.3055,0.1543,0.075,0.0014,0.4061,-0.1417,-0.2763,0.409,0.156,-0.1099,-0.0339,-0.1452,-0.1591,-0.1462,-0.2881
CACNG8,0.0073,0.0,-0.0092,0.0,-0.0038,0.0,0.0034,0.0,0.0045,-0.6407,-0.0015,0.0,0.008,0.0,0.0,-0.4231,-0.0012,-0.002,-0.01,0.0478,0.0014,0.0603,0.0467,-0.0,-0.0093,0.0249,-0.0558,-0.0,-0.0,-0.008,0.0102,0.0
GPR52,1.684,0.0,0.0,-0.0258,-0.0,-0.0,-0.05,-0.0,0.0,-0.0,-0.0,-0.0,-0.0,-0.0,-0.0,-0.0319,-0.0225,-0.0,-0.0,-0.0,-0.0,0.0,0.0,-0.0252,0.0,0.0,-0.0,-0.0,-0.0,-0.0175,-0.0,-0.0
CRHR1,0.0,0.0,-0.0118,-0.0372,-0.1148,0.5609,-0.0041,0.0,-0.0085,-0.2413,-0.0171,-0.0088,-0.015,-0.0678,0.0,-0.1957,0.0071,0.0347,-0.0384,0.2737,-0.0492,0.0583,0.5251,-0.0232,-0.0077,0.0,-0.0022,0.1491,0.0068,-0.1188,-0.2302,-0.0161
OSTM1,0.2022,0.0158,-0.2203,-0.0379,-0.1554,0.0761,-0.135,0.0337,-0.0359,0.2247,0.0036,0.0119,0.2828,0.1389,0.0862,0.0973,-0.1127,-0.0655,0.3014,0.0199,-0.2379,0.2628,0.1846,-0.0341,0.1872,0.1565,-0.0935,-0.0916,-0.0519,-0.2483,-0.2213,0.261
TNFRSF1A,0.3249,-0.1267,-0.0163,-0.095,-0.0562,0.0215,-0.1033,-0.3098,0.0448,0.6168,0.045,-0.2143,0.1149,0.0998,-0.0593,0.3136,-0.1036,-0.0831,-0.129,0.1286,0.0076,0.4161,-0.2909,-0.1504,0.2142,0.1529,0.186,-0.1856,-0.0477,-0.2055,-0.2104,-0.2798
GLRA4,0.0516,0.0,-0.0267,-0.0089,-0.0252,0.0,-0.0057,0.0,-0.0029,-0.0,-0.0112,0.0,0.0,0.0,0.0,-0.01,0.0,0.0,-0.0048,-0.0,-0.0,0.0,0.0,-0.0,0.1984,0.0042,0.0,-0.0275,-0.0088,-0.0,-0.0356,-0.0
CHRND,0.0,-0.0024,0.0,0.0,0.0,0.0598,-0.0055,-0.0304,0.0,0.0039,0.2863,-0.0,0.0017,0.0,0.0,-0.002,-0.0039,-0.0125,-0.0086,0.0,0.0426,-0.0,-0.0212,0.0,-0.6472,0.0,-0.1545,0.0093,0.0,0.0485,1.5554,0.0
ATP4B,0.0,-0.0,-0.0104,-0.0015,-0.0,-0.0,-0.0,-0.0866,-0.0463,-0.0012,-0.007,-0.0041,-0.009,-0.0104,-0.0045,-0.0033,0.0,-0.0103,-0.045,-0.0,-0.0106,-0.0,-0.0,-0.0,0.0,-0.7851,-0.0,0.0227,-0.0009,-0.0183,-0.0117,0.0053
GRIN2A,0.0,-0.0063,-0.0117,-0.0026,-0.0574,0.3251,-0.0,0.0146,-0.0154,-0.2063,-0.0269,-0.023,0.1182,-0.0239,0.0,-0.1791,-0.012,-0.0051,-0.01,0.2773,0.0991,0.0483,0.3805,-0.0,0.242,0.0063,-0.0096,-0.009,-0.0048,-0.0216,-0.0412,-0.004
DLL4,-0.0017,0.3943,-0.2107,-0.3791,-0.2992,0.3522,0.1264,0.3228,0.0549,0.0677,-0.1126,0.1608,0.5438,-0.1609,0.3038,-0.1443,-0.2149,-0.4018,0.004,-0.1132,-0.2052,0.5529,0.4743,-0.1871,0.1769,0.2085,0.0688,0.1997,-0.2106,-0.3588,-0.2726,-0.1715
CD79B,0.5099,-0.0043,-0.1354,-0.1768,-0.2002,0.1832,-0.2292,0.5888,-0.1394,0.1503,-0.0683,-0.0552,0.3553,-0.0484,0.174,0.0014,0.0812,0.0258,0.1485,-0.0007,-0.0925,0.5007,0.0643,-0.1415,0.2061,0.0316,0.3536,0.335,0.0135,-0.2628,-0.2639,0.5266
STAB2,0.1083,-0.0,-0.0036,-0.0064,-0.0,-0.0684,-0.0093,-0.0181,-0.0212,0.0023,-0.0083,0.0067,0.0025,-0.0,-0.048,0.0087,-0.0144,-0.01,-0.0066,-0.0275,-0.0047,0.002,-0.0,-0.0045,-0.0055,-0.0032,-0.0672,-0.0,-0.0069,-0.0,-0.0161,-0.0507
PCDHB3,-0.0141,0.0199,-0.0428,-0.0676,-0.0531,0.0892,-0.0128,0.0,0.0008,0.1878,-0.0316,-0.0236,0.1216,-0.0066,0.0222,0.1243,-0.0385,-0.0608,-0.0135,-0.0259,-0.0702,0.0584,0.2699,0.0252,0.0801,0.0391,-0.0612,-0.0272,-0.0185,-0.0875,-0.1003,-0.0365
FNDC9,1.2927,-0.0,-0.0,0.0,-0.0,-0.0,-0.0,0.0035,0.0,-0.4264,-0.0,-0.0,-0.0,-0.0,-0.0,-0.4297,-0.0,-0.0,0.0035,-0.0,-0.0,0.0024,1.0254,-0.0,0.007,0.0,-0.0017,-0.0,-0.0,-0.0,-0.0,-0.028
CTNS,0.2427,-0.2356,-0.0887,-0.0596,-0.2136,0.0799,-0.1067,-0.0245,0.0316,0.3219,-0.0673,-0.0573,-0.0225,0.0597,-0.0095,0.2761,-0.1207,-0.1962,0.0781,-0.022,-0.1564,-0.0982,-0.267,-0.0761,0.1198,-0.0225,-0.2149,-0.0521,-0.0858,-0.1284,-0.14,0.1791
ADAM19,0.0053,-0.1069,-0.2062,0.1593,0.0385,0.0272,-0.1609,0.0595,-0.0999,0.2427,0.1427,-0.0165,0.3157,-0.0314,-0.077,0.018,-0.1663,-0.1518,0.245,-0.002,-0.1858,0.8557,-0.0938,-0.2152,0.6614,0.2109,0.3032,-0.0752,-0.1509,-0.2065,-0.0614,-0.115
KREMEN1,-0.1225,-0.1941,0.1458,-0.0197,0.2135,0.2645,0.0581,-0.1713,0.232,-0.0334,0.3248,0.2141,0.018,-0.0742,0.0666,-0.0054,-0.0894,0.2018,-0.0304,-0.1778,-0.3049,0.3451,-0.121,0.0608,0.0038,0.0432,-0.2794,0.2892,-0.0793,-0.1318,0.0435,-0.0403
ACVR1C,0.0001,-0.0,-0.0045,-0.0838,0.0086,-0.0,0.1025,-0.0,0.4696,-0.0278,0.0951,0.1813,-0.0021,-0.0031,-0.0073,-0.0558,0.0034,0.2806,0.0334,-0.0,-0.0053,0.0,0.185,-0.0003,-0.0129,0.0389,-0.003,0.0811,-0.0002,-0.0,-0.0011,-0.0035
GRM7,0.0056,-0.0235,-0.0312,-0.0137,-0.0112,-0.0,0.0013,0.0,0.001,-0.1166,-0.0073,-0.0,0.0,-0.0148,-0.0291,-0.1606,-0.0078,0.0041,-0.0174,-0.009,0.0009,0.0321,0.1095,-0.0065,0.2413,-0.0021,-0.1451,-0.0256,-0.0039,-0.0235,-0.022,-0.0
KLRF1,0.006,0.0012,-0.0385,-0.0346,0.0153,-0.028,-0.0038,-0.1572,-0.0051,0.0006,-0.0201,0.1073,0.117,-0.0397,-0.0107,0.0003,-0.1379,-0.1089,0.0052,-0.0099,0.1875,0.0257,0.011,-0.0086,0.0845,-0.0073,-0.0447,-0.0111,-0.013,-0.0391,-0.0277,-0.0411
CLCNKB,-0.0,-0.0599,0.0006,-0.0044,-0.033,0.1071,-0.0011,0.0012,-0.0118,0.0083,-0.0113,0.4369,-0.399,-0.7049,0.0,-0.0004,0.0167,-0.0099,-0.0041,0.0435,0.0104,0.0,-0.0492,-0.0105,0.0392,-0.0217,-0.1172,0.2076,-0.4357,-0.0666,0.006,0.1161
SLC10A6,0.0167,0.0007,0.0,-0.0591,0.076,0.0114,-0.0005,0.0,0.0557,0.0695,0.6947,0.004,0.2568,0.0006,0.0006,0.0065,-0.0038,0.052,-0.0764,-0.0132,-0.0,0.0153,0.0223,-0.0049,-0.0072,0.011,-0.01,-0.0039,-0.021,-0.0,-0.0219,-0.0
PCDHGA10,0.2558,-0.065,-0.054,-0.0107,-0.0951,0.055,0.0691,0.0572,0.11,0.0386,-0.0091,0.0207,0.1576,-0.0052,-0.0008,0.1101,-0.0451,-0.0587,-0.1101,0.0656,0.055,0.1254,-0.0663,0.0297,0.035,0.3141,0.0688,-0.0769,0.1038,-0.114,-0.1353,-0.0617
ITGAE,0.2582,-0.0857,-0.0333,-0.0415,0.0071,0.2537,-0.0685,0.2333,-0.0461,0.1887,-0.0339,-0.2463,-0.0364,0.0747,0.0246,0.0951,-0.0601,-0.0121,0.0069,0.0057,-0.1808,0.2785,-0.1097,-0.0761,0.1295,0.0319,-0.1568,0.1484,-0.1092,-0.0346,-0.0419,-0.1327
SLC26A4,0.0024,0.0007,-0.0034,-0.0107,-0.0261,0.0,-0.0006,0.0,-0.0015,0.0019,-0.01,0.1437,-0.0104,-0.0079,0.0,-0.0106,-0.0336,-0.0268,0.1438,-0.0131,-0.001,0.0015,-0.0,0.1574,0.0059,-0.0018,-0.0,-0.0039,-0.3186,-0.0106,-0.0067,-0.0068
RHAG,-0.2856,-0.0154,-0.0,-0.005,-0.0,-0.0,-0.0,-0.0,-0.0328,0.0,-0.0,-0.0,-0.0195,-0.0,-0.0122,-0.0022,-0.0034,-0.0,-0.0064,-0.0,-0.0041,-0.0013,-0.0133,-0.0181,-0.0,-0.0116,-0.0,-0.0,-0.0,-0.0,-0.0,-0.0
SLC5A10,0.6785,-0.0059,-0.0,-0.0044,-0.005,0.0086,-0.0,-0.0493,0.0004,0.0,0.0159,-0.0,0.3865,-0.0598,-0.015,-0.0,-0.0,-0.0032,-0.009,-0.0,-0.0,0.0118,-0.0,-0.0012,0.0008,0.0011,-0.026,0.0035,-0.0,-0.0,-0.0089,0.9333
NPC1,0.1552,-0.1849,-0.1213,-0.0741,-0.0233,0.2784,-0.0791,-0.0262,0.1051,0.1654,0.0346,0.2291,0.1037,0.1221,0.0869,0.2039,-0.2028,-0.1373,0.0767,-0.055,-0.1931,0.3277,-0.2756,-0.1375,0.1728,0.0247,-0.0778,-0.1878,-0.0892,-0.1691,-0.2212,-0.0125
PTGER1,0.1332,-0.052,-0.0286,-0.0041,-0.026,0.0055,-0.0065,-0.0,-0.0122,-0.0004,-0.0237,-0.0,-0.06,-0.0391,-0.0058,-0.0013,-0.0813,-0.0529,-0.0048,-0.0095,0.3628,0.0601,0.0161,-0.0033,0.0628,-0.0382,-0.0401,-0.0371,-0.0092,-0.0108,-0.0138,0.0925
SCN5A,-0.0035,0.0029,-0.0697,-0.0021,-0.0335,0.0128,-0.0046,-0.0077,-0.002,-0.0026,-0.0179,-0.0,-0.0002,0.0,-0.0059,-0.0026,-0.0033,0.0065,-0.0216,0.0185,0.017,0.0129,0.0146,-0.003,-0.0209,0.0009,0.0751,-0.0096,-0.004,-0.033,0.0442,-0.0083
FCAR,0.8532,-0.0114,-0.0168,-0.0088,-0.0087,-0.038,-0.0076,-0.2014,0.002,0.1149,-0.0132,-0.0,-0.0046,-0.0054,-0.0113,0.0255,-0.1248,-0.1736,0.013,0.0079,-0.0024,0.0235,-0.0058,-0.0019,-0.0129,0.0175,0.0053,-0.0048,-0.0011,-0.0055,-0.0066,-0.0
CDON,0.0428,-0.0253,-0.1559,0.0116,-0.2116,0.1547,-0.137,0.0142,-0.0824,0.1692,-0.0977,0.0942,0.558,0.0835,0.0087,0.1878,-0.0122,0.0374,-0.1299,0.5693,-0.433,0.296,0.0601,0.0881,0.4742,0.2059,-0.1351,0.0802,-0.3693,-0.4242,-0.2662,-0.0721
SHISA9,0.0289,-0.0,-0.0697,0.4414,-0.0922,0.449,-0.1518,0.0,-0.0751,-0.0842,-0.0103,-0.0013,0.5621,0.4564,-0.0079,0.1448,-0.0114,0.0571,-0.0421,-0.0366,0.4883,-0.0013,0.2397,-0.1239,0.0,-0.017,-0.0233,-0.0149,-0.014,0.1601,0.0935,-0.0
NOTCH2,0.9037,-0.1733,-0.2034,0.1038,-0.1803,0.3353,-0.0941,-0.212,0.0496,0.3869,-0.0698,-0.1745,0.3192,0.3201,-0.0232,0.4078,-0.0714,-0.1453,-0.1224,0.0187,-0.0039,0.2547,-0.3356,0.0363,0.5652,0.2561,-0.2439,-0.2434,0.0093,-0.2517,-0.1394,-0.242
S1PR3,0.1802,0.0628,-0.3449,0.176,-0.5034,0.177,-0.2074,0.0558,-0.4008,0.5978,-0.1604,-0.2813,0.1634,-0.2577,-0.0069,0.3166,-0.1566,-0.154,-0.1136,-0.2042,-0.0953,0.3636,-0.342,-0.2597,0.6081,0.1655,0.2796,-0.2331,-0.0907,-0.4009,-0.1506,-0.1772
GINM1,0.1173,-0.0146,-0.139,-0.048,-0.1335,0.1812,-0.1042,0.0355,-0.0594,0.1876,-0.0333,-0.1192,0.1104,0.0906,0.0997,0.1532,-0.104,-0.0624,-0.1766,-0.0404,-0.176,0.263,-0.0125,0.0418,0.2264,0.0464,-0.2409,-0.1226,0.0778,-0.1468,-0.1242,-0.2719
ERVW-1,0.9839,-0.0,-0.0248,-0.0051,-0.0022,0.0,-0.0117,-0.0,0.0012,-0.0041,-0.0061,-0.0,0.0024,-0.0001,-0.0043,0.0004,-0.0065,-0.006,-0.0,-0.0,-0.0039,-0.0,-0.0,-0.0036,-0.0,0.0013,-0.1285,-0.0,-0.0,-0.0263,-0.0136,-0.0
FFAR1,0.0,-0.0148,-0.0,-0.0,-0.0,0.032,-0.0,0.2384,-0.0,-0.0,-0.0057,0.0,0.0,0.0,0.0,-0.0044,-0.0,-0.0,0.0131,-0.0337,-0.0614,-0.0436,-0.0,-0.0,0.0,-0.0,-0.0,-0.0,-0.0019,-0.0,-0.0109,-0.0
ABCA1,0.7581,-0.4958,-0.3295,-0.2491,-0.1821,-0.3642,-0.2729,-0.0274,0.0262,0.5289,0.0026,0.1548,0.4733,0.3013,-0.1647,0.5385,-0.1791,-0.1259,-0.1594,-0.0187,-0.0891,0.2633,-0.5816,-0.1321,0.1092,0.1385,0.19,-0.0533,-0.0186,-0.2084,-0.1884,-0.1842
MCOLN1,0.1123,-0.0325,-0.091,-0.0966,-0.0974,0.1357,-0.1599,-0.2391,-0.0428,0.1347,-0.083,0.0838,0.0725,0.1279,0.1046,0.1036,-0.2526,-0.2574,0.0826,0.0319,-0.0846,0.2778,-0.0035,-0.0846,0.2671,0.0482,0.0831,-0.0114,-0.1247,-0.1156,-0.0897,0.1509
CDHR4,0.046,-0.0,-0.003,-0.0387,-0.0591,0.0,-0.0026,-0.0,-0.0027,0.0,-0.0084,-0.0,-0.0071,-0.0013,-0.0006,-0.0029,-0.1686,-0.1397,-0.0052,-0.0014,-0.1459,0.0375,-0.0,-0.0452,0.0112,-0.0006,-0.0684,-0.0,-0.0033,-0.0538,-0.0714,-0.0
P2RX2,0.0063,-0.0193,-0.0426,-0.0177,-0.0173,0.0,-0.0043,0.0455,-0.1003,0.0012,-0.0075,-0.021,-0.0,-0.0194,-0.0422,-0.002,-0.0667,-0.093,-0.0033,-0.009,-0.0817,0.0,-0.025,-0.4267,0.1523,-0.037,-0.0925,0.4455,-0.0029,0.1794,0.7921,-0.0
SLC8A1,0.4819,-0.0811,-0.2526,0.0628,-0.0731,0.0585,-0.1328,-0.0935,-0.0496,0.2006,-0.0902,-0.1686,0.1861,-0.1044,-0.0051,0.3052,-0.0954,-0.1289,-0.0731,-0.0342,-0.0574,0.334,0.4202,0.0179,0.5077,0.2875,0.0783,-0.085,-0.0034,-0.2705,-0.2728,-0.038
PCDH19,0.0,-0.0028,-0.0473,-0.0843,-0.1396,0.0388,-0.0242,0.0,-0.0238,0.1369,-0.0404,-0.0018,0.0004,-0.0013,-0.0025,0.2007,-0.0029,0.4607,-0.0076,-0.0262,0.525,0.0166,0.3944,-0.0032,0.0889,-0.0041,-0.0615,-0.0038,-0.0,0.2975,0.3086,-0.0131
MEGF8,0.3964,-0.0991,-0.1999,-0.058,-0.1892,0.3154,-0.1271,-0.0261,-0.0673,0.0661,-0.1542,0.2827,0.1262,0.1739,0.0957,0.0889,-0.0513,-0.032,0.1566,-0.0204,-0.1785,0.2357,0.1094,-0.0065,0.3256,0.0353,-0.1858,-0.0407,-0.0584,-0.1786,-0.0714,0.1229
PCDHGA5,0.1506,-0.0171,-0.0103,-0.0572,-0.0096,0.1271,-0.0085,0.0113,-0.0208,-0.0247,-0.0105,-0.0018,0.0848,0.0442,0.0013,-0.0065,-0.0328,-0.0131,-0.0198,-0.0229,-0.0327,0.0428,0.0173,0.1213,0.0295,0.0384,-0.0054,-0.0433,-0.0195,-0.0091,-0.036,-0.0166
ICAM5,-0.1858,-0.0567,-0.0238,-0.0426,0.0855,0.0054,-0.0187,-0.0309,-0.0036,-0.302,0.1554,0.148,-0.0105,-0.0123,-0.0154,-0.2112,-0.3499,-0.3957,-0.0163,0.1185,-0.0443,0.0685,-0.0121,-0.0021,0.1025,0.0005,-0.0642,-0.053,0.3044,-0.0149,0.0863,-0.0
VSIG10L,-0.0862,0.0789,-0.0945,-0.0855,-0.0129,0.2281,-0.0983,0.014,-0.0933,-0.0478,0.2845,0.0114,-0.0123,0.0944,-0.0052,-0.0999,-0.0543,-0.0038,-0.4615,-0.112,-0.0545,0.5005,-0.0821,-0.0795,0.3498,0.1783,-0.1027,-0.0215,-0.0521,-0.1674,-0.0884,-0.0768
PTPRN2,0.1474,-0.0171,-0.1349,-0.0883,-0.0892,0.2363,0.2027,-0.0957,-0.0357,-0.0584,-0.1253,-0.0871,0.1229,0.1734,0.0039,0.0731,-0.0998,-0.1564,-0.0237,-0.147,-0.1004,0.1,1.1331,0.4486,0.3496,-0.1105,-0.1971,-0.0865,0.0803,-0.0834,-0.0793,-0.1582
TSPAN2,0.7075,-0.0061,-0.377,-0.0189,-0.2353,0.2869,-0.2076,-0.126,-0.3514,0.1018,-0.0999,-0.0523,0.1223,-0.1,0.0023,-0.0227,-0.1002,-0.1167,-0.0466,-0.0398,-0.1532,0.6453,0.2307,-0.0681,0.3394,0.0933,0.0011,-0.105,-0.1172,-0.5017,-0.6404,-0.0
PCDHGC4,0.5835,-0.0072,-0.0025,-0.0032,-0.0027,0.0141,-0.0,0.0085,0.0057,0.3125,-0.005,-0.0,0.0019,0.0002,-0.0,0.4679,-0.0015,-0.004,-0.0022,-0.0027,-0.0088,0.0003,0.4639,-0.0,-0.0144,0.007,-0.0876,-0.0155,-0.0019,-0.0061,-0.0305,-0.0207
GRM3,-0.0,-0.0481,-0.0305,-0.0,-0.0,0.0151,-0.0,-0.0,-0.001,-0.8745,-0.0,-0.0058,-0.0037,-0.0,-0.0213,-0.5265,-0.0,-0.0089,-0.0019,-0.0066,-0.0023,0.0,-0.004,-0.0043,-0.0186,0.0,-0.1316,-0.0027,-0.0027,-0.013,-0.0054,-0.0321
NTNG2,0.6674,-0.1078,-0.0358,-0.0009,-0.0097,0.0068,-0.0123,-0.1969,0.0026,-0.1907,-0.0104,-0.024,0.0037,-0.018,-0.0054,0.1508,-0.0771,-0.0516,-0.0195,0.0074,0.195,0.0408,0.1769,-0.2029,0.1789,0.1248,-0.1199,-0.0017,-0.0154,-0.0377,-0.054,-0.0285
MEGF11,0.2991,-0.0016,-0.0028,-0.0045,-0.0163,0.0,-0.0065,-0.0081,0.0013,0.0536,-0.003,-0.0591,-0.1193,-0.122,-0.0015,0.3633,-0.0443,-0.0248,-0.0233,-0.0059,-0.0448,0.044,0.2434,-0.0069,0.0151,-0.0082,-0.1421,0.0574,-0.0164,0.1487,0.1627,-0.026
PTGDR2,0.1451,0.0044,-0.0249,-0.0073,-0.0029,-0.0,-0.0655,-0.0,-0.029,-0.0742,-0.0011,-0.0,0.0002,0.0,0.0497,-0.0531,-0.0031,-0.0014,-0.005,-0.0,-0.0005,0.0689,0.011,-0.0008,-0.0237,-0.1653,-0.0062,0.4615,-0.0,-0.0033,-0.01,-0.0
ABCA2,0.2525,-0.0101,-0.1787,-0.0459,-0.0626,0.1534,-0.0573,-0.3059,-0.0313,-0.2782,-0.3168,0.1678,0.0144,0.0788,0.0122,-0.1251,-0.125,-0.1911,0.0216,-0.1386,-0.0766,0.2221,0.4307,-0.027,0.2035,-0.1213,-0.2036,-0.0008,-0.0444,0.0367,0.0596,-0.0606
SLC6A17,0.0,0.2911,0.0024,0.0076,0.0727,0.0712,-0.0025,0.0,-0.0174,-0.5395,0.0028,0.0993,-0.015,-0.0873,0.0,-0.4802,0.0097,0.0073,0.5178,0.004,0.0019,0.1501,1.7636,0.0049,0.1434,-0.0068,-0.177,-0.0145,-0.0236,-0.009,0.0535,2.5446
RTN4RL1,0.0301,-0.1171,-0.1425,0.0649,-0.1491,0.5036,-0.0442,-0.0,-0.0053,-0.1057,0.0942,-0.0458,0.0537,-0.05,0.0358,-0.1321,-0.0478,-0.0288,-0.2338,-0.0409,-0.0908,0.0948,-0.1478,0.0485,0.0359,-0.0299,0.1393,0.1237,-0.0435,-0.1385,-0.0146,0.56
PCDHB6,0.0,0.0496,-0.0514,-0.0622,-0.036,0.1584,-0.0115,0.0,-0.0255,0.0461,-0.0615,-0.0017,0.312,0.1039,0.0035,0.1128,-0.0336,-0.046,0.0474,-0.0053,-0.0721,0.0328,0.2253,-0.0049,0.1595,0.0191,-0.119,-0.0246,-0.0058,-0.0811,-0.0994,-0.0336
SLC46A3,0.4143,-0.1793,-0.1567,0.0083,-0.2337,-0.3638,-0.1491,-0.093,0.0313,0.0427,-0.2667,0.0785,0.2111,0.2908,-0.1718,0.0137,-0.0355,-0.211,-0.0867,0.0104,-0.0841,0.3804,-0.096,-0.1873,0.1092,0.2208,-0.3335,-0.0203,-0.0382,-0.1722,-0.2287,-0.2009
CASD1,0.5824,-0.1268,-0.2049,0.0229,-0.3216,0.1936,-0.1272,0.1308,-0.0117,-0.066,-0.2748,0.15,0.2082,0.1506,0.0423,0.0136,0.009,-0.1381,0.1281,-0.094,-0.3203,0.133,0.095,0.0209,0.121,0.0582,-0.0281,-0.0114,-0.0229,-0.2124,-0.1889,-0.2176
TMEM132D,-0.0,0.0,0.0,0.0,-0.0,-0.0,-0.0,-0.0,0.0,-0.1106,-0.0,-0.0,0.0824,0.0338,-0.0026,-0.1839,0.0,-0.0336,-0.1651,0.1145,-0.011,0.0499,3.464,0.0118,0.0,-0.0,-0.1415,-0.0,0.2824,-0.0098,-0.0303,0.0
JAG1,0.818,0.1313,-0.1332,-0.254,-0.221,0.6717,-0.0001,-0.1383,0.1982,0.4463,0.2579,-0.0761,0.4229,0.1284,0.0775,0.2247,-0.3769,0.1334,-0.4987,-0.3043,-0.3543,0.3146,0.2183,-0.1589,0.3397,0.1442,0.0138,-0.3174,-0.2178,-0.3906,-0.4127,-0.4878
SLC2A12,-0.006,0.0549,-0.1484,-0.006,-0.0162,0.1976,0.2615,-0.0,-0.1047,-0.0882,0.0714,0.3768,-0.0319,-0.0265,0.22,-0.0708,-0.0486,0.1602,-0.0519,-0.0544,0.2173,0.2969,-0.0315,0.3435,-0.0761,-0.1714,-0.0316,-0.0436,-0.015,0.0173,-0.077,-0.046
GHRHR,0.0,-0.0238,0.0,0.0,0.0,0.7518,0.0006,0.0,0.0176,0.0473,0.0,-0.0,-0.0014,-0.0215,0.0466,0.4172,-0.0465,-0.0273,0.0,0.0,0.0005,0.035,0.139,0.0075,0.0,0.0048,-0.0331,0.0,-0.0033,0.0,0.0524,0.0
AVPR1A,0.0333,-0.3405,-0.1093,-0.2393,-0.0649,-0.1247,-0.0187,0.0161,-0.0216,0.0379,-0.0394,0.8189,0.122,-0.038,-0.2263,0.004,-0.0087,-0.0055,-0.0385,-0.0301,-0.0814,0.1122,-0.307,-0.0598,0.0488,0.0282,-0.0223,-0.0428,-0.2383,-0.1536,-0.2571,-0.0112
ASGR1,-0.0739,0.0671,0.0358,-0.0774,-0.0827,-0.8254,0.1448,-0.1601,-0.0425,0.0139,-0.0745,-0.0238,0.0848,0.0333,-0.0844,0.1999,-0.1314,-0.2129,-0.1358,0.0597,-0.0753,0.4378,0.0354,-0.0721,0.4999,0.0026,-0.6177,-0.071,-0.1808,-0.0628,0.251,-0.0502
CNTN6,0.0,-0.3112,-0.0026,-0.0022,-0.0,0.0,-0.0,0.038,-0.0106,-0.0419,-0.0037,0.0051,0.0188,2.0718,0.0067,-0.043,-0.1951,-0.0679,0.0535,0.0759,0.0044,0.0,-0.3962,-0.0021,0.2579,0.0,-0.0721,0.1465,-0.2066,-0.0043,0.0064,0.0176
ANTXRL,0.0515,-0.0,-0.0,-0.0429,-0.0077,0.0,-0.0,-0.0,-0.0111,-0.0,-0.0,-0.0,-0.0102,-0.0138,0.0,0.0,0.0,0.0,0.0022,-0.0,0.2213,0.0,-0.0,-0.0045,0.0,-0.0,-0.0211,0.0,-0.0045,-0.0856,-0.0,-0.0
LHCGR,0.0,-0.0298,-0.0121,-0.0046,-0.0,0.0,-0.0,-0.0,-0.0296,-0.0036,-0.0,-0.0,-0.0139,0.0,0.0,-0.0006,-0.0163,-0.0039,-0.0043,-0.0,-0.0054,0.0,0.0086,-0.0039,0.0179,-0.0014,-0.0,-0.0,-0.0165,-0.0,-0.0,-0.0
TYRO3,-0.0752,-0.0079,0.2421,-0.1297,0.1282,0.741,0.107,-0.0614,0.0871,-0.0371,0.072,-0.4107,-0.3661,-0.3958,0.187,0.0292,-0.1371,0.0237,0.1922,0.0821,-0.456,0.1022,-0.1893,-0.0768,0.6311,0.0575,-0.0605,-0.264,0.2351,-0.1541,0.0176,0.6025
LRRTM2,0.5005,-0.0,-0.0056,-0.0062,-0.0,-0.0,-0.0122,-0.0,0.0228,0.012,-0.0021,0.0,0.0066,-0.0,-0.0,0.263,-0.0079,-0.0059,0.0177,-0.0116,-0.0027,-0.0023,1.1328,-0.0028,0.0057,0.0017,-0.0069,-0.006,-0.0,-0.0153,-0.025,-0.0227
PCDHGA11,0.4089,-0.0172,-0.0034,-0.0128,-0.0041,0.0377,-0.0082,0.0346,-0.0246,-0.0267,-0.0138,-0.0011,0.0273,-0.0078,-0.0084,-0.0189,-0.0215,-0.0113,-0.0904,-0.0226,-0.0602,0.007,0.0067,-0.0144,0.0039,0.0157,-0.013,-0.0478,0.0116,-0.0036,-0.0,0.0
GPR75,0.6945,-0.0205,-0.0325,-0.0411,-0.0162,0.0378,-0.003,-0.0079,0.1142,0.2095,-0.0202,-0.0007,0.0044,-0.0045,-0.0184,0.3934,-0.0268,-0.0363,-0.0094,-0.0231,-0.0532,-0.0042,-0.0551,-0.0207,-0.0111,0.0162,-0.0351,-0.0452,-0.0695,-0.0129,-0.0069,-0.0082
PCDH11Y,0.0,0.0,-0.0807,-0.0014,-0.0,0.0,-0.0,0.0,-0.0,-0.056,-0.0,-0.0,0.0016,-0.0,0.0,0.0329,-0.0039,-0.0123,0.0,-0.0356,-0.0,0.0,0.8304,-0.0187,0.0,-0.0239,-0.0,-0.0,-0.0,0.0,0.0,-0.0
DRD4,0.1176,0.0032,-0.0529,-0.0365,-0.0246,0.0138,-0.0061,-0.0002,-0.0267,-0.0528,-0.0377,-0.0,-0.0091,0.0043,-0.0124,-0.0534,-0.0217,-0.0239,-0.003,-0.0227,-0.0865,0.0355,-0.0081,-0.0046,0.0,0.0186,-0.1727,-0.0237,-0.0295,-0.0509,-0.0943,-0.0143
DRD2,-0.0,-0.0032,-0.0116,-0.0642,-0.0709,0.0098,0.0612,-0.0,-0.0157,-0.02,-0.0061,0.0415,-0.0046,-0.0042,-0.002,-0.0328,-0.0065,0.0268,-0.0409,-0.0146,0.0035,0.0258,1.9316,-0.0158,-0.0191,0.0158,-0.0871,-0.0105,-0.0013,-0.0329,-0.0348,-0.0009
DSC1,0.0,-0.0228,0.1028,-0.0017,0.0227,-0.0,-0.0,-0.0,0.1599,-0.0,1.4306,-0.0,0.0,-0.0,-0.0,-0.0,-0.0,0.1167,-0.5319,-0.0,0.0622,0.0,-0.0,0.0,-0.0087,-0.0023,-0.0194,-0.0,-0.0,-0.0248,-0.0,-0.0
ATP6V0A2,0.3667,0.0015,-0.1229,-0.0556,-0.0762,0.1621,0.0056,0.069,0.1337,0.226,-0.0134,0.1453,0.1416,0.1474,0.0074,0.1841,-0.1185,-0.0431,-0.1213,-0.0695,-0.0786,0.1503,-0.0244,-0.0838,0.0665,0.0581,0.0589,-0.1086,-0.1039,-0.1519,-0.1406,-0.268
PRNP,0.3778,-0.0511,-0.1795,-0.1001,-0.1281,0.2536,-0.172,0.1469,0.0596,-0.0517,0.2785,0.1203,0.2255,0.2488,0.0022,0.0307,-0.0708,0.1493,0.047,0.0531,-0.1605,0.4601,0.3685,-0.0447,0.2672,0.2551,-0.0365,-0.1013,0.1701,-0.4422,-0.2908,-0.2126
CSF3R,0.5243,-0.2655,-0.3423,-0.1433,-0.1385,-0.1821,-0.1766,-1.0851,-0.0773,0.3264,-0.1791,-0.2491,0.1303,0.0934,-0.3212,0.212,-0.6445,-0.8342,0.2563,0.0847,-0.0239,0.3853,-0.24,-0.3249,0.1352,0.0894,0.3102,-0.2005,-0.2664,-0.1456,-0.1909,-0.2215
FAT3,0.0103,0.005,-0.1097,0.0,-0.0322,0.0662,-0.0,0.0033,-0.0309,0.0977,-0.0162,0.0387,0.0297,-0.0068,-0.0017,0.3562,-0.0238,-0.0683,-0.0362,0.0162,-0.0275,0.0157,0.0179,-0.0657,0.3778,-0.0095,-0.1189,-0.0158,-0.0,-0.0498,0.1081,-0.0
CHPT1,-0.0322,0.0739,-0.2845,-0.0677,-0.3085,-0.1354,0.0491,-0.2853,-0.0553,0.1983,-0.4178,0.1515,0.0609,0.0388,0.154,0.116,-0.2217,-0.2308,0.0993,-0.2325,-0.1803,0.3016,-0.1661,0.0045,0.1305,0.0088,-0.339,-0.3363,0.1581,-0.343,-0.1761,0.0219
SLC39A5,0.0393,-0.0019,-0.0122,-0.0022,-0.0368,-0.4465,0.2763,-0.0,0.038,-0.0,-0.0012,-0.0,0.0416,0.0715,-0.1825,-0.0001,-0.0306,-0.006,-0.0022,-0.0,-0.0417,-0.7308,-0.0,-0.0009,0.0016,0.7937,-0.0556,-0.0025,-0.0032,-0.0649,-0.0905,-0.0069
SLC6A2,-0.0052,0.132,0.0116,-0.0671,-0.0016,-0.0425,-0.0179,0.0,-0.0489,0.0015,0.5181,0.3425,-0.0191,-0.0287,-0.0709,0.0005,0.0211,0.536,-0.0054,-0.0188,-0.007,0.0014,1.8491,-0.0008,0.063,0.0,-0.0304,-0.0441,0.0,-0.1042,-0.0,-0.0
SLC8B1,0.2059,-0.0549,-0.0288,-0.0964,-0.0672,0.051,-0.0725,-0.1336,0.0331,0.1785,-0.0621,-0.0736,0.0117,0.0916,-0.0827,0.0926,-0.1223,-0.1834,-0.2064,0.0402,-0.348,0.1627,-0.6928,-0.153,0.2772,0.0664,-0.1349,0.011,-0.1969,-0.1425,-0.2265,-0.3225
SLC6A4,0.0085,-0.0,-0.0281,0.0526,-0.0182,0.028,-0.0708,-0.0408,-0.0387,-0.0,-0.0261,0.1395,-0.0022,-0.0098,-0.0037,-0.0,-0.2947,-0.3064,-0.0038,-0.019,-0.0059,0.0477,0.002,-0.0045,0.0015,0.0159,-0.0709,-0.0028,-0.0062,-0.0055,0.0077,-0.0
TMEM255A,0.0541,-0.0204,-0.0565,-0.095,-0.2302,0.1048,-0.0465,0.158,-0.0837,0.6678,-0.0508,1.1512,0.2095,0.1788,0.0344,0.4674,0.0299,0.043,0.1286,0.3752,-0.2007,0.2156,0.6388,-0.028,0.2078,0.0732,0.071,0.2291,0.0852,-0.0382,-0.1595,-0.1017
SSTR2,0.0306,-0.0148,-0.0261,-0.0496,-0.0285,-0.0017,-0.0011,0.1254,-0.0031,-0.1498,-0.0118,-0.0094,-0.0254,-0.0291,-0.0182,0.1185,-0.0023,-0.0077,0.0034,-0.0192,-0.0077,0.0759,0.2849,-0.0044,0.0219,-0.0151,-0.0138,-0.0189,-0.0169,-0.0377,0.0772,-0.0061
ANO3,-0.0,-0.0,-0.0097,-0.0739,-0.0098,-0.0079,-0.0021,-0.0142,0.0168,-0.0815,-0.0017,-0.0062,0.1573,-0.0058,-0.0265,-0.135,-0.0095,-0.0057,-0.0597,-0.0,-0.001,0.0009,-0.0065,-0.0014,0.086,0.0129,-0.0452,-0.0,-0.0078,-0.0042,-0.0183,-0.0
PTGER2,1.6033,-0.0355,-0.1202,-0.1079,-0.3097,0.0242,-0.1534,-0.2789,0.0407,0.0149,-0.0872,-0.0791,0.0795,0.0938,-0.013,-0.0004,-0.203,-0.2281,-0.0826,-0.0397,-0.189,0.7625,0.2901,-0.2141,0.516,-0.0005,-0.0792,0.0293,-0.0772,-0.2911,-0.2965,-0.0
TSPAN11,0.0347,-0.0401,-0.0942,-0.0642,-0.0963,0.0894,-0.254,0.2545,-0.1094,0.4323,0.1028,-0.0219,0.0699,-0.0114,-0.0109,0.6237,0.0165,-0.0787,0.0256,-0.0099,-0.0499,0.4541,0.2271,-0.1699,0.3729,0.1352,0.0094,-0.0509,-0.1247,-0.0035,0.4383,-0.0281
SLC18A2,0.1792,-0.0299,-0.0416,-0.0275,-0.0881,0.0079,-0.0104,-0.0,-0.0461,-0.0,-0.0231,0.0108,0.0622,0.1126,-0.0141,-0.0004,-0.1845,-0.0829,-0.0085,-0.024,-0.008,0.0297,2.1844,-0.1739,0.0144,-0.1051,-0.0376,-0.0413,-0.0024,-0.1029,-0.0823,-0.0
SLC16A8,0.5004,-0.0126,-0.046,-0.0594,0.1899,0.0884,-0.0128,0.0013,0.0027,-0.0945,-0.0467,-0.0024,-0.0053,-0.0076,-0.0083,-0.1162,-0.0527,-0.0279,-0.0618,-0.0359,-0.046,0.0164,0.1243,-0.1814,0.1156,-0.0161,-0.1342,0.0069,-0.0726,-0.0376,-0.046,0.1792
OPRK1,0.0,0.0,0.0,-0.0225,0.0,0.0,-0.0172,-0.0,0.0864,-0.1124,-0.0067,0.0,0.0,0.0,0.0,-0.1629,0.1028,0.2898,0.0,-0.0,0.0632,0.0293,2.0354,0.6003,0.0,0.0,-0.0512,0.307,-0.0,0.9537,0.9495,0.0
LY6D,-0.0076,-0.0249,0.4793,-0.0863,1.6069,-0.1352,-0.0354,-0.0301,0.8427,-0.009,1.8997,-0.0406,-0.015,-0.0405,-0.0676,-0.0421,0.2169,0.8946,-0.4618,-0.0408,-0.052,0.6476,-0.2423,-0.1345,-0.0804,0.0639,-0.1086,-0.1347,-0.0464,0.0793,0.1232,-0.0
KCNMB3,0.1515,-0.0455,-0.1037,-0.0915,-0.0558,0.2112,-0.0948,0.2568,0.0388,0.0403,-0.1094,-0.0437,-0.0194,-0.046,-0.0494,-0.028,0.0011,0.0629,-0.0354,-0.0832,-0.0772,-0.0289,-0.0891,-0.1685,0.278,-0.0814,-0.2414,0.0384,-0.1375,-0.1544,-0.0616,-0.0613
GPR22,0.5142,-0.0209,0.009,-0.0034,-0.0074,0.0,-0.0192,0.0,0.0014,-0.221,-0.0,0.0,0.0,-0.0,-0.0,-0.3626,-0.0035,-0.0,-0.0015,-0.0023,-0.0,0.0,2.615,-0.0021,0.0194,0.0,-0.0,-0.0,-0.0,-0.0589,-0.0276,-0.0
SLC8A2,-0.0014,0.0545,-0.0886,0.0051,-0.1148,-0.0015,-0.0441,-0.0,-0.0789,-0.3734,-0.0262,0.003,0.0012,0.0311,-0.0028,-0.2071,-0.0155,-0.0022,-0.0074,-0.0177,-0.022,-0.0966,1.3112,-0.0452,0.0024,-0.0485,-0.1784,-0.0047,-0.0026,-0.0905,-0.114,0.0049
DCT,-0.0004,-0.0067,-0.0,-0.0091,-0.0098,-0.0,-0.005,-0.0,-0.0061,0.0025,-0.016,-0.004,0.0089,-0.0004,-0.0,0.1099,-0.0015,-0.0019,0.6242,-0.0048,-0.002,-0.0,-0.0047,-0.0011,-0.005,-0.0,-0.0547,-0.0,-0.0008,-0.0,-0.0,0.2209
TENM3,0.0037,-0.2034,-0.0858,-0.038,-0.1064,-0.0017,-0.0708,0.0646,-0.0387,-0.1336,0.1707,0.1887,-0.0201,0.2115,-0.0225,-0.1271,-0.0415,0.0127,0.1416,0.161,-0.0685,0.4091,0.2296,-0.0869,0.159,0.1538,0.078,0.1689,-0.0774,-0.1691,0.1356,-0.0864
GPC5,0.0352,0.0497,-0.0141,-0.0045,0.0069,-0.0,-0.027,0.0085,-0.0079,-0.2115,-0.011,-0.0375,-0.0086,-0.026,0.0716,-0.0832,-0.1252,-0.111,-0.005,-0.0015,0.0168,0.0571,0.4253,-0.001,0.1193,0.0,-0.0283,-0.004,-0.0384,0.0059,0.1093,-0.0
SLC9A3,0.0271,-0.0232,-0.0096,-0.0027,-0.0417,0.0147,0.0368,-0.004,0.3213,-0.0,-0.0256,-0.0219,-0.3324,-0.2967,-0.0222,0.0007,-0.0135,0.0122,-0.0552,-0.0039,-0.0318,0.3983,-0.0,-0.0431,0.0086,-0.2824,-0.0856,-0.0194,-0.0012,-0.0518,-0.0391,0.2691
SLC13A4,0.4299,-0.0093,-0.0412,-0.0238,-0.0502,0.0025,-0.0023,-0.0,-0.0536,-0.0038,-0.0378,-0.0082,-0.0068,-0.0152,-0.0055,-0.0134,-0.0147,-0.0225,-0.0223,-0.016,-0.0683,-0.0008,-0.0015,-0.004,0.0014,-0.0095,-0.3114,-0.011,-0.0011,-0.0703,-0.0889,-0.0328
CLEC4G,0.3416,-0.0543,-0.1014,-0.0214,-0.0029,-0.2609,-0.027,-0.0698,-0.0378,-0.0605,-0.0216,-0.0068,-0.0021,-0.0078,-0.2082,-0.0968,-0.0277,-0.0355,-0.0171,-0.0132,-0.009,0.0319,-0.004,-0.0007,0.2092,-0.0114,0.0578,-0.0068,-0.0054,-0.0,0.0209,-0.0
PCDHB7,0.0,0.0072,-0.0466,-0.1037,-0.0635,0.1839,-0.0199,0.0,-0.0346,0.4506,-0.0362,-0.0028,0.25,0.0638,0.0033,0.1184,-0.0902,-0.0957,-0.0046,0.0578,-0.1315,0.2986,0.0666,-0.0093,0.4728,0.0465,-0.0447,-0.0213,-0.0298,-0.1068,-0.1921,-0.033
HTR2A,0.0598,-0.0263,-0.0111,-0.0191,-0.0135,-0.0,-0.0031,0.0,-0.0079,-0.0847,-0.0011,-0.0159,0.0054,0.0097,-0.0037,0.2003,-0.0015,-0.0028,-0.0217,0.0147,-0.0041,0.0403,0.0104,-0.0007,0.6177,0.055,-0.0268,0.0291,-0.0,-0.0,-0.0595,-0.0
C5AR2,-0.0526,-0.0313,-0.0423,0.2343,-0.0427,0.0218,-0.0186,-0.1286,-0.0089,0.1564,-0.0254,0.3987,0.0715,-0.0152,0.0653,0.0407,-0.2383,-0.1376,-0.0201,-0.0298,-0.021,0.1366,-0.0295,-0.0015,0.2639,0.0036,-0.0307,-0.0135,-0.0073,-0.0175,-0.0123,-0.0
CACNA1G,-0.0,0.1774,0.0,-0.0267,-0.0382,0.016,-0.0014,0.0,-0.003,-0.1099,-0.0028,-0.0151,-0.0012,0.0,-0.0021,-0.1058,-0.0122,-0.0067,-0.0146,0.0033,-0.1058,0.0086,-0.006,-0.0574,0.3573,-0.0007,0.0641,-0.0043,-0.014,-0.0531,0.255,-0.0233
NIPAL4,0.0027,-0.0039,-0.2102,-0.0012,0.3859,0.0,-0.024,0.0094,-0.012,0.0163,1.2337,0.003,0.0165,0.0181,-0.0005,0.055,-0.0159,0.3236,-0.2841,-0.0066,0.0003,0.1136,-0.0019,-0.0262,0.1341,-0.0179,-0.0155,-0.0436,0.0095,-0.0085,-0.0122,-0.0362
ATRNL1,0.0111,-0.2407,-0.0186,0.0517,-0.0647,-0.0031,-0.0114,0.0444,-0.0228,-0.0087,-0.0516,0.2591,-0.0459,0.0572,-0.0476,0.2947,-0.0044,0.1759,0.2974,-0.0151,-0.1111,0.0,-0.0749,-0.0802,-0.0122,0.0059,-0.391,0.2229,-0.0356,-0.2286,-0.2462,0.0117
CACNA1I,-0.0244,-0.1409,-0.0794,-0.0034,-0.0129,0.0,-0.0049,-0.0,-0.0063,-0.039,-0.0069,0.033,0.0,0.0,0.0,-0.2377,-0.0262,-0.029,-0.0069,-0.0,-0.0068,0.0118,-0.0716,-0.0011,0.0215,-0.01,-0.0295,0.3033,-0.2037,-0.0099,0.0141,-0.0117
LRRC38,0.0,-0.8259,-0.0294,-0.0009,-0.0161,0.0277,-0.0,0.0,-0.0298,-0.0105,0.0949,-0.0195,-0.0025,-0.0406,0.0,-0.0259,-0.0022,0.0216,-0.0328,0.0,-0.0102,0.0,-0.5664,-0.0026,-0.2297,0.0,-0.0335,0.8134,-0.0026,-0.0073,0.166,-0.0202
SLC1A6,-0.0185,0.0,1.7425,-0.047,0.2623,0.0,-0.0052,-0.0,-0.0342,-0.532,0.0356,-0.0,-0.0113,0.0,0.0,-0.1983,-0.0306,0.5787,-0.1634,0.021,0.0184,-0.0142,0.0,-0.0035,0.0,0.0,-1.1617,-0.0,0.0,-0.0156,0.5314,-0.0179
LRP10,-0.0036,-0.1922,-0.2424,0.0197,-0.1829,0.3776,-0.0061,-0.203,-0.0182,0.4423,-0.0014,0.1006,0.0567,0.1426,0.0582,0.3683,0.0021,-0.1028,-0.1034,-0.0327,-0.0202,0.3241,-0.1464,0.0052,0.2915,0.1484,-0.0091,-0.2551,-0.0164,-0.2929,-0.432,-0.1167
LRRTM4,-0.0,-0.0,-0.0278,-0.0014,-0.0073,-0.0,-0.0067,-0.0,-0.0106,-0.0118,-0.0012,-0.0068,0.0338,0.0338,-0.0247,0.6783,-0.0083,-0.0254,0.1988,-0.0035,0.0643,0.0163,1.5852,-0.0147,-0.0554,-0.0015,0.5201,0.0067,-0.0084,-0.0302,0.0534,-0.0214
CACNG1,0.0108,-0.2004,0.0,0.3428,0.006,0.0922,-0.0,-0.0276,0.0,0.1309,0.1348,-0.0,-0.0,-0.0,0.0,0.2913,-0.0132,-0.0054,-0.0043,0.1709,0.1333,0.0529,-0.1034,-0.0174,-0.3095,-0.0,-0.0079,-0.0793,-0.0081,0.0281,0.7101,-0.0
OR2W3,0.0694,-0.0,-0.0335,0.0132,-0.0323,-0.0,-0.0163,-0.0,-0.0058,-0.0043,-0.05,-0.0,0.0007,-0.003,-0.0,-0.0202,-0.0138,-0.0405,-0.0105,0.2376,0.3203,0.0,-0.0013,0.0156,0.1549,-0.0,-0.0185,0.0371,-0.1923,-0.0382,-0.0062,-0.0036
LRRC37A3,0.7729,0.0886,-0.1233,-0.0016,-0.2148,0.1932,0.0337,-0.121,0.0266,-0.0066,-0.2156,-0.2904,-0.0709,-0.036,-0.0395,-0.0326,-0.1469,-0.1712,-0.1617,0.0808,-0.1651,0.1117,0.2276,-0.2356,0.2976,0.0838,-0.594,-0.0216,-0.2278,-0.1086,-0.1009,-0.2314
MRC1,0.4011,-0.2971,-0.2272,-0.2424,-0.1451,-0.1722,-0.2217,-0.0669,-0.0607,0.2611,-0.0653,-0.0644,0.2581,-0.0647,-0.1448,0.2465,-0.2576,-0.5085,0.1342,0.0502,-0.1803,0.5366,-0.2992,-0.0467,0.6332,0.0557,0.027,-0.0897,-0.0945,-0.097,-0.1226,-0.1075
FAS,0.4561,-0.1896,-0.2164,-0.1692,-0.1491,0.0889,-0.086,0.0158,-0.0245,0.3931,-0.0243,-0.1769,0.3354,0.2681,-0.0276,0.0964,-0.2282,-0.279,-0.2318,0.143,-0.3476,0.4523,-0.4051,-0.1911,0.5779,0.2726,-0.1666,0.0772,0.0902,-0.376,-0.4504,-0.3409
HRH3,0.0,0.2106,-0.1101,-0.0081,-0.0043,-0.0,-0.0131,-0.0165,-0.0,-0.5428,-0.0,-0.0238,-0.0,-0.0,-0.0,-0.7933,-0.0193,-0.0123,-0.0115,-0.0,0.0054,-0.0047,0.5815,-0.0017,-0.0234,-0.035,-0.0973,-0.0035,-0.0,0.0524,0.3657,0.1772
KLRG1,0.3739,-0.0927,-0.0842,-0.0536,-0.061,0.0053,-0.0762,0.0665,-0.0443,0.158,-0.0723,-0.0259,0.2728,0.1885,-0.0113,0.1349,-0.0459,-0.0995,0.2541,-0.0089,0.063,0.2406,-0.0931,-0.0396,0.1175,0.0743,0.1653,0.1203,-0.056,-0.0699,0.0087,-0.0586
CEACAM7,-0.0,-0.0,0.0271,0.0682,0.5535,1.9042,1.649,-0.0,0.7127,0.0,0.464,-0.087,-0.0034,-0.0245,-0.1128,0.0,0.2124,0.1782,-0.0268,-0.0,-0.0683,1.2476,-0.0,-0.0115,0.0,1.3333,-0.0382,-0.0,-0.0,0.0575,-0.0457,-0.0
PCDHGA4,0.0285,0.013,-0.0203,-0.0363,-0.0163,0.098,-0.0049,0.0197,0.0014,0.0242,-0.0196,-0.0115,0.0943,0.0198,0.0337,0.122,-0.0467,-0.0377,-0.0123,-0.0078,-0.0606,0.0356,0.099,0.0708,0.0338,0.0339,-0.0037,-0.0521,-0.0014,-0.0356,-0.0587,-0.0181
CHRNA2,0.3081,-0.1334,0.0,-0.013,-0.0,-0.0,-0.0028,-0.0,0.0,-0.035,-0.0015,-0.0,-0.0056,-0.005,-0.0099,-0.0996,-0.0061,-0.0096,-0.0,-0.0,-0.0,-0.0044,-0.0735,0.6206,0.0,-0.0009,-0.0,0.2998,-0.0008,0.0,0.0,-0.0048
LILRA6,0.14,-0.06,-0.1417,-0.1193,-0.0388,-0.0709,-0.1082,-0.5854,-0.0675,0.3117,-0.0277,-0.0315,0.1434,0.0147,-0.066,0.007,-0.4592,-0.4617,0.2469,0.0837,-0.0554,0.3296,-0.0666,-0.0378,0.2351,0.0876,0.2174,-0.0535,-0.0885,-0.0594,-0.0442,-0.0662
SLC7A10,0.0402,-0.0122,-0.0395,-0.228,0.0059,0.0,-0.0147,-0.0693,0.0,-0.3409,-0.0074,-0.0351,-0.0267,-0.0244,0.0287,-0.4332,0.1085,-0.0181,-0.0341,-0.0157,0.3062,0.0,-0.0023,-0.0006,-0.0464,-0.0303,-0.0278,0.0097,-0.0644,0.0301,1.2999,0.0126
ADRA1D,0.0163,-0.0157,-0.0165,-0.0138,-0.0322,0.0,-0.005,-0.0,-0.012,0.0721,-0.0046,-0.008,-0.0039,-0.0129,0.0153,-0.0016,-0.0202,-0.0747,-0.0062,-0.0223,-0.0231,0.0006,-0.0271,-0.1297,0.0064,0.0207,-0.0498,-0.0,-0.0026,-0.0335,-0.1305,-0.0
PCDHGA7,0.2189,0.0587,-0.0448,-0.0303,-0.013,0.2073,-0.029,0.0051,-0.0169,-0.0123,-0.0151,-0.0124,0.0413,0.0079,-0.0065,0.0092,-0.0318,-0.033,-0.0547,-0.0106,-0.091,0.01,0.047,0.0525,0.0291,0.0109,-0.0078,-0.0047,0.062,-0.0388,-0.0375,-0.0349
SLC51B,0.0,-0.0632,-0.0137,-0.0075,-0.0754,0.0219,-0.1764,-0.0,-0.0397,0.1155,-0.0056,-0.135,-0.1707,-0.0366,0.5631,0.093,-0.1456,-0.0373,-0.003,-0.0247,-0.0587,0.0185,0.0146,-0.0361,0.1017,0.0658,-0.1925,-0.0,-0.0018,-0.0989,-0.0626,-0.0
SLC7A3,0.0,0.0,-0.0263,-0.0559,-0.0569,0.0,-0.0017,0.0072,-0.0067,0.3372,-0.0089,-0.0,-0.0009,-0.0,0.0,0.1303,-0.0006,0.0078,-0.0068,-0.0068,-0.0711,0.0513,0.0,0.0665,0.4631,-0.0159,1.3262,1.3276,-0.0,-0.1354,-0.1273,-0.0
ENPP4,0.9151,-0.0824,-0.1894,-0.0114,-0.128,0.27,0.0475,0.0686,-0.0287,-0.0784,-0.2011,0.2076,0.2084,0.0974,0.0809,0.0979,-0.0173,-0.3097,-0.0878,-0.074,0.1724,0.2027,0.2997,0.2363,-0.2261,0.0445,-0.2472,-0.1199,0.0111,0.2232,0.1124,-0.0503
LY6K,-0.011,0.0154,0.6799,-0.152,1.0072,0.0376,-0.0082,0.0,0.4502,-0.0365,1.062,0.0457,-0.0289,-0.0444,0.012,-0.0345,0.3289,0.7974,-0.2856,-0.0743,0.1035,0.1185,0.0337,-0.0343,0.0589,-0.0735,-0.4944,0.788,-0.0305,0.5308,0.4398,-0.0823
CHRNE,0.3476,-0.0167,-0.009,-0.0497,-0.0177,-0.0877,-0.0115,-0.0455,-0.0035,0.0241,-0.0299,-0.0102,0.0387,0.0058,-0.0792,-0.0019,-0.0486,-0.0463,-0.1136,-0.0222,-0.0284,-0.0412,0.0102,-0.0043,0.0755,-0.0097,-0.1537,-0.0145,-0.039,-0.0251,-0.0337,0.0167
MEGF10,0.4436,0.2058,-0.0035,0.0367,-0.0033,-0.0,-0.0011,0.0,0.0042,0.0528,0.0804,0.0,0.0016,-0.0079,-0.0041,0.082,0.0242,0.2132,0.2379,-0.006,-0.0048,0.0361,-0.0788,0.0073,-0.1544,0.0086,-0.0738,-0.0045,-0.0031,-0.0167,0.0709,0.0347
ADAM32,0.0917,-0.0715,-0.0199,-0.0682,-0.0292,0.0649,0.1195,-0.0013,0.0037,-0.0174,-0.0198,0.0342,0.0001,-0.0096,-0.0023,-0.022,-0.0286,-0.02,-0.037,-0.0182,0.0519,-0.0289,-0.0566,-0.0461,0.156,-0.0029,-0.5481,-0.0254,-0.0054,0.1203,0.0723,0.0262
LY6G6C,-0.0008,-0.0,0.0949,0.044,0.1499,-0.0075,0.1401,-0.0,0.2055,-0.0049,0.782,-0.0,-0.0008,-0.009,-0.0144,-0.0008,-0.0229,0.0844,-0.2363,-0.0325,0.5419,0.0883,-0.0,-0.0095,-0.0,0.0211,-0.1317,-0.0635,0.119,-0.0621,-0.0213,-0.0
ATP13A5,0.0,-0.0,0.0,-0.0421,0.2332,0.2077,-0.0,0.0,0.0,0.0511,0.0468,0.1851,-0.0019,-0.0019,0.0,0.1706,-0.069,-0.0959,-0.0155,-0.0584,0.0025,-0.0,-0.0012,0.0,-0.0077,-0.0063,-0.0244,-0.0,-0.04,0.0354,0.0768,-0.0
NPC1L1,0.0018,-0.0011,-0.0165,-0.0244,-0.0365,-0.1467,-0.0585,-0.0,-0.0355,0.0003,-0.0104,-0.0,-0.0445,-0.0821,-0.2538,-0.0002,-0.0119,-0.0024,-0.0026,-0.0059,-0.0065,0.9904,-0.0002,-0.0035,0.0053,0.3108,-0.169,-0.0,-0.0,-0.0721,-0.0497,-0.0
IL3RA,1.0328,0.2095,-0.1475,-0.29,-0.1904,0.5296,-0.0643,0.3391,-0.209,0.091,-0.0515,-0.0833,0.3305,-0.1614,0.4204,0.1295,-0.3454,-0.4722,-0.0368,-0.0187,-0.2445,0.4306,0.3105,-0.1433,0.293,0.0677,0.2132,0.0081,-0.1387,-0.2458,-0.2795,-0.2047
MALRD1,1.0941,-0.0511,-0.023,-0.0308,-0.0059,-0.0022,-0.1243,0.0,-0.0421,-0.0596,-0.0164,0.0239,-0.0221,-0.0391,-0.0026,-0.0167,-0.0689,-0.0596,-0.0157,-0.0238,-0.0198,0.0325,-0.0175,-0.0091,0.0608,0.0309,-0.1431,0.188,-0.0359,-0.0335,-0.0328,-0.0
CD93,0.7745,-0.119,-0.2402,-0.1798,-0.3492,0.525,-0.0547,-0.2699,-0.0249,0.7763,-0.0798,-0.0107,0.4339,-0.2136,0.323,0.337,-0.4052,-0.5449,0.0218,0.0325,-0.2477,0.4896,0.1262,-0.0749,0.3386,0.199,0.1005,-0.1888,-0.1204,-0.3806,-0.3241,-0.2975
PCDHGC5,0.4506,-0.0304,-0.0196,-0.0054,-0.0259,0.0572,-0.0,-0.0008,-0.0064,0.2015,0.0249,-0.0105,0.0043,-0.0004,-0.0013,0.2404,-0.0082,-0.0277,-0.0095,-0.0245,-0.0067,0.0,-0.0113,-0.0,-0.0103,0.0004,-0.0066,-0.0448,-0.0092,-0.0,-0.0104,-0.0
TMEM150A,0.2281,-0.1623,-0.1545,-0.0534,-0.2994,-0.0424,-0.1166,0.0071,-0.2261,0.2499,-0.2853,-0.2849,-0.026,0.0219,0.0061,0.17,-0.0612,-0.2745,0.0544,-0.0879,-0.1158,-0.0801,-0.1168,-0.1179,-0.1797,-0.1184,-0.2181,-0.2141,-0.1093,-0.1318,-0.0997,-0.0777
P2RY1,0.2752,-0.0192,-0.1076,-0.0125,0.0028,0.0763,-0.1643,-0.0,0.1119,0.3886,0.3453,0.0017,0.52,-0.0011,-0.0049,0.1673,-0.2207,0.0037,-0.1555,-0.0587,-0.0721,0.0783,-0.0255,0.1059,0.1771,0.0248,-0.0499,-0.0265,-0.0143,-0.1384,-0.1569,-0.0195
SEZ6,1.5024,-0.0095,-0.0154,-0.0167,0.0106,0.0764,-0.0156,-0.0,0.007,-0.1266,-0.0119,-0.0033,-0.0009,-0.0008,0.1404,0.2197,-0.0159,-0.0247,-0.0033,0.0814,0.1171,0.089,2.1809,-0.0113,0.009,-0.0263,-0.1135,-0.0035,-0.0,-0.0259,-0.0026,-0.0062
NMUR1,0.067,-0.0038,-0.0099,-0.0198,-0.0155,-0.0,-0.0242,-0.0,-0.0058,0.0,-0.0061,-0.0053,0.1369,-0.0084,-0.0049,-0.0,-0.0424,-0.016,0.0005,-0.0174,-0.0125,-0.0266,-0.0114,-0.0349,0.1658,0.0133,-0.1078,-0.0153,-0.0028,-0.0099,-0.0,0.0062
AJAP1,0.0,-0.0406,-0.0218,-0.0091,-0.0767,0.186,-0.0012,0.0057,0.0209,-0.1157,0.0637,-0.0117,-0.0019,0.1377,-0.0085,-0.068,-0.012,-0.0532,-0.0195,-0.0368,-0.1683,-0.0243,0.0692,-0.006,0.0219,0.0037,-0.1008,-0.017,-0.0033,-0.0746,-0.0392,-0.0134
GLP2R,0.0044,-0.0,-0.0608,-0.0077,-0.023,0.0007,-0.0246,0.0,-0.026,-0.0035,-0.0049,0.0,0.1455,0.0134,-0.0246,0.0341,-0.0283,-0.0079,-0.0028,-0.0242,-0.0,0.2004,-0.0093,-0.0007,0.0306,-0.0826,-0.0739,-0.0,-0.0033,-0.0083,-0.0,-0.0
P2RY11,0.3646,0.1656,-0.1736,-0.0532,-0.1066,0.1294,-0.1177,0.1117,-0.0401,0.0949,-0.1651,0.0399,-0.0152,0.0693,-0.0838,0.0882,-0.1517,-0.1453,-0.15,-0.0535,-0.1953,0.1702,0.2274,-0.1856,0.1586,0.0307,-0.0398,0.0059,-0.2245,0.0342,-0.0505,-0.0512
GPR26,0.0,0.0,-0.0,-0.0652,-0.0,0.0,-0.0,-0.0,-0.0,-0.0326,-0.0,0.0,-0.0,-0.0,0.0,-0.0637,-0.0102,-0.0,-0.0,-0.0,-0.0,0.0,0.0,-0.0,0.0,-0.0,-0.0,-0.0,-0.0,-0.028,-0.0131,-0.0
NKAIN2,0.0958,-0.0,-0.026,-0.0055,-0.0791,0.0,-0.0956,-0.0028,0.0741,-0.4486,0.0132,-0.0052,-0.0006,-0.0019,0.0636,-0.1486,-0.0096,0.8993,-0.0163,-0.0146,0.0558,0.0295,-0.005,-0.0024,-0.0481,0.0201,-0.0144,0.1129,-0.0007,-0.0268,0.0981,-0.0228
SLC12A1,0.0076,-0.0577,-0.0,0.0082,-0.0072,-0.0,-0.0,-0.0,-0.0,-0.0,-0.0039,-0.2938,-0.725,-0.7714,-0.0214,-0.0011,-0.0071,-0.0037,-0.0042,-0.0,0.0412,0.0,-0.059,0.0122,0.003,0.0,-0.0,-0.0,-0.0,-0.0134,-0.0029,-0.0
ATP1A4,-0.0065,-0.0623,-0.108,0.3003,-0.0006,0.0764,-0.0,0.5567,-0.0,-0.0016,-0.0028,-0.0038,0.0005,0.0031,0.0207,0.0005,-0.0013,-0.0054,0.0264,-0.0,-0.0044,0.0357,-0.0042,-0.0197,-0.0269,-0.002,-0.2958,-0.0029,0.0004,-0.016,-0.0054,-0.0036
CHODL,0.0,-0.0164,-0.0574,-0.0515,0.0317,0.0704,-0.0165,0.0124,-0.0909,0.1995,0.0988,-0.0109,-0.0502,-0.0588,0.0441,0.0107,0.076,0.5441,-0.0379,0.0234,0.7704,0.0117,0.0162,-0.0575,0.012,-0.0054,-0.4933,-0.0073,-0.0059,0.198,0.7687,-0.0
SLC6A3,-0.0,0.0,-0.0158,-0.0094,-0.023,0.0388,-0.0043,0.0,-0.0086,0.0,-0.0049,-0.0,1.8382,-0.023,0.0157,0.0,-0.0638,-0.058,-0.001,0.1261,-0.0323,0.002,-0.0045,-0.0196,0.0154,-0.0073,-0.0281,0.4899,-0.0221,-0.0295,-0.016,0.0012
TBXA2R,0.0591,-0.1551,-0.0918,-0.03,-0.0998,-0.0477,-0.0716,-0.0613,-0.1152,0.4224,-0.0843,-0.097,0.0612,-0.0872,-0.116,0.1375,-0.214,-0.1534,0.1768,-0.0261,-0.0929,0.2968,-0.2526,-0.0903,0.6919,0.0578,0.136,-0.1153,-0.1037,-0.1032,-0.1902,-0.1198
EPHA3,0.0037,0.0157,-0.2006,-0.0918,-0.0698,0.3044,-0.0833,0.0926,-0.1135,0.2275,-0.0878,0.0071,0.6743,-0.0127,-0.0288,0.1375,-0.0489,-0.0585,0.0391,-0.0903,-0.0264,0.5504,0.3509,-0.1518,0.2783,0.1423,-0.0018,-0.1361,-0.3294,-0.1015,-0.1728,-0.0163
PRPH2,0.1315,-0.0464,-0.0535,-0.022,-0.0287,0.0,-0.0063,-0.004,-0.0193,-0.0165,-0.0188,0.0217,-0.0108,-0.0209,-0.002,-0.0487,-0.0252,-0.0379,-0.0204,-0.0504,-0.0501,0.0121,0.1801,-0.0165,-0.1315,-0.0154,-0.181,-0.0591,-0.0851,-0.0307,-0.1108,-0.0382
GCGR,0.0554,-0.0415,-0.013,-0.0074,-0.0536,-0.6101,-0.0058,0.0,-0.0101,-0.0043,-0.0172,0.1956,-0.1623,-0.1754,-0.7265,-0.0009,-0.0043,0.0041,-0.0,-0.0196,-0.0159,-0.0436,1.3438,-0.0,-0.0634,-0.0029,0.0318,-0.0,-0.0296,-0.0135,0.0854,-0.0329
TACR2,0.4224,0.0262,-0.2268,-0.0012,-0.2091,0.1645,-0.3798,0.0,-0.3624,-0.0112,-0.0315,0.0403,0.0075,0.0001,0.0016,-0.0198,-0.0134,-0.0088,0.0719,-0.0211,-0.1789,0.0593,0.0004,-0.122,-0.0448,-0.0014,-0.0226,-0.0253,-0.0024,-0.2664,-0.2728,0.2661
ENPP6,0.0,-0.0209,-0.0196,-0.0045,-0.0205,0.0215,-0.0015,0.0087,-0.023,0.2638,-0.0265,-0.0204,-0.0447,-0.1445,0.0109,0.2021,-0.0015,-0.0136,-0.0024,-0.0193,-0.0666,0.0235,-0.0332,-0.0958,0.1758,-0.003,-0.0498,-0.0148,-0.0,-0.0049,0.0446,-0.0
PCDH11X,0.0,-0.0,-0.0327,-0.0374,-0.0116,0.0,-0.0,0.0,0.0,-0.1354,-0.0118,0.0,0.0,0.0,0.0,0.511,-0.0,-0.0048,-0.0016,-0.033,-0.0252,0.0,0.763,-0.002,0.1245,0.0,-0.0092,-0.0,-0.007,-0.0042,-0.0646,-0.0
SLC1A2,-0.0,-0.052,-0.0112,0.1222,-0.0132,-0.0611,-0.0,0.0187,0.002,-0.304,-0.0075,0.1025,0.0008,-0.0019,-0.0714,-0.019,-0.0019,-0.0023,-0.0071,-0.005,-0.0101,-0.0722,0.0262,-0.0077,0.0012,-0.0242,-0.0405,-0.0,-0.0049,-0.0193,-0.0198,-0.0404
THSD7A,0.334,0.0275,-0.0976,-0.1112,-0.0299,0.0615,-0.0152,0.0,-0.0221,0.214,-0.0159,0.4577,0.0548,-0.0464,0.0224,0.3557,-0.0443,-0.0547,-0.0146,-0.0312,-0.0765,0.281,0.2407,-0.085,0.1856,0.0353,-0.0664,-0.0419,-0.0723,-0.1438,-0.1263,-0.0096
NCR3LG1,0.1455,-0.0181,-0.0063,-0.0095,-0.045,0.1053,0.2335,-0.003,0.2302,-0.02,-0.0343,0.6425,0.2043,0.0972,-0.0079,0.0239,-0.0321,-0.059,-0.0424,0.0116,-0.0378,0.0598,0.0137,-0.0064,0.0165,0.3359,-0.0107,-0.0099,-0.0233,-0.0069,-0.0,-0.0244
UPK3B,0.2185,-0.0213,0.3447,-0.0653,0.06,0.1516,-0.0408,-0.0113,0.2551,-0.007,0.1817,-0.0,-0.0034,0.019,-0.0103,-0.0075,-0.4963,-0.4742,-0.0308,1.5852,0.9819,0.2424,-0.0127,-0.0667,-0.0014,0.0904,-0.1791,-0.0599,-0.0599,0.0222,-0.0412,-0.0301
ASIC4,-0.027,-0.0,-0.0039,-0.0018,-0.0,0.0158,-0.0021,-0.0,-0.0,0.2079,-0.0049,-0.0,-0.0,0.0,0.0,0.7109,-0.0033,-0.0048,-0.0134,-0.0021,-0.0015,0.0058,1.8482,-0.0,0.0076,-0.0,-0.0659,-0.0,-0.0,-0.0,-0.0176,0.0216
ITLN1,0.0021,-0.069,-0.1031,-0.0059,0.0284,-0.0585,-0.1385,-0.015,0.0084,-0.0072,-0.0253,-0.05,-0.012,-0.0302,-0.0501,-0.0158,-0.1057,-0.0792,-0.0044,2.2404,-0.1163,0.0927,-0.0076,0.0037,-0.0219,-0.0145,-0.1347,-0.0412,-0.0024,-0.0163,-0.0177,-0.0205
SLITRK4,1.3051,-0.3042,-0.0284,-0.0257,-0.0566,0.02,-0.0031,0.0069,-0.0111,-0.111,-0.0209,-0.0662,0.5842,0.6304,0.003,-0.1506,-0.0114,-0.0223,-0.0194,0.6347,0.0318,0.0494,-0.1053,0.0588,-0.0825,0.0027,-0.0167,-0.0369,0.1496,-0.0623,0.0545,-0.0
TPSG1,0.0573,0.0664,-0.0127,-0.0186,-0.0154,0.0827,-0.177,0.0,-0.0598,0.0,-0.0,-0.0086,0.0291,-0.014,-0.0292,-0.0002,-0.0129,-0.0015,-0.0234,-0.0191,-0.0027,0.0817,-0.0059,-0.0042,0.0058,-0.0542,-0.0695,-0.0,-0.0,-0.0063,-0.0197,-0.0
TAS2R14,0.5791,-0.0577,-0.0498,-0.0537,-0.0939,0.0137,-0.0275,-0.0051,-0.0482,0.0027,-0.0273,-0.0109,-0.0178,-0.014,-0.006,0.0222,-0.0595,-0.0641,-0.0314,-0.0545,-0.1325,0.0073,-0.0583,-0.078,0.0418,-0.019,-0.0407,-0.0277,-0.1402,-0.0936,-0.1239,-0.0568
TACR1,0.0357,-0.0047,-0.0511,-0.1931,-0.0816,0.0128,-0.0122,0.02,-0.0618,0.0172,-0.0231,-0.0041,-0.0121,-0.0108,0.0051,0.2475,-0.0226,-0.0342,-0.0392,-0.012,-0.0908,0.0708,-0.0024,-0.0511,0.0251,0.0,-0.0023,-0.006,-0.0031,-0.1487,-0.1471,-0.0
PCDHGA6,0.4339,-0.0029,-0.0286,-0.0598,-0.0124,0.2636,-0.0178,0.0332,-0.0399,-0.0062,-0.028,-0.0265,0.1201,0.0611,-0.0024,0.0402,-0.0571,-0.0355,-0.0672,-0.0072,-0.1004,0.0465,0.0605,-0.019,0.0574,0.0666,-0.0198,-0.0133,-0.0357,-0.046,-0.1181,-0.0499
LRP3,0.9373,-0.0685,-0.2094,-0.0851,-0.3766,0.0445,0.0281,-0.1723,-0.1745,-0.0846,-0.2703,-0.1286,0.1256,-0.0725,0.0087,-0.0704,-0.0678,-0.0106,-0.1258,-0.1289,-0.2136,0.0724,0.1385,0.0111,0.1301,0.0726,-0.026,-0.3851,-0.1543,-0.1977,-0.0253,0.0279
ROR1,0.0057,0.0222,-0.111,-0.054,-0.115,0.5545,-0.0814,0.0135,0.0246,0.2129,-0.0797,0.0282,0.3012,0.1686,0.0225,0.0111,-0.1358,-0.1395,-0.1204,0.4471,-0.0072,0.13,-0.0097,-0.0181,0.7367,0.0088,-0.0325,-0.0978,0.0316,-0.1737,-0.0547,-0.0
HRH2,0.9356,-0.0295,-0.0579,-0.0614,-0.0586,0.0217,-0.019,-0.239,0.0136,0.0179,-0.0086,0.1403,0.6397,-0.011,-0.0065,0.003,-0.1379,-0.1579,0.3894,0.1649,-0.0243,0.1539,0.0113,-0.0615,0.1675,-0.1895,0.04,0.0632,-0.0151,-0.0253,-0.0642,0.3061
SLC26A1,0.4267,-0.2278,-0.1549,-0.1107,-0.1148,-0.1811,-0.1289,-0.0443,0.0552,-0.0845,-0.0795,-0.0253,-0.005,0.0255,0.009,-0.0005,-0.0921,-0.1191,-0.0895,-0.0942,-0.1307,-0.0187,-0.1911,-0.1467,0.0231,-0.0281,-0.101,-0.1228,-0.2015,-0.163,-0.1659,-0.0738
GRIN2C,0.3075,0.1021,-0.0123,-0.0279,0.046,0.0,-0.0147,-0.0,-0.0095,-0.3511,-0.0358,-0.0,0.0004,-0.0002,-0.0,-0.1911,-0.0255,-0.012,-0.012,-0.0255,-0.0274,-0.0026,-0.0784,-0.0036,0.0043,-0.008,-0.0136,-0.0269,-0.4117,-0.0308,-0.0173,-0.0112
PGAP1,0.2695,-0.0796,-0.2021,-0.0939,-0.1774,0.1136,-0.0115,-0.0041,0.2277,0.1995,-0.0246,0.0493,0.2375,0.0216,-0.002,0.2404,-0.2423,-0.0091,-0.1043,-0.1137,-0.2176,-0.0131,0.4644,-0.1453,0.3082,0.1036,-0.1507,-0.023,-0.0225,-0.1847,-0.0658,-0.1264
IL1R2,-0.1408,-0.0618,-0.1689,-0.1246,-0.2686,0.2145,-0.0488,-0.7814,0.1169,0.2955,0.3669,-0.162,0.0295,-0.1423,0.1494,-0.0013,-0.5175,-0.4504,-0.3327,-0.1655,-0.1024,0.6887,-0.1405,-0.0935,0.1076,0.0512,0.1884,-0.048,-0.1294,0.1569,-0.0288,-0.1005
ABCC2,0.3376,-0.0158,-0.0304,-0.0321,-0.0099,-0.4964,-0.0809,-0.0,0.0147,0.0,-0.0174,-0.0,0.1548,-0.1876,-0.1317,0.0,-0.0503,-0.0477,0.1801,-0.0,-0.0012,-0.0096,-0.0,-0.0,-0.0235,-0.0115,0.0028,-0.0,-0.0,-0.0059,-0.0077,-0.0391
PTCHD1,0.0,-0.0,-0.245,-0.0872,-0.0198,0.0,-0.013,0.0,-0.0179,-0.0158,-0.01,-0.0,0.0,0.0049,-0.0022,-0.024,-0.0258,-0.0148,-0.0247,-0.0079,-0.001,0.0074,0.1298,-0.0267,0.0242,-0.0386,0.1023,-0.0523,-0.0048,-0.0174,-0.0,-0.0
TMEM108,-0.0259,-0.2432,-0.2834,-0.0155,-0.0471,0.0263,-0.0109,0.0534,-0.1871,0.3138,-0.0733,0.0551,0.0604,-0.0068,0.0105,0.3859,-0.2224,-0.3399,0.1199,0.0465,0.3501,0.1184,-0.0125,-0.0184,0.174,0.0195,-0.3875,0.064,0.1845,-0.1223,0.2822,-0.0448
GRID2,-0.0,-0.2912,-0.0199,-0.015,-0.0,0.0,-0.0,-0.0,0.0,0.0743,-0.007,0.0869,0.0,-0.005,0.0,0.9473,-0.0119,-0.0126,0.061,0.0,-0.0175,0.0,0.0044,-0.007,0.0841,0.0,-0.4353,-0.0,-0.0,-0.0151,0.1181,-0.0227
PLXNA3,0.1615,-0.2407,-0.1841,-0.0155,-0.252,0.3903,-0.0816,-0.0927,0.1818,0.2246,-0.2316,-0.0074,0.0104,-0.0306,-0.0585,0.131,-0.1255,-0.19,-0.2656,-0.1693,-0.1717,0.1454,0.1634,-0.254,0.3885,0.0476,-0.2736,-0.2835,-0.2191,-0.3333,-0.2933,-0.3838
PAM,0.3728,0.0195,-0.229,-0.0845,-0.3269,0.4746,-0.0346,-0.0527,-0.0929,0.2281,-0.0848,-0.0647,0.3414,0.2164,0.0664,0.1525,0.0349,-0.1513,-0.2345,-0.2004,-0.1314,0.4414,0.3135,-0.0895,0.1614,0.0723,-0.1186,-0.3393,0.1556,0.0629,-0.035,-0.4132
ART4,0.1473,-0.0392,-0.0522,-0.0234,-0.008,0.0889,-0.0198,-0.0238,-0.013,0.0,-0.008,-0.0069,0.0374,-0.0518,-0.0526,0.0004,-0.0748,-0.0263,-0.0282,-0.0284,-0.0,0.2012,-0.0681,0.0301,-0.0274,0.0059,0.0344,-0.0227,-0.1108,-0.0,-0.0,-0.0
CHRM1,-0.0032,-0.0,-0.0039,-0.0243,-0.0262,0.0,-0.0104,0.0,-0.003,-0.4286,-0.0205,0.3846,-0.0083,-0.0125,0.0,-0.1534,-0.0373,-0.0537,-0.2462,-0.0047,0.0154,0.0051,1.1115,0.3285,0.0174,-0.0388,-0.0043,-0.0,-0.0,-0.0034,0.0319,1.6793
LRRC4C,0.0,0.0404,-0.0304,0.0613,-0.0663,0.0277,-0.0126,0.0227,-0.0287,0.0892,-0.0118,-0.0,0.0243,-0.0153,-0.0056,0.2976,-0.0125,-0.0285,-0.0066,0.0446,0.1362,0.2198,0.6416,-0.015,0.1841,0.018,-0.024,-0.0216,-0.0744,-0.0848,0.2536,-0.0216
GPBAR1,0.3455,-0.0409,-0.1384,-0.0995,-0.0077,0.3519,-0.101,-0.1465,-0.0279,0.0568,-0.0292,-0.0323,0.0347,-0.0242,0.0227,0.0031,-0.0991,-0.0396,0.0014,-0.0455,-0.0662,0.6184,-0.0529,-0.0161,0.2513,0.0146,-0.1266,-0.0363,-0.0171,-0.0266,0.0314,-0.0528
ADORA2A,0.0294,-0.1418,-0.089,0.17,-0.124,-0.1635,-0.1619,0.1853,-0.1023,-0.2018,-0.1061,-0.2773,0.0623,-0.2692,-0.1658,-0.1836,-0.2502,-0.3158,0.129,-0.0816,-0.1553,0.3675,0.1558,-0.2416,0.308,0.0158,0.2053,0.5043,-0.1793,-0.1922,-0.1061,-0.146
ADAM11,0.2203,0.0038,-0.0498,-0.0144,-0.0516,0.0075,-0.0038,-0.0,-0.0244,-0.3312,-0.0075,-0.0,-0.0004,-0.0051,-0.0028,-0.2897,-0.0083,-0.0153,-0.0243,0.014,-0.0837,-0.0006,0.009,-0.0409,0.1026,-0.0054,-0.2967,-0.0142,-0.0035,-0.0926,-0.2203,0.0948
PIK3IP1,0.2037,-0.217,-0.2491,-0.1732,-0.071,0.515,-0.1291,-0.159,-0.1413,0.0354,-0.1112,0.3825,0.2056,0.1328,0.2551,0.2143,-0.1972,-0.1942,-0.3742,-0.198,-0.1514,0.5645,0.0097,-0.031,0.2312,-0.0347,-0.3253,0.1981,0.0767,-0.3336,-0.4737,-0.2633
PECAM1,0.6047,0.0047,-0.286,-0.2789,-0.4995,0.5143,-0.1394,-0.1201,-0.0753,0.4094,-0.1249,-0.0309,0.4396,-0.206,0.431,0.2257,-0.4174,-0.5506,-0.0417,-0.1178,-0.1231,0.4534,0.2684,-0.1149,0.2736,0.2754,0.4022,-0.0531,-0.2027,-0.4636,-0.4351,-0.4543
SLC4A5,0.49,-0.0019,-0.0537,-0.0879,-0.0278,0.1246,-0.0085,-0.0228,-0.0234,-0.0339,-0.0136,0.5526,-0.0124,-0.0221,-0.0037,0.0154,-0.0789,-0.0999,-0.0607,-0.0546,-0.1092,0.04,0.1188,-0.0457,-0.0168,-0.0183,-0.3653,-0.0208,-0.0129,-0.0933,-0.1048,-0.0324
RPRML,0.019,0.0,-0.0194,-0.0606,-0.1609,0.0,-0.1095,-0.0178,-0.013,-0.372,-0.0103,0.0,0.0,0.0,0.0612,-0.3705,-0.004,-0.0034,-0.0,-0.0039,-0.0061,-0.006,1.1507,0.043,-0.0738,-0.0136,0.5124,-0.0,-0.0,-0.0092,-0.01,-0.0
CD163,0.2544,-0.6227,-0.4534,-0.2411,-0.3149,0.0287,-0.5159,-0.1426,-0.2879,0.9673,-0.1788,-0.2,0.4045,0.1645,0.0698,0.3155,-0.4404,-0.5532,0.1203,0.1902,-0.3285,0.3213,-0.5393,-0.3055,0.6092,-0.1092,0.1207,-0.0951,-0.1594,-0.2025,-0.0677,-0.4593
CHRM2,0.0,0.007,-0.2355,-0.0018,-0.0084,-0.0,-0.1532,-0.0,-0.0535,-0.0218,-0.0,0.0,0.0,0.0,-0.0056,-0.0129,-0.0066,-0.007,-0.0,-0.0171,-0.0077,0.0088,-0.0277,-0.0088,0.1142,-0.085,-0.1183,-0.0,-0.0,-0.0209,-0.1136,-0.0
SLC6A13,0.0082,0.0294,-0.0068,-0.0013,-0.0124,-0.1371,-0.0018,-0.0,-0.0034,-0.2371,-0.006,-0.1725,0.2709,0.1561,-0.4685,-0.257,-0.0312,-0.0404,-0.0026,-0.0062,0.1123,0.008,0.0081,-0.0049,-0.0107,-0.002,-0.1747,-0.004,-0.2121,0.053,0.3165,-0.0229
KCNJ12,0.0346,-0.0307,-0.0252,-0.0219,-0.1097,0.0104,-0.0412,-0.0,-0.0251,-0.0283,-0.0075,-0.0312,-0.0263,-0.0454,0.0003,-0.0811,-0.0749,-0.0671,-0.1307,0.1502,0.0642,0.0501,0.5367,0.0107,-0.3765,-0.0388,0.0779,0.0801,-0.0338,-0.035,0.193,0.5086
PTPRQ,0.0,-0.0158,-0.2442,-0.0361,-0.0401,-0.0063,-0.0,0.0,-0.0135,-0.0038,-0.013,-0.0,-0.0161,-0.0097,-0.0176,-0.0071,-0.0224,-0.0802,-0.0089,0.9082,-0.0364,-0.0017,-0.0205,-0.0235,-0.14,-0.0026,-0.0447,-0.0,-0.1108,-0.0042,-0.0098,-0.0
NIPAL2,1.2107,-0.1471,-0.1423,-0.123,-0.2942,0.3991,0.0632,0.0854,0.1214,-0.1312,0.0086,0.1567,0.2551,0.0638,0.2085,-0.2113,-0.0958,-0.0739,-0.3686,-0.1285,-0.4163,0.095,-0.1515,-0.0491,0.3564,0.0534,-0.2871,-0.3083,-0.1454,-0.4442,-0.4675,-0.1384
IGDCC4,-0.0078,-0.0303,-0.1538,-0.026,-0.1001,0.3541,-0.0045,0.1209,-0.0572,0.4529,-0.0515,-0.0083,0.0395,0.352,0.0371,0.3352,0.0106,0.0182,0.0617,-0.0405,-0.2578,0.3069,-0.0973,-0.0101,-0.0388,0.0249,-0.0879,0.2041,-0.1587,-0.0943,0.1353,-0.035
CNTN2,0.0044,-0.0,-0.01,-0.0031,-0.0123,0.0,-0.0066,0.0019,-0.0255,-0.4524,-0.0137,-0.0,-0.0002,0.0,-0.001,-0.2135,-0.0022,-0.0104,-0.0153,-0.0164,-0.0019,0.0016,0.0979,-0.001,0.0,-0.0088,-0.2678,-0.0146,-0.001,-0.0,0.026,-0.0067
SLCO1C1,0.0,0.0246,-0.0074,-0.0584,-0.0118,0.1173,-0.015,0.0,-0.024,0.1657,-0.0139,0.0,0.5792,-0.0083,0.029,0.2656,-0.0111,-0.0143,0.0518,-0.0219,-0.0042,0.0579,0.2055,-0.0137,0.074,0.0504,-0.1701,-0.0173,-0.1372,-0.0097,-0.0023,-0.0037
NALCN,-0.0,-0.0504,-0.0482,0.0237,-0.0348,0.6626,-0.0048,0.0,-0.0016,-0.2434,-0.01,0.0,0.018,-0.0145,-0.012,0.1656,-0.0158,-0.0275,-0.0973,0.0929,-0.0395,0.2644,0.7087,-0.0029,0.0,-0.0086,-0.0689,-0.041,-0.0888,-0.026,-0.0284,-0.0138
ACKR4,0.298,-0.0596,-0.1332,-0.1541,0.0036,0.0023,-0.1029,0.0193,0.1509,0.0156,0.1106,0.0272,0.3199,0.2366,-0.0065,0.0372,-0.1761,-0.1565,-0.1949,0.0618,-0.0865,0.3669,-0.0168,-0.0044,0.2909,0.1259,-0.022,-0.0192,-0.0259,-0.0552,-0.0767,-0.0099
LTK,0.2009,-0.0081,-0.0264,-0.0138,-0.0448,-0.0453,-0.1777,-0.1172,0.0446,-0.0404,-0.0288,-0.1386,-0.0221,-0.0834,-0.0583,-0.0412,-0.3413,-0.255,0.0893,-0.0387,-0.0254,0.2228,-0.0383,-0.0046,0.0206,-0.1275,-0.185,-0.0099,-0.0376,0.0121,0.1585,0.0265
TM4SF20,0.0,-0.0,0.0,-0.0,0.0,0.0,0.0415,-0.0,0.809,0.0,-0.0,-0.0,-0.0021,-0.0019,0.0,0.0,-0.0191,-0.0,-0.0115,0.0,-0.0,0.9912,-0.0,-0.0207,0.0,2.6624,-0.3764,-0.0,-0.0,-0.0143,-0.089,-0.0
NRG4,0.7479,-0.0604,-0.0839,-0.0072,0.0661,-0.0154,-0.0241,-0.0064,0.0853,-0.0534,-0.0123,0.5995,-0.0174,-0.0232,-0.074,-0.0779,-0.0642,0.0932,-0.0127,0.5347,0.1823,-0.343,-0.0241,-0.0314,-0.0397,-0.1537,-0.2821,-0.0259,-0.006,0.04,0.0076,-0.0161
SORT1,-0.1638,-0.0558,-0.1303,0.0971,0.0056,0.5324,0.0246,-0.3003,-0.0504,0.1301,-0.1471,-0.0283,0.0477,0.1061,0.3432,0.1312,-0.1465,-0.2745,0.3456,-0.2085,0.3793,0.3733,0.2311,0.004,-0.2168,0.2231,-0.3097,-0.2418,0.0353,0.052,-0.058,0.2722
TSPAN18,0.0754,-0.0646,-0.3476,-0.0515,-0.3096,0.3773,-0.3333,-0.0911,-0.236,0.3548,-0.1838,-0.1276,0.5173,0.3952,0.1965,0.1789,-0.3202,-0.2006,-0.0985,-0.0861,-0.2801,0.6029,-0.1809,-0.2439,0.727,0.2322,0.3526,0.0501,-0.0205,-0.5765,-0.3317,-0.303
SLC2A11,0.2908,-0.185,-0.2145,-0.0092,-0.1913,0.2447,-0.1571,0.1287,-0.2244,-0.1495,-0.3353,-0.0255,-0.1576,-0.0063,-0.0899,-0.028,0.052,-0.018,0.0789,-0.1556,-0.1947,-0.0988,-0.0241,-0.0966,0.0627,-0.147,-0.1874,-0.0922,-0.1076,-0.1003,-0.1049,-0.1496
CD248,0.0999,-0.2484,-0.2531,-0.4237,-0.6261,0.6579,-0.0519,0.5294,-0.139,0.6755,-0.0007,-0.0862,0.3252,-0.2781,0.3052,0.062,-0.2092,-0.1973,-0.4008,0.0098,-0.4226,0.6335,-0.0001,-0.2573,0.7786,0.2016,0.1234,-0.2176,-0.3442,-0.3622,0.0121,-0.3192
FLRT1,0.3035,-0.0057,-0.0082,-0.0041,-0.0099,-0.0,-0.0115,-0.0,-0.0184,-0.0902,-0.0031,-0.0346,-0.0076,-0.0127,-0.0024,0.3236,-0.0013,-0.004,-0.0253,-0.0134,-0.0338,-0.0009,1.0469,-0.004,0.0443,-0.0156,-0.019,-0.0336,-0.1422,-0.0493,0.0561,0.2806
SV2A,0.8768,-0.1877,-0.1221,-0.0755,-0.2256,0.2219,-0.0998,0.0101,-0.0987,-0.0704,-0.0993,-0.0245,0.059,0.0036,0.0013,-0.0097,-0.0818,0.1011,0.2207,-0.086,-0.1248,0.4382,0.5967,-0.1856,0.7062,0.0192,0.1824,0.0332,0.1352,-0.3009,-0.0476,0.0517
TMPRSS5,0.0047,-0.0,-0.0032,-0.0477,-0.0155,-0.0091,-0.0445,-0.0028,-0.0288,0.0559,-0.0096,-0.0494,-0.001,-0.0021,-0.005,0.2,-0.0072,-0.0227,0.0205,-0.0042,-0.0163,0.0364,-0.0,-0.0,-0.014,-0.0158,-0.0337,-0.0,-0.0,-0.0181,-0.0317,0.0426
CLEC2D,0.3902,-0.0924,-0.1976,-0.1284,-0.1544,0.1508,-0.3333,0.0429,-0.0508,0.24,-0.2294,-0.1027,0.267,0.091,-0.0249,0.2462,-0.224,-0.2675,0.0022,-0.1098,-0.3245,0.2756,-0.1048,-0.3841,0.3068,-0.0074,-0.1529,0.1176,-0.198,-0.3184,-0.3421,-0.2527
SLC4A7,0.542,-0.1541,-0.339,-0.0436,-0.3773,0.2124,-0.2748,0.0388,0.0229,0.3075,-0.1005,-0.1741,0.1373,-0.007,-0.0038,0.1699,-0.1441,-0.1097,0.0036,-0.1271,-0.1989,0.3748,-0.1484,-0.1878,0.2075,0.1812,-0.1209,-0.2466,-0.2396,-0.1927,-0.2514,-0.2275
SLC8A3,0.3854,0.0,-0.0078,-0.0016,-0.0072,-0.0,-0.0,-0.0146,-0.0,-0.147,-0.016,0.0,0.0042,0.0,-0.0005,0.2918,-0.0055,-0.0135,-0.0202,-0.013,-0.0056,0.0157,1.7602,-0.0079,-0.2239,-0.0026,-0.0451,-0.0032,-0.0,-0.0335,0.0801,-0.0113
OXGR1,0.0,-0.0,-0.0381,-0.0818,-0.1038,0.0,0.3589,-0.0166,-0.0192,-0.0,-0.0283,0.6279,-0.0365,-0.0193,0.0,-0.0067,-0.0185,0.1107,-0.03,-0.0,0.3503,-0.0039,0.0042,-0.0113,-0.0027,-0.0079,-0.0084,0.0122,-0.0031,0.023,0.0148,-0.0
C19orf18,0.4848,-0.0332,-0.077,-0.0608,-0.0216,0.0185,-0.0332,-0.0029,-0.0311,0.0569,-0.0122,-0.0075,-0.0135,-0.0131,-0.0224,0.0272,-0.0407,-0.0221,-0.0197,-0.0296,-0.0349,0.0307,0.0296,-0.1506,-0.0304,-0.0244,-0.3591,0.0948,-0.0661,-0.063,-0.0797,-0.0095
EREG,0.4385,-0.0136,0.0993,-0.0349,-0.0082,0.0384,0.7048,-0.0,0.0325,0.0337,0.6986,-0.0034,0.0083,0.1981,-0.0232,-0.0002,-0.2033,-0.1662,-0.1512,-0.0371,-0.0036,0.6857,-0.0025,-0.0017,0.0068,0.2588,-0.0111,-0.0,0.0541,0.0291,0.0247,-0.0
HBEGF,0.627,0.0878,0.095,-0.3459,0.1194,0.4153,0.1781,0.0667,0.1134,0.1929,0.3298,-0.1113,0.1894,-0.0513,0.1662,0.0823,-0.3387,-0.2187,0.0163,0.0226,-0.0336,0.6886,0.2171,-0.0927,-0.0092,-0.102,-0.2306,-0.301,0.0301,-0.2746,-0.155,-0.2951
FLT1,-0.0262,0.176,-0.1199,-0.212,-0.3163,0.2806,-0.0215,-0.0125,0.0745,-0.0511,-0.0931,0.0226,0.5604,-0.3052,0.1793,-0.0127,-0.2282,-0.305,0.0115,-0.2048,-0.1836,0.3531,0.3347,-0.1949,0.0984,0.1424,-0.4721,-0.2631,-0.1806,-0.301,-0.2554,-0.2387
AQP4,-0.0,-0.0017,-0.0419,-0.0054,-0.0638,0.1524,-0.0085,-0.0187,-0.0095,0.4329,-0.0186,-0.026,0.1424,0.0175,-0.0019,0.4132,-0.2937,-0.521,-0.0078,-0.0302,-0.0274,0.0013,0.0555,-0.0015,-0.2472,-0.0433,-0.037,-0.0058,-0.1477,0.0026,0.0459,-0.0134
IGSF1,-0.1157,-0.0131,-0.021,-0.0479,-0.0846,-0.0209,-0.0152,0.0077,-0.0333,0.1172,-0.0151,-0.0478,0.0018,0.0016,0.0648,0.2664,0.0145,0.0735,-0.0255,-0.0317,-0.0605,0.0624,1.0429,-0.0589,0.0902,-0.0077,-0.0042,-0.0332,0.8053,-0.0675,0.105,-0.0084
PCDH15,0.0,-0.2238,-0.0118,-0.0049,-0.0161,0.0,-0.0,-0.0055,0.0026,-0.3196,-0.0012,-0.0,-0.0095,-0.0256,0.0,0.9997,-0.0427,-0.0427,-0.018,-0.0024,0.1081,0.0,-0.3065,-0.0,0.0726,-0.0045,-0.0438,0.218,-0.0,0.0,0.3481,-0.0237
SLC22A7,0.0377,-0.0,-0.0,-0.0031,-0.0138,-1.3221,-0.0,-0.0,-0.0059,-0.0,-0.0,-0.1069,-0.4893,-0.5368,-0.3435,-0.0,0.0,0.0,-0.0,-0.0215,-0.0,-0.0074,0.0,-0.0,0.0,0.0009,-0.2161,-0.0,-0.0,-0.0118,-0.0,-0.0
CDH20,-0.0,-0.0883,-0.0144,-0.0028,-0.0064,0.0101,-0.0,-0.0,-0.0034,-0.0259,-0.0047,-0.0032,-0.0023,-0.0135,0.0,0.4466,-0.0096,-0.0024,-0.0196,-0.0109,-0.0291,0.0021,-0.0052,-0.0019,-0.0262,-0.0,-0.045,-0.0059,-0.0095,-0.0076,0.0131,-0.0262
TMEM132B,-0.0,0.0106,-0.0168,-0.0011,-0.0409,0.1604,-0.0038,0.135,-0.0435,0.0165,-0.012,0.0004,0.0024,-0.0003,-0.0009,0.2335,0.0007,0.0173,-0.022,-0.0186,0.0452,0.0353,0.0148,-0.0057,-0.055,-0.0091,-0.2114,-0.0,-0.097,-0.0106,-0.0042,-0.0
SCN9A,-0.0973,-0.0145,-0.0264,-0.0039,-0.0497,-0.0865,-0.0255,-0.0,-0.0577,-0.0236,-0.0421,-0.037,0.2465,-0.0329,-0.0711,-0.0406,0.0448,0.0146,-0.0475,0.0339,-0.0137,0.0503,0.9968,-0.0034,0.0523,0.0089,-0.0615,0.1169,-0.0126,-0.0168,0.0154,-0.0
SLC2A13,0.3471,0.0209,-0.1512,-0.0603,-0.27,0.1292,-0.1093,0.108,0.0767,-0.0614,-0.1102,0.0717,0.3359,0.4445,0.0182,0.1228,-0.0106,-0.1001,0.0692,-0.1078,-0.0753,0.197,-0.0447,-0.0386,0.4552,0.2746,-0.0343,-0.1124,0.0107,-0.135,-0.131,-0.114
CD22,0.0359,-0.054,-0.1414,0.1439,-0.0848,0.4346,-0.1861,0.241,-0.1201,-0.3156,-0.1165,0.1869,0.1086,0.3003,-0.0209,-0.2943,-0.1989,-0.2584,0.5633,-0.0733,-0.5775,0.3277,-0.1514,-0.1301,0.0802,0.0094,-0.1296,-0.1064,0.1279,-0.1379,-0.1194,-0.1139
RGMB,0.0289,-0.001,-0.1852,0.027,-0.0921,0.1253,-0.0921,0.0031,-0.2416,0.1887,-0.099,0.1606,0.1355,0.0447,-0.0444,0.376,-0.086,-0.0867,-0.2073,-0.1767,-0.1781,0.0983,0.5698,0.0282,0.1152,-0.2327,-0.3114,-0.2562,0.0218,-0.0897,-0.0382,-0.1063
ASTN1,-0.0045,-0.2441,-0.0217,-0.0286,-0.0229,-0.0,-0.0028,-0.0,-0.0412,0.1723,-0.0146,-0.0,-0.0021,-0.0301,-0.0008,0.3599,-0.0234,-0.0337,-0.0386,0.0,-0.1768,0.0101,0.1488,-0.0071,0.2913,-0.0149,-0.0313,-0.0544,-0.0022,-0.0631,0.1046,-0.0221
TMPRSS11D,0.2446,-0.0,-0.0878,-0.037,1.2565,-0.0,-0.0045,-0.0,0.9026,0.0,3.6447,0.0608,0.0,-0.0,-0.0072,0.0,0.0215,2.3476,-0.1688,-0.0,-0.0,0.0,-0.0,-0.0086,0.0,-0.0137,-0.0763,-0.0,-0.0,-0.0529,-0.0329,-0.0
CDH4,0.0349,-0.02,-0.0043,-0.0067,-0.0438,0.0012,-0.0018,-0.0,-0.0084,0.1223,-0.0284,-0.0066,0.4313,0.1386,-0.0033,0.0428,-0.0196,-0.0252,-0.0566,0.6592,-0.0494,-0.002,0.065,-0.0006,-0.0385,-0.0015,-0.0572,0.5884,0.3467,-0.0153,-0.0487,0.0305
BCAN,-0.0036,-0.0201,-0.0143,-0.0168,-0.0413,0.2339,-0.0074,0.003,-0.0084,0.5609,-0.0206,-0.0205,-0.0068,-0.0213,0.0338,0.8289,-0.0173,-0.0201,0.345,-0.003,-0.0697,0.0338,0.8868,-0.0108,0.064,-0.0018,-0.0553,-0.0,-0.0078,-0.0814,-0.1352,1.4449
CLDN18,0.0,-0.0,-0.0327,-0.0005,-0.0061,0.0695,-0.0505,-0.0097,0.2518,-0.0,-0.0116,-0.0,-0.0,-0.0,-0.0145,-0.0004,-0.6036,-0.6492,-0.0073,-0.0114,-0.0022,1.591,-0.0,-0.0031,0.0023,-0.2526,-0.1442,-0.0292,-0.0,-0.0125,-0.0,-0.0
NRXN2,1.1728,-0.0676,-0.1408,-0.1176,-0.3862,-0.0228,-0.2291,0.0382,-0.0687,-0.075,-0.1489,-0.0659,0.2014,0.1576,-0.0216,0.1831,-0.0672,-0.037,0.0874,-0.0405,-0.3138,0.447,0.6331,-0.1558,0.4321,0.1249,-0.2069,-0.1439,-0.183,-0.4355,-0.1636,-0.1017
SLC51A,0.2725,-0.2694,-0.0209,-0.0303,0.1346,-0.7419,-0.4493,-0.1813,0.0443,0.0917,-0.0265,-0.1533,0.0711,-0.0109,-0.0078,0.0447,-0.1841,-0.0099,-0.2374,0.0574,-0.2558,0.2164,-0.4854,-0.0033,0.0565,0.0225,-0.5076,-0.0138,-0.2116,-0.0235,-0.1623,-0.2338
SLC43A3,0.2211,-0.3209,-0.234,-0.1803,-0.0513,-0.1426,-0.1733,0.3056,-0.066,0.5708,0.0031,-0.1333,0.3951,0.0257,-0.1216,0.0842,-0.0139,-0.3021,0.2006,0.0999,-0.0096,0.3634,-0.2519,-0.3062,0.5604,0.2857,0.2007,0.0232,-0.3172,-0.2604,-0.1651,0.0222
LYPD2,-0.105,0.0,0.538,0.0,0.5369,-0.1766,0.0,-0.0,0.3248,0.0,2.9333,-0.0,0.0047,-0.013,-0.1813,0.0,-0.0711,-0.0914,-0.3469,0.0,1.7275,1.4639,0.0,0.0,0.0,0.1016,0.349,0.0,0.009,0.2828,0.7743,0.0
UNC5C,0.0701,-0.2368,-0.051,0.0838,-0.0467,0.0543,-0.0271,0.0,0.0118,-0.1189,-0.0393,-0.0067,0.0659,-0.0117,-0.0033,-0.0964,-0.1173,-0.0979,0.0109,-0.0543,-0.0837,0.1656,0.2578,-0.1016,0.5539,0.036,-0.1298,-0.0662,0.0498,-0.0936,-0.0252,-0.0123
GABRB3,-0.0209,-0.1009,-0.184,-0.032,-0.1053,0.3279,-0.0899,-0.0,-0.0845,-0.3626,-0.1007,-0.1168,0.1717,-0.1183,-0.0817,0.0326,-0.0454,-0.0283,-0.0588,-0.0435,-0.1548,0.1929,0.9315,0.5198,-0.0059,-0.0257,0.1293,-0.0891,-0.1516,-0.0814,-0.1261,-0.0141
PTGER4,1.1773,-0.1124,-0.1148,-0.1806,-0.0465,0.1508,-0.0906,0.0845,0.2378,0.3399,-0.0297,-0.1783,-0.0525,-0.1765,0.0266,0.0627,-0.2877,-0.2594,-0.1165,-0.0391,-0.0207,-0.1333,0.2367,0.0486,0.4457,0.1644,-0.1122,0.1812,-0.1111,-0.11,-0.0385,-0.182
LRRC3B,0.0,0.0103,-0.0324,-0.0118,-0.0285,0.0,-0.0,-0.0,-0.0149,-0.2641,-0.0069,0.0,0.0692,0.0147,0.0059,-0.1666,-0.0008,-0.0099,-0.0011,-0.0094,0.0725,0.0,0.0341,-0.0,-0.0816,-0.0036,-0.1432,-0.0056,-0.0,0.0177,0.5463,-0.0
KL,0.0315,0.0,-0.0859,-0.0676,-0.0254,0.045,-0.0299,-0.0,-0.0267,-0.0018,-0.017,-0.1256,0.2537,0.236,0.0073,-0.0028,-0.1084,-0.0484,-0.0067,-0.0118,-0.0034,0.0621,0.8882,0.0064,0.0342,-0.056,-0.0168,-0.0598,0.0676,-0.015,-0.0059,-0.0
TMX3,0.5421,-0.1714,-0.1876,-0.074,-0.0965,-0.031,-0.2317,0.0941,0.0763,0.1653,-0.1388,-0.0547,0.1119,-0.0223,-0.2451,0.1414,-0.1815,-0.1838,-0.0027,-0.0173,-0.2998,0.0886,0.0737,-0.0766,0.2468,0.0464,-0.1372,-0.0681,-0.1431,-0.2101,-0.1892,-0.2929
EPHA7,0.0,-0.0052,-0.2017,-0.0243,-0.093,0.0,-0.0508,-0.0,-0.2886,-0.1208,-0.0917,-0.0205,0.5322,0.5292,-0.0099,-0.1192,-0.0296,0.1518,-0.0126,-0.0686,-0.0489,0.0348,0.0319,-0.1442,0.2458,-0.033,0.1164,-0.0129,-0.0024,0.227,0.4642,-0.0
PCDH18,0.0355,-0.0595,-0.3281,-0.2417,-0.3662,0.1269,-0.0832,0.0571,-0.0177,0.5692,-0.1832,0.2149,0.1962,-0.0658,-0.0174,0.3912,-0.1884,-0.186,-0.2084,-0.1886,-0.2809,0.5455,-0.0734,-0.1114,0.7272,0.2773,-0.0208,-0.1312,-0.1556,-0.4179,-0.0938,-0.1721
SSPN,0.2644,-0.1613,-0.316,-0.0636,-0.4836,0.628,-0.2356,0.0879,-0.1635,0.2174,-0.1967,-0.0523,0.6004,0.3182,0.0175,0.3242,-0.064,-0.0716,-0.0152,-0.1095,-0.0284,0.5778,-0.1128,-0.0941,-0.0649,0.3183,-0.216,-0.1865,0.1098,-0.4085,-0.3671,-0.2951
NRXN3,0.0308,-0.0201,-0.2166,-0.0311,-0.1052,0.0736,-0.2313,-0.0008,-0.3153,-0.4041,-0.0919,0.7892,0.1836,0.0011,0.0315,-0.2742,-0.0761,-0.0311,-0.0312,0.1611,0.0051,0.0728,1.0111,-0.1878,0.3538,0.0648,-0.3584,-0.076,-0.0186,-0.1607,-0.1447,-0.0293
SCN4A,0.005,0.0023,-0.0121,-0.1026,-0.0047,0.0,-0.0021,0.007,-0.0053,-0.006,-0.0626,-0.002,0.1849,-0.002,0.0071,-0.0007,-0.0051,-0.0033,-0.0067,-0.014,-0.0171,-0.0007,-0.0029,-0.0101,-0.2728,-0.008,-0.137,-0.0137,-0.2195,-0.0066,0.0,-0.0
CSF1,-0.057,-0.4935,-0.3025,-0.2252,-0.2007,0.2166,-0.2857,0.0539,0.0068,0.4129,-0.1452,-0.0792,0.2401,0.0666,-0.0069,0.4102,-0.2084,-0.3231,-0.0844,0.1894,0.0355,0.2988,-0.4405,-0.2435,0.4902,0.1031,0.2175,-0.0089,-0.203,-0.2003,-0.2345,-0.249
NPY2R,0.0,0.0,-0.0,-0.1527,0.0,0.0,-0.0,-0.0,-0.0,0.158,-0.0,0.0,0.0,0.0,0.0,-0.0051,0.0,0.0,-0.0049,-0.0301,0.011,0.0,0.4501,0.0,0.0,-0.0,-0.0,-0.0554,0.0,0.0,0.1776,-0.0
DSG1,-0.0,-0.0,0.0388,-0.0464,0.1463,-0.1121,0.0006,-0.0339,0.2593,-0.0,2.0731,-0.0,-0.0,-0.0,0.0717,-0.0,-0.0062,0.2346,-0.4397,-0.0431,-0.0001,-0.001,-0.0,-0.0,-0.0223,0.0,-0.0647,0.0,-0.0075,-0.0136,-0.0,-0.0
EDA2R,0.6897,-0.0891,-0.1369,-0.1007,-0.0606,0.5283,-0.0415,-0.0118,-0.0468,0.5225,-0.034,0.1173,0.6316,0.4861,0.0195,0.2355,-0.0922,-0.0324,0.1095,0.2245,-0.0969,-0.0251,-0.1019,-0.1753,0.3001,-0.0085,0.1041,0.0807,0.0049,-0.1387,-0.1828,0.0193
EPHA5,0.0,-0.0126,-0.0098,-0.0004,-0.0176,0.0,-0.0,-0.0,-0.0,0.0353,-0.0,-0.0148,-0.0095,-0.0171,0.0,0.0358,-0.0016,-0.0095,0.24,0.0106,-0.0023,0.0233,0.3041,0.0099,0.1854,-0.0,-0.0542,-0.0572,-0.0603,-0.0104,-0.0166,0.0257
NPY5R,0.0,-0.0293,-0.0231,-0.1371,-0.0,0.0011,-0.005,-0.0,-0.006,-0.0638,-0.0,-0.0115,-0.0434,-0.0513,-0.0115,-0.0543,-0.0124,-0.0157,-0.0624,-0.0075,-0.0038,-0.0045,-0.0262,-0.0015,-0.0219,-0.0043,-0.013,-0.0111,-0.0073,-0.0,-0.0564,-0.0
GPR4,-0.0061,0.0509,-0.0274,-0.3569,-0.1955,0.2601,-0.0528,0.0646,0.0279,0.209,-0.1001,-0.1752,0.3293,-0.2047,0.1384,0.001,-0.4988,-0.531,-0.0483,-0.1321,-0.171,0.3275,0.1457,-0.2172,0.1918,0.122,0.0638,-0.1584,-0.3279,-0.2795,-0.2493,-0.1266
ITGA2B,0.0628,-0.0214,-0.0302,-0.0597,-0.0541,0.1744,-0.012,-0.0445,-0.0337,-0.0873,-0.0551,-0.0331,-0.031,-0.05,-0.0176,-0.0924,-0.2054,-0.2079,-0.0077,-0.0582,-0.0413,0.0115,0.011,-0.011,0.0942,-0.016,-0.1461,-0.0167,-0.3139,0.0112,-0.0132,-0.0178
NCAM2,-0.0182,-0.234,-0.0443,0.2276,-0.0911,-0.0,-0.0233,0.0188,-0.0411,0.0935,-0.0318,0.006,-0.0007,0.0176,-0.0227,0.3475,-0.1355,-0.1338,0.0415,0.1473,-0.02,0.0896,0.1569,0.0224,0.1714,0.0437,-0.1785,-0.0364,-0.0082,-0.0226,-0.0451,-0.0075
PCDHGA3,0.0063,-0.0007,-0.017,-0.0298,-0.0037,0.0072,-0.0021,0.0,-0.0111,-0.0907,-0.0089,-0.0313,0.0083,-0.0094,-0.0175,-0.047,-0.0279,-0.0191,-0.0444,-0.0499,-0.0459,0.0052,0.0038,-0.0129,-0.0156,0.0017,-0.0479,-0.0485,-0.0338,-0.0099,-0.0226,-0.0408
TENM2,0.0043,-0.009,-0.0739,0.0019,-0.117,-0.0259,-0.0022,0.0,0.338,-0.113,1.2082,-0.0361,-0.019,-0.0063,-0.044,-0.1017,-0.0188,0.5149,-0.0859,0.1066,-0.0034,0.0962,-0.0468,-0.0399,0.3309,0.0106,-0.1079,0.1794,-0.0286,0.0056,0.1055,-0.0197
GRIK1,0.0054,-0.0274,-0.0063,-0.0449,-0.0081,-0.0,-0.0,-0.0,-0.0,0.1394,-0.0,0.0092,-0.002,-0.0089,-0.0022,-0.1711,-0.0092,-0.0098,-0.0052,-0.0298,-0.0,0.0,0.6211,-0.0403,0.0229,-0.0016,-0.0515,-0.0251,-0.0016,-0.0076,0.0462,-0.0195
SHISA7,0.0293,-0.0055,-0.0,-0.0017,-0.002,-0.0,-0.0027,-0.0,0.0,-0.6716,-0.0045,0.0,0.0,0.0,-0.0,0.0358,-0.0,-0.001,-0.0032,-0.0,-0.0,0.0104,0.4474,-0.0,0.0,0.0,-0.0274,0.0,-0.0,-0.0,0.0,-0.0
CDH26,0.6122,-0.0035,0.0841,-0.0419,-0.0616,0.0037,-0.0284,-0.0,-0.0428,-0.0218,-0.0163,-0.0049,0.0009,-0.0036,-0.0041,-0.0269,-0.0256,0.0041,-0.0102,-0.0134,-0.0237,0.0494,-0.0026,-0.0249,-0.0018,-0.0116,-0.1002,-0.0344,-0.0109,-0.0697,-0.0575,-0.0254
LRIG1,0.3143,-0.0146,-0.321,0.0767,-0.4086,-0.1395,-0.1081,0.2359,-0.1218,0.3057,-0.2825,0.3084,0.3177,0.2707,-0.052,0.5726,0.0121,-0.0013,-0.4235,-0.3284,0.0592,-0.1051,0.3347,0.2576,0.0636,-0.0909,0.0061,-0.2582,-0.2062,0.0768,-0.0845,-0.4282
PCDH20,0.0,-0.0,-0.0437,-0.0022,-0.0488,-0.0352,0.0021,-0.0,-0.1049,-0.0862,-0.0235,-0.0569,-0.0065,0.2254,-0.0549,0.0719,0.0734,-0.0444,-0.0934,-0.025,-0.0134,0.2681,0.4678,-0.0046,0.0393,-0.0229,-0.0132,-0.0404,0.0,-0.0996,-0.1256,-0.0752
SIRPA,0.6118,0.0119,-0.0995,-0.2157,-0.1924,0.2199,-0.1085,0.0041,0.157,0.0079,0.1296,-0.4245,0.368,0.3024,-0.0715,0.0819,-0.2313,-0.1711,0.269,0.194,-0.1173,0.4063,-0.0858,-0.1973,0.3603,0.3491,0.1116,-0.3573,-0.1451,-0.1671,-0.1026,0.414
ACKR2,0.0507,-0.0,-0.1078,-0.1302,-0.0584,-0.096,-0.0224,0.0003,-0.0695,0.0121,-0.0046,0.0453,-0.0046,0.0374,-0.0381,0.0752,-0.0658,-0.0596,-0.0293,0.1521,0.1547,0.1585,-0.0053,-0.0021,-0.0029,0.0276,-0.0774,-0.0512,-0.0517,0.1912,-0.0152,-0.0
GSG1L,0.044,0.3167,-0.013,0.0045,-0.0054,-0.0,-0.0051,-0.0,-0.0083,0.3112,-0.0037,-0.0062,-0.0105,-0.0063,-0.0,0.1449,-0.0071,-0.019,0.0075,0.1479,-0.011,0.0269,0.3535,-0.0021,0.1131,-0.0011,-0.231,-0.0162,0.0293,-0.0199,0.4678,0.8068
LGR5,0.0017,-0.1172,-0.0226,-0.0524,-0.0306,-0.0174,0.8013,-0.0,0.3837,-0.041,0.0157,-0.0,-0.0074,-0.0028,0.0114,0.3397,-0.0565,-0.0165,-0.0491,-0.0356,0.1723,0.5831,0.0758,-0.0139,-0.2608,0.4628,-0.0922,-0.1023,-0.0164,1.1836,1.1427,-0.0
SEMA4D,0.5695,-0.2508,-0.193,0.1151,0.0175,0.2751,-0.0014,-0.2482,0.1588,-0.2424,-0.1374,-0.2326,-0.0591,0.0383,-0.1128,-0.0286,-0.1136,-0.1309,-0.2378,0.0132,-0.1086,0.3015,-0.0178,-0.1341,-0.4832,0.0583,-0.0043,0.0728,-0.183,0.0539,-0.0724,-0.363
GJA1,0.0187,-0.2724,-0.225,0.0685,-0.3675,0.5034,-0.0846,0.6248,-0.0971,0.2151,0.4386,0.0344,0.4956,0.0723,0.3037,0.2092,-0.1218,0.2284,-0.787,0.2136,-0.0373,0.6351,-0.7354,-0.1733,0.748,0.1374,0.1695,-0.1603,-0.0538,-0.0491,0.0432,-0.4008
IL4R,0.1149,-0.4954,-0.1126,-0.1645,-0.0002,0.0226,-0.1675,-0.004,-0.149,0.1622,0.093,-0.5449,0.0115,-0.0564,-0.2494,0.0484,-0.3295,-0.4083,-0.1625,-0.1044,-0.2795,0.396,-0.4091,-0.289,0.5152,0.053,0.043,-0.3167,-0.072,-0.4529,-0.4264,-0.4223
ADCY9,0.8297,-0.0915,-0.3207,0.0546,-0.1835,0.1631,-0.1542,-0.0551,0.0284,0.0244,-0.0336,0.0023,0.2155,0.2227,0.0361,0.0492,-0.195,-0.2715,0.0505,-0.0093,-0.3036,0.0287,0.0157,-0.1354,-0.2286,0.2507,-0.1808,-0.1641,-0.1129,-0.2815,-0.2879,0.1029
KCNMB1,0.6566,-0.0054,-0.3683,-0.2281,-0.2038,0.1413,-0.2905,-0.0235,-0.5204,0.4849,-0.062,-0.005,0.3091,0.001,0.0013,0.1905,-0.1772,-0.1544,-0.0375,-0.0835,-0.0904,0.2941,-0.0067,-0.2342,0.1698,-0.1121,-0.1211,-0.0493,-0.035,-0.3381,-0.2708,-0.0102
LGR6,0.0343,-0.008,-0.1448,-0.1815,-0.1885,-0.0046,0.4157,-0.0683,0.0846,0.2654,-0.0542,-0.0,-0.0042,-0.0127,-0.0607,-0.0217,-0.1471,-0.1383,-0.0193,-0.0623,0.4406,0.8074,-0.0022,-0.1733,0.0064,0.2411,-0.2025,-0.0345,-0.1462,-0.0378,0.0308,-0.025
LSAMP,-0.0143,-0.0056,-0.1315,-0.0693,-0.1021,0.0678,-0.129,0.4011,0.1025,0.0434,-0.0734,0.8192,-0.0178,-0.0041,-0.0052,0.2106,-0.2961,-0.2973,0.5603,0.1261,-0.1201,0.4313,0.1493,-0.075,0.744,0.2415,-0.1613,-0.0642,-0.042,-0.0664,0.0106,-0.0617
NLGN4X,0.012,-0.015,-0.146,-0.0748,-0.114,-0.0,-0.0317,0.0098,-0.0445,0.3022,-0.0691,0.438,0.1603,0.0122,-0.0352,0.292,-0.0281,-0.0447,0.0045,0.0534,-0.1574,0.1584,0.4546,-0.057,0.0918,-0.0047,0.2761,0.29,-0.0109,0.0543,0.0664,-0.0232
DPP10,0.3593,-0.2846,-0.1407,-0.057,-0.0183,0.662,-0.1554,0.0,-0.0549,-0.2941,-0.0407,0.459,-0.0311,-0.0397,-0.1338,0.3123,0.1836,-0.0204,-0.2579,1.0963,0.067,-0.13,-0.3059,-0.0,0.0,-0.0823,-0.0534,-0.0276,0.0577,0.7035,0.7334,0.002
PLB1,0.5317,-0.1932,-0.0968,-0.0596,-0.1204,0.1355,-0.2993,-0.2754,-0.0842,0.2839,-0.1006,-0.0075,0.2433,0.0755,0.0221,0.0893,-0.1721,-0.1617,-0.1236,0.2906,-0.0676,0.5149,-0.2084,-0.2455,0.312,0.1055,-0.3104,0.0188,-0.0979,-0.1825,-0.1071,-0.0895
ACKR3,0.6721,0.2737,-0.1896,-0.3191,-0.0697,0.1467,-0.2288,-0.134,-0.0783,0.591,0.2502,0.0526,0.6629,0.1271,0.0264,0.4908,-0.2173,0.3242,-0.4612,0.099,-0.0632,0.0827,0.3722,-0.284,0.2227,0.1002,-0.1977,-0.3835,-0.325,-0.1534,0.0437,-0.4113
ADRB1,0.4187,-0.0,-0.0976,-0.0732,0.1192,-0.0,-0.0586,-0.0112,-0.06,-0.1229,-0.0108,0.3263,-0.0124,-0.005,-0.0027,-0.0966,-0.3596,-0.2645,-0.0417,-0.0032,0.0012,-0.0013,0.0614,0.4771,0.0145,0.0168,-0.0283,-0.0158,-0.0104,0.0,0.0206,-0.0131
NRN1L,0.0373,0.1988,-0.0585,-0.0274,-0.0357,-0.0048,-0.0096,-0.0233,-0.0123,-0.1267,-0.0121,-0.0067,-0.0174,-0.0026,-0.0188,-0.0432,-0.0748,-0.0388,-0.0226,-0.0521,-0.0484,0.0239,0.171,-0.0649,-0.0066,-0.005,0.1588,-0.0158,-0.1165,-0.0761,-0.0956,-0.0339
SLC38A11,0.1528,-0.0142,-0.0781,-0.0466,-0.0193,0.0256,-0.1055,-0.0,-0.075,-0.0546,-0.0343,-0.1197,-0.1096,-0.1596,-0.0483,-0.1371,-0.0327,-0.0652,-0.0599,-0.0429,-0.0045,0.0568,0.6033,0.0393,-0.0489,-0.2239,-0.0576,-0.0351,-0.0816,-0.035,-0.0679,-0.0474
GIPR,-0.1657,-0.0146,-0.1924,-0.2619,0.0825,0.3876,-0.1008,-0.0856,0.1314,-0.0293,-0.111,-0.0937,-0.0448,0.0191,-0.0277,-0.0284,-0.1692,-0.1867,-0.0931,-0.1277,-0.0429,0.0553,-0.0296,-0.1851,0.0296,-0.2495,0.0805,-0.0416,-0.1021,0.0183,0.0039,-0.022
NLGN3,0.4321,-0.0547,-0.0289,-0.018,-0.0273,0.0659,-0.0201,-0.0075,-0.0545,0.2397,-0.0148,-0.0,-0.0048,-0.0121,-0.0006,0.3174,-0.0213,-0.0292,0.0486,-0.0427,-0.1919,0.2537,-0.1981,-0.1567,0.2767,0.0135,-0.1834,-0.0335,-0.0016,-0.0699,0.0098,-0.0338
LRP4,0.0564,-0.138,0.0278,-0.1275,-0.1779,0.0009,0.2674,-0.0225,0.1207,0.0642,0.0087,-0.0414,0.2661,0.2271,-0.0054,0.2764,-0.1906,0.0838,-0.5227,-0.1614,-0.1972,-0.0741,-0.2231,-0.2359,0.0225,-0.028,0.6124,0.1443,0.5832,0.019,0.2804,-0.1652
SLC47A1,0.0369,-0.2048,-0.0494,-0.0598,-0.4288,-0.5317,-0.0423,0.0351,0.0217,0.213,-0.1781,-0.1713,0.4389,0.3231,-0.0414,-0.0461,-0.036,-0.0822,-0.1914,-0.1259,-0.2115,0.2049,-0.5846,-0.2459,-0.2998,0.048,-0.3096,0.0452,0.2088,-0.1926,-0.335,-0.1751
PLD5,0.0,0.0165,-0.0377,-0.0162,-0.0363,0.0334,-0.0,0.0,-0.0353,-0.0035,-0.0308,-0.0,-0.0036,-0.0421,-0.0035,-0.0451,0.0891,-0.0204,-0.0242,-0.0271,-0.0191,-0.0023,-0.0667,-0.0221,0.0035,-0.0195,-0.0976,0.0258,-0.0051,-0.127,-0.0811,-0.0
CNTNAP4,-0.0,-0.0366,-0.0902,-0.022,-0.0456,-0.0,-0.0052,0.1791,-0.1867,-0.6564,-0.0129,-0.0168,-0.0,-0.0117,-0.0632,-0.2479,-0.0049,0.0162,0.0077,-0.0105,-0.0189,0.0157,0.5906,-0.004,-0.0429,0.0,-0.0826,-0.0153,-0.0,-0.0494,0.0663,-0.0076
ATP2B4,0.4436,-0.0669,-0.4555,-0.0859,-0.1904,0.058,-0.4565,-0.1085,-0.1974,0.1629,-0.0163,0.0199,0.3182,0.1769,-0.0718,0.2073,-0.1514,-0.1547,-0.1049,0.0474,-0.0216,0.4612,0.0168,-0.2428,0.5386,0.1657,-0.2065,-0.1255,-0.0528,-0.4545,-0.5334,-0.1139
GJC2,0.046,-0.0209,-0.076,-0.0596,-0.1386,0.1619,-0.0772,-0.0006,-0.0998,-0.1496,-0.0481,-0.0039,0.1724,-0.0177,0.0012,0.022,-0.1025,-0.068,-0.0402,0.1991,-0.1984,0.5099,0.1782,-0.0933,0.409,0.0325,-0.0912,-0.055,-0.0877,-0.2558,-0.2476,-0.065
OMG,0.7294,-0.0,-0.0064,-0.0178,-0.0274,-0.0058,-0.0273,-0.0172,0.0059,-0.1258,-0.0192,0.0063,0.0177,0.0133,-0.014,0.1723,-0.2789,-0.2802,-0.0155,-0.0276,-0.0648,0.0127,-0.0071,-0.0187,0.0508,0.0264,-0.0079,-0.0175,-0.015,-0.077,-0.0722,-0.0044
NPY6R,0.0742,0.1652,-0.0324,-0.0076,-0.0032,-0.0,-0.0649,-0.0,-0.0086,-0.0,-0.0535,0.1777,0.5031,0.4449,-0.1005,-0.0007,-0.0017,-0.003,-0.0074,-0.0105,-0.0012,0.0,-0.0492,-0.0375,-0.0409,0.0,-0.0246,-0.0,-0.0089,-0.0088,-0.0611,-0.0372
CALY,-0.0,-0.0375,-0.0112,-0.0196,-0.0154,-0.0034,-0.0242,-0.0,-0.0183,-0.6632,-0.0091,-0.0224,-0.0094,-0.0146,-0.0075,-0.5954,-0.0426,-0.0172,-0.0066,-0.0407,-0.0266,0.1557,1.5449,-0.0173,0.0081,-0.0716,-0.3362,-0.0205,-0.0248,-0.0162,0.0288,-0.0143
BACE1,0.7395,-0.0438,-0.2544,-0.0427,-0.2651,0.0889,-0.0751,-0.0651,-0.0154,0.1147,-0.0905,0.123,0.175,0.082,0.0519,0.1797,-0.1171,-0.0858,-0.045,0.1082,-0.0641,-0.2724,0.0141,-0.0824,0.2947,0.0676,-0.2046,-0.2712,-0.0269,-0.2748,-0.2046,-0.1057
GNRHR2,-0.0137,-0.0559,-0.139,0.019,-0.1304,0.0743,-0.0741,-0.0273,-0.0707,0.0489,-0.0992,-0.024,-0.0216,0.0297,-0.0105,0.0452,-0.0425,0.0031,-0.0705,-0.0964,-0.0842,-0.0259,0.0995,-0.0815,-0.0254,-0.0662,-0.1724,-0.051,-0.1171,-0.1546,-0.1556,-0.0513
LRIG2,0.3862,-0.1239,-0.1449,-0.1353,-0.2259,0.1336,-0.1168,-0.027,0.1455,0.1336,-0.1419,-0.0736,0.055,-0.0433,-0.0619,0.1636,-0.1932,-0.1716,-0.2087,-0.1891,-0.2392,0.1582,-0.0928,-0.1551,0.0237,0.1025,0.1037,-0.0865,-0.1949,-0.256,-0.229,-0.2198
OPALIN,0.1296,0.0,0.0,0.0,0.0,0.0,0.0,-0.0,0.0,-1.6182,0.0,0.0,-0.0,-0.0,0.0,-1.2678,-0.0,-0.0,0.0,0.0,0.0,0.0,0.0,0.0,-0.0,0.0,-0.0,0.0,-0.0,0.0,0.0,0.0
IL6ST,0.2745,-0.1326,-0.3408,0.0744,-0.3683,0.1439,-0.2844,-0.1922,-0.0394,0.1907,-0.2218,-0.0375,0.3145,0.0725,0.039,0.2124,-0.1747,-0.3851,0.0182,0.077,-0.3627,0.2733,-0.1162,-0.0596,0.144,0.1056,0.0641,-0.0952,-0.0402,-0.3726,-0.3261,-0.2835
ACVR2A,0.1429,-0.067,-0.2126,-0.1697,-0.1412,0.1316,-0.1169,0.038,-0.0645,0.1147,-0.1406,-0.0017,0.1517,0.1462,-0.0488,0.1406,-0.1227,-0.0595,-0.4013,-0.1367,-0.1728,0.2542,0.1358,-0.0564,0.1432,0.0118,-0.1652,-0.2309,-0.1233,-0.1532,-0.0112,-0.255
SLC19A3,-0.0,-0.0485,-0.048,-0.3999,-0.0461,-0.1961,0.0583,0.0,0.0329,0.0413,-0.0187,-0.0611,-0.0258,-0.0446,-0.1731,-0.0053,-0.2535,-0.1707,-0.0728,0.2771,-0.0116,0.2931,-0.0171,-0.012,0.06,0.3425,0.1464,-0.0226,-0.0033,-0.0599,0.0047,-0.0234
VASN,0.104,-0.3064,-0.2659,-0.2958,-0.4755,0.2234,-0.1438,0.3181,-0.11,0.3153,-0.2238,-0.0622,0.0177,0.0431,0.061,-0.1223,-0.2372,-0.4576,-0.4465,0.2671,0.087,0.3689,0.1306,-0.0129,0.7312,0.0921,-0.339,-0.2568,0.1596,-0.1259,0.0023,-0.3494
SCN3A,0.1017,-0.0093,-0.009,-0.0135,-0.0086,0.0011,-0.0015,-0.0103,-0.0078,-0.0483,-0.001,-0.0,-0.0225,-0.0148,-0.0008,0.3176,-0.0248,-0.0085,-0.0089,-0.0,-0.0033,0.0148,0.9329,-0.0006,-0.0353,-0.0067,-0.0363,0.0498,-0.0028,-0.0603,-0.0474,-0.0
PCDHGB4,0.2647,0.1709,-0.0794,-0.0646,-0.0205,0.0283,-0.0249,0.0013,-0.0211,-0.0091,-0.0462,-0.0317,0.0001,-0.0288,-0.0339,-0.0149,-0.0771,-0.0433,-0.1074,-0.0577,-0.0742,0.0108,0.0529,0.01,-0.0221,0.0096,0.0134,-0.0021,0.0834,-0.1063,-0.0986,0.0578
KCNMB4,0.1076,-0.1819,-0.0633,-0.0521,-0.1289,0.1192,-0.1013,0.1014,-0.1447,-0.0878,-0.096,-0.0072,-0.046,0.0667,0.009,0.0276,-0.1914,-0.2298,-0.1103,-0.0298,-0.0889,0.3722,-0.2153,-0.0927,0.3368,0.0103,0.0114,0.0405,-0.0858,-0.0831,0.2589,-0.0358
TRHDE,-0.0145,-0.0,-0.1252,-0.0081,-0.0422,0.0036,-0.0177,-0.0,0.0,-0.022,-0.0255,0.1769,0.19,0.1384,-0.0395,-0.0548,-0.0242,-0.0371,-0.0462,-0.039,-0.1006,-0.0894,0.4082,-0.0133,-0.0437,0.0309,-0.1051,-0.0607,-0.0,-0.1091,-0.0881,-0.0
SLC17A7,-0.0041,-0.0531,-0.0306,-0.0346,-0.0651,0.0,-0.0038,0.0111,-0.0348,-0.512,-0.0457,-0.004,-0.0014,-0.0008,-0.0016,-0.3031,-0.0144,-0.0312,-0.0835,-0.0382,-0.039,0.0308,-0.0287,-0.0,-0.0082,-0.0222,-0.2062,-0.0,-0.0123,-0.1084,-0.0902,-0.0814
ATP2B3,0.0056,-0.01,-0.0121,-0.0021,-0.0248,-0.0,-0.004,-0.0,-0.0044,-0.3385,-0.0235,-0.0309,-0.0093,-0.0139,-0.0067,-0.5066,-0.0026,-0.0167,-0.0381,0.129,0.0075,0.0,0.2968,-0.0,0.0381,-0.0021,-0.0048,-0.0077,-0.0156,-0.0227,0.2315,0.2174
SLC3A1,0.6754,-0.0123,-0.0069,-0.016,-0.0614,0.1508,0.0272,-0.0,0.0337,-0.0,-0.0013,-0.4162,0.4679,0.4339,-0.1163,-0.0005,-0.0178,-0.001,-0.0064,-0.0,-0.0265,-0.0196,-0.0005,-0.0168,-0.0103,0.2478,-0.1814,-0.0,-0.0063,0.1318,-0.0411,-0.063
ITGA9,0.9974,-0.042,-0.1908,-0.1521,-0.197,-0.0426,-0.1083,-0.0346,-0.2426,0.0546,-0.1892,0.0844,0.2926,-0.0622,-0.1008,0.1029,-0.0559,-0.2372,0.2098,-0.1982,-0.1437,0.4804,-0.3334,-0.1406,0.514,0.0133,0.0758,-0.2045,0.1059,-0.2493,-0.1567,-0.0973
LRIG3,-0.0031,0.1165,-0.3642,-0.3615,-0.1737,0.5313,-0.0438,0.0159,0.0355,0.2833,0.0548,-0.0426,0.346,0.1586,0.023,0.2541,0.0757,0.1134,-0.5109,-0.1561,-0.3145,0.2086,-0.0459,-0.1411,0.4216,0.0298,-0.1396,-0.0077,-0.0604,-0.3479,-0.1316,-0.2945
LRFN5,-0.0,-0.1016,-0.1303,-0.0385,-0.0555,-0.0,-0.0059,0.0089,-0.0297,-0.1424,-0.0211,0.7816,-0.005,0.0049,-0.0381,-0.0023,-0.0129,-0.0189,-0.0496,-0.0527,-0.0458,0.0518,-0.1233,-0.1081,0.1895,0.002,-0.0318,-0.032,-0.026,-0.1071,0.0066,-0.0124
SV2B,0.182,0.0522,-0.0208,-0.0626,-0.0146,0.1759,-0.0179,0.0349,-0.0301,-0.2916,-0.0369,0.0551,0.0075,0.0584,0.01,-0.2543,-0.0094,-0.0075,-0.0162,-0.0196,-0.003,-0.0064,0.5647,-0.0141,0.0249,0.0198,-0.0501,0.0756,-0.0,-0.0136,-0.0,-0.009
PCDHGB5,0.1954,0.1032,-0.1632,-0.039,-0.0626,0.1168,-0.055,-0.0018,-0.0769,-0.0663,-0.118,0.073,0.0399,-0.0059,0.0036,-0.031,-0.0527,-0.12,-0.1919,-0.0942,-0.0208,0.0889,0.1178,0.1976,-0.032,0.042,-0.0514,-0.019,0.1645,-0.1764,-0.1284,0.2221
EPHB1,0.0644,-0.0921,-0.0108,-0.0668,-0.0601,-0.0198,0.0093,-0.1128,0.0725,-0.0027,-0.0483,0.0209,0.0917,0.0578,-0.0146,0.3994,-0.0092,0.0573,-0.1769,-0.0641,-0.0273,0.0945,-0.0179,-0.0488,-0.0479,0.1512,-0.2532,0.1157,-0.1047,-0.0992,-0.0011,-0.0471
SLCO3A1,0.6975,-0.0046,-0.0479,-0.216,0.035,0.488,0.0695,-0.2931,0.121,-0.1317,0.0671,-0.1391,0.2512,0.2203,0.0379,-0.0547,-0.2054,-0.0078,-0.3211,0.1324,0.2178,0.5192,0.1883,-0.2521,0.3361,0.302,-0.5547,-0.2505,-0.1068,-0.1339,-0.1517,-0.3791
SCNN1B,0.0572,-0.0157,0.1702,-0.3027,0.1488,0.0015,-0.2263,-0.0311,-0.1471,0.4701,0.0725,-0.2503,-0.2656,-0.1057,0.0175,0.0065,-0.0645,-0.3447,-0.2993,-0.0735,-0.0885,-0.008,-0.0103,-0.2761,-0.0549,-0.2716,0.0904,-0.1323,-0.2909,0.034,-0.1957,-0.0302
MC1R,0.156,0.0895,-0.1843,-0.1515,-0.199,0.3459,-0.2383,-0.0846,-0.042,-0.0164,-0.2014,-0.1538,-0.1852,-0.0319,-0.0542,0.0292,-0.1285,-0.1553,0.2315,-0.0509,-0.3646,0.2313,0.1722,-0.3637,0.379,-0.111,-0.5991,-0.1801,-0.4043,-0.2213,-0.2447,-0.0164
ADRA2B,-0.0003,0.0126,-0.0582,-0.0477,-0.0711,-0.0703,-0.0122,-0.0,-0.0731,-0.0093,-0.074,-0.104,-0.0369,-0.0337,-0.0536,-0.0074,-0.0177,0.0236,-0.0667,-0.0072,-0.0562,0.0145,-0.0184,-0.006,-0.1265,-0.0403,-0.0682,-0.0,-0.028,-0.0779,-0.1332,-0.0
GRIK2,-0.0019,-0.0438,-0.0269,-0.0063,-0.042,-0.0037,-0.0105,-0.0,-0.0464,-0.1736,-0.0314,-0.0,-0.0017,-0.0134,-0.0085,0.0937,0.0506,0.0346,0.0012,0.0406,-0.004,0.0077,0.8419,-0.0519,-0.0515,-0.0075,-0.0808,-0.0128,-0.0989,0.082,0.1841,-0.0
GABRA4,0.0,0.0,-0.0092,-0.0024,-0.0148,0.0,-0.013,0.0665,-0.0114,-0.1892,-0.0259,0.0,0.0,0.0,0.0,-0.2621,-0.0065,-0.0276,-0.0112,-0.0763,0.0,0.0114,0.0,0.0,0.0,0.0289,-0.0,0.5635,-0.0,0.0,0.0,-0.0
CDH10,0.0304,-0.1108,-0.0589,-0.0227,-0.0327,0.0,-0.0,0.0,-0.0213,0.0928,-0.0085,-0.0,-0.0056,-0.0,0.0,0.518,-0.0104,-0.0119,-0.0882,0.0323,-0.0139,0.0374,0.442,-0.2151,0.2016,-0.0152,-0.0674,0.0561,-0.0062,0.0101,0.5141,-0.012
SCN2B,-0.0,-0.0,-0.0019,-0.0141,-0.0082,0.0,-0.0046,-0.0,-0.0038,-0.4761,-0.0098,-0.0367,-0.0141,-0.0361,-0.002,-0.3261,-0.0179,-0.0201,-0.0117,-0.0075,-0.03,0.0641,0.4613,-0.0058,-0.0442,-0.0072,-0.0255,0.0399,0.2515,-0.0161,-0.068,-0.0098
SLC5A7,0.0,-0.0305,-0.1829,-0.0377,-0.0162,-0.0,-0.0,0.0,-0.0166,-0.0,-0.0234,-0.0288,-0.0,-0.0217,-0.003,-0.0027,-0.0152,-0.0735,-0.0,-0.023,-0.0092,0.002,0.0494,-0.0021,0.0,-0.0257,0.0598,-0.034,-0.0421,-0.0,-0.0259,-0.0
GRIK3,0.0,-0.0116,-0.0277,0.084,-0.0106,0.0,-0.005,0.0,-0.0368,0.4863,-0.0085,0.0269,0.9691,-0.0063,-0.0025,0.558,-0.0088,-0.0103,0.0469,-0.0222,0.1388,0.0358,0.49,-0.0144,0.031,-0.0324,-0.0606,-0.0,0.0054,-0.008,0.0133,0.0036
VLDLR,0.2297,-0.0416,-0.2311,-0.1106,0.0103,0.2383,-0.0065,-0.0,-0.1629,0.036,-0.0024,0.4012,0.301,0.2415,-0.0173,-0.0133,-0.1978,-0.0699,0.2412,0.2024,-0.5145,-0.1601,0.1592,0.0238,-0.1283,-0.1673,-0.2376,-0.2878,-0.2258,-0.0392,-0.1035,0.2036
TNFRSF10D,0.9472,-0.0536,-0.1613,-0.1657,-0.0121,0.0427,-0.0902,-0.0919,0.0361,0.2084,-0.0931,-0.1592,0.0951,-0.0015,-0.1476,0.0162,-0.2125,-0.2594,-0.1009,-0.1357,-0.1809,0.3329,-0.0032,-0.1827,0.1295,0.0524,-0.1401,-0.1596,-0.0732,-0.2192,-0.0698,-0.1787
ICAM2,0.2402,0.0633,-0.1173,-0.3771,-0.3136,0.3248,-0.0658,-0.1027,-0.1942,0.0803,-0.2042,-0.1594,0.2393,0.0658,0.2688,0.0352,-0.3259,-0.5186,-0.0335,-0.1224,-0.2065,0.416,0.1939,-0.1569,0.1559,0.1046,0.2557,0.2664,-0.1002,-0.2253,-0.1734,-0.407
EMP3,-0.0225,0.1348,-0.2144,-0.0363,-0.3348,0.2648,-0.3452,-0.0455,-0.2111,0.7271,-0.0002,-0.1755,0.352,0.3193,0.1421,-0.1244,-0.2519,-0.3071,0.3963,0.1986,-0.2998,0.719,-0.2438,-0.2985,0.9697,0.1436,0.0633,-0.0446,0.148,-0.4573,-0.1678,0.1232
FKRP,0.2899,-0.0052,-0.1671,-0.1355,-0.1369,0.0818,-0.1632,-0.0701,-0.0632,0.1171,-0.1162,0.0568,-0.0488,-0.0297,-0.071,0.0713,-0.142,-0.0986,0.0301,-0.147,-0.2026,0.1184,0.1557,-0.1469,0.0454,0.0085,-0.1281,-0.1056,-0.1831,-0.2358,-0.1461,-0.1223
P2RX7,0.6467,-0.006,-0.0884,-0.0081,-0.1957,0.0209,-0.0808,-0.0257,-0.0061,0.0245,-0.0745,0.0018,0.6013,0.2396,0.0202,0.269,-0.227,-0.2581,0.1905,0.0745,-0.2168,0.1459,-0.1171,-0.0812,0.516,0.1785,-0.0929,-0.0891,-0.0275,-0.067,-0.1261,0.6565
P2RY14,1.0114,0.0046,-0.1413,-0.1125,-0.0381,0.0665,-0.2051,0.1246,-0.1465,-0.0326,-0.0346,0.0069,0.4316,-0.0051,0.0159,-0.0175,-0.1785,-0.1651,-0.0368,-0.0327,-0.0045,0.1959,0.0584,-0.0043,-0.0187,-0.1516,0.0676,-0.0263,-0.0981,-0.0337,-0.0367,-0.0
CDH22,-0.0025,0.3049,-0.0107,-0.004,-0.0499,0.0065,-0.0071,0.0,-0.027,-0.2699,-0.0203,0.1639,0.0,0.1122,-0.076,-0.0173,-0.0048,-0.0295,-0.0101,-0.0175,-0.0978,0.0416,1.7678,-0.0602,-0.0943,-0.0145,-0.0937,-0.0192,0.2331,-0.0244,0.0602,-0.0072
DSCAML1,0.0038,-0.0076,-0.0244,-0.0236,-0.0225,0.3888,-0.0144,0.0185,-0.0273,-0.1398,-0.0088,0.0006,0.1908,0.1833,-0.0195,0.3547,-0.044,-0.021,-0.0028,0.0678,-0.1583,0.0271,0.5861,-0.0,-0.0143,-0.0257,-0.09,-0.0095,-0.038,-0.0813,-0.1234,-0.0109
RPRM,-0.0,-0.2302,-0.1826,-0.0255,-0.2628,0.0,-0.0247,-0.0,-0.166,0.1414,-0.1154,-0.0108,-0.0152,-0.0394,0.0,0.643,0.0224,0.1851,-0.0347,0.4856,-0.2915,0.0136,-0.3244,-0.3143,0.365,-0.1279,0.7253,-0.0357,-0.0545,-0.414,-0.4546,-0.0681
LRRN3,0.2274,-0.2896,-0.0158,-0.0613,-0.005,-0.0008,-0.0146,-0.0102,-0.0065,0.2933,-0.0092,-0.0,0.0211,0.0005,-0.0054,0.2964,-0.096,-0.0384,-0.0065,-0.0155,-0.0097,0.0546,-0.0592,-0.0172,0.088,0.0058,-0.2884,0.102,0.0,-0.0054,0.5001,-0.0355
GRIA4,0.0,-0.0175,-0.0037,-0.0729,-0.003,0.0181,-0.0053,-0.0008,-0.0033,0.0214,-0.0033,-0.0,0.1945,-0.0541,-0.0062,0.4682,-0.0039,-0.0046,-0.0538,-0.014,-0.0151,0.0124,1.5487,-0.0074,-0.0127,-0.0186,-0.0234,-0.0109,-0.0017,-0.0121,-0.0157,-0.0162
AVPR2,0.9383,-0.0029,-0.0568,-0.1664,-0.0653,0.0309,-0.0419,0.0341,-0.0497,-0.0,-0.0254,-0.1052,-0.1094,-0.0613,0.0032,-0.0003,-0.0337,-0.0197,-0.0686,-0.0829,-0.061,0.0105,0.0584,-0.0444,-0.0347,-0.0501,-0.0096,-0.0347,-0.1224,-0.1435,-0.169,-0.028
CRIM1,0.6774,-0.1268,-0.1927,-0.2221,-0.2424,0.605,0.069,-0.0637,0.0372,0.0248,-0.0424,0.0975,0.3016,0.0859,0.1185,0.1149,-0.2959,-0.2764,-0.4561,0.3543,-0.1938,0.4326,-0.0042,-0.036,-0.0734,0.2526,-0.0351,-0.2698,-0.0859,-0.3438,-0.3036,-0.4813
LHFPL4,0.0522,-0.088,-0.0738,-0.0178,-0.1161,0.0588,-0.0943,-0.0316,-0.0166,-0.0442,-0.1296,0.0895,-0.0056,-0.0125,-0.1114,0.5162,-0.081,-0.047,-0.0462,-0.1058,-0.0199,0.1207,3.0078,-0.0066,0.0252,-0.0379,0.5226,-0.0425,-0.0117,-0.025,-0.0187,-0.0184
SLC41A1,-0.0549,-0.063,-0.14,-0.0324,-0.1008,0.3764,-0.1397,0.1704,0.0283,0.1047,-0.0921,-0.2483,0.1139,0.005,0.0538,0.1662,-0.0946,-0.0737,0.0544,-0.1876,-0.2377,-0.1823,0.002,-0.055,-0.1018,-0.1435,-0.2828,-0.2764,-0.073,-0.1612,-0.0785,-0.2092
SORCS3,0.0,-0.0764,-0.0084,0.0,-0.0108,0.0,-0.0,-0.0212,-0.0112,-0.0961,-0.0067,-0.0,0.361,-0.022,0.0,0.3925,-0.0039,0.0,-0.0156,-0.0574,-0.0,0.0,0.476,-0.0,0.254,-0.005,-0.0546,-0.0,-0.0,-0.0102,-0.033,-0.0
CHRNA4,-0.0,-0.0086,-0.0033,-0.0223,-0.0189,-0.0823,-0.0037,-0.0309,-0.0252,-0.3518,-0.0315,-0.0,-0.0526,-0.0525,-0.7282,0.027,-0.0039,-0.0186,-0.0204,-0.0197,-0.0491,-0.0059,-0.019,-0.0,-0.0497,-0.0096,-0.2793,-0.0274,-0.0731,0.0048,0.0671,-0.0074
LRRC37A,0.5068,-0.0337,-0.0828,-0.0722,-0.0978,0.0318,-0.0657,-0.062,-0.0161,-0.0603,-0.045,-0.0235,-0.0177,-0.0169,-0.0061,-0.0541,-0.0973,-0.0891,-0.0795,-0.0796,-0.0772,0.0158,-0.0343,-0.1052,-0.0354,0.0006,-0.3277,-0.072,-0.0905,-0.0824,-0.1219,-0.0347
ABCA7,0.0125,-0.0475,-0.1214,-0.1562,0.3152,0.0809,-0.1534,-0.1668,0.0053,-0.2583,-0.0949,-0.1845,-0.2192,0.0381,-0.0643,-0.265,-0.2292,-0.3463,-0.151,0.0042,-0.0598,0.1739,0.1631,-0.3026,-0.0326,0.0244,0.05,0.3257,-0.249,0.2086,-0.0149,-0.2905
ESYT3,0.4663,0.0077,-0.1021,-0.0408,-0.0591,0.36,-0.0514,-0.0,0.0709,-0.0453,-0.0432,-0.0231,-0.0359,-0.006,0.0092,-0.1092,-0.3274,-0.3358,-0.1099,-0.0139,-0.0557,-0.0235,-0.0078,-0.0044,-0.0753,-0.0546,-0.1169,-0.0,-0.2263,-0.2093,-0.2239,-0.0
SLC36A4,0.3621,-0.1214,-0.2115,-0.0842,-0.1667,0.0987,-0.0554,-0.1914,0.1196,0.1643,-0.0578,-0.0541,0.1484,0.07,-0.0155,0.0809,-0.0193,-0.1325,-0.0547,-0.004,-0.2353,0.1832,0.0487,-0.139,0.3149,0.0982,-0.0968,-0.1673,-0.1616,-0.2292,-0.2216,-0.2133
CDHR5,0.3991,-0.1611,-0.0279,-0.0057,-0.043,-0.5364,0.024,-0.0,0.2267,-0.0,-0.0,-0.0,0.3756,0.0676,0.0153,-0.0002,-0.0231,-0.0013,-0.0,-0.0,-0.008,0.695,-0.0278,-0.0,-0.0079,0.7838,-0.127,-0.0,-0.0011,-0.0397,-0.0333,-0.0109
SLC5A9,0.0204,-0.0064,-0.0048,-0.01,-0.0261,0.1754,-0.2357,-0.0,-0.0408,0.0023,-0.0015,-0.0162,0.1455,-0.0626,-0.0463,0.0019,-0.1145,-0.0459,-0.0577,-0.0,-0.0074,-0.1106,-0.0027,-0.0029,-0.0002,-0.0533,-0.1909,-0.0,-0.0025,-0.0336,-0.036,-0.0
GABRG1,-0.0085,0.0,-0.0,-0.0,-0.0,0.0,-0.0,-0.0,-0.0073,-0.4158,-0.0,-0.0201,0.0099,-0.0,-0.0036,-0.1482,0.0,0.0,0.0,-0.015,-0.0181,0.0,0.0,-0.0053,0.0,-0.0,-0.0,-0.0,-0.0,-0.0,-0.0,-0.0
SUSD5,0.0033,-0.001,-0.0535,-0.044,-0.087,0.0815,-0.0196,-0.0114,-0.027,-0.1268,-0.0441,0.0314,0.0475,-0.0063,-0.0036,0.2683,-0.0442,-0.0451,-0.0702,-0.0221,-0.0795,0.2018,0.215,-0.0208,0.1363,-0.0193,0.034,-0.0062,-0.072,-0.0991,-0.1129,0.1044
PCDHGA9,0.1968,-0.0581,-0.0366,-0.0577,-0.0396,0.0934,-0.0182,0.0046,-0.0125,-0.0538,-0.0432,0.0008,0.1973,-0.0047,-0.0018,-0.0245,-0.0494,-0.0612,-0.0629,-0.0163,-0.0986,0.1472,-0.0131,-0.0229,0.0479,0.125,-0.0118,-0.0973,-0.0511,-0.0642,-0.0959,-0.0612
CDH18,-0.0106,-0.0271,-0.1793,0.0773,-0.0241,0.0,-0.0,0.0,-0.1511,-0.4386,0.0,-0.0088,-0.019,-0.0114,0.0,0.0054,0.1223,0.2102,-0.0955,0.0226,0.1898,0.0,3.566,-0.0031,0.6495,-0.0305,-0.4155,-0.0,0.0,0.6755,0.7475,-0.0227
PCDHB5,0.004,0.3239,-0.1407,-0.0712,-0.0378,0.2663,-0.0105,0.0,-0.0601,-0.0237,-0.081,-0.0288,0.0385,0.132,0.0147,0.198,-0.0883,-0.079,0.0439,-0.086,-0.0727,-0.0388,0.1494,0.2089,0.125,0.0064,-0.2017,-0.1308,0.0261,-0.1266,-0.1634,-0.1064
GRIN2B,0.0,0.0,0.0,-0.0031,-0.0059,0.0,1.3302,0.0,0.0,-0.0875,-0.0,-0.0,0.0028,-0.0025,0.0,-0.187,-0.0068,-0.0072,0.0,0.0,0.0,0.0,0.0,-0.0,0.0,0.0212,-0.0973,-0.0,-0.0,0.0,0.0878,0.0
ACHE,-0.0821,-0.0076,-0.0464,-0.0788,-0.1795,0.224,-0.158,0.3127,0.0243,-0.239,-0.1047,-0.111,-0.0733,0.2012,-0.0297,-0.1832,-0.0049,-0.1611,-0.0086,-0.08,-0.1356,0.4149,0.6999,-0.2471,-0.3949,0.4282,-0.1107,0.4122,-0.0967,-0.1027,-0.1441,-0.125
GPR35,0.3623,-0.0194,-0.0892,-0.1062,-0.2185,0.8822,0.33,-0.2364,0.0602,-0.0039,-0.1289,-0.0293,-0.0438,0.0012,-0.0033,-0.0635,-0.067,-0.1692,-0.0905,-0.1038,-0.25,0.8918,-0.0106,-0.1949,0.0755,0.4211,-0.3007,0.0463,-0.0983,-0.0921,-0.1387,-0.0528
MAG,-0.0242,-0.0426,-0.0086,0.0562,-0.0226,-0.0076,-0.0,0.0095,-0.0043,-0.2598,-0.0034,0.5963,-0.0525,0.0379,-0.0,0.0642,-0.0266,-0.0165,0.0309,-0.0204,-0.529,-0.0011,-0.1563,-0.0127,-0.0317,-0.0054,-0.1079,-0.0103,0.235,-0.0346,0.0716,-0.0046
GPC1,0.3489,-0.0411,0.0666,-0.0058,0.0152,0.1791,-0.1208,0.0806,0.109,0.2586,0.2647,0.0775,-0.0303,0.1409,-0.0102,0.0883,-0.0945,0.398,-0.3935,0.0709,-0.1091,0.3909,-0.2668,-0.2711,-0.069,0.1736,-0.3397,0.0333,-0.1126,-0.1039,0.0623,-0.0862
NOTCH1,0.2378,-0.1522,-0.2225,-0.2147,-0.0668,0.1202,0.0095,-0.2478,0.1195,0.3791,-0.0282,-0.1737,0.067,-0.148,-0.0863,0.5052,-0.3391,-0.2181,-0.156,-0.2558,-0.0547,0.0733,-0.0117,-0.2899,0.3422,0.3493,0.0945,0.0876,-0.2678,-0.254,-0.1655,-0.3153
PKD1L2,-0.0,-0.1094,-0.1281,-0.1791,-0.1044,0.0186,-0.0062,0.0,-0.1019,-0.0584,-0.0573,0.0673,0.0295,0.1545,-0.0867,-0.0352,-0.0455,-0.0632,-0.1384,0.0399,-0.1065,0.0539,-0.0,-0.0,-0.0829,-0.0275,0.0783,-0.0343,-0.1342,-0.0924,-0.0428,-0.0484
PTGFR,0.0491,-0.1476,-0.1141,-0.1248,-0.0333,0.5623,-0.05,0.0492,-0.0549,-0.0103,-0.0579,-0.1765,-0.053,-0.0541,-0.0339,0.0125,-0.0681,-0.0408,-0.1056,-0.0816,-0.0249,0.0372,0.0842,-0.0705,0.3607,0.0088,-0.0475,-0.0207,-0.0019,-0.0645,-0.31,-0.0
PCDH10,-0.0754,-0.0401,-0.0691,-0.0138,-0.0188,0.0,-0.0,-0.0,-0.0397,0.2087,-0.0426,-0.0079,0.3266,0.0684,-0.0021,0.2863,-0.0098,-0.0303,-0.004,0.0023,-0.1071,0.0342,0.3539,-0.2074,0.3357,-0.0238,-0.1733,-0.0087,-0.0102,-0.0871,0.1301,-0.0304
SLC23A2,0.4051,-0.1991,-0.2051,-0.1385,-0.2778,-0.2648,-0.232,0.0058,0.06,-0.0041,-0.196,0.1359,0.2014,0.0698,-0.2019,0.154,-0.1981,-0.1616,0.2367,-0.1496,-0.4212,0.1302,-0.2105,-0.101,0.3894,0.0087,0.1084,-0.1922,-0.1384,-0.3916,-0.2978,-0.0028
TSPAN4,0.1652,-0.1729,-0.3544,-0.2543,-0.4354,0.3875,-0.2899,0.2244,-0.3838,0.325,-0.2152,-0.1888,0.2939,0.2914,0.244,0.1386,-0.1873,-0.4259,0.1407,0.2727,-0.2843,0.307,-0.0903,-0.2398,0.4859,0.0392,0.0263,-0.0364,-0.055,-0.3909,-0.1894,0.3182
PCDHGA12,0.2847,-0.1722,-0.0345,-0.0465,-0.0104,0.172,-0.0264,0.0846,-0.058,-0.1059,-0.0634,-0.0021,0.1158,-0.0118,-0.0141,-0.0854,-0.1256,-0.0966,0.0615,0.213,-0.0993,0.2425,-0.1846,-0.0184,0.0269,0.1474,0.1133,-0.0197,-0.0439,-0.0186,-0.0153,0.0177
GFRA2,0.1467,-0.0267,-0.0417,-0.0392,-0.0466,-0.0018,-0.0356,-0.0808,-0.0359,-0.0045,-0.0442,-0.0036,0.1465,-0.0057,0.0368,0.1594,-0.043,-0.0338,-0.0404,-0.0531,-0.1017,0.0647,0.8457,-0.0236,0.2446,-0.0381,-0.3501,0.0134,-0.1665,-0.0776,0.0226,-0.0255
SERINC1,0.0921,0.002,-0.2254,-0.012,-0.2577,0.1577,-0.0893,-0.2283,-0.0296,-0.0406,-0.0909,0.094,0.3022,0.1892,0.0769,0.0906,-0.1242,-0.1791,-0.0282,0.0182,-0.2954,0.3218,0.2067,0.0696,0.1046,0.0586,-0.0405,-0.1618,0.0371,-0.3,-0.2242,-0.1457
PCDHB15,0.0221,-0.0204,-0.1386,-0.0786,-0.0618,0.0998,-0.0515,-0.0,-0.1192,-0.0362,-0.0715,-0.0224,0.1789,-0.0222,-0.0063,0.0118,-0.1479,-0.1198,0.0007,-0.1206,-0.1638,0.0445,0.1038,-0.0963,0.1633,-0.0246,-0.215,-0.1211,-0.1483,-0.1189,-0.1994,-0.1275
SCN3B,0.0196,-0.0528,-0.0113,-0.0312,-0.0366,0.0701,-0.0121,0.0,-0.0601,-0.3029,-0.0468,-0.0104,0.0211,0.0062,-0.0009,0.0559,-0.0172,-0.0407,-0.013,-0.0356,-0.0838,0.0101,0.9968,-0.011,-0.1724,-0.0151,-0.1107,-0.0155,-0.1737,-0.0276,-0.0921,-0.0254
ZFYVE27,0.0827,0.0035,-0.1488,-0.1033,-0.1756,0.1322,-0.1184,-0.1122,-0.0499,-0.1351,-0.2208,-0.1064,-0.0637,-0.0171,-0.0703,-0.0064,-0.1491,-0.1919,-0.053,-0.1099,-0.2663,0.1807,0.1545,-0.1886,0.1161,-0.0576,-0.2678,-0.1024,-0.135,-0.1631,-0.2254,-0.089
MFSD8,0.3233,-0.0865,-0.2124,-0.0922,-0.1754,0.0342,-0.1535,-0.0604,-0.0332,0.1042,-0.1722,0.0316,0.0951,0.0325,-0.0828,0.0855,-0.0887,-0.1157,-0.1877,-0.2078,-0.2932,0.0064,-0.0404,-0.1605,0.1084,-0.069,-0.1713,-0.0538,-0.1731,-0.268,-0.3503,-0.3105
RHCG,-0.0539,0.1122,0.1272,-0.0705,0.7352,-0.0238,0.0466,-0.0,0.3953,-0.088,1.2413,0.8554,-0.1868,-0.1996,-0.0492,-0.0669,-0.0359,0.7551,-0.2415,-0.0149,-0.0373,-0.0426,-0.0289,-0.099,-0.0272,-0.0404,-0.0635,-0.0463,-0.0051,-0.0297,0.0266,0.0203
PTGER3,-0.0713,-0.1457,-0.1831,-0.2289,-0.0983,0.0396,-0.1814,0.0159,-0.1043,-0.0063,-0.1313,0.4353,-0.1655,-0.1816,0.0114,0.004,-0.0455,-0.05,-0.1881,0.0275,-0.0333,0.0429,0.3749,-0.0914,0.5376,-0.3211,-0.0853,-0.1306,-0.027,-0.401,-0.3764,-0.0
LRRC24,0.4282,-0.0689,-0.1271,-0.1027,-0.1033,-0.0132,-0.0272,-0.0072,-0.093,-0.1468,-0.0641,-0.0512,-0.0473,-0.0238,-0.0424,-0.0627,-0.0866,-0.0958,-0.0306,-0.0849,-0.2061,-0.0239,0.2982,-0.234,0.0791,-0.046,-0.1328,-0.0811,-0.1342,-0.1876,-0.2428,-0.0871
SSTR1,0.0,-0.0074,-0.041,-0.0105,-0.0869,-0.1332,-0.0235,-0.0,-0.0299,-0.0824,-0.0,-0.0341,0.0808,0.0081,-0.1102,0.1435,-0.1588,-0.0742,-0.0065,0.0379,-0.0114,0.1713,0.4314,0.2151,-0.0261,-0.1359,0.0225,-0.0141,-0.0013,-0.1093,-0.0619,-0.0
DCHS1,0.2972,-0.0907,-0.4007,-0.1829,-0.3667,0.1687,-0.2645,-0.0639,-0.1592,0.3093,-0.2193,-0.1199,0.1581,-0.1212,0.0133,0.2087,-0.2952,-0.3092,0.0101,-0.1117,-0.3765,0.2654,0.1001,-0.2512,0.6987,0.0613,0.0827,-0.2313,-0.1874,-0.5203,-0.3239,-0.2186
ATP2B2,0.0071,0.2303,-0.0098,-0.0133,-0.0327,-0.4132,-0.0023,-0.0,-0.0096,-0.5188,-0.0134,1.2929,0.6635,0.1933,-0.0463,-0.1904,-0.0013,-0.004,-0.0176,-0.0,0.2571,-0.0013,0.2264,-0.0,-0.181,-0.001,-0.0432,-0.0416,-0.0043,-0.1586,-0.1231,-0.0124
IGSF11,-0.0121,-0.2655,-0.0202,-0.004,-0.0473,0.11,-0.0024,0.0009,-0.1457,0.2303,-0.0304,-0.0592,-0.0354,-0.0488,-0.0031,0.2584,-0.0014,0.558,0.8348,-0.0323,-0.1323,-0.0645,-0.2039,-0.0019,-0.0988,-0.0152,-0.2588,0.136,-0.0122,-0.01,0.028,0.7751
EDA,0.0061,0.2806,-0.1191,-0.0927,-0.1621,0.3615,-0.057,-0.0,-0.0809,0.0281,-0.107,0.2706,0.135,0.0869,0.0082,0.1101,-0.1488,-0.137,-0.1381,0.0749,-0.1742,-0.056,-0.189,-0.051,0.3366,-0.0989,0.1067,0.072,-0.066,-0.063,-0.0155,-0.0539
ADRA1B,0.0,-0.0439,-0.0261,-0.0639,-0.0388,-0.1604,-0.0073,-0.0108,-0.0276,0.0083,-0.0429,-0.0374,0.3769,-0.08,-0.2,0.1133,-0.1564,-0.071,-0.0444,-0.0337,-0.1023,0.0565,-0.0642,-0.0035,0.3073,-0.0162,-0.0105,-0.0061,0.0778,-0.0907,-0.0448,-0.0124
ANPEP,0.3406,-0.2298,-0.323,-0.4341,-0.1786,0.1571,-0.6301,-0.4961,0.125,0.2893,-0.136,-0.4121,0.0747,0.0815,0.0438,-0.0053,-0.4551,-0.5184,-0.5461,-0.0112,0.3243,-0.5245,-0.2921,0.0289,0.5662,0.4455,0.1603,-0.3467,-0.3262,0.1617,0.2467,-0.3018
PTPRD,0.1391,-0.0729,-0.1052,-0.0073,-0.1172,-0.0526,0.1045,-0.0,-0.0675,-0.1928,-0.1168,0.0105,-0.0013,0.3597,-0.1134,0.1057,-0.226,-0.2375,-0.0508,-0.1048,-0.226,0.0883,0.0903,-0.1054,0.485,-0.0283,-0.1108,-0.0846,-0.197,-0.2035,0.0749,-0.0278
BST1,0.6236,-0.1066,-0.2168,-0.1825,-0.3072,0.2493,-0.1729,-0.3683,-0.1076,0.428,-0.2001,-0.1129,0.1797,0.0539,-0.0562,0.1059,-0.2574,-0.3186,0.0486,0.2352,-0.0569,0.7374,-0.0286,-0.1469,0.585,0.2217,0.3966,-0.1813,-0.2027,-0.2192,-0.1957,-0.1611
HEPACAM,0.0,-0.0,-0.0093,-0.0494,-0.0074,-0.0,-0.0061,0.0,-0.0243,0.4221,-0.0112,-0.0,-0.0025,-0.0058,-0.3083,0.477,-0.0,-0.0178,-0.0111,-0.0084,-0.0016,0.0009,-0.0031,-0.0,-0.0236,-0.0068,-0.0186,-0.0,-0.0,-0.0,-0.0,-0.0243
SLC6A1,0.002,0.0223,-0.0183,-0.0177,-0.003,-0.3784,-0.0067,-0.0,-0.0414,-0.2214,-0.0147,-0.0063,0.2865,-0.0197,0.0859,0.0748,-0.0641,-0.0377,-0.0134,-0.0383,-0.0135,0.0851,0.1517,-0.0074,-0.033,0.0109,-0.108,0.2254,-0.0174,-0.0212,-0.0105,-0.0616
SLITRK3,0.0,-0.0118,-0.0336,-0.0032,-0.0278,-0.0,-0.011,0.0,-0.1087,0.292,-0.007,0.0,0.0,0.0,-0.14,0.4123,-0.0043,-0.0264,-0.0103,-0.0075,-0.0042,0.0472,0.0,0.0009,0.0597,-0.0137,-0.1426,-0.0,-0.002,-0.0164,-0.1202,-0.0226
PCDHGA2,0.0337,0.0366,-0.0297,-0.0957,-0.0069,0.0966,-0.005,0.0,-0.0303,-0.0555,-0.0213,-0.0092,0.0853,0.049,0.0175,0.0813,-0.1015,-0.0447,-0.0628,-0.0568,-0.1611,0.0628,0.1313,0.0157,0.0305,0.0205,-0.0528,-0.0612,0.0035,-0.0255,-0.0127,-0.0803
FAT4,0.0063,-0.0126,-0.0669,-0.1373,-0.0196,-0.0062,-0.12,-0.0,-0.1258,0.0218,-0.0671,-0.0214,0.3525,0.031,-0.0197,0.1357,-0.2071,-0.1408,-0.0573,-0.0488,-0.0354,0.1705,-0.0142,-0.0828,0.3455,0.0307,-0.0419,-0.0936,-0.1648,-0.0527,-0.1118,-0.0
ERBB4,0.0,-0.0,-0.0283,0.2645,-0.0516,0.0142,-0.0,-0.0124,-0.0047,-0.1767,-0.0036,0.0417,-0.0565,-0.0812,-0.0083,0.1583,-0.0247,-0.0109,-0.0189,-0.0145,0.5187,-0.0,0.1244,0.0,-0.0094,-0.0087,-0.1749,0.0091,-0.072,0.5071,0.2642,-0.0095
GALR1,0.0,0.0,-0.0,-0.0024,-0.0,0.0,-0.0,0.0,-0.0,0.4736,-0.0,0.222,0.0214,-0.0055,0.0,0.3113,0.0,0.0,-0.0089,-0.0,-0.0,0.0,3.9655,-0.0023,0.0246,-0.0,-0.0,-0.0,-0.0,0.0,0.0,-0.0
ADRA1A,0.0,-0.0,-0.0181,-0.0172,-0.0063,-0.2614,-0.0,-0.0,-0.0065,-0.0595,-0.0022,-0.0,0.0311,-0.0087,-0.413,0.204,-0.0327,-0.0403,-0.0109,-0.0088,-0.0042,0.0,-0.0031,-0.1694,-0.0154,-0.0094,-0.027,-0.0156,-0.0,-0.0324,-0.0363,-0.0
SLC17A9,1.2855,-0.0963,-0.1941,-0.1702,-0.2236,-0.4448,0.1254,0.0277,0.1045,0.1146,-0.233,-0.1081,-0.0085,-0.0925,-0.3439,-0.0147,-0.2013,-0.3153,-0.0825,-0.1775,-0.1763,0.4938,-0.151,-0.1131,0.2199,0.0512,0.1224,-0.1927,-0.1275,-0.1045,-0.0402,-0.2244
LRP1B,0.0046,-0.0461,-0.0167,-0.1176,-0.0143,-0.0036,-0.0021,-0.0169,-0.0253,-0.0418,-0.0049,-0.1221,-0.008,-0.0241,-0.0028,0.3311,-0.0117,-0.0031,-0.0376,-0.0141,-0.0101,0.0,-0.0847,-0.0056,-0.0829,-0.0029,-0.0479,0.0977,-0.2831,-0.0013,0.0284,-0.0
MICA,-0.0673,0.0207,-0.1484,-0.1716,-0.1541,0.2235,-0.1385,-0.1471,-0.1763,0.1274,-0.1339,-0.0297,-0.0002,-0.0268,-0.0137,-0.0691,-0.2621,-0.241,-0.0131,-0.0486,-0.3503,0.2398,-0.4404,-0.1923,0.4073,-0.0525,-0.2798,-0.2368,-0.1613,-0.3122,-0.271,-0.2698
CLSTN2,0.0499,-0.0486,-0.072,0.0643,-0.1032,0.1195,-0.0405,0.0,-0.0349,0.0976,-0.0453,-0.0271,-0.0427,0.2048,-0.0183,0.4336,-0.0358,-0.02,-0.0449,-0.0355,-0.316,0.1005,0.4315,-0.0531,0.019,0.0177,-0.0244,-0.0424,-0.0292,-0.1849,-0.1951,-0.0162
SLC26A3,-0.0,-0.0,-0.0116,-0.0823,-0.0337,-0.0257,0.0418,-0.0,-0.0996,-0.0,-0.0,0.0122,-0.0043,-0.0039,0.0,-0.0,-0.0,-0.0025,-0.0,-0.0,-0.0054,0.0,-0.0,0.0323,-0.0055,0.0824,-0.0207,-0.0,-0.012,-0.0113,-0.0352,-0.0
PCDH9,-0.0121,-0.1103,-0.0225,-0.0162,-0.026,-0.0233,-0.0033,-0.012,-0.0653,-0.0208,-0.0105,-0.0738,-0.0109,-0.0085,-0.0224,0.0909,-0.0179,-0.0339,0.0741,-0.0146,-0.0092,0.0087,0.5414,-0.0246,0.0525,-0.0642,-0.0152,0.0178,-0.0373,-0.0198,0.0406,-0.0098
TLR4,0.9102,-0.2277,-0.2245,-0.2286,-0.1439,0.0089,0.0811,-0.2524,-0.0873,0.2553,-0.1543,0.0725,0.2871,-0.0515,-0.0451,0.3153,-0.2809,-0.3254,-0.079,-0.0839,-0.1619,0.4848,-0.1142,-0.1235,0.338,0.1877,0.143,-0.167,-0.2224,-0.185,-0.1745,-0.1093
GRIA1,-0.0,-0.0205,-0.0232,-0.048,-0.0056,-0.0,-0.0,-0.0,-0.0044,-0.1023,-0.0174,-0.01,0.0002,-0.0,-0.0,0.2343,-0.1794,-0.0629,-0.0611,-0.0106,-0.0021,-0.0013,0.0211,-0.0,0.0,-0.0046,-0.173,-0.0226,-0.0,-0.0092,-0.0263,-0.0451
AMIGO1,0.1427,-0.2049,-0.2059,0.0243,-0.163,0.1157,-0.1631,-0.0344,-0.1135,-0.11,-0.15,0.0344,0.297,0.1523,0.0094,-0.0211,-0.0639,-0.1126,-0.0033,-0.1428,-0.1692,0.0044,0.0041,0.0599,-0.2122,-0.0172,-0.1183,-0.1357,0.0231,-0.233,-0.1739,-0.1089
SEMA6B,-0.0829,0.0371,-0.1522,-0.2532,-0.3166,0.3116,-0.1342,-0.0798,-0.0367,-0.3368,-0.0608,-0.0481,0.1979,-0.2104,0.1952,-0.031,-0.2425,-0.2837,0.207,-0.0257,-0.2167,0.4208,-0.2121,-0.1968,0.4045,0.0942,0.379,-0.2075,-0.1962,-0.3527,-0.0528,-0.2254
GABRA1,-0.0058,-0.0,0.0,0.0,0.0,0.0,-0.0,-0.0,0.0,-1.0454,0.0,0.0,0.0,0.0,0.0,-0.8603,-0.0079,-0.0374,0.0,0.0711,0.0,0.0113,0.8693,-0.0186,-0.0317,-0.0,-0.0,1.1231,0.0,0.0,0.0,0.0506
C1orf159,0.0114,-0.0486,-0.0171,-0.1447,-0.0496,0.1112,-0.0653,-0.0961,0.0042,-0.0892,-0.1119,-0.2532,-0.1692,-0.0336,-0.101,-0.1535,-0.1377,-0.124,-0.1386,-0.1083,-0.0352,0.1725,-0.0426,-0.2588,0.3559,0.0048,-0.4977,-0.1301,-0.3183,-0.0327,-0.0321,-0.1878
MDGA1,0.2807,0.0944,-0.0935,-0.0308,-0.1955,0.2433,-0.1164,-0.0923,-0.0809,0.0993,-0.0062,-0.0179,0.1191,-0.004,0.0441,0.1478,-0.1712,-0.0344,-0.0638,0.0423,-0.2077,0.4234,0.4217,-0.119,0.568,-0.0202,-0.1178,-0.1294,-0.0894,-0.2422,-0.2429,-0.1171
CLCA4,-0.0,-0.0,-0.588,-0.0258,0.6118,-0.0,-0.3193,-0.0,0.1213,-0.121,0.8264,-0.0,-0.0,-0.0091,-0.0,-0.1111,-0.0094,0.5011,-0.1383,-0.0,-0.0086,0.0104,-0.0,-0.095,-0.0,0.0,-0.0494,-0.0142,-0.0,-0.0266,-0.058,-0.0
NPR3,1.1889,0.2001,-0.0554,-0.0202,-0.1978,0.1135,-0.0923,-0.0,0.0205,0.0173,-0.0969,-0.0486,0.3751,-0.0222,-0.0525,0.0076,-0.2544,-0.1899,-0.0844,-0.0269,-0.0513,0.6721,-0.1094,0.051,-0.0136,-0.0085,-0.0971,-0.1298,-0.2368,-0.1082,-0.0906,-0.0264
LILRB3,0.2153,-0.2158,-0.1385,-0.1884,-0.0867,-0.1487,-0.1919,-0.7732,-0.1114,0.3033,-0.1222,-0.1209,0.0977,-0.0187,-0.1974,-0.0119,-0.5868,-0.6471,0.2212,0.0694,-0.0966,0.2977,-0.2365,-0.1446,0.174,0.0992,0.1487,-0.1573,-0.189,-0.1336,-0.1239,-0.1262
ADAM23,0.0138,-0.0657,0.0037,0.0042,-0.1081,0.0675,-0.0922,0.0075,-0.0158,0.0338,0.3388,-0.0077,0.0416,-0.0112,0.0413,0.0091,-0.0432,0.6879,0.4149,-0.0304,-0.0636,0.5252,0.1428,-0.0571,0.1124,0.0274,0.0735,-0.1408,-0.0252,-0.144,0.2044,0.5325
GABRA2,0.0008,-0.0028,-0.017,-0.0456,-0.0285,0.0,-0.0962,-0.0,-0.0238,-0.4214,-0.0163,-0.0694,-0.0519,-0.1365,-0.0698,-0.3567,-0.026,-0.0321,-0.0419,0.0272,-0.0165,0.1056,0.0261,-0.007,-0.0484,0.0738,-0.0252,-0.0208,-0.0,-0.0424,0.0769,-0.0218
IL17RC,0.2044,-0.1702,-0.1992,-0.0702,-0.198,-0.2102,-0.26,-0.0307,-0.2563,0.226,-0.2155,-0.0278,-0.053,0.0441,-0.1003,0.0574,-0.0338,-0.1441,-0.1262,-0.1987,-0.2653,0.1385,-0.0652,-0.0776,0.0758,-0.1169,-0.214,-0.3365,-0.1179,-0.2533,-0.2849,-0.187
PCDHGB6,0.1868,-0.1363,-0.0491,-0.1044,-0.0115,0.1212,-0.0631,0.0056,-0.065,-0.0614,-0.0696,0.012,0.1502,0.0,-0.0232,0.009,-0.0962,-0.056,-0.0781,-0.0785,-0.1925,0.0875,0.0203,-0.042,-0.0054,0.0755,0.0152,-0.098,-0.0222,-0.0916,-0.129,-0.1033
GRIA3,-0.0302,-0.1242,-0.0158,-0.0491,-0.0102,-0.0644,-0.0091,0.0241,-0.0066,0.076,-0.0384,-0.0317,0.0036,-0.0397,-0.1149,0.2828,-0.0023,-0.0108,-0.0282,-0.0327,-0.0225,0.0544,-0.3062,-0.0902,0.4205,-0.0072,-0.0694,-0.048,-0.0237,-0.0522,-0.1215,-0.0283
TMPRSS11B,-0.0,-0.0,-0.0343,-0.0,-0.1557,-0.0,-0.0,-0.0,-0.2545,-0.0,0.2926,-0.0,-0.0,-0.0,-0.0,-0.0,-0.0,0.0387,-0.0655,-0.0,-0.0055,-0.0,-0.0,-0.004,-0.0,-0.0625,-0.0548,-0.0,-0.0,-0.0113,-0.0,-0.0
AXL,-0.0381,-0.3613,-0.4515,-0.1349,-0.4473,0.4261,-0.3159,0.1234,-0.2522,0.2581,-0.1485,-0.1474,0.4883,0.3283,0.057,0.2461,-0.1679,-0.2429,-0.3038,-0.0374,-0.2454,0.6904,-0.2079,-0.2161,0.617,0.1676,-0.3213,-0.2056,-0.1311,-0.5514,-0.3163,-0.4443
GRID1,-0.0215,0.018,-0.0249,-0.1844,-0.091,0.9771,-0.0258,0.0717,-0.03,-0.0606,-0.057,-0.0047,0.1342,-0.0144,0.0421,0.1886,-0.0702,-0.0562,-0.0761,-0.0369,-0.1327,0.3789,0.7079,-0.0804,0.258,0.0281,-0.122,-0.0706,0.0156,-0.0772,-0.1698,0.2354
ANO2,0.0304,0.0046,-0.0483,-0.2189,-0.0776,0.0014,-0.0128,-0.0,-0.0799,-0.0554,-0.0531,-0.0057,0.1449,-0.018,0.0054,-0.0405,-0.0626,-0.1188,-0.0321,-0.0813,-0.0724,0.003,0.0943,-0.0545,-0.0405,-0.0289,-0.3632,-0.0258,-0.0875,-0.1221,-0.1739,-0.0531
EVC2,-0.0343,-0.0325,-0.2096,-0.1714,-0.2444,0.6246,-0.0526,0.2338,-0.1558,0.2723,-0.0818,-0.0335,0.0983,0.1849,-0.0093,-0.0162,-0.0718,-0.083,-0.087,0.0695,-0.2502,0.178,-0.0143,-0.1509,0.5828,-0.0309,0.0693,0.0193,-0.1245,-0.2463,-0.1916,-0.0781
SHISA6,0.0,-0.0352,-0.0443,-0.0479,-0.0958,0.0747,-0.0384,-0.0,-0.0794,-0.1656,-0.0466,-0.0289,-0.0079,-0.0691,0.0019,-0.0167,-0.0058,0.0168,-0.0038,-0.057,-0.0085,0.1102,-0.0267,0.0344,-0.0698,-0.0647,-0.1804,-0.017,0.1629,-0.1225,-0.0794,-0.0
SLC1A3,0.7055,0.0429,-0.1426,-0.2111,0.083,0.26,-0.1164,0.2401,0.0396,0.2037,0.0637,-0.0043,0.5798,0.3437,0.2269,0.2077,-0.2838,-0.1251,-0.0703,0.1465,0.0611,0.3282,-0.3216,-0.1184,-0.0301,0.1876,0.3914,-0.2149,-0.1789,0.1364,0.2999,-0.2084
KCNJ3,-0.0045,-0.0,-0.0143,0.3301,-0.0202,-0.0541,-0.0639,-0.0273,0.0,-0.1948,-0.0033,-0.286,0.3199,-0.0123,0.0158,-0.1717,-0.005,-0.0199,-0.0019,-0.0051,-0.0055,0.0499,0.3547,-0.0881,-0.0106,0.1911,-0.0454,-0.0,-0.0059,-0.0255,0.0338,-0.0217
SGCD,-0.0,0.0034,-0.1393,0.0843,-0.1204,0.0404,-0.0817,0.0086,-0.191,-0.0558,-0.119,-0.0066,0.0257,0.0741,-0.0172,0.2763,-0.1981,-0.1971,0.614,-0.0363,-0.1704,0.6722,-0.142,-0.0375,-0.054,0.1713,-0.0855,-0.0386,-0.154,-0.183,-0.0245,0.6284
GFRA3,-0.0054,-0.0638,-0.1571,-0.0646,-0.1604,0.0039,-0.0585,0.043,-0.1956,0.0104,-0.061,-0.0,-0.0097,-0.0021,-0.023,-0.0003,0.4551,0.2404,-0.1696,-0.0546,-0.0718,0.0365,0.6048,-0.1195,0.0104,-0.1596,-0.1551,-0.0671,-0.0029,0.055,0.238,-0.0602
OXER1,1.0153,-0.0524,-0.1892,-0.0731,-0.1438,-0.2891,-0.1563,-0.1737,-0.0645,0.006,-0.0893,-0.1337,0.0284,0.1167,-0.1343,0.0046,-0.0789,-0.0865,-0.0981,-0.0749,-0.0864,-0.0993,-0.0202,-0.2187,0.4314,0.0006,0.1225,0.1189,-0.0735,-0.1458,-0.0708,-0.1216
FLT3LG,0.0521,-0.0643,-0.1609,-0.2517,-0.2052,0.19,-0.3225,0.0266,-0.2072,0.3454,-0.1211,-0.066,0.0852,0.0822,0.0824,0.2595,-0.1784,-0.1913,-0.1901,-0.131,-0.3028,0.4266,0.0213,-0.3089,0.4378,0.0772,0.0921,0.2181,-0.1554,-0.4191,-0.3999,-0.3472
SCARF2,0.1192,-0.1909,-0.3233,-0.1721,-0.5219,0.2585,-0.1743,-0.0364,-0.0681,0.3588,-0.2352,-0.2037,-0.0904,-0.1455,-0.0547,0.3056,-0.4369,-0.4598,0.0593,0.214,-0.2244,0.4881,-0.1699,-0.3101,0.6783,0.2799,-0.083,-0.3106,-0.3564,-0.4138,-0.0593,0.3629
SLC1A7,-0.0043,-0.0086,-0.1352,-0.0639,-0.029,0.0118,-0.1582,-0.0107,-0.1087,-0.0296,-0.0137,-0.0,-0.0045,-0.0143,-0.0426,0.0579,-0.1153,-0.0376,-0.0047,-0.0778,-0.014,0.1562,-0.0,-0.022,0.0315,-0.0472,-0.056,-0.0136,-0.0111,-0.0177,-0.0287,-0.0976
BTN2A3P,0.1609,-0.2022,-0.1344,-0.1612,-0.1735,0.0555,-0.132,-0.0761,-0.0528,0.3197,-0.1369,-0.026,0.071,0.0053,-0.0084,0.0594,-0.1629,-0.1689,-0.0107,-0.1116,-0.1271,0.2335,-0.0721,-0.0988,0.4187,0.0452,-0.0698,-0.1278,-0.1373,-0.2501,-0.2466,-0.1352
ADRB2,0.8944,-0.0092,-0.0893,-0.2498,0.0208,-0.0668,-0.015,-0.0898,-0.1314,0.0505,0.2445,0.4311,0.105,0.176,-0.0461,0.2142,-0.2851,-0.2835,-0.1679,-0.081,-0.0075,0.0876,0.0143,0.2977,-0.0785,-0.0673,0.0014,-0.0764,-0.0295,-0.0467,-0.0674,0.0216
ART3,-0.0101,-0.0022,-0.0564,-0.0658,-0.0923,-0.0033,-0.077,-0.008,-0.0773,-0.0814,-0.067,-0.0111,-0.0011,-0.0081,-0.0052,-0.1467,-0.0116,-0.0258,0.037,-0.0302,-0.0052,-0.1061,0.0425,-0.0613,-0.27,-0.0192,-0.1928,-0.0175,-0.0029,-0.0551,-0.0497,-0.0166
ITGA1,0.0571,-0.0577,-0.5396,-0.1612,-0.2648,-0.0995,-0.2266,-0.1715,-0.3178,0.3262,-0.247,0.0261,0.3769,-0.1519,-0.0048,0.0854,-0.3751,-0.5512,-0.0346,-0.2443,-0.2508,0.5717,-0.1599,-0.2606,0.2808,0.2103,0.1055,-0.3552,-0.2985,-0.4479,-0.4508,-0.1348
PLXNA4,0.0833,-0.039,-0.046,-0.193,-0.0492,0.0333,-0.0281,-0.0,-0.0552,0.1425,-0.0411,-0.0133,-0.0088,-0.022,-0.0124,0.2127,-0.0492,-0.0453,-0.0752,0.2062,-0.1213,0.0696,0.2624,-0.0049,0.4183,0.0257,-0.0801,-0.0213,0.174,-0.1161,-0.0362,-0.0085
P2RX6,-0.0154,-0.2018,-0.1043,-0.0172,-0.0244,-0.0,-0.0118,-0.0,-0.0165,-0.1298,-0.0496,-0.0362,-0.0143,-0.0318,-0.0219,0.1684,-0.0315,-0.0506,0.3207,0.2566,-0.0328,0.016,0.3308,-0.0282,-0.3869,-0.0117,-0.1689,-0.0143,-0.0008,-0.0035,-0.0568,0.3063
CDH13,0.0369,0.3598,-0.1433,-0.1725,-0.5202,0.6296,0.1369,0.2479,0.2144,0.2108,0.3714,0.1235,0.7194,-0.1187,0.5506,0.4403,-0.4987,-0.296,-0.544,-0.0977,-0.1928,0.7412,0.5625,-0.0491,0.062,0.4977,-0.0989,-0.0955,0.2129,-0.6579,-0.6469,-0.2201
IL1R1,-0.1377,-0.2459,-0.2602,-0.3271,-0.3621,0.0174,-0.3366,-0.202,-0.0815,0.119,-0.1375,-0.3858,0.0158,-0.0374,-0.0518,-0.0077,-0.2656,-0.3911,-0.5167,0.1245,-0.0243,0.3559,-0.5437,0.0026,0.2935,-0.0497,-0.2174,-0.2625,-0.2371,-0.1034,-0.2125,-0.3872
GPRC5B,-0.0127,-0.1031,-0.3317,-0.2219,-0.371,0.6765,-0.2831,0.4355,-0.0826,-0.0057,-0.2924,0.3228,0.0457,-0.2232,0.2055,0.189,-0.164,0.0139,0.4022,0.0607,0.1361,0.2015,-0.0346,-0.2374,-0.1385,-0.0654,-0.2135,-0.252,0.1535,-0.0784,0.0062,0.5478
SLC12A6,0.4712,-0.1942,-0.1906,-0.1612,-0.0325,0.1779,-0.2163,-0.3428,0.1479,-0.0141,0.0331,-0.0535,0.0675,0.0761,-0.0827,0.1849,-0.2357,-0.1644,-0.1641,-0.1309,-0.1558,0.2904,-0.0437,-0.0927,-0.0125,0.1191,-0.3343,-0.1086,-0.2032,-0.2917,-0.2794,-0.2967
EPOR,-0.0181,-0.0111,-0.3174,-0.3034,-0.4136,-0.0372,-0.1743,-0.3398,-0.1076,0.0315,-0.3601,-0.1806,-0.3431,-0.3332,-0.3022,0.0134,-0.2834,-0.4797,0.2058,-0.2414,-0.0972,-0.146,-0.0624,-0.3015,0.3491,-0.3736,0.0781,-0.2419,-0.4069,-0.0515,-0.0999,-0.0981
ENG,0.6942,-0.2259,-0.189,-0.2494,-0.3719,0.2484,-0.1564,0.0423,-0.0644,0.348,-0.2702,-0.3011,0.1078,-0.3187,0.0217,0.118,-0.4044,-0.5379,0.0365,-0.1552,-0.4377,0.3652,-0.0023,-0.2636,0.3018,0.1105,-0.3385,-0.2732,-0.2236,-0.3374,-0.3162,-0.1286
CNTN1,0.0462,-0.1281,-0.438,-0.0494,-0.2241,0.0396,-0.0486,-0.0,-0.1517,-0.0723,0.2515,-0.0321,-0.1132,-0.0574,-0.0537,0.2837,-0.0647,0.2914,-0.145,-0.0993,-0.1874,0.563,1.0721,-0.0661,0.0976,-0.0236,-0.2598,-0.1297,-0.0483,-0.1245,-0.1171,-0.0968
SLC6A15,0.0,-0.0134,-0.1157,-0.0605,-0.1891,0.0,-0.0143,-0.0,0.0632,-0.2724,0.6431,-0.0456,-0.0131,0.0322,0.0,-0.3007,-0.0322,0.6542,0.7608,-0.0497,-0.0232,0.0113,0.4356,0.0,0.1594,-0.013,-0.0623,-0.0183,-0.0077,-0.129,0.3048,1.1638
SGCB,0.1265,-0.018,-0.3698,-0.0433,-0.2757,0.4023,-0.122,0.2949,-0.1893,0.2656,-0.1658,0.0147,0.4079,0.2268,-0.0001,0.2275,-0.1682,-0.127,0.1176,-0.0779,-0.2608,0.5192,0.164,-0.1003,-0.0259,0.2106,-0.1662,-0.1822,-0.0043,-0.2233,-0.1416,-0.2826
GGT7,-0.1418,-0.1587,-0.2218,-0.173,-0.2562,0.1911,-0.1173,-0.1686,-0.1441,0.0047,-0.3228,-0.0646,-0.1146,-0.0808,-0.0517,-0.0086,-0.0932,-0.1297,0.0404,-0.3239,-0.1214,0.0548,0.0699,-0.2081,-0.1864,-0.2228,-0.1095,-0.1522,-0.2071,-0.2229,-0.1679,-0.2597
GPR17,0.0013,-0.0,-0.0129,-0.0286,-0.004,-0.0504,-0.0417,-0.0,-0.0842,-0.1589,-0.0086,-0.012,-0.0557,-0.041,-0.0176,0.4005,-0.0373,-0.0174,-0.0602,-0.0097,-0.066,-0.0099,-0.0279,-0.0213,-0.1059,-0.0588,-0.0158,-0.0,-0.0052,-0.0499,-0.1024,-0.0404
TTYH1,0.6038,-0.0362,-0.0847,-0.1702,-0.1596,0.7154,-0.06,-0.0065,-0.1693,0.0942,-0.1171,-0.0029,0.0029,0.0199,-0.036,0.1686,0.0047,0.018,-0.0761,-0.0653,-0.0418,-0.3004,0.0396,-0.1763,0.0239,0.0085,-0.4623,-0.0083,-0.0085,-0.1167,-0.0479,-0.1228
PLA2R1,0.0219,-0.1341,-0.177,-0.1718,-0.2768,0.1493,-0.1165,0.0314,0.0678,0.0054,0.027,-0.145,-0.3456,-0.3642,-0.034,-0.0218,-0.1284,0.1069,-0.2838,-0.0088,-0.4004,0.6966,-0.0353,-0.102,0.3168,0.1485,-0.0185,-0.1606,-0.6301,-0.4273,-0.3858,-0.1785
FAIM2,-0.0,-0.188,-0.1242,0.0356,-0.217,0.025,-0.009,0.2159,-0.1367,-0.2917,-0.0791,-0.0201,-0.0381,-0.0321,-0.0029,-0.0181,-0.0538,-0.0684,-0.032,-0.109,-0.2132,0.3761,1.2608,-0.2391,0.5022,0.0686,-0.5772,-0.0025,-0.0668,-0.2599,-0.1899,-0.0983
ANO5,-0.0197,-0.1325,-0.0605,-0.0341,-0.0499,-0.0556,-0.0515,-0.0072,-0.1527,-0.0811,-0.0624,0.5063,-0.0706,0.1368,-0.0271,0.064,-0.0405,-0.0268,0.0704,-0.0338,-0.0188,-0.0259,0.1956,-0.1069,-0.3731,-0.076,-0.1161,-0.0543,-0.0674,-0.0467,-0.0439,-0.0672
TMEM8B,0.0053,-0.0768,-0.3525,-0.024,-0.4643,0.2086,-0.0435,-0.0154,-0.3289,0.0472,-0.387,0.3383,-0.005,0.1204,0.0916,0.1636,-0.1607,-0.1721,-0.0875,-0.1913,-0.3066,0.2033,0.0392,-0.1559,0.153,-0.1444,-0.4624,-0.1569,-0.1498,-0.3591,-0.2853,-0.2005
SLC14A1,0.504,-0.0304,-0.3497,-0.0295,-0.026,0.1198,-0.0839,-0.0712,-0.0262,-0.1424,-0.0158,-0.0078,0.0636,-0.0808,-0.011,0.1104,-0.0901,-0.0755,-0.0491,-0.0513,-0.0266,0.1707,0.0593,-0.1865,0.0183,-0.027,-0.0026,0.2699,-0.2308,0.0139,0.1075,-0.0423
XPNPEP2,0.003,-0.0332,-0.1295,-0.0687,-0.0183,-0.0787,-0.3068,0.0636,-0.1731,0.065,-0.0585,-0.0237,-0.2686,-0.2214,0.0578,0.0154,-0.0477,-0.0447,-0.1145,-0.0575,-0.0281,0.0461,-0.0046,-0.001,0.3373,-0.024,0.146,-0.0208,-0.0141,-0.027,-0.1094,-0.0
PTPRS,-0.046,-0.1256,-0.3962,-0.2444,-0.3083,0.3106,-0.3813,-0.0336,-0.1101,0.1504,-0.1818,-0.2661,0.102,0.066,-0.1647,0.2599,-0.3354,-0.101,0.0256,-0.0373,-0.1419,-0.0632,0.0212,-0.1263,0.2853,-0.1613,0.0244,-0.2203,-0.2488,-0.2005,-0.1901,-0.0373
TRABD2B,0.0,-0.0074,-0.1378,-0.1544,-0.0737,0.252,-0.0407,0.0,-0.1245,0.0044,-0.0433,-0.2322,0.0965,0.1667,-0.0969,-0.0002,-0.0814,-0.0537,-0.0492,0.0221,-0.0554,0.1682,-0.0308,-0.1253,0.2905,0.0438,0.0126,-0.0849,-0.0475,-0.1022,0.015,-0.0191
NTNG1,0.0327,-0.0232,-0.1435,-0.0218,-0.078,0.0,-0.0123,0.1793,-0.0264,0.1098,-0.0234,-0.1516,-0.0754,-0.1586,-0.0058,-0.076,-0.1372,-0.0968,-0.1365,0.5427,0.0147,0.0494,1.1353,-0.1289,0.6347,-0.0073,0.2388,-0.0295,-0.002,-0.0503,0.3035,0.1732
ABCB1,0.3095,-0.3301,-0.184,-0.2778,-0.2718,-0.0598,-0.0508,-0.0074,-0.1467,-0.0324,-0.1688,-0.1152,0.0885,0.4669,0.1472,0.0635,-0.1629,-0.1439,0.0369,-0.1002,-0.1329,0.4388,-0.4416,-0.1524,0.2662,0.0515,-0.2058,-0.2086,-0.2207,-0.4464,-0.3399,-0.0876
SLC16A12,0.0,-0.0,-0.0245,-0.0326,-0.0434,0.0094,-0.0,0.0,-0.0077,0.0036,-0.0029,-0.154,0.2954,0.1692,0.0402,-0.0011,-0.1277,-0.0346,-0.0073,-0.0197,-0.0368,-0.2824,0.1923,-0.0053,-0.0598,-0.0053,-0.0479,-0.041,-0.1882,-0.0084,-0.0406,-0.0
BTN2A1,0.0507,-0.1336,-0.1925,-0.1467,-0.2016,0.3064,-0.1051,-0.2429,-0.1372,0.1188,-0.2245,-0.1419,0.1057,-0.0477,0.0206,0.088,-0.1876,-0.2317,0.0381,-0.0842,-0.2947,0.3275,0.0664,-0.2543,0.309,0.011,-0.1595,-0.128,-0.1723,-0.2647,-0.1951,-0.2632
NRXN1,-0.0001,-0.0,-0.0348,-0.0367,-0.0377,-0.0,-0.0154,0.0021,-0.0718,-0.1544,-0.0344,-0.0,-0.005,-0.0073,-0.0,0.2176,-0.0097,-0.0033,-0.0518,-0.0213,-0.0051,0.1001,0.5816,-0.0688,0.003,-0.0334,-0.2194,-0.0576,-0.0036,-0.0321,-0.0389,-0.014
EPHA4,0.1329,0.0471,-0.0404,-0.2438,-0.1257,0.2452,-0.1827,-0.0407,-0.0289,0.0038,0.0373,-0.0516,0.1825,0.0847,0.0105,-0.0186,0.0898,0.1315,-0.3267,-0.1003,-0.3027,0.6434,-0.0352,-0.1673,0.2093,0.033,-0.3383,0.1022,0.1769,-0.3364,-0.1267,-0.0112
NLGN1,0.036,-0.0066,-0.0653,-0.0347,-0.0397,0.3272,-0.0104,0.0147,-0.067,0.3477,-0.0261,-0.03,0.7813,0.5659,0.0,0.4931,-0.0144,0.0138,0.5468,-0.0074,-0.0771,0.0562,0.6047,-0.0359,0.2277,-0.0259,-0.163,-0.0397,-0.0048,-0.0542,-0.0639,-0.0412
GPR12,0.6168,0.2346,-0.1215,-0.0647,-0.0162,0.0,-0.0,-0.0,-0.0,-0.3672,-0.0065,0.0,0.0,0.0,0.0,-0.368,-0.0125,-0.0138,-0.1883,-0.0,0.3181,0.0074,0.0037,-0.0,-0.0066,-0.004,-0.0172,0.0,-0.0,0.0,0.0459,-0.021
CNTN4,-0.011,0.0148,-0.0716,-0.0331,-0.153,0.0578,-0.1184,0.0,-0.0825,-0.1107,-0.0839,-0.0641,0.1614,0.306,-0.0171,-0.1428,-0.1185,-0.0938,0.0064,-0.1145,-0.0785,0.2517,0.0568,-0.0942,0.3294,0.0291,-0.345,0.1123,-0.1507,-0.1588,-0.2162,-0.1048
PCDHB4,0.0084,0.0066,-0.1391,-0.1732,-0.0594,0.2689,-0.0366,0.0,-0.0621,-0.0993,-0.0637,-0.0058,0.3357,0.0609,0.008,-0.0531,-0.1067,-0.1209,-0.0537,-0.073,-0.099,-0.0121,0.2326,-0.043,0.0788,0.0518,-0.0393,-0.007,-0.053,-0.1321,-0.2198,-0.0198
MCAM,-0.1575,0.0098,-0.4763,-0.4115,-0.515,0.6577,-0.2914,0.2646,-0.3693,0.2555,-0.0503,0.167,0.6303,0.2427,0.3415,-0.0092,-0.374,-0.3906,0.4475,-0.1179,-0.2832,0.4221,0.3239,-0.286,0.3811,0.0901,0.1807,-0.3117,-0.196,-0.5648,-0.3411,0.0582
ABCC5,0.1766,-0.1589,-0.1978,0.0766,-0.0165,0.2462,-0.223,-0.2719,-0.0634,-0.1629,-0.0097,0.0593,-0.2281,-0.1115,0.0029,-0.087,-0.0907,0.3672,0.0241,-0.2479,-0.1866,0.2137,-0.0004,-0.2433,-0.4446,-0.3179,-0.1103,-0.1328,-0.4374,-0.2736,-0.1667,-0.0195
TPO,-0.062,-0.0374,-0.0612,-0.2177,-0.0082,-0.0,-0.0609,-0.0423,-0.1195,-0.0107,-0.0412,-0.0361,-0.0,-0.0135,-0.0,-0.0027,-0.0186,-0.0456,-0.0217,-0.0074,-0.0074,-0.0231,-0.0045,0.007,-0.0695,-0.0821,-0.0288,-0.0367,-0.8435,-0.0115,-0.0473,-0.0
SLC6A16,0.0865,-0.0811,-0.1124,-0.1227,-0.1175,-0.1507,-0.0108,0.0472,-0.0774,-0.0064,-0.0504,-0.0363,-0.1227,-0.002,-0.1584,-0.0125,-0.1617,-0.1071,-0.0402,-0.1446,-0.1779,-0.1015,-0.0065,-0.1575,0.0383,-0.059,-0.6298,-0.1548,-0.044,-0.2292,-0.2502,-0.18
IL6R,0.8178,-0.0421,-0.267,-0.1863,-0.2817,-0.3034,-0.3823,-0.158,-0.1188,0.2099,-0.027,-0.1956,0.2101,0.147,-0.0488,0.1943,-0.1259,-0.2718,0.1445,-0.1973,-0.0721,0.1912,-0.2005,-0.1771,-0.5125,-0.01,0.337,-0.0665,-0.1316,-0.3368,-0.3826,-0.1874
LTB4R2,0.4132,-0.1727,-0.1487,-0.1934,0.1423,0.0392,-0.1364,-0.2138,0.2802,0.0095,0.3526,-0.022,0.0394,-0.0244,-0.0547,0.0087,-0.1992,-0.0195,-0.3761,-0.1621,-0.1837,-0.0666,-0.1825,-0.1624,0.0074,-0.0516,-0.2027,0.215,-0.1447,-0.1163,-0.1063,-0.0788
SLC38A2,0.3807,-0.1933,-0.0362,-0.1027,-0.1138,-0.0858,-0.1328,-0.22,0.0495,0.1881,0.1187,0.1114,0.172,0.1015,-0.1589,0.2184,-0.2974,-0.1425,-0.3881,-0.087,-0.2488,0.1197,-0.3118,-0.1943,0.032,-0.0423,0.0631,-0.1704,-0.3363,-0.378,-0.4122,-0.5542
IL18R1,-0.1951,-0.1003,-0.2011,-0.1852,-0.1691,-0.1201,-0.1954,-0.3392,-0.0354,-0.0135,-0.1061,-0.0353,0.1152,-0.0591,-0.1321,-0.0114,-0.489,-0.5151,-0.0895,-0.1325,-0.0831,0.3387,-0.0356,-0.1247,0.0941,-0.0923,0.0207,-0.1223,-0.0974,-0.1432,-0.1353,-0.0
GPR155,0.1855,-0.1316,-0.1824,0.0028,-0.1149,-0.0457,-0.1884,-0.1241,-0.1449,-0.0455,-0.0688,0.0645,0.0546,-0.1049,0.0067,0.0591,-0.0635,0.0005,0.0671,-0.114,-0.0675,-0.1275,0.3274,-0.028,0.0227,-0.3335,-0.0258,-0.0955,-0.1277,-0.0789,-0.0883,-0.0585
ESAM,0.1856,-0.0174,-0.1865,-0.3775,-0.4928,0.2747,-0.1189,-0.0807,-0.1749,0.2997,-0.2224,-0.0767,0.3157,-0.1732,0.2072,0.1308,-0.4951,-0.6605,-0.1384,-0.2456,-0.2839,0.3461,0.1972,-0.2415,0.1815,0.0464,0.2037,-0.2651,-0.1698,-0.4937,-0.4369,-0.4752
CDH5,0.0563,-0.0853,-0.2653,-0.3962,-0.4286,0.2914,-0.1598,0.3471,-0.1554,0.2251,-0.2101,0.043,0.4456,-0.2596,0.2615,0.0845,-0.5445,-0.6959,-0.0989,-0.1687,-0.2813,0.4105,0.1219,-0.175,0.1299,0.1558,0.0321,-0.2426,-0.2009,-0.4016,-0.3604,-0.414
PCDHGC3,0.4998,0.1238,-0.1823,-0.1755,-0.4722,0.3543,-0.2138,0.4668,-0.2221,0.2777,-0.0329,-0.2788,0.2957,0.2416,0.0118,0.3302,-0.36,-0.3159,0.1831,0.1445,-0.3222,0.3848,0.2842,-0.0909,0.6162,0.0022,-0.1827,0.0798,0.0025,-0.3546,-0.1005,0.2348
PLXDC1,0.3704,0.0035,-0.2018,-0.1325,-0.3596,0.6045,-0.2775,0.011,-0.1665,0.05,-0.1636,-0.04,0.4131,-0.1635,0.176,-0.1184,-0.1677,-0.2491,-0.1342,-0.2095,-0.6119,0.4893,0.2564,-0.3268,0.2955,0.042,-0.3751,0.2348,-0.1307,-0.6924,-0.4352,-0.3927
SLC19A2,0.0226,0.0019,-0.1918,0.0082,-0.2137,-0.0792,-0.0414,0.0697,-0.0155,0.1805,-0.2215,0.3108,-0.1264,0.012,-0.0339,0.18,-0.1521,-0.2598,0.0217,-0.3094,-0.4294,0.0819,-0.1272,0.0111,-0.6422,-0.1276,-0.2584,-0.2359,-0.2215,-0.152,-0.1419,-0.088
ADCYAP1R1,-0.0,-0.0214,-0.0069,-0.0827,-0.0442,-0.0043,-0.0101,0.0,-0.0127,0.1545,-0.0226,0.0037,0.0038,-0.0,-0.0022,0.485,-0.0032,-0.0213,-0.0242,-0.0148,-0.1993,-0.0108,1.2389,-0.0131,0.0502,-0.023,-0.0346,-0.0341,-0.0893,-0.1704,-0.1635,-0.0161
PKHD1L1,-0.0213,-0.0768,-0.0606,-0.0964,-0.1091,-0.0162,-0.0756,0.2394,-0.0702,-0.0025,-0.0597,-0.0107,-0.0349,-0.0261,-0.0259,-0.0,-0.2679,-0.2528,-0.0772,0.5095,-0.2125,-0.0032,-0.1447,-0.0314,-0.0492,-0.0745,-0.0588,-0.0271,-0.6592,-0.0527,-0.1168,-0.0163
SLC29A1,0.2023,-0.2171,-0.1884,-0.1262,-0.2053,0.2333,0.0427,0.359,-0.2122,0.2189,-0.1813,0.2034,0.1195,0.0593,0.1823,0.0552,-0.0637,-0.156,0.0364,-0.254,-0.072,0.1183,0.0449,-0.1979,-0.0509,-0.133,0.2564,-0.0904,-0.1842,-0.2713,-0.1621,-0.3125
CDH19,-0.0,-0.0,-0.1175,-0.0829,-0.0114,-0.0356,-0.0473,-0.0,-0.1777,-0.0304,-0.0363,-0.0988,-0.0211,-0.0095,-0.0463,-0.0488,-0.0197,-0.0539,0.7793,-0.0215,-0.0494,0.057,0.0033,-0.047,-0.0519,-0.097,-0.0,-0.0,-0.0049,-0.0506,-0.0314,0.4738
PCSK5,0.1364,-0.0383,-0.1423,-0.2402,-0.2527,0.1875,-0.2733,-0.0081,0.0267,0.2916,-0.0082,-0.0433,0.1948,-0.0459,0.0389,0.1396,-0.2297,-0.1923,-0.091,-0.0798,-0.3056,0.4572,-0.1042,-0.1382,0.4639,0.4828,0.1191,0.0697,-0.093,-0.1951,-0.1614,-0.0109
TMEM63A,0.2912,-0.3603,-0.2862,-0.1209,-0.281,0.1803,0.097,-0.29,0.0573,-0.1302,-0.406,-0.3172,-0.057,-0.0017,-0.0997,0.0065,-0.1112,-0.3355,-0.135,-0.4162,-0.3098,0.054,-0.5105,-0.2868,-0.0268,0.1,0.2022,-0.2363,-0.3282,-0.21,-0.3734,-0.3548
SLITRK1,-0.0,-0.0455,-0.0256,-0.0299,-0.0,0.0,-0.0054,0.0,-0.0486,-0.306,-0.0202,0.0,0.0,0.0,0.0,0.7229,0.0,0.0,-0.0747,0.201,-0.0,-0.0288,0.2012,-0.0,0.1098,-0.0107,0.0027,0.0,-0.0,-0.0,0.05,-0.0219
APCDD1,0.213,-0.1911,-0.5395,-0.3835,-0.3652,0.9336,0.1158,-0.0495,-0.1168,0.2913,0.1488,0.1133,0.3148,-0.0851,-0.0104,0.4148,-0.2725,-0.166,-0.6061,-0.3596,-0.2094,0.4171,-0.3116,-0.0975,0.5105,-0.0217,0.2248,-0.3546,-0.1047,-0.1503,-0.1325,-0.3824
SELP,0.8712,-0.1065,-0.2394,-0.3077,-0.3015,0.0542,-0.2201,0.12,-0.2101,0.0056,-0.1486,-0.2063,0.0612,-0.1954,-0.0523,0.0009,-0.3775,-0.4071,-0.04,-0.0476,-0.189,0.5439,0.0597,-0.1652,0.0232,0.0938,-0.0416,-0.1891,-0.0904,-0.3522,-0.2875,-0.1482
CD302,1.1296,-0.2247,-0.4282,-0.2402,-0.4801,-0.4988,-0.1856,-0.2908,-0.0006,0.4282,-0.2939,-0.1129,0.3411,0.0098,-0.0745,0.1737,-0.2658,-0.523,-0.0787,-0.0984,-0.3927,0.2036,-0.189,0.0818,0.4349,0.0556,-0.2074,-0.3146,-0.2018,-0.3616,-0.3172,-0.1854
SHISA4,-0.0916,-0.0835,-0.1229,0.0528,-0.4602,0.4102,-0.1957,-0.0942,-0.2761,0.0268,-0.2423,-0.0933,-0.0363,0.0665,0.2671,0.0813,0.044,-0.103,0.3219,-0.0342,-0.0776,0.3143,-0.2404,-0.0976,-0.4383,-0.0854,-0.4038,-0.4489,-0.019,-0.1991,-0.0645,-0.0743
PTPRB,-0.0318,-0.2373,-0.2745,-0.3428,-0.2923,0.1246,-0.0122,0.0008,-0.0841,-0.0946,-0.2221,-0.1618,0.2423,-0.2699,-0.0052,0.0958,-0.5263,-0.6004,-0.0614,-0.2153,-0.1771,0.3481,0.0365,-0.1474,-0.0088,0.1034,0.0058,-0.2297,-0.2489,-0.3743,-0.3352,-0.2318
GRIA2,-0.0,-0.0558,-0.0037,-0.1037,-0.0329,-0.0,-0.0,-0.0,-0.0138,-0.3037,-0.014,-0.0644,-0.0098,-0.0099,-0.017,0.1802,-0.0059,-0.0083,-0.1659,-0.0,-0.1412,-0.0125,1.3087,-0.0069,-0.0419,-0.0336,-0.067,-0.0,-0.0078,-0.372,-0.3608,-0.0228
SLC22A15,0.2556,-0.0924,-0.0904,-0.0318,-0.1245,0.5183,-0.0106,-0.0578,0.0344,-0.1769,-0.0638,0.2641,-0.0595,-0.0075,0.0251,-0.1757,-0.2432,-0.2642,-0.2123,-0.0621,-0.0529,0.111,-0.0593,-0.098,0.1956,-0.0605,0.0122,-0.1136,-0.0967,-0.0364,-0.0235,-0.0349
TNFRSF14,0.1998,-0.3084,-0.2523,-0.3712,-0.3515,0.0551,-0.2853,-0.1032,-0.2345,0.1351,-0.3816,-0.177,0.0152,-0.0371,-0.104,-0.1054,-0.3569,-0.467,0.2308,-0.2577,-0.4424,0.328,-0.391,-0.2304,0.398,-0.1472,-0.1185,-0.0038,-0.3065,-0.3174,-0.5638,0.2563
CCR10,-0.0309,-0.0185,-0.0945,-0.0955,-0.2109,0.0059,-0.0311,0.1715,-0.1053,0.0181,-0.0803,-0.021,-0.0257,-0.0426,-0.0047,-0.1128,-0.1241,-0.0611,-0.0805,-0.1042,-0.228,0.007,0.5655,-0.0517,0.0083,-0.0091,-0.1326,-0.0434,-0.1063,-0.1495,-0.2995,-0.1229
SORCS1,0.0485,-0.0804,-0.0248,-0.0957,-0.019,0.034,-0.0213,-0.0,-0.0334,-0.094,-0.0089,-0.0,-0.0434,-0.0875,-0.025,0.0564,-0.0042,-0.0087,0.332,-0.0,-0.0762,-0.0244,0.9119,-0.0188,0.0106,-0.0343,-0.0943,0.1117,-0.1065,-0.0248,-0.0821,-0.0296
STIM1,0.2185,-0.1402,-0.2489,-0.1172,-0.2597,0.0945,-0.1974,-0.166,-0.1394,0.0412,-0.0498,0.4645,0.232,0.1972,0.0716,0.0841,-0.1007,-0.0728,-0.1762,-0.2255,-0.3419,0.2466,0.0762,-0.0339,-0.1427,-0.0271,-0.2825,-0.0774,-0.0282,-0.3487,-0.4277,-0.1507
CDHR3,0.0057,-0.0547,-0.0826,-0.1631,-0.132,-0.0732,-0.2436,0.1319,-0.0984,-0.1103,-0.1158,-0.0472,0.1842,0.0956,-0.0592,-0.1312,-0.2065,-0.2373,-0.0843,-0.1062,-0.266,0.1356,0.2506,-0.1016,0.27,-0.1276,-0.3252,-0.1126,-0.1688,-0.1102,-0.0809,-0.116
GPC3,0.0,-0.218,-0.3367,-0.5708,-0.2549,0.4434,-0.1771,0.0033,0.0576,0.1611,-0.2388,0.0745,-0.3695,-0.3518,1.4096,0.0723,-0.6826,-0.3633,-0.2974,0.026,-0.3028,0.2413,-0.1757,-0.0324,0.3725,-0.1282,0.389,-0.1834,-0.349,-0.1983,0.568,-0.1801
CD300LG,0.0057,-0.1028,-0.0293,-0.4415,-0.0137,-0.0,-0.0377,-0.0083,-0.0128,-0.0005,-0.0021,-0.0399,-0.0291,-0.041,0.0024,0.0664,-0.1183,-0.0411,-0.1048,-0.1144,-0.0295,-0.0572,-0.1004,-0.0247,-0.2547,-0.0283,-0.3029,-0.0595,-0.0708,-0.0,-0.019,-0.017
SLITRK2,0.0,-0.0,-0.0075,-0.0043,-0.0287,-0.0085,-0.0027,-0.0,-0.0098,0.0305,-0.0014,-0.0317,-0.032,-0.058,-0.0056,0.2774,-0.0192,-0.063,0.0839,0.1291,-0.039,-0.0042,-0.0041,-0.0081,0.0773,-0.0084,0.1243,0.0108,-0.0121,-0.0922,-0.0544,-0.0224
ADRA2A,0.2581,0.0615,-0.2441,-0.3796,-0.5078,0.4542,-0.1082,0.249,-0.0301,-0.0664,-0.1994,-0.0185,-0.0514,-0.0594,-0.0179,-0.0141,-0.0854,-0.1552,-0.2148,-0.167,-0.2342,0.1332,0.0651,-0.1449,0.1558,0.3684,-0.2312,-0.1615,-0.2701,-0.2336,-0.1836,-0.1933
ECSCR,0.0176,-0.0123,-0.2936,-0.3507,-0.4608,0.4761,-0.2074,0.4047,-0.3234,0.5744,-0.2033,-0.1283,0.3213,-0.3801,0.3503,0.2165,-0.4472,-0.5543,-0.1801,-0.1976,-0.3983,0.4936,0.2048,-0.196,0.298,0.0766,0.1371,-0.234,-0.2147,-0.4703,-0.4626,-0.4442
LRRC4B,0.0042,0.0052,-0.0726,-0.0275,-0.1513,0.0859,-0.0195,0.0214,-0.1325,-0.0432,-0.063,-0.0051,0.0987,-0.0249,-0.0016,-0.0139,-0.1082,-0.1047,0.0067,-0.098,-0.1964,0.0588,1.2598,-0.0771,0.2197,-0.0348,0.2311,-0.0727,-0.0912,-0.2306,-0.2392,0.1556
ADRA2C,0.002,-0.0215,-0.1707,-0.2282,-0.5982,0.9851,-0.064,-0.0116,-0.0394,-0.0992,-0.1608,-0.1073,-0.2395,-0.2675,0.1496,-0.1507,-0.1299,-0.1728,-0.1121,-0.1246,0.222,0.1715,-0.096,-0.4118,-0.0206,0.0351,0.0893,-0.1566,-0.0088,-0.2896,-0.3583,0.0835
SGCE,0.2077,-0.2063,-0.3604,-0.1755,-0.5149,0.2682,-0.41,0.2853,-0.3374,0.2479,-0.3997,-0.0797,0.2544,0.269,0.1783,0.1445,-0.1878,-0.2378,0.2712,-0.0278,-0.2338,0.3216,-0.0021,-0.1688,0.6805,0.0565,-0.1128,-0.1317,-0.0715,-0.413,-0.1768,-0.4449
MERTK,0.4434,-0.1864,-0.3402,-0.314,-0.424,-0.2048,-0.31,-0.2239,-0.1673,0.1914,-0.3618,0.2324,0.0667,-0.0691,-0.0595,0.2441,-0.2442,-0.1677,0.0587,-0.3032,-0.2892,-0.0228,-0.5508,-0.0924,0.3947,-0.2022,-0.3462,-0.1849,-0.1152,-0.2424,-0.2313,-0.0776
CACHD1,0.3443,-0.296,-0.2602,-0.341,-0.3176,0.2696,-0.0929,-0.0044,0.0152,0.1541,-0.1188,-0.1076,0.012,-0.1121,0.0093,0.1823,-0.1662,-0.0176,-0.215,-0.0908,-0.2298,-0.0258,-0.2241,-0.2997,0.1513,-0.0827,0.0314,-0.1003,-0.1049,-0.2531,-0.1639,-0.1093
THSD1,0.1174,-0.0433,-0.1574,-0.2842,-0.1789,0.0935,-0.086,0.0041,-0.0389,0.1911,0.2446,-0.0447,0.1914,-0.0618,0.0475,0.0559,-0.4021,-0.3532,-0.2388,-0.0719,-0.1005,0.2786,0.0896,-0.1729,0.1109,0.051,-0.1106,-0.1559,-0.2111,-0.2468,-0.296,-0.0529
EMCN,0.0375,-0.2602,-0.3179,-0.3517,-0.4129,0.3142,-0.1685,0.2595,-0.2002,0.2413,-0.2858,-0.4165,0.0652,-0.5508,0.3134,0.1558,-0.4619,-0.5484,-0.1192,-0.2121,-0.3155,0.3311,0.0209,-0.125,0.1752,0.0969,0.0462,-0.2503,-0.2832,-0.4978,-0.4331,0.2587
GPR173,0.1899,-0.1312,-0.1433,-0.0955,-0.1311,0.0287,-0.0343,-0.0,-0.0755,0.1233,-0.0526,-0.0114,-0.0679,0.0767,-0.0038,0.2724,-0.1116,-0.1159,-0.1319,0.0794,-0.2154,0.2274,0.4557,-0.0706,0.636,-0.0314,0.027,-0.0202,-0.0912,-0.2278,-0.1062,-0.0646
CADM2,-0.034,-0.0515,-0.0481,-0.0892,-0.0128,-0.0,-0.0064,-0.0,-0.0501,-0.041,-0.0077,-0.0,-0.0004,-0.0031,-0.0236,0.2992,-0.0223,-0.0171,-0.0217,-0.0232,-0.0339,0.0061,1.2846,0.0511,-0.1129,-0.0661,-0.0408,-0.0067,-0.0169,-0.0171,0.0284,-0.0064
SPPL2B,0.2693,-0.0566,-0.1609,-0.2364,-0.1685,0.1138,-0.1889,-0.1271,-0.0033,0.044,-0.2794,-0.1324,-0.1533,-0.0752,-0.1345,0.0469,-0.2077,-0.194,-0.13,-0.1266,-0.3045,-0.017,-0.0987,-0.2512,0.1058,-0.0609,-0.447,-0.0746,-0.4321,-0.1808,-0.258,-0.2289
DNER,-0.0,-0.2179,-0.1085,-0.0777,-0.0994,0.4883,-0.0282,-0.035,-0.0598,0.2556,-0.0375,-0.1633,-0.1548,-0.16,-0.0138,0.4124,0.0518,0.0101,-0.2126,-0.034,-0.0948,0.1549,0.1116,-0.0172,-0.0149,-0.1538,-0.049,-0.0569,-0.0038,-0.1872,-0.1414,-0.1105
ITGB3,0.0072,-0.0139,-0.2213,-0.1904,-0.1272,0.0287,-0.2435,-0.1042,-0.1548,0.5125,-0.1479,-0.2092,-0.0074,0.016,-0.0054,0.025,-0.1897,-0.1986,0.3343,-0.1369,-0.0928,0.5558,0.1135,-0.1583,0.6166,0.0859,-0.1041,-0.0575,0.0662,-0.2875,-0.3002,-0.0314
ITGA8,0.0198,-0.1937,-0.3514,-0.0495,-0.3069,0.1337,-0.1089,-0.0,-0.2562,-0.0156,-0.1071,-0.1046,0.1726,-0.1392,0.004,-0.0427,-0.4893,-0.3736,-0.0597,-0.1258,-0.0348,0.2647,-0.1668,-0.1943,0.2156,-0.1902,-0.0031,-0.0417,-0.2534,-0.123,-0.3039,-0.0266
DPP6,-0.0,-0.0268,-0.0224,-0.0123,-0.0402,0.0042,-0.0175,-0.0135,-0.046,0.0948,-0.015,-0.0789,-0.0426,-0.0698,-0.0005,0.237,-0.0069,-0.0188,-0.1205,0.0583,-0.079,0.0314,1.5748,-0.0066,-0.1156,-0.0672,-0.3332,0.5325,-0.4159,-0.4342,-0.3139,0.2351
CLEC14A,0.2406,0.0254,-0.3233,-0.3623,-0.5397,0.3404,-0.25,0.4312,-0.2317,0.2336,-0.2489,0.0099,0.4598,-0.1965,0.3195,0.0901,-0.4553,-0.5911,-0.1788,-0.2633,-0.3523,0.3869,0.2416,-0.179,0.1203,0.011,0.0362,-0.1791,-0.1261,-0.4681,-0.436,-0.408
SLCO2A1,0.0427,-0.501,-0.3515,-0.2215,-0.5361,0.4137,-0.3503,0.0805,-0.0851,0.4777,-0.2202,-0.2556,0.1367,-0.1921,0.1686,0.3446,-0.5881,-0.8206,-0.227,-0.2812,-0.3165,0.2247,-0.1736,-0.2354,0.4206,-0.0034,0.0857,-0.2175,-0.3296,-0.5861,-0.68,-0.4334
EVA1C,0.2982,-0.1386,-0.4319,-0.2961,-0.1234,0.4421,-0.1993,-0.1315,-0.279,0.3219,-0.2015,-0.305,0.2387,0.0967,0.0576,-0.0396,-0.2139,-0.2816,-0.4126,0.1085,-0.2739,0.4261,0.3685,-0.2967,0.1564,-0.1722,-0.5424,-0.2085,-0.1005,-0.5442,-0.6477,-0.2222
CNTNAP3,-0.0385,-0.0483,-0.1324,-0.1722,-0.0695,0.0582,-0.0198,-0.0,-0.2268,-0.0327,0.0011,-0.0473,-0.0181,-0.0011,-0.0168,-0.0214,-0.065,0.0316,-0.1931,-0.0801,-0.0384,0.1264,0.0214,-0.0739,0.0076,-0.0151,-0.0287,0.0652,-0.0407,-0.0832,-0.053,-0.0357
GLDN,0.0385,-0.0984,-0.0983,-0.1878,-0.0892,0.0383,-0.0189,-0.0347,-0.0427,0.0833,-0.0652,0.7443,0.0106,0.0122,0.0686,0.0772,-0.2869,-0.2392,-0.1043,-0.0908,-0.0117,0.3168,-0.1104,-0.0092,0.0536,0.0081,-0.0071,-0.0468,-0.0261,-0.0108,0.022,-0.0815
TENM1,-0.0379,-0.0095,-0.0598,-0.0116,-0.0144,-0.0291,-0.0062,-0.0,-0.1063,0.0651,-0.0445,-0.0104,0.2198,0.0428,-0.0964,-0.0066,-0.0954,-0.0465,-0.0301,-0.0135,-0.0172,0.0048,0.6036,-0.1654,-0.0642,-0.0177,0.0457,-0.0267,0.3598,-0.0696,-0.1041,-0.0
SEMA6A,0.6343,-0.4468,-0.0608,-0.3732,-0.3328,0.6104,-0.304,-0.1113,0.0126,0.2125,-0.2758,-0.1962,0.3868,0.3169,-0.1019,0.3142,-0.4478,-0.3,0.286,-0.312,-0.3544,-0.0286,-0.3692,-0.0962,0.1186,0.1743,0.3172,-0.2125,-0.3842,-0.2483,0.0764,0.1822
GABRB1,0.0083,0.0,0.0,0.0,0.0,0.0,0.0415,0.0,0.0435,-0.2168,0.0,-0.0423,0.0,-0.0391,0.0,0.2366,0.0,0.0,0.0,0.8667,0.0,0.0287,0.0879,0.0,0.0,0.1975,-0.0,0.0,-0.0086,-0.0,-0.0,0.1284
VIPR2,-0.002,-0.0272,-0.0657,-0.1409,-0.2025,-0.0019,-0.0669,0.0,-0.0485,0.0274,-0.0244,-0.0944,-0.0147,-0.0099,-0.0091,0.6803,-0.0293,-0.0206,-0.0072,0.0224,-0.149,-0.1888,-0.035,-0.2894,-0.1609,-0.1342,-0.1165,0.4631,-0.001,-0.1135,-0.2405,-0.0782
MXRA8,-0.0268,-0.3083,-0.3271,-0.1545,-0.6438,0.3486,-0.2304,0.1242,-0.2472,0.2726,-0.2671,-0.5895,0.024,-0.0026,-0.1185,0.0694,-0.1433,-0.283,-0.4663,-0.0979,-0.3499,0.7116,-0.1299,-0.3365,0.6631,0.0853,-0.3011,-0.3797,0.1168,-0.5662,-0.1448,-0.6557
FNDC5,0.0769,-0.4042,-0.0305,-0.0342,-0.0639,-0.1355,-0.0443,-0.0049,-0.1466,-0.2525,-0.1178,0.2942,-0.0158,-0.0167,-0.0015,-0.0722,-0.0013,-0.0331,-0.0319,-0.1111,-0.2371,0.0986,0.0532,-0.1616,-0.5449,-0.2018,0.2038,0.0673,-0.1046,-0.1581,0.2391,-0.0445
LRRTM3,0.0,-0.1287,-0.0344,-0.0091,-0.0091,0.0,-0.0,0.0,-0.0,0.0941,-0.0,0.0,0.0,0.0,0.0,0.5925,0.0,0.0,-0.0111,0.0,-0.0181,0.0,0.1341,-0.0086,0.0,0.0,-0.0645,-0.0,-0.0,-0.0198,0.0799,-0.0
SCN1A,0.0,-0.0204,0.0,-0.0531,-0.0526,0.0,-0.0048,0.0,0.0,-0.2695,-0.0121,0.0,0.1282,0.0,0.0,0.2982,-0.2662,-0.095,-0.0387,-0.0356,-0.0452,-0.035,0.0047,0.0,0.0,0.0,-0.0435,-0.0262,-0.0093,0.1887,0.2225,-0.0196
ANTXR2,0.1953,-0.1938,-0.6499,-0.2826,-0.5608,0.0772,-0.1962,-0.1552,-0.292,0.5233,-0.2716,-0.1196,0.3805,0.03,-0.0509,0.296,-0.0962,-0.2562,-0.2443,-0.2326,-0.6721,0.6486,-0.0027,0.0375,0.4985,0.1682,-0.0937,-0.4878,-0.3393,-0.7327,-0.7175,-0.5179
TCIRG1,-0.0108,-0.4008,-0.1025,-0.2515,-0.2133,0.1401,-0.2591,-0.2467,-0.0655,0.2473,-0.1942,-0.2544,-0.1314,-0.171,-0.0617,0.035,-0.3112,-0.4358,-0.062,-0.0769,-0.2755,-0.1482,-0.3398,-0.4725,0.4616,-0.0826,0.1115,-0.174,-0.2458,-0.2523,-0.4508,-0.4492
SLC11A1,-0.1282,-0.4876,-0.3678,-0.3621,-0.2637,-0.105,-0.1892,-0.8172,-0.0733,0.6266,-0.1741,-0.1351,0.0061,-0.039,-0.1724,0.235,-0.8393,-0.9184,0.1285,0.0383,-0.1326,0.3639,-0.4516,-0.3597,-0.0331,-0.01,-0.1626,-0.2559,-0.3213,-0.2522,-0.2769,-0.079
CLDND1,0.1843,-0.0634,-0.1521,-0.1142,-0.0815,0.1192,-0.1776,-0.0929,-0.0441,0.0489,-0.0024,0.0151,0.1465,-0.0518,-0.0065,0.0703,-0.1389,0.0529,-0.1043,-0.1424,-0.2109,0.2785,0.128,-0.1051,0.1763,0.0827,-0.2022,-0.1894,-0.1721,-0.2912,-0.2431,-0.3846
NTSR2,0.0,-0.0947,0.0,-0.0189,0.0,0.0,-0.0,0.0,0.0147,-0.786,0.0,0.0,0.0,0.0,0.0,-0.1167,0.0,0.0,0.0,0.0191,-0.0182,-0.0,-0.0213,0.0,-0.0211,0.0,-0.0,0.0,0.0,0.0148,0.0376,0.0
SLC24A3,0.503,-0.0415,-0.3121,0.1166,-0.4068,0.55,-0.2001,-0.0164,-0.0909,0.0376,-0.0015,-0.0321,-0.0368,-0.0499,-0.0193,0.2624,-0.1759,-0.1964,-0.132,-0.0582,-0.4327,0.7956,-0.0773,-0.1399,-0.1493,0.1272,-0.1152,-0.2089,-0.1738,-0.481,-0.4764,-0.1996
BTNL3,-0.0231,-0.0,-0.0162,-0.002,0.0,-0.0053,-0.0893,-0.0,0.1623,-0.0,-0.0,0.0,0.0,0.0,-0.1429,-0.0,-0.0482,-0.0,0.0,-0.2267,0.0012,0.3839,-0.0,-0.0,-0.0168,0.8243,-0.1191,-0.0,-0.0,-0.0,-0.0,-0.0
ABCA9,0.1419,-0.045,-0.1789,-0.3311,-0.0271,-0.0994,-0.0289,0.008,-0.1695,-0.0468,-0.0439,-0.0519,-0.038,-0.0476,-0.1772,-0.0805,-0.1366,-0.074,-0.222,-0.2144,-0.0618,-0.0358,-0.1037,-0.0187,-0.2734,-0.117,-0.1374,-0.0556,-0.0555,-0.0871,-0.0587,-0.0991
P2RX1,0.4026,-0.0688,-0.4342,-0.0674,-0.1485,-0.0176,-0.1949,-0.3077,-0.2366,-0.0034,-0.1149,-0.0212,0.0104,-0.0109,-0.0165,-0.0073,-0.3467,-0.3075,-0.1099,-0.0706,-0.0611,-0.4617,-0.0323,-0.3233,0.0597,-0.1231,-0.1845,-0.1114,-0.0294,-0.0819,-0.1468,-0.0316
ADCY3,0.2175,-0.1175,-0.1557,-0.3502,-0.2197,0.4413,-0.0081,0.2281,-0.0153,-0.0162,-0.0612,-0.3135,0.1122,-0.1987,0.0418,-0.0744,-0.2711,-0.1123,-0.1372,-0.004,-0.4,0.3411,0.1427,-0.3903,0.377,0.0855,0.1482,-0.1971,-0.4355,-0.4775,-0.3634,-0.2434
CSPG4,0.0694,0.0358,-0.5118,-0.2671,-0.365,0.5606,-0.3784,0.0067,-0.3503,0.4429,0.2124,0.0404,0.5514,-0.1018,0.1948,0.3954,-0.4553,-0.4014,0.6346,-0.122,-0.2855,0.4296,0.357,-0.33,0.0957,0.0321,0.0743,-0.1958,-0.1644,-0.5023,-0.3454,0.475
MMP17,-0.0976,0.0196,-0.1316,-0.0824,-0.4809,0.011,-0.2052,-0.1409,-0.079,-0.3342,0.0456,-0.018,-0.0416,-0.0564,-0.0739,-0.2174,-0.0075,-0.1354,0.4135,0.1543,-0.2508,0.2896,0.4164,-0.2057,0.5027,0.033,-0.1323,-0.1104,-0.1747,-0.2364,-0.1089,0.6098
L1CAM,-0.003,-0.0606,-0.2426,-0.0855,-0.2192,0.002,-0.3399,0.244,-0.3634,-0.4227,-0.1052,-0.2715,-0.2367,-0.2477,-0.0124,-0.1333,-0.0337,0.0074,0.4484,0.1869,0.3861,0.2985,1.5485,-0.2321,0.0331,-0.0727,0.4983,-0.0828,-0.0962,-0.1038,0.1884,0.1352
RNF150,0.0234,-0.2177,-0.138,-0.1342,-0.1761,0.1211,-0.0919,0.0077,-0.1946,-0.0864,-0.1241,0.1441,-0.0857,-0.0984,-0.0166,0.1726,-0.0356,-0.0392,0.2195,-0.1484,-0.1587,0.1556,-0.0759,-0.0572,0.0402,0.1056,-0.041,-0.1381,-0.17,-0.2728,-0.3119,-0.1311
SCN7A,-0.0,-0.0253,-0.0508,-0.1099,-0.0158,-0.0185,-0.089,-0.0,-0.2082,0.0712,-0.0024,-0.0329,-0.0063,-0.0096,-0.0144,0.013,-0.471,-0.2598,-0.0515,-0.1054,-0.034,0.036,0.1571,-0.2717,-0.1159,-0.1013,-0.1298,-0.1562,-0.0273,-0.0419,-0.2012,-0.0
SLC7A14,0.0,0.0,-0.0164,-0.0021,-0.0,0.0,-0.0089,0.0,-0.011,-0.4711,-0.0,-0.0302,-0.0039,-0.0,0.0,-0.0078,-0.0061,-0.0096,-0.0134,-0.0,-0.0122,0.0592,3.6369,-0.0,0.0,-0.003,-0.0251,-0.0,-0.0,-0.0099,-0.0,-0.0249
GPM6A,-0.0,-0.0473,-0.0331,-0.0725,-0.0228,-0.0717,-0.1438,-0.2165,-0.2469,0.1038,-0.0184,-0.0391,0.1051,-0.0415,-0.064,0.2264,-0.1942,-0.1242,-0.0395,-0.0593,-0.1748,0.0876,-0.1129,-0.0664,0.0399,-0.0369,-0.0647,-0.1355,-0.2516,-0.0949,-0.1781,-0.1086
PLXNB3,0.0478,-0.1534,-0.296,-0.2708,-0.1596,0.6925,-0.299,-0.0221,-0.1826,-0.063,-0.1977,-0.0178,-0.057,-0.0888,-0.0361,0.0425,0.1117,0.1685,0.2176,-0.2705,-0.2196,0.2146,0.0056,-0.1609,0.218,-0.1969,-0.4645,-0.2986,-0.0581,-0.4919,-0.5029,-0.1411
CNTN3,-0.0,-0.0547,-0.3238,-0.1511,-0.0498,-0.1511,-0.0773,-0.0,-0.028,-0.1321,-0.0176,0.0958,-0.1143,-0.0489,-0.15,0.074,-0.0482,-0.03,-0.1533,-0.0864,-0.1493,-0.0914,0.7452,-0.1247,-0.0415,-0.0373,-0.0953,-0.0899,-0.0818,0.014,0.1471,-0.136
MUC21,-0.0,-0.0,-0.1075,-0.0157,0.0842,-0.0,-0.0097,-0.0,-0.2175,-0.0,0.1391,-0.0,-0.0,-0.0,-0.0097,-0.0,0.7381,-0.1199,-0.087,-0.062,-0.0536,-0.0189,-0.0,-0.012,-0.0068,-0.072,-0.025,-0.0152,0.8299,-0.0387,-0.0354,-0.0
CLEC1A,0.0667,-0.0881,-0.1824,-0.3952,-0.2893,0.0253,-0.1056,-0.0953,-0.1704,0.1715,-0.1471,-0.1381,0.2135,-0.0785,0.003,0.0548,-0.4923,-0.4511,-0.1195,-0.1442,-0.1769,0.2521,0.0106,-0.2164,0.1178,-0.0271,0.0856,0.5089,-0.318,-0.2902,-0.3379,-0.0088
IL1RL1,0.0474,-0.2359,-0.097,-0.1305,-0.0881,-0.0883,-0.0668,-0.0,-0.1148,-0.0392,-0.1373,-0.1481,-0.4716,-0.4036,-0.0416,-0.0447,-0.5263,-0.423,-0.0271,-0.1027,-0.0143,-0.0383,-0.1573,-0.063,-0.0473,-0.2519,-0.0,-0.0086,-0.0421,-0.0295,-0.0331,-0.0
SYP,-0.0385,0.4417,-0.0642,-0.072,-0.0727,0.0841,-0.2387,-0.0275,-0.0975,-0.4084,-0.0601,-0.0399,-0.0699,-0.0435,0.0404,-0.1516,-0.1509,-0.1515,0.0455,-0.0705,-0.083,0.0645,0.9824,0.0616,0.2632,-0.1381,-0.1302,0.0914,-0.0955,-0.0886,-0.0871,-0.0498
PCDHGB7,0.3792,-0.2042,-0.1062,-0.1761,-0.0847,0.1706,-0.0961,0.0149,-0.1539,0.1897,-0.1546,-0.0264,0.3826,0.1129,-0.0141,0.2694,-0.2385,-0.2208,-0.1516,-0.098,-0.2161,0.2585,-0.014,-0.0295,0.0534,0.1633,-0.0796,-0.1575,0.0437,-0.1563,-0.1824,-0.1627
ZDHHC11,0.2305,-0.0688,-0.2505,-0.0146,-0.1938,-0.0151,-0.2483,-0.0979,-0.1083,-0.2638,-0.2283,-0.145,-0.1389,-0.051,-0.1903,-0.1669,-0.2505,-0.2996,-0.1977,-0.1878,-0.1804,-0.0955,0.313,-0.0913,-0.1115,-0.1506,-0.4953,-0.2068,-0.2218,-0.1205,-0.1617,-0.2411
HEPH,-0.0279,-0.2746,-0.3179,0.0419,-0.3379,0.3646,0.0983,0.0694,-0.1358,-0.018,-0.2283,-0.1054,0.2622,-0.1159,0.0225,0.0884,-0.2783,-0.2888,-0.2315,-0.1973,-0.397,0.8514,-0.3936,-0.1715,0.6723,0.5252,0.2251,-0.1339,-0.2067,-0.4678,-0.4313,-0.1707
IGSF9B,0.3849,-0.0304,-0.1269,-0.0245,-0.1137,0.2275,-0.1886,-0.0452,-0.3029,0.0077,-0.1065,0.1317,-0.0038,-0.0221,-0.0008,0.2137,-0.0554,-0.1097,-0.1203,-0.011,-0.2653,0.2411,0.704,-0.2967,0.0067,0.0927,-0.2429,-0.1019,-0.311,-0.1686,-0.3751,-0.0143
SLC16A7,1.4836,0.0029,-0.1929,-0.1322,-0.1482,0.3413,-0.0724,-0.0564,-0.1327,-0.0113,-0.1316,0.7403,-0.0262,0.0279,0.0108,0.1174,-0.0813,-0.1566,-0.1492,-0.0999,-0.0296,0.005,-0.1553,-0.0272,0.2915,-0.1445,-0.1016,-0.1364,-0.0185,-0.0276,-0.067,-0.0621
PKD2,0.9531,-0.322,-0.4087,-0.2446,-0.5271,0.3183,-0.3292,0.0719,-0.2611,0.144,-0.2521,-0.0051,0.3093,0.2972,-0.0621,0.045,-0.2829,-0.2752,0.1054,-0.0006,-0.5543,0.2214,-0.1609,-0.1452,0.4653,0.0164,-0.0161,-0.3442,-0.1799,-0.6001,-0.6197,0.0088
PTCH1,-0.0718,-0.173,-0.5504,-0.1958,-0.2709,0.24,0.0424,0.0894,0.0665,0.0077,-0.233,0.1748,0.0765,-0.0179,-0.0178,0.2465,-0.2131,-0.1849,-0.1627,-0.2098,-0.2119,0.0747,-0.0163,-0.0975,0.0529,-0.0558,-0.2378,-0.2694,-0.2087,-0.1428,-0.1695,-0.2089
RAMP3,0.0017,-0.2866,-0.2483,-0.3268,-0.3181,0.2358,-0.2053,0.653,-0.3538,0.2262,-0.2312,-0.257,0.1254,-0.5006,0.203,0.0763,-0.6392,-0.727,-0.0621,-0.2435,-0.3448,0.2784,0.1079,-0.1719,0.2227,-0.1138,0.0444,-0.2093,-0.1901,-0.2852,-0.4207,-0.4046
NRG2,-0.0011,-0.0581,-0.1972,-0.1584,-0.1187,0.1052,-0.0045,0.0154,-0.0662,0.0518,-0.0256,0.6546,0.0062,0.0053,0.0508,0.1222,-0.0175,-0.0232,-0.0008,-0.0972,-0.2242,-0.0491,-0.019,-0.1816,-0.1632,-0.0209,-0.147,0.1195,-0.0193,-0.0625,-0.0416,0.0804
LSMEM1,-0.1081,-0.0351,-0.0594,-0.1069,-0.1103,-0.2249,-0.1451,-0.0447,-0.1054,-0.0844,-0.0616,-0.1256,-0.1099,-0.1143,-0.1502,-0.0961,-0.1882,-0.1658,-0.0801,-0.1296,-0.0801,-0.1835,-0.0867,-0.143,-0.2619,-0.1136,-0.1208,-0.1071,-0.1284,-0.1214,-0.1204,-0.0943
LILRB5,0.0427,-0.2471,-0.2295,-0.2768,-0.0624,-0.1403,-0.263,-0.2392,-0.2181,-0.0038,-0.1352,-0.0643,0.0805,-0.0753,-0.1542,0.0165,-0.3523,-0.3373,0.0575,-0.1337,-0.1141,0.1131,-0.3662,-0.0335,0.2399,-0.1025,0.0481,-0.0237,-0.0909,-0.0667,-0.0959,-0.105
TEK,0.0584,-0.178,-0.1701,-0.285,-0.1545,0.1008,-0.165,0.0004,-0.1282,-0.0997,-0.1627,-0.2255,0.0902,-0.1923,0.0138,0.0199,-0.5306,-0.4693,-0.0794,-0.1217,-0.1138,0.3052,-0.035,-0.0575,0.1518,0.0316,0.1284,-0.165,-0.1829,-0.2825,-0.2709,-0.0416
FLT4,0.1693,-0.295,-0.2425,-0.4585,-0.2643,0.0297,-0.2407,-0.0961,-0.1623,0.2142,-0.2349,-0.2517,0.0445,-0.3814,-0.0724,0.0968,-0.4323,-0.4751,-0.1223,-0.211,-0.3224,0.2774,-0.0725,-0.3019,0.2398,0.0192,-0.1268,-0.2681,-0.4838,-0.4122,-0.4133,-0.2325
CDH23,0.1441,-0.1032,-0.2017,-0.2368,-0.1404,-0.1464,-0.046,-0.1991,-0.1526,-0.1119,-0.1336,-0.0059,0.0768,-0.0146,-0.14,-0.1207,-0.2759,-0.2888,-0.0442,-0.0821,-0.4305,-0.1835,-0.1558,-0.0729,0.4492,-0.0205,-0.4362,0.2608,-0.058,-0.2162,-0.2356,-0.0718
LRRC37B,0.4244,-0.0296,-0.1594,-0.1638,-0.2857,0.3072,-0.1806,-0.1846,-0.0143,-0.0491,-0.2668,-0.0937,0.0741,0.1155,-0.0271,0.0602,-0.2005,-0.2357,-0.2645,-0.1446,-0.3657,0.1882,0.0917,-0.2076,0.178,0.0044,-0.284,0.075,-0.1637,-0.2583,-0.2069,-0.2901
TIE1,0.6768,-0.1416,-0.3275,-0.4206,-0.4708,0.1907,-0.214,0.0497,-0.2215,0.1618,-0.2214,-0.1333,0.2083,-0.3551,0.1364,0.2203,-0.4618,-0.5751,-0.0814,-0.2133,-0.3112,0.4974,0.0718,-0.2082,0.1189,0.0609,-0.0711,-0.2889,-0.2831,-0.5522,-0.509,-0.402
DLL1,0.0866,-0.1428,-0.3599,-0.4178,-0.3546,0.0011,-0.3022,-0.0942,-0.0569,0.1316,-0.005,0.0224,-0.0298,-0.1732,-0.0902,0.5589,-0.348,-0.1793,-0.3526,-0.2221,-0.2207,-0.0531,0.0199,-0.4012,0.0703,-0.1151,-0.0655,-0.2539,-0.2864,-0.3264,-0.26,-0.1592
TMEM204,0.2254,-0.1211,-0.3801,-0.2526,-0.5285,0.2265,-0.2749,0.0177,-0.2948,0.2793,-0.2401,-0.2764,0.1318,-0.4574,0.0209,0.2103,-0.5188,-0.5921,-0.1826,-0.3185,-0.4599,0.4239,0.1127,-0.2294,0.1795,-0.056,-0.1908,0.0811,-0.2886,-0.5021,-0.3907,-0.057
VSTM4,-0.0341,-0.1932,-0.3164,-0.2239,-0.2412,0.0457,-0.1796,0.071,-0.2089,0.0697,-0.2083,0.0214,0.1884,-0.0772,0.1073,0.1295,-0.3217,-0.363,-0.1845,-0.1454,-0.3333,0.5998,-0.3656,-0.283,0.4895,0.0512,-0.2833,-0.1146,0.0484,-0.2377,-0.2291,-0.1145
CALHM2,0.462,-0.0636,-0.2674,-0.1731,-0.6035,0.4537,-0.2801,-0.1866,-0.2528,0.3284,-0.2464,-0.1521,0.2203,-0.127,0.0815,0.1606,-0.2629,-0.2953,-0.1698,0.033,-0.1976,0.4722,0.0331,-0.2911,0.5525,0.0684,-0.1975,-0.2752,-0.3222,-0.6924,-0.5509,-0.3315
TTYH2,0.4158,-0.1248,-0.2186,-0.1554,-0.2374,0.3201,-0.2121,-0.1172,-0.0496,0.1554,-0.1432,0.0685,0.3132,0.0757,0.0956,0.3331,-0.1835,-0.1341,0.4823,-0.0355,-0.3519,-0.0352,0.1005,-0.1901,-0.0194,0.1069,-0.3619,0.0878,-0.2044,-0.2282,-0.0464,0.2624
CNR1,-0.0072,-0.2154,-0.0914,-0.1431,-0.0822,0.0351,-0.0333,0.1001,-0.1237,0.1224,-0.0336,-0.0186,0.0231,0.1119,-0.0043,-0.0601,-0.1569,-0.1482,-0.1637,-0.1609,-0.0568,0.0138,-0.1842,-0.0173,-0.076,-0.1076,-0.0684,-0.0637,-0.0966,-0.0963,-0.1502,-0.0771
PTGIR,0.2486,-0.2007,-0.0997,-0.1584,-0.1366,0.0473,-0.1471,0.0685,-0.1438,0.1938,-0.1624,-0.1798,-0.1988,-0.2472,-0.1499,0.001,-0.5972,-0.5885,-0.204,-0.0669,-0.1383,0.2334,-0.0712,-0.0271,0.2385,-0.0418,0.3452,-0.1598,-0.4236,-0.1416,-0.1311,-0.0
FNDC4,-0.0128,-0.3012,-0.0029,-0.4198,-0.275,-0.2036,-0.1325,0.0295,-0.2491,0.122,-0.2149,-0.1834,-0.1524,0.168,-0.2721,0.0321,0.0243,0.0,-0.1218,-0.171,-0.3003,0.3908,-0.7471,-0.1525,0.2866,-0.0676,-0.1762,-0.0574,0.19,-0.2162,0.1966,-0.1927
LEPR,0.1609,-0.061,-0.224,-0.4006,-0.324,-0.3622,-0.1313,-0.0074,-0.0712,0.0422,-0.1982,-0.0883,0.2604,0.1334,0.0586,0.1026,-0.333,-0.4008,-0.2144,-0.1969,-0.3829,0.3769,0.0278,-0.1226,0.2683,-0.2223,-0.0863,-0.2133,-0.2924,-0.366,-0.3493,-0.0124
SLC12A4,0.2011,-0.183,-0.2067,-0.3269,-0.3038,0.1883,-0.2999,0.0209,-0.2653,0.3657,-0.1806,-0.0744,0.1777,0.1763,-0.0385,0.4109,-0.3735,-0.3942,-0.1446,-0.0239,-0.3861,0.1618,-0.2236,-0.3267,0.2166,-0.0421,-0.1533,-0.1978,-0.2406,-0.5014,-0.4158,-0.0183
PLXNA2,0.0903,0.0153,-0.219,-0.2476,-0.0087,0.1015,-0.0751,-0.0425,-0.018,-0.0834,-0.0526,-0.0666,0.1795,-0.136,0.0483,-0.0179,-0.3526,-0.4174,-0.3277,0.0037,-0.3874,-0.1519,0.487,-0.3638,0.0077,-0.0033,0.2857,0.0069,-0.1614,-0.3521,-0.2588,-0.2051
KIT,1.1387,0.2851,-0.3134,-0.306,-0.1885,0.1016,-0.2701,-0.0028,-0.3356,-0.1374,-0.1968,0.8026,-0.0836,-0.1685,0.0049,-0.0085,-0.0895,-0.3045,-0.1351,-0.1452,-0.133,0.3942,0.2581,-0.1737,0.3161,-0.271,0.3407,-0.1797,-0.3242,-0.22,-0.2358,0.586
GABRG2,-0.0164,-0.0275,0.0,0.0,0.0,0.0,-0.0257,0.0,-0.068,-0.9338,0.0,0.0,0.0,0.0,0.0,-0.4011,-0.0518,0.4931,0.0,0.0,0.0,0.0393,3.3382,0.0,0.0,-0.0564,0.0987,0.0,-0.0,0.0,0.0814,0.0
ITGA10,0.1371,-0.0617,-0.0653,-0.2687,-0.0827,-0.0245,-0.033,-0.0133,-0.1065,-0.0739,-0.0334,-0.0411,-0.0456,-0.0197,-0.0142,-0.1093,-0.3059,-0.1208,-0.048,-0.1426,-0.0823,0.0829,-0.0739,-0.0562,-0.1664,-0.0761,-0.1342,-0.1717,-0.276,-0.12,-0.2215,-0.0574
CLDN15,0.223,0.1155,-0.2001,-0.4382,-0.3866,-0.0578,-0.2948,-0.1673,-0.0903,0.1131,-0.3359,-0.2529,-0.1096,-0.0584,0.2233,0.0991,-0.3367,-0.3004,-0.1459,0.7195,-0.3463,0.2251,0.0333,-0.3081,0.4214,0.0251,-0.1003,-0.0168,-0.3143,-0.385,-0.2838,-0.2271
LRP1,0.3786,-0.2991,-0.3058,-0.3568,-0.3923,-0.2917,-0.1227,-0.0223,-0.0918,0.2217,-0.1699,-0.1839,0.2666,0.1597,-0.0519,0.2227,-0.3217,-0.318,-0.2198,0.1821,-0.4794,0.5462,0.0196,-0.2427,0.616,0.1172,0.0687,-0.3305,-0.3393,-0.5749,-0.2449,-0.2093
MAMDC4,0.2421,0.0035,-0.1686,-0.2149,-0.2481,-0.3293,-0.3288,-0.1364,-0.216,-0.0641,-0.229,-0.1438,-0.1604,-0.1411,-0.3301,-0.0112,-0.2636,-0.2935,-0.1349,-0.1753,-0.2793,-0.1531,-0.1298,-0.4173,0.0039,-0.1768,-0.4053,-0.1174,-0.5018,-0.2116,-0.3054,-0.2485
TMEFF2,0.0075,-0.0639,-0.027,-0.0016,-0.0463,-0.0233,-0.0,0.0,-0.0236,-0.3112,-0.005,-0.0185,-0.0071,-0.0039,-0.0023,0.2114,-0.0046,-0.0174,-0.0789,-0.0231,-0.0153,0.0353,0.3382,0.8218,0.3898,-0.015,-0.0858,0.0766,-0.0022,-0.0442,0.5301,-0.0646
MOG,-0.2472,-0.0,0.0,-0.0918,-0.0041,0.0,-0.0,-0.0471,-0.0285,-0.7651,-0.0,1.829,0.0,0.0,0.0,-0.1835,-0.0054,-0.0114,0.0539,-0.0292,-0.0138,0.0,0.0,-0.0,-0.0719,-0.0041,-0.0999,-0.0,-0.0,-0.0125,-0.0044,-0.0
SCN4B,0.0068,-0.1034,-0.0892,-0.2787,-0.0678,0.0132,-0.0695,0.0,-0.1736,-0.2575,-0.0863,0.1357,0.5723,-0.024,0.041,-0.1361,-0.2592,-0.2586,-0.0609,-0.069,-0.0399,0.2202,0.1242,-0.2351,-0.0343,-0.0652,-0.0771,0.5792,-0.386,-0.1323,-0.1574,-0.0871
GAS1,0.0234,-0.1925,-0.342,-0.3218,-0.4589,0.0658,-0.2911,0.39,-0.2428,0.5832,-0.0572,-0.1414,-0.232,-0.219,-0.0394,0.4058,-0.2297,-0.1152,-0.2918,0.419,-0.2148,0.1539,-0.1576,-0.3913,0.5636,0.0058,0.1779,0.0644,-0.3449,-0.6529,-0.3959,-0.2651
TNFRSF25,0.6324,-0.3431,0.1291,-0.3337,0.0526,0.1844,-0.1915,-0.2985,-0.0374,-0.3891,-0.0656,-0.1652,-0.1507,-0.2136,-0.0403,-0.4319,-0.0746,-0.0375,-0.6483,-0.3101,-0.1112,0.316,0.0506,-0.5221,0.1877,0.1104,0.0211,-0.0752,-0.3253,-0.0129,-0.0638,-0.2802
SLC7A2,0.0417,-0.2029,-0.2731,0.0178,-0.4495,-0.566,-0.112,-0.0004,-0.1892,0.0451,-0.2762,-0.1837,0.1527,-0.1697,-0.2991,0.2279,-0.0918,-0.266,-0.2378,-0.0554,-0.5197,-0.2464,-0.1988,0.0019,-0.5512,-0.1397,-0.2031,-0.2553,0.1027,-0.3593,-0.3852,-0.2863
LTB4R,0.3048,-0.1945,-0.1159,-0.2944,0.1841,-0.1031,-0.2927,-0.4215,0.1431,0.122,0.3141,-0.2065,-0.0568,-0.1211,-0.2561,-0.029,-0.3827,-0.113,-0.706,-0.1659,-0.3364,0.0958,-0.244,-0.4524,0.2783,-0.1389,-0.1483,0.3274,-0.3896,-0.2405,-0.2424,-0.3701
NKAIN3,0.0,-0.1185,0.0,0.0265,-0.0386,0.0,-0.0,0.0,-0.0036,0.4192,0.0,0.0,0.0,0.5687,0.0,0.9286,0.117,0.0,0.3402,0.0748,-0.0419,0.1008,-0.1086,-0.0,-0.1913,0.0552,-0.1328,0.8757,0.0,0.0,0.8236,0.3665
RECK,0.5935,-0.0777,-0.3155,-0.2598,-0.3388,0.141,-0.2315,0.0767,-0.2538,0.0961,-0.2377,0.0811,0.2167,0.091,0.0655,0.0687,-0.3746,-0.4042,-0.1164,-0.0008,-0.3562,0.3827,0.179,-0.1125,0.5455,-0.0406,-0.1416,-0.1481,-0.2238,-0.4023,-0.3086,-0.2525
PLXNB1,0.2154,-0.3008,-0.2735,-0.2225,-0.2235,-0.093,-0.1623,-0.225,-0.225,-0.0162,-0.3271,-0.4887,-0.4336,-0.0365,-0.2535,0.0997,-0.29,-0.2064,-0.4402,-0.2048,-0.1645,-0.0567,0.3104,-0.406,0.2858,-0.1386,-0.1755,-0.288,-0.3467,-0.176,-0.3213,-0.1476
DLK1,-0.1704,0.3792,-0.0775,-0.1414,-0.0774,-0.0648,-0.0074,-0.0,-0.0345,0.0141,-0.0677,-0.0,-0.0177,-0.0197,-0.0846,-0.0369,-0.1416,-0.072,-0.1417,-0.035,-0.5452,-0.0879,0.4749,-0.0416,-0.2637,-0.0328,-0.2297,0.0434,-0.0107,-0.1523,1.005,-0.0
CACNA1C,0.1549,-0.0804,-0.3985,-0.1166,-0.1975,0.1362,-0.2909,-0.0142,-0.4048,-0.1326,-0.178,-0.0663,0.0875,-0.0626,-0.0071,0.0056,-0.3101,-0.287,-0.1082,-0.1521,-0.1698,0.5406,0.3486,-0.344,0.4797,-0.0788,-0.3976,-0.0961,-0.1438,-0.4414,-0.5799,-0.0187
NPY1R,-0.0063,-0.4117,-0.0751,-0.0183,-0.0527,0.0127,-0.074,-0.1038,-0.0699,-0.1106,-0.0329,-0.3195,-0.0196,-0.1974,-0.0897,-0.1417,-0.0612,-0.0666,-0.1438,-0.0763,-0.1028,-0.2178,-0.4745,-0.0799,-0.0203,-0.0489,-0.0923,-0.1281,-0.2372,-0.1611,-0.2517,-0.0
GDPD5,0.0557,-0.2653,-0.3951,-0.3539,-0.3371,0.1803,0.0876,-0.4722,0.0181,-0.206,-0.3996,-0.1557,0.0004,-0.2117,-0.0587,-0.153,-0.3023,-0.4012,0.1436,0.1599,-0.1365,-0.1555,0.492,-0.2922,0.0646,0.1661,-0.4286,-0.3829,-0.4226,-0.4212,-0.3277,0.0749
SYNPR,-0.0,-0.0,0.0,0.0,0.0,0.0,-0.0411,-0.0,0.0,-1.3487,-0.0043,-0.0,-0.0034,-0.0,0.0,-1.3357,-0.0244,-0.0463,0.0713,-0.0252,0.0298,0.0576,1.4334,0.0,-0.061,0.0439,0.0227,-0.0,0.0171,0.0,0.1618,2.5068
GJA4,0.0841,-0.2257,-0.3308,-0.4351,-0.5358,0.1724,-0.1611,0.4652,-0.2641,0.2033,-0.3001,-0.0606,0.3849,-0.3099,0.0961,-0.0131,-0.4763,-0.5678,-0.0015,-0.1542,-0.3264,0.3812,0.0759,-0.3437,-0.0093,0.0788,0.1466,-0.2382,-0.0523,-0.4278,-0.4681,-0.398
LRRN4CL,0.0,-0.2228,-0.2183,-0.3051,-0.2995,0.0281,-0.2207,0.0094,-0.2328,0.6828,-0.1283,-0.0221,0.0217,-0.0265,-0.0053,0.0956,-0.0901,-0.0638,0.0908,-0.1925,-0.4136,0.327,-0.2204,-0.2414,0.2191,-0.0785,-0.1462,-0.1126,-0.056,-0.4149,-0.4945,0.8258
PRIMA1,-0.0,-0.0,-0.1777,-0.1534,-0.3372,-0.0,-0.1014,-0.0,-0.3933,0.0412,-0.142,-0.0,0.4717,-0.0334,-0.0358,0.0163,-0.0332,0.0749,-0.1848,-0.1129,-0.04,0.0129,0.2671,-0.3726,0.0613,-0.2447,0.0159,-0.1739,-0.0836,-0.3937,-0.419,-0.1106
SLC2A4,-0.0231,-0.122,-0.1975,-0.1325,-0.097,-0.023,-0.2878,-0.0,-0.4454,-0.0179,-0.1057,0.5854,-0.0128,-0.0397,0.0148,0.0783,-0.0358,-0.0605,-0.0798,-0.0625,-0.1579,0.0061,-0.0949,-0.2821,-0.432,-0.1566,-0.1691,-0.0644,-0.2076,-0.0826,-0.3194,0.1475
SCARF1,0.4522,-0.1862,-0.3236,-0.4456,-0.388,-0.074,-0.286,-0.275,-0.1826,0.0906,-0.2449,-0.0827,0.1375,-0.21,-0.1825,0.0302,-0.4093,-0.5491,-0.1236,-0.1317,-0.2828,0.1751,-0.0551,-0.308,0.0861,-0.0797,-0.0975,-0.2012,-0.3419,-0.3959,-0.4227,-0.2392
ATP1B2,-0.0964,-0.193,-0.0864,-0.1507,-0.0597,-0.0106,-0.0256,-0.011,-0.1275,0.1291,-0.0357,-0.1652,0.1038,-0.1005,-0.0368,0.168,-0.1114,-0.058,0.0686,-0.1324,-0.3916,0.0372,0.0532,-0.2172,-0.0,-0.0102,-0.2243,-0.1714,-0.0123,-0.2697,-0.2272,0.1828
BOC,0.0112,-0.193,-0.5394,-0.4818,-0.5678,0.1095,-0.4726,0.1897,-0.5505,0.3657,-0.3519,-0.2374,0.0558,-0.1161,0.018,0.3682,-0.2565,-0.1636,-0.4926,-0.2117,-0.3547,0.2652,-0.0461,-0.3509,0.4684,-0.0974,-0.1447,-0.233,-0.2012,-0.5715,-0.2109,-0.2273
SCNN1D,0.2731,-0.1899,-0.211,-0.2279,-0.336,-0.1582,-0.0865,-0.0465,-0.1718,-0.1871,-0.1527,-0.0832,-0.159,-0.08,-0.1863,-0.0646,-0.1757,-0.1763,-0.1492,-0.183,-0.3195,0.0121,-0.1123,-0.3055,0.134,-0.1255,-0.721,-0.1133,-0.2788,-0.3503,-0.3945,-0.1689
PDGFRB,0.1985,-0.2427,-0.4516,-0.2473,-0.7665,0.404,-0.1268,0.1725,-0.0744,0.1947,-0.1673,-0.2701,0.1759,-0.4478,0.1799,0.0605,-0.3894,-0.4429,-0.4124,-0.1517,-0.6168,0.5203,-0.027,-0.3667,0.3588,0.269,-0.1234,-0.5345,-0.4262,-0.672,-0.4434,-0.5803
THBD,0.0048,-0.2348,0.0479,-0.2324,0.0507,0.2214,-0.2793,-0.3345,0.0793,0.3318,0.2642,-0.1053,0.1975,-0.0369,-0.0513,0.0107,-0.4516,-0.269,-0.52,-0.0084,-0.3735,0.3948,0.0237,-0.1168,0.1727,-0.1602,-0.3237,-0.3006,-0.3477,-0.3391,-0.3333,-0.2687
CD34,1.3295,-0.0897,-0.3928,-0.3581,-0.6046,0.675,-0.2248,0.4173,-0.3528,0.2366,-0.2879,-0.0846,0.3688,-0.3341,0.6063,0.1108,-0.2942,-0.4097,-0.275,-0.1971,-0.3724,0.3401,0.1363,-0.2234,0.2359,0.1051,-0.1256,-0.2508,-0.2213,-0.5292,-0.4553,-0.515
VIPR1,0.3973,-0.034,-0.2228,-0.3314,-0.0725,-0.377,0.0205,-0.1019,0.1311,-0.3005,-0.0991,-0.0662,-0.0792,-0.0345,-0.296,-0.2939,-0.845,-0.9052,-0.1766,-0.0567,0.0717,0.2788,-0.0206,-0.0309,-0.0552,-0.0195,-0.1743,-0.2066,-0.4373,-0.0842,-0.0966,-0.0106
CACNG7,-0.0,-0.0236,-0.0177,-0.0052,0.0,0.0,-0.0082,0.0,-0.0141,-0.0359,-0.0105,-0.0,-0.0056,-0.0,0.0,0.2559,-0.0071,-0.0186,-0.0474,-0.0412,-0.0049,0.0207,0.9509,-0.0,0.0237,-0.0038,0.1474,-0.0,-0.0047,-0.0108,0.1395,-0.0454
TSPAN8,-0.0,0.0711,-0.3715,-0.1931,-0.1603,0.518,0.5871,0.0084,0.3725,-0.0296,-0.2149,-0.0612,-0.2769,-0.2826,0.5792,0.0642,0.048,-0.3677,-0.1583,-0.2283,-0.3146,0.8495,-0.1256,0.2591,-0.3424,0.259,-0.1879,-0.2299,-0.1397,0.0384,0.0677,-0.165
ITGA5,0.2237,-0.0083,-0.8104,-0.2013,-0.3903,0.2673,-0.4451,-0.1194,-0.1999,0.6065,-0.0275,-0.1725,0.3474,-0.1134,0.0941,0.1795,-0.4208,-0.3216,-0.329,-0.0719,-0.409,0.4965,-0.2097,-0.5234,0.5409,-0.0482,0.284,-0.4455,-0.299,-0.5844,-0.3385,-0.5896
GRIK5,0.9321,-0.0389,-0.096,-0.052,-0.0555,0.0114,-0.0788,-0.0041,-0.1828,0.0603,-0.0319,0.0315,-0.0889,-0.1979,-0.0012,0.0987,-0.0414,-0.0311,-0.0183,-0.1495,-0.0052,0.0248,1.1023,-0.333,-0.0258,-0.0701,-0.6158,-0.1083,-0.1339,-0.2776,-0.1375,-0.0449
TMEM132C,0.0069,-0.0147,-0.0206,-0.189,-0.0737,-0.0029,-0.0667,0.0009,-0.0126,-0.1775,-0.0041,-0.0426,-0.0051,-0.0044,-0.0101,0.0443,-0.02,-0.0269,-0.0138,-0.0973,-0.2594,-0.0311,0.0977,-0.0639,-0.1393,-0.0261,0.1628,-0.043,-0.002,-0.1049,-0.1915,-0.0266
SLC22A17,0.0391,-0.0394,-0.3096,-0.1808,-0.6098,0.2536,-0.4414,-0.0293,-0.3889,-0.1471,-0.448,-0.3399,-0.0452,0.0618,-0.0673,0.036,-0.2426,-0.2418,-0.1031,-0.2162,-0.4523,0.1479,0.8007,-0.2952,0.7139,-0.3049,-0.212,-0.2131,-0.1031,-0.4902,-0.0977,-0.1509
CLMP,0.0275,-0.2787,-0.3304,-0.2765,-0.4309,0.0248,-0.3854,0.2521,-0.388,0.003,-0.0824,-0.0455,-0.0975,-0.0904,-0.0098,-0.0204,-0.2124,-0.2138,-0.2708,-0.0966,-0.3445,0.4741,-0.1674,-0.2515,0.6775,-0.0281,0.0087,-0.1479,-0.1142,-0.4407,-0.4211,-0.1365
EPHB6,0.2691,-0.0543,-0.0129,-0.2886,-0.36,0.5119,-0.1634,0.0028,-0.1414,-0.4563,-0.1454,-0.1544,0.1226,0.2201,-0.0641,-0.3825,-0.3194,-0.0961,-0.6336,0.2893,-0.1783,0.0677,0.4109,-0.201,0.2621,-0.1867,-0.2715,0.5941,-0.0101,-0.4055,-0.295,-0.3463
RGR,0.0,-0.0,-0.0,-0.0841,-0.0037,0.0,-0.0596,0.0,-0.0114,-0.0416,-0.0065,0.0,0.0,0.0,0.0,0.512,-0.0,-0.0,0.1818,-0.0,-0.0259,0.0,-0.0,-0.0,-0.0225,-0.0399,-0.0819,-0.0,-0.0,0.2083,0.3212,0.1413
PARM1,0.1062,-0.4433,-0.5813,-0.348,-0.5211,0.2919,0.1767,0.2702,-0.1048,-0.1414,-0.4083,-0.3428,0.0127,-0.3284,0.0696,-0.0166,0.0958,-0.2706,-0.2433,-0.4728,-0.4042,0.061,0.5115,-0.0886,0.0768,0.0886,-0.3498,-0.1739,-0.1405,-0.4882,-0.346,-0.3264
FZD4,-0.0099,-0.0593,-0.3045,-0.4085,-0.4,-0.0181,-0.2895,0.0653,-0.2786,0.1113,-0.3417,-0.172,0.2776,0.1316,-0.0078,0.1146,-0.5105,-0.6075,-0.1783,-0.0607,-0.1961,0.1082,0.0077,0.0889,-0.0525,-0.163,-0.1671,-0.2703,-0.2643,-0.4718,-0.2396,-0.3691
SLC26A6,-0.0054,-0.2,-0.1254,-0.1919,-0.1662,-0.0943,-0.0533,-0.2892,-0.0178,0.0295,-0.2299,-0.587,-0.482,-0.3156,0.007,-0.0253,-0.295,-0.2649,-0.0521,-0.3206,-0.2359,0.0058,-0.3609,-0.2845,0.0037,-0.2747,-0.111,-0.2358,-0.4691,-0.238,-0.2836,-0.3642
SEMA6D,0.0475,-0.0073,-0.0764,-0.2211,-0.1942,0.0454,-0.2885,-0.0,-0.0487,0.2145,-0.1893,-0.0319,-0.085,-0.1349,-0.0412,0.209,-0.197,-0.0988,0.0355,-0.1042,-0.2646,-0.2114,0.4714,-0.1818,0.0589,0.023,-0.0168,-0.1648,-0.2675,-0.1215,-0.0374,-0.1725
STAB1,0.5745,-0.4784,-0.4079,-0.3866,-0.261,-0.0758,-0.511,-0.4584,-0.4119,0.4591,-0.3216,-0.3881,0.0382,-0.2669,-0.1596,0.2551,-0.4283,-0.4937,0.096,0.0806,-0.3655,0.2017,-0.3849,-0.4904,0.479,-0.2426,-0.1117,-0.1033,-0.3772,-0.3127,-0.2142,-0.3415
GHR,0.0084,0.0719,-0.1302,-0.37,-0.1724,-0.323,-0.1311,-0.0,-0.1334,0.052,-0.1764,0.0342,0.1065,-0.1327,-0.2338,0.1634,-0.095,-0.148,-0.1869,0.049,-0.1333,0.0741,-0.1668,0.1487,-0.3576,-0.1496,-0.1033,0.0209,-0.1644,-0.0489,-0.1377,-0.0099
ACVRL1,-0.0072,-0.2359,-0.3462,-0.3906,-0.5731,0.3667,-0.0894,0.3685,-0.3029,0.1976,-0.3192,-0.2913,0.1176,-0.2531,0.2339,0.0594,-0.6303,-0.7254,-0.2882,-0.2732,-0.2826,0.2587,0.0838,-0.3332,0.2405,-0.0327,0.2237,-0.3541,-0.3278,-0.5041,-0.3487,-0.3526
GPR162,0.3962,-0.128,-0.2754,-0.1384,-0.1659,-0.1539,-0.2668,-0.1753,-0.2019,-0.1311,-0.172,-0.146,-0.1022,-0.0675,-0.1336,0.0738,-0.5004,-0.5467,-0.0463,-0.1339,-0.2068,0.251,0.7952,-0.3394,0.4525,-0.1313,0.0642,-0.1662,-0.1579,-0.2633,0.0894,-0.1929
FCGR2C,-0.2319,-0.2659,-0.3033,-0.2259,-0.1146,0.085,-0.3345,-0.3663,-0.3098,0.4268,-0.2743,-0.1043,0.2301,0.1102,-0.0799,-0.0271,-0.3393,-0.4498,0.0399,0.0123,-0.1298,0.2513,-0.3069,-0.1905,0.0793,-0.0273,-0.1119,-0.2547,-0.3109,-0.2231,-0.225,-0.2179
GPER1,0.0236,-0.2018,-0.1482,-0.2378,-0.1681,-0.2995,-0.1444,-0.1729,-0.1637,0.0359,-0.228,-0.1517,0.2474,0.1604,-0.0866,0.0169,-0.2253,-0.1953,-0.055,0.0063,-0.1402,0.2,-0.2608,-0.1731,0.2895,-0.3468,-0.0816,-0.2572,-0.1591,-0.2275,-0.2327,0.0004
PTPRZ1,-0.0055,-0.0651,-0.1214,-0.1376,0.1564,0.0027,-0.0247,-0.0289,0.0075,0.6129,0.9223,-0.0,-0.0092,-0.0106,-0.0047,0.562,-0.1282,0.6479,0.0464,-0.0639,-0.0159,0.0278,0.0925,-0.0961,0.0193,-0.2737,-0.0212,-0.0079,-0.0024,-0.0698,-0.0783,0.1041
NGFR,0.0078,-0.3575,-0.2309,-0.3865,-0.207,-0.1489,-0.1978,-0.0778,-0.2436,0.5364,-0.0528,0.2814,0.2294,-0.1643,-0.2586,0.2482,-0.1091,0.107,-0.0425,-0.2411,-0.2073,0.1274,-0.1895,-0.3178,0.2283,-0.1165,-0.0068,-0.1662,-0.3085,-0.168,0.1786,-0.2217
ADCY6,0.7003,-0.2134,-0.2604,-0.1808,-0.3225,0.1694,-0.1434,-0.0245,-0.2186,0.0558,-0.4821,-0.0604,-0.0834,-0.0167,-0.0818,0.0604,-0.1869,-0.3763,-0.065,-0.2428,-0.4569,0.0037,-0.1122,-0.1258,0.0929,-0.2216,-0.2528,-0.4707,-0.2936,-0.3708,-0.3911,-0.1808
LRRC32,0.006,-0.2332,-0.3801,-0.3089,-0.7112,0.2833,-0.0879,0.3619,-0.2263,0.0908,-0.3043,-0.3795,0.0513,-0.3466,0.0646,-0.2212,-0.5847,-0.6392,-0.2824,-0.1213,-0.2114,0.59,-0.0165,-0.2705,0.199,0.0251,0.0822,-0.4692,-0.3625,-0.3858,-0.3281,-0.4535
SIDT2,0.1911,-0.2102,-0.3101,-0.2354,-0.3822,-0.1211,-0.3013,-0.1238,-0.1117,0.0293,-0.3408,-0.0201,0.0446,-0.0512,-0.101,0.0465,-0.2784,-0.3483,-0.1482,-0.2258,-0.3578,-0.1713,-0.0323,-0.1211,0.1124,-0.2498,-0.2604,-0.2529,-0.2241,-0.3717,-0.311,-0.2415
MPZ,-0.2209,-0.1406,-0.2836,-0.1299,-0.1651,-0.0582,-0.187,-0.1701,-0.2346,0.044,-0.1531,-0.0575,-0.0769,-0.1124,0.0073,-0.058,-0.1571,-0.1602,0.2104,-0.2137,-0.1957,0.0722,0.1059,-0.2572,0.0153,-0.1219,-0.1996,-0.1953,-0.2311,-0.1094,-0.1703,-0.2192
PTPRM,0.32,-0.1113,-0.1905,-0.3696,-0.5172,0.3241,-0.4088,0.114,-0.3194,-0.2396,-0.4166,-0.2866,0.207,0.0806,-0.0021,-0.0393,-0.4006,-0.5843,0.1389,-0.2707,-0.3802,0.2468,0.3574,-0.124,0.0962,-0.1728,-0.2503,-0.0815,0.0324,-0.2896,-0.3066,0.062
SLC43A1,0.3259,-0.125,-0.4187,-0.1697,-0.4263,-0.1836,0.1349,0.2565,-0.1362,0.1311,-0.3745,0.1085,-0.1183,-0.1644,0.0754,0.1114,-0.1788,-0.3326,-0.1463,-0.3136,-0.4596,-0.5268,-0.3554,0.2801,0.1037,-0.0352,0.3146,-0.3735,-0.3937,-0.337,-0.2207,-0.1281
LPL,0.0541,-0.0588,-0.141,-0.7984,-0.0989,0.0946,-0.1708,0.0247,-0.2163,0.4404,-0.1493,-0.0475,0.2329,-0.092,0.089,0.5165,-0.4715,-0.6384,0.108,-0.1491,-0.1565,0.2958,-0.1071,-0.0873,-0.3704,-0.0102,-0.0153,-0.143,-0.0249,-0.1105,-0.0949,-0.1431
TGFBR2,0.5928,-0.2462,-0.4003,-0.419,-0.4393,0.2822,-0.1471,-0.14,-0.155,0.3469,-0.2199,-0.0335,0.1828,-0.056,0.1463,0.2407,-0.2474,-0.4694,-0.102,-0.0412,-0.2651,0.3429,-0.2194,-0.2157,0.3362,0.0744,0.1129,-0.295,-0.3336,-0.506,-0.5044,-0.5323
ABCC9,0.0021,-0.0923,-0.1381,-0.2768,-0.0756,-0.2083,-0.1038,0.0201,-0.2699,0.0416,-0.1882,-0.0209,0.4024,0.0042,-0.2079,0.1918,-0.2133,-0.2169,-0.1521,-0.1945,-0.2068,0.1493,-0.0338,-0.1642,-0.2977,0.0524,0.013,-0.1475,-0.2377,-0.0965,-0.3453,-0.0244
NAALADL1,0.5393,-0.1275,-0.3264,-0.3498,-0.5512,0.2002,-0.597,-0.0088,-0.3997,0.1642,-0.3718,-0.2066,0.012,-0.1929,0.0927,0.0439,-0.2897,-0.3013,-0.1528,-0.0993,-0.3328,0.5137,0.4181,-0.3041,0.3874,-0.0063,-0.3478,-0.2953,-0.198,-0.5285,-0.5317,-0.1694
GFRA1,0.006,-0.0435,-0.1044,0.2432,-0.052,-0.2767,-0.1062,0.03,-0.2251,-0.1844,-0.1257,-0.0316,0.0637,0.0522,-0.0668,0.1513,-0.1187,-0.0858,-0.2262,-0.1229,-0.2341,0.076,0.1285,-0.1693,0.0221,-0.1247,-0.1397,0.0679,-0.0717,-0.1562,0.0773,-0.1453
F3,0.3111,-0.2608,-0.6438,-0.5673,-0.0504,0.3915,-0.1612,0.2245,0.1167,0.3651,0.0623,-0.2666,-0.2373,-0.2917,-0.0848,0.0351,-0.1237,-0.1879,-0.6403,-0.4671,-0.7718,0.338,-0.1366,0.0096,0.0643,-0.042,-0.5228,-0.4175,-0.4321,-0.1002,-0.4372,-0.3275
AGER,0.0617,-0.1777,-0.2301,-0.3168,-0.2947,0.0656,-0.3884,-0.286,-0.3394,0.045,-0.3316,-0.202,-0.1908,-0.166,-0.2446,0.0536,-0.8976,-1.1116,-0.2208,-0.2205,-0.3588,0.0589,-0.1267,-0.4785,0.1364,-0.2551,-0.1074,0.0728,-0.333,-0.2685,-0.265,-0.3235
TMEM255B,0.1223,-0.2462,-0.4204,-0.4493,-0.5037,0.0723,-0.1231,-0.1023,-0.3116,0.3887,-0.3043,-0.4299,-0.029,-0.4197,-0.0801,0.0651,-0.481,-0.5649,-0.2746,-0.1666,-0.3394,0.2412,-0.0188,-0.4548,0.2654,-0.0579,-0.3053,-0.3139,-0.4326,-0.5674,-0.5766,-0.2821
CNTNAP3B,-0.0113,-0.1045,-0.2675,-0.3361,-0.2111,-0.0243,-0.1167,-0.0124,-0.3613,0.0407,-0.2017,-0.1895,-0.1126,-0.1157,-0.0554,-0.1029,-0.179,-0.186,-0.2281,-0.1622,-0.0971,0.1177,0.0223,-0.2124,-0.0278,-0.038,-0.199,0.0119,-0.0982,-0.2425,-0.2334,-0.1573
CHL1,0.1448,-0.1859,-0.1615,-0.2894,-0.2668,0.0097,-0.1553,0.093,-0.2553,0.2334,-0.138,-0.0358,-0.1526,0.4119,-0.0668,0.1618,0.0076,0.0176,0.2526,-0.1391,-0.0951,0.1652,-0.0759,-0.1296,0.0325,-0.0136,-0.0929,-0.1194,-0.069,-0.1039,-0.1231,-0.1557
C14orf132,0.0003,-0.112,-0.2138,-0.0529,-0.3526,0.1652,-0.1831,-0.0121,-0.3113,-0.163,-0.15,0.1024,-0.0663,-0.0716,-0.0466,0.119,-0.3993,-0.3768,-0.2313,0.0163,-0.2073,0.3271,0.9401,-0.1564,0.6546,-0.058,-0.0127,0.1056,-0.0582,-0.3733,-0.2736,0.1053
NTRK3,0.0073,-0.0168,-0.0511,-0.2866,-0.0523,-0.0,-0.021,-0.0116,-0.0645,0.0155,-0.0371,-0.0231,-0.1602,-0.1338,-0.0119,0.1406,-0.0556,-0.0545,-0.0536,-0.1552,-0.1718,0.0215,0.0235,-0.2723,0.0652,-0.0665,-0.4093,-0.159,-0.0866,-0.1997,-0.2726,-0.037
TPCN1,0.2944,-0.1978,-0.3866,-0.2479,-0.4564,0.0048,-0.1896,-0.0432,-0.1583,-0.0567,-0.3728,-0.1992,-0.1258,-0.0196,-0.1053,0.015,-0.2052,-0.4044,-0.1351,-0.2556,-0.327,-0.0964,-0.297,-0.3687,-0.0203,0.0645,-0.3116,-0.3508,-0.2663,-0.4695,-0.505,-0.2367
GPM6B,0.5933,-0.0461,-0.2489,-0.2493,-0.4776,0.0328,-0.2076,-0.0503,-0.3323,0.1988,-0.1478,-0.0305,-0.072,-0.025,-0.0081,0.3124,-0.4338,-0.4042,0.617,-0.2166,0.1222,0.0723,0.077,-0.3618,0.0873,-0.118,0.139,-0.1565,-0.2449,0.108,0.2258,0.497
SLC22A3,0.0304,-0.1349,-0.2462,-0.1424,-0.3189,-0.3537,0.0983,0.2366,-0.1727,-0.0747,-0.1634,-0.0852,-0.042,0.1253,-0.1554,-0.0215,-0.0518,-0.2891,-0.1541,-0.2483,-0.111,0.8342,-0.195,-0.0911,-0.3435,0.0015,-0.1604,-0.0692,-0.0924,-0.1732,-0.3527,-0.0
NLGN2,0.0127,-0.1985,-0.3538,-0.2403,-0.5289,0.083,-0.4034,-0.0425,-0.2337,-0.0097,-0.2136,-0.3491,-0.1296,0.0259,-0.1504,0.1879,-0.2529,-0.1685,-0.1567,-0.1427,-0.4426,0.2806,0.0301,-0.3615,0.3379,-0.0224,0.1946,-0.3862,-0.2804,-0.5743,-0.4044,-0.3333
TMEM178A,0.0345,-0.2094,-0.1626,-0.2405,-0.1172,-0.003,-0.1215,-0.006,-0.0653,-0.1688,-0.0661,-0.4294,-0.3917,-0.3958,-0.1336,-0.1265,-0.2407,-0.2249,-0.0762,-0.1776,-0.1548,-0.0414,-0.1157,0.1589,-0.026,-0.1365,0.0292,-0.1884,-0.4337,0.0049,0.0519,-0.1412
NTRK2,0.0047,-0.0522,-0.1645,-0.3738,-0.2712,0.2467,-0.123,-0.0246,-0.0182,0.0047,0.0768,-0.0713,0.0419,-0.1394,-0.0213,0.4054,-0.0978,0.5807,-0.2175,-0.1788,-0.171,-0.0113,0.1099,-0.1085,0.1485,0.0286,-0.0832,-0.0916,0.1654,-0.1885,-0.1119,-0.1437
NOTCH4,0.0754,-0.0726,-0.2651,-0.5604,-0.4773,0.1213,-0.2482,0.0081,-0.2357,0.1142,-0.3751,-0.2829,0.0997,-0.4584,-0.005,0.09,-0.6144,-0.6938,-0.0231,-0.3118,-0.3479,0.2079,0.1389,-0.4503,0.1058,-0.1095,-0.3539,-0.2668,-0.2784,-0.4934,-0.4203,-0.2902
SEMA6C,0.0719,-0.1412,-0.2436,-0.2361,-0.4078,-0.0848,-0.3357,-0.0329,-0.2764,-0.0886,-0.3015,-0.3819,-0.156,-0.1655,0.0233,0.0642,-0.1976,-0.1907,-0.3044,-0.2491,-0.3767,0.1545,0.4538,-0.3369,-0.4895,-0.1078,-0.4633,-0.1712,-0.274,-0.3087,0.1242,-0.3423
CEACAM19,0.4658,-0.1845,-0.2402,-0.2579,-0.2203,0.0173,-0.2191,-0.0,0.0445,-0.1588,0.1525,-0.244,-0.2518,-0.2594,-0.1661,-0.137,-0.2542,-0.2344,-0.2569,-0.2661,-0.3271,-0.0906,-0.1311,-0.3139,-0.2184,-0.1628,-0.4414,-0.2457,-0.3871,-0.2782,-0.2818,-0.208
DDR2,0.008,-0.2969,-0.4493,-0.2811,-0.4637,0.0855,-0.3964,0.231,-0.4403,0.2589,-0.3542,-0.0936,0.1744,-0.1044,-0.0482,0.2203,-0.3397,-0.3733,0.0916,0.0158,-0.4654,0.5386,-0.6853,-0.2645,0.6858,0.035,-0.0821,-0.2081,-0.395,-0.4382,-0.2373,-0.1154
LMBR1L,0.0995,-0.0049,-0.2431,-0.3534,-0.3948,0.0789,-0.3049,-0.2198,-0.2774,0.0646,-0.3818,-0.3101,-0.0776,-0.0748,-0.1204,0.0537,-0.2869,-0.357,-0.1879,-0.2353,-0.4644,0.0863,-0.0863,-0.3616,0.0756,-0.1388,-0.3106,-0.1329,-0.3076,-0.4065,-0.4096,-0.2831
SLC2A3,-0.2027,-0.1019,-0.1799,-0.4477,-0.2645,0.1363,-0.1074,-0.4169,-0.0029,-0.0078,-0.1917,-0.2315,0.3652,-0.1724,-0.1362,-0.2435,-0.464,-0.4387,-0.0201,0.1082,-0.2828,0.5789,0.2873,-0.1767,0.1342,0.2058,0.504,-0.3683,-0.1816,-0.2703,-0.0966,-0.4306
SCN1B,-0.0539,-0.3495,-0.3443,-0.242,-0.483,0.1544,-0.298,-0.1574,-0.3375,-0.3596,-0.305,0.1584,0.265,0.1937,0.0326,-0.275,-0.1997,-0.3198,0.062,0.057,-0.3603,0.099,-0.0463,-0.1017,-0.664,-0.1525,-0.1205,-0.3619,0.066,-0.4295,-0.2483,-0.1511
ADCY2,0.0563,-0.0568,-0.1192,-0.0976,-0.1544,0.0278,-0.0813,-0.0054,-0.1904,-0.0376,-0.2204,-0.0105,0.1307,0.4635,-0.0045,0.2721,-0.0378,-0.0274,-0.2678,-0.1468,-0.1428,0.3758,0.6081,-0.1365,-0.5193,-0.0978,-0.1886,-0.1485,-0.0294,-0.1261,-0.2246,-0.1997
EDNRB,0.0024,-0.2526,-0.4051,-0.5337,-0.2245,-0.1317,-0.2013,-0.0386,-0.1916,0.3715,-0.2704,-0.0707,0.3993,0.09,-0.0852,0.5171,-0.6168,-0.6194,0.7603,-0.2749,-0.2112,0.0881,-0.0477,-0.2917,0.1049,0.0229,-0.0098,-0.2658,-0.2174,-0.2166,-0.3595,0.5522
CLDN11,-0.0,-0.1198,-0.3729,-0.4087,-0.1481,0.2905,-0.1791,-0.0193,-0.1591,-0.0099,-0.1819,-0.1641,-0.1517,-0.1359,-0.0325,0.0802,-0.2673,-0.2584,-0.2951,0.1539,-0.5203,0.6752,-0.1727,-0.3027,0.2188,-0.0296,-0.8165,-0.2082,-0.0856,-0.2552,-0.1726,-0.0623
FLRT2,0.0075,-0.1915,-0.2432,-0.2519,-0.3032,0.4147,-0.1513,0.0198,-0.0143,-0.0953,0.047,-0.0479,-0.0793,-0.0717,-0.051,0.019,-0.1739,-0.0954,-0.3739,0.1718,-0.4058,-0.2887,-0.1866,-0.2744,0.2352,0.014,-0.127,-0.2107,-0.379,-0.2549,-0.004,-0.2483
GPIHBP1,-0.0008,-0.0305,-0.1552,-0.494,-0.0164,-0.0001,-0.0572,-0.0437,-0.0396,-0.1279,-0.0451,-0.1422,0.0098,-0.1424,0.1417,0.183,-0.4,-0.228,-0.1341,-0.141,-0.1211,0.0427,-0.0819,-0.1085,-0.1278,-0.0644,-0.0227,-0.1207,-0.2198,-0.1074,-0.2807,-0.0927
AQP1,-0.0243,-0.1171,-0.5486,-0.4143,-0.6288,1.1151,-0.2658,0.2578,-0.5686,0.6162,-0.3155,-0.6062,0.1218,0.2029,0.2347,0.2427,-0.4911,-0.7179,-0.3006,0.3769,-0.4892,0.0404,0.2126,-0.2242,0.2094,0.1897,0.1403,-0.2583,-0.1207,-0.7124,-0.6564,-0.6846
TFPI,0.304,-0.1207,-0.3787,-0.4932,-0.5491,-0.1843,-0.2542,0.1375,-0.0818,0.6517,-0.2967,-0.4157,0.3961,0.2867,0.1245,0.2455,-0.2158,-0.4677,-0.4039,-0.3024,-0.4743,0.5104,-0.1764,-0.2705,0.1125,0.2099,0.1614,-0.4604,-0.5802,-0.5146,-0.3459,-0.4039
LIFR,-0.0066,-0.2914,-0.3948,-0.4887,-0.4737,-0.1579,-0.0964,-0.0258,-0.2534,0.2335,-0.2847,0.1431,0.2135,0.0052,-0.1507,0.4067,-0.2957,-0.4611,-0.2309,-0.1511,-0.5069,-0.1582,-0.1106,0.0303,-0.216,-0.3286,-0.2333,-0.1327,-0.5099,-0.5598,-0.5686,-0.0311
NEGR1,0.9488,-0.0225,-0.238,-0.1912,-0.0767,0.054,-0.1663,0.0038,-0.2672,-0.2893,-0.1148,-0.0382,0.0343,-0.0467,-0.0024,-0.0571,-0.1895,-0.1128,-0.2506,-0.1148,-0.0822,0.211,0.4187,-0.1725,0.1007,-0.0764,-0.0917,-0.1343,-0.1258,-0.1067,-0.2029,-0.0175
NPR1,-0.0012,-0.177,-0.3852,-0.7026,-0.2993,0.0987,-0.2614,0.1206,-0.4062,0.1376,-0.2975,-0.5551,-0.0855,-0.006,0.1011,0.0068,-0.598,-0.5686,-0.1924,0.4948,0.0123,0.1159,0.0072,-0.2206,0.5006,-0.1801,-0.1064,-0.2258,-0.4555,-0.5244,-0.4968,-0.0562
PLP1,0.0181,-0.1154,-0.1017,-0.1404,-0.0456,-0.0489,-0.1046,-0.0111,-0.1882,-0.2172,-0.0923,-0.0418,-0.0193,-0.0366,-0.0205,0.0928,-0.0138,-0.0405,0.812,-0.0843,-0.0722,0.0886,0.0198,-0.3338,-0.0729,-0.17,-0.3053,-0.1886,-0.1195,-0.0511,-0.1918,0.4641
NRN1,-0.0052,0.0728,-0.3106,-0.5137,-0.3979,0.0481,-0.2101,0.1489,-0.3627,0.0987,-0.2579,-0.1421,0.2127,-0.1471,0.0554,-0.1052,-0.3526,-0.058,-0.0705,-0.2692,-0.2027,0.258,0.3029,-0.1162,0.3827,-0.0928,0.2075,-0.3474,-0.2913,-0.2111,0.0408,-0.3074
SPNS2,1.0204,-0.1842,-0.2062,-0.4467,-0.3128,0.5615,0.1829,-0.0967,-0.1165,-0.2411,-0.2199,-0.6703,0.0062,-0.0297,-0.1147,-0.097,-0.4377,-0.6436,-0.6177,-0.2601,-0.2721,0.3033,-0.0869,-0.3325,-0.0316,0.0517,-0.035,-0.507,-0.4136,-0.3266,-0.3615,-0.4081
ERVK13-1,0.4253,-0.2448,-0.335,-0.2254,-0.376,-0.1219,-0.3611,-0.1774,-0.2607,-0.1621,-0.3329,-0.2338,-0.2031,-0.2016,-0.2208,-0.0647,-0.3284,-0.3663,-0.1744,-0.3267,-0.4327,-0.0872,-0.0782,-0.3551,-0.1668,-0.272,-0.4036,-0.2056,-0.4512,-0.5103,-0.4375,-0.2459
SCARA5,-0.0108,-0.1241,-0.3353,-0.3188,-0.0708,-0.0519,-0.2942,0.2465,-0.3012,-0.006,-0.3068,-0.0224,-0.0169,-0.019,-0.0556,0.0198,-0.3263,-0.1684,-0.2872,-0.2743,-0.0499,-0.0562,-0.1014,-0.0747,-0.1773,-0.3025,-0.1686,-0.2841,-0.2787,-0.0193,-0.0978,-0.0915
FGFR1,0.5523,0.1953,-0.6335,-0.3259,-0.7144,0.5499,-0.5147,0.161,-0.5086,0.1765,-0.4997,0.0116,-0.0206,-0.0467,-0.1537,0.0631,-0.3955,-0.35,-0.2521,0.0335,-0.285,-0.1444,0.4121,-0.3574,0.4852,-0.0305,0.2094,-0.357,-0.3648,-0.337,-0.1459,-0.4439
AGTR1,0.0359,-0.2641,-0.2052,-0.4809,-0.0304,-0.4629,-0.1302,-0.0,-0.1368,0.0426,-0.071,-0.1903,-0.0449,-0.1333,-0.1434,-0.0036,-0.2481,-0.1055,-0.0855,-0.1882,-0.0804,-0.0252,-0.4498,0.0629,-0.1497,-0.1096,-0.1261,-0.091,-0.2866,-0.0263,-0.1876,-0.0
STEAP4,0.0075,-0.4501,-0.3436,-0.5085,-0.2516,-0.1818,-0.1861,-0.1259,-0.2312,0.0027,-0.2424,-0.182,0.1596,-0.1421,-0.195,-0.0031,0.1224,-0.3326,-0.3266,-0.0562,-0.2134,0.0665,-0.4604,0.3473,-0.081,-0.0708,-0.1669,-0.2721,-0.4314,-0.1875,-0.2909,-0.1055
CNTNAP1,0.2057,-0.1144,-0.2887,-0.2839,-0.4383,0.0695,-0.3206,0.0037,-0.176,-0.1497,-0.2648,-0.0925,-0.0616,-0.1378,-0.0298,-0.1245,-0.3132,-0.3349,0.0142,-0.0765,-0.4987,-0.0848,-0.0336,-0.328,0.3767,-0.1417,-0.2178,-0.2705,-0.2852,-0.5597,-0.4438,-0.1831
ZDHHC11B,0.0941,-0.0765,-0.1927,-0.1503,-0.1788,-0.1886,-0.2846,-0.0154,-0.2502,-0.446,-0.1996,-0.0271,-0.1142,-0.1101,-0.1948,-0.2397,-0.3402,-0.36,-0.2452,-0.1936,-0.2184,-0.2007,0.4206,-0.186,-0.1542,-0.2004,-0.1998,-0.2063,-0.2475,-0.1714,-0.1554,-0.2002
LYNX1,0.0156,-0.0274,-0.4252,-0.2697,0.1353,-0.1978,-0.2213,-0.0346,-0.3489,-0.3026,0.4801,0.2059,-0.2132,-0.1126,-0.0519,-0.1063,-0.2402,-0.0978,-0.8135,-0.3304,-0.1885,0.2405,-0.1079,-0.3663,0.1399,-0.0807,-0.1929,-0.3641,0.0142,-0.3858,-0.4868,-0.0463
PILRB,0.3228,-0.1997,-0.3376,-0.431,-0.2582,-0.097,-0.3447,-0.2549,-0.1536,-0.0254,-0.469,-0.5071,-0.3699,-0.2108,-0.3711,-0.0548,-0.3134,-0.2528,-0.2717,-0.3316,-0.4171,-0.1929,-0.2403,-0.4376,-0.0915,-0.301,-0.5845,-0.1541,-0.5837,-0.3379,-0.4521,-0.4706
CADM3,-0.0193,-0.0705,-0.2196,-0.2464,-0.0892,0.0322,-0.1698,0.3978,-0.2559,-0.2272,-0.1792,-0.0365,0.2269,0.1165,-0.0158,-0.0282,-0.176,-0.1583,-0.3304,0.3167,0.0026,0.1795,0.6514,-0.1372,0.1567,-0.1665,-0.1033,-0.1126,-0.0968,-0.1421,-0.2139,-0.1685
NLGN4Y,0.0,-0.3762,-0.2035,-0.0209,-0.0,-0.4683,-0.064,0.0444,-0.0122,0.1531,0.0635,-0.1052,0.0879,-0.096,-0.046,0.0897,-0.366,-0.0023,-0.1233,0.3455,-0.0,0.1446,-0.4081,0.0463,-0.2347,0.2576,0.0988,-0.0798,-0.5369,0.0,0.0,-0.108
ADCY5,0.0024,-0.1265,-0.3632,-0.2683,-0.2478,0.2839,-0.2979,-0.0274,-0.5812,-0.3751,-0.1956,0.1435,0.3324,0.0282,-0.0858,-0.0851,-0.2144,-0.2149,-0.0773,-0.1732,-0.3259,0.0153,-0.0019,-0.362,-0.0321,-0.141,-0.3609,-0.3033,-0.0548,-0.3949,-0.389,-0.1324
LPAR1,0.277,-0.2309,-0.4968,-0.2669,-0.5522,0.2116,-0.3529,0.1706,-0.194,-0.1263,-0.2319,-0.1863,-0.1021,-0.0392,-0.0456,-0.2365,-0.211,-0.1438,-0.4296,-0.08,-0.222,0.2756,-0.0104,-0.3562,0.6076,0.0233,-0.1053,-0.2754,-0.4223,-0.2458,-0.1571,-0.0408
ABCA6,0.0741,-0.0978,-0.396,-0.5339,-0.1408,-0.4725,-0.1283,0.4934,-0.3054,-0.0448,-0.2116,-0.0292,-0.0856,-0.1016,-0.0868,-0.0386,-0.4526,-0.4025,-0.3387,-0.272,-0.1569,0.1253,-0.1547,-0.1084,-0.1967,-0.1972,-0.1395,-0.1002,-0.2661,-0.0895,-0.1456,-0.0155
SLC7A6,0.3703,-0.2704,-0.2817,-0.412,-0.2855,0.2523,-0.0301,0.0792,-0.049,0.072,-0.206,0.0425,-0.0912,-0.1215,0.0268,0.0531,-0.2727,-0.2353,-0.1529,-0.18,-0.2793,0.1544,-0.3971,-0.4016,-0.6407,0.0529,-0.1211,-0.0947,-0.5912,-0.3164,-0.2183,-0.3367
GPR146,0.0409,-0.0144,-0.4643,-0.6334,-0.4355,-0.2809,-0.3352,-0.2451,-0.2992,-0.01,-0.3015,0.1213,0.1432,-0.1177,-0.1495,0.0384,-0.4763,-0.5097,-0.2003,-0.2812,-0.2763,0.0234,0.1354,-0.2283,-0.0765,-0.3351,-0.1834,-0.2715,-0.3851,-0.4463,-0.4902,-0.0095
JAM3,0.4377,-0.1653,-0.6318,-0.2357,-0.6733,0.3005,-0.5025,-0.0863,-0.5169,0.2437,-0.4344,-0.0812,0.2973,-0.1476,0.1154,0.1775,-0.4225,-0.4693,-0.1197,-0.2368,-0.597,0.4917,0.203,-0.1552,0.5802,-0.006,-0.1925,0.0202,-0.2719,-0.7292,-0.2641,-0.273
GABRE,-0.1748,-0.2482,-0.3784,-0.5416,-0.2753,0.284,-0.1653,-0.0136,-0.0633,-0.0425,-0.2029,-0.166,-0.0489,-0.2455,-0.0162,-0.0578,-0.3704,-0.1475,-0.1915,-0.1562,-0.1781,-0.0107,-0.2631,-0.679,0.2696,-0.1793,-0.0705,-0.3981,-0.5489,-0.4487,-0.4967,-0.0337
PDGFRA,0.0189,-0.3727,-0.7368,-0.3035,-0.6359,0.0528,-0.3588,0.0829,-0.2495,0.3082,-0.3632,-0.2513,-0.2688,-0.2801,-0.1762,0.5587,-0.4782,-0.4905,-0.4112,-0.2645,-0.7051,0.3212,-0.3452,-0.3653,0.3555,-0.0562,-0.1948,-0.3323,-0.3958,-0.6262,-0.4312,-0.0872
S1PR1,0.0726,-0.1264,-0.4182,-0.5704,-0.4844,0.1147,-0.3173,-0.3251,-0.218,0.0073,-0.3187,-0.0345,0.4064,-0.2162,0.1271,0.1715,-0.5813,-0.7106,-0.3367,-0.2661,-0.3054,0.2727,0.0004,-0.1541,0.0401,0.0596,0.0548,-0.2518,-0.2093,-0.5295,-0.5017,-0.3469
ABCA5,0.3322,-0.2126,-0.2704,-0.3992,-0.2998,-0.3677,-0.3484,-0.1233,-0.1619,-0.2498,-0.3599,-0.0121,-0.0818,-0.1415,-0.2154,-0.3592,-0.2583,-0.1528,-0.3387,-0.3763,-0.466,-0.2955,-0.0395,-0.2269,-0.518,-0.2503,-0.4535,-0.2849,-0.2457,-0.2131,-0.2844,-0.3849
NCAM1,0.2747,-0.1714,-0.3556,-0.1142,-0.2112,0.0433,-0.3149,-0.0451,-0.3751,0.0116,-0.2921,-0.0544,0.0169,-0.0467,-0.0569,0.2887,-0.0947,-0.0976,0.015,-0.2846,-0.4714,0.1458,0.1832,-0.3493,0.2357,-0.2935,-0.3295,-0.0641,-0.3529,-0.5619,-0.4756,-0.194
CA4,-0.0575,0.0754,-0.2217,-0.2543,-0.0601,0.0477,-0.2506,-0.0303,-0.1614,-0.2036,-0.0172,-0.3982,-0.341,-0.2588,-0.0024,0.0723,-0.5799,-0.4196,-0.0587,-0.0578,-0.1349,-0.3028,0.2973,-0.2568,-0.166,-0.1984,0.0866,-0.2232,-0.529,-0.1336,-0.2586,-0.1537
SLCO4A1,0.0744,0.093,-0.3694,-0.5002,-0.2117,0.1264,0.2454,0.1248,-0.0727,-0.2372,-0.1513,-0.2912,-0.2687,-0.2506,-0.1123,-0.2661,-0.7049,-0.7238,-0.261,-0.2602,-0.3258,0.4587,-0.1671,-0.3086,-0.3406,0.0575,-0.2218,-0.3382,-0.3518,-0.4013,-0.3124,0.1
NPR2,0.2324,-0.2546,-0.4328,-0.3755,-0.5616,-0.0754,-0.3808,0.081,-0.3552,0.0319,-0.4392,-0.2,-0.1192,0.0294,0.0151,-0.0039,-0.4056,-0.3721,-0.1595,-0.0854,-0.2623,0.2626,0.1507,-0.4377,0.2444,-0.1056,-0.4419,-0.2408,-0.3929,-0.5274,-0.3313,-0.2372
PEAR1,0.0146,-0.2485,-0.3221,-0.5087,-0.4034,0.0937,-0.2458,-0.0917,-0.2457,0.0168,-0.3042,-0.197,0.0836,-0.2073,-0.0952,-0.0036,-0.5078,-0.4725,-0.2356,-0.253,-0.2463,0.0339,-0.1085,-0.3058,-0.1166,-0.1211,-0.2549,-0.2736,-0.4934,-0.2468,-0.4827,-0.0985
JAM2,0.0861,-0.3147,-0.4238,-0.4196,-0.4637,0.1169,-0.36,0.4929,-0.4867,0.4442,-0.3699,-0.0977,0.2674,-0.1115,0.0612,0.4352,-0.4631,-0.5104,-0.2819,-0.3376,-0.5176,0.3515,-0.1696,-0.2096,0.2462,-0.0925,-0.5366,-0.1978,-0.2865,-0.5885,-0.4513,-0.1965
SGCA,0.0,-0.0254,-0.5078,-0.0874,-0.1097,0.0889,-0.3363,-0.0219,-0.5163,-0.0081,-0.2495,-0.0496,0.0141,-0.0902,-0.1044,-0.0246,-0.5178,-0.4928,-0.1771,-0.1871,-0.0486,0.315,0.1499,-0.3431,-0.7911,-0.2331,-0.4133,-0.1347,-0.1618,-0.2748,-0.4914,-0.2315
CD36,0.9664,0.3094,-0.3139,-0.8049,-0.1184,-0.1366,-0.4319,-0.528,-0.3918,0.3856,-0.1992,0.3969,0.9912,0.0989,0.3015,0.0224,-0.5089,-0.517,-0.1756,-0.2033,-0.0986,0.0541,-0.1117,-0.1213,-0.235,-0.2845,-0.0266,-0.1344,-0.5483,-0.182,0.0155,-0.2959
AOC3,-0.0232,-0.3644,-0.7729,-0.6317,-0.5516,-0.0008,-0.5294,-0.0201,-0.7351,-0.0069,-0.4659,-0.2128,0.129,-0.3159,-0.0466,-0.0215,-0.6676,-0.8495,-0.2805,-0.3606,-0.479,0.49,-0.4191,-0.2018,0.2451,-0.1073,-0.2059,-0.4318,-0.334,-0.7078,-0.7849,-0.3353
GYPC,-0.147,-0.2863,-0.5245,-0.3961,-0.6101,0.5131,-0.5166,-0.0111,-0.5457,0.5366,-0.4532,-0.3672,0.2581,0.2341,0.1596,0.3835,-0.4202,-0.5007,0.3873,0.1503,-0.3733,0.253,-0.2957,-0.2605,0.2161,0.0394,0.5055,0.1966,-0.2986,-0.5954,-0.5615,0.4209
TGFBR3,-0.1052,-0.066,-0.5931,-0.501,-0.5975,0.0379,-0.3743,-0.1488,-0.3838,0.0556,-0.376,-0.2697,-0.0146,-0.1499,-0.0665,0.2517,-0.5306,-0.4754,-0.3321,-0.4293,-0.6139,0.0537,-0.4547,-0.2217,0.2746,0.0101,-0.0907,-0.2058,-0.3927,-0.5265,-0.5185,-0.4308
NFASC,0.0016,-0.3354,-0.3423,-0.2061,-0.2615,0.0146,-0.3514,-0.0229,-0.3334,-0.0774,-0.1842,-0.2627,-0.3213,-0.3466,-0.0819,-0.0316,-0.3193,-0.2847,-0.2544,-0.3046,-0.4044,0.1109,0.0662,-0.479,-0.0206,-0.0526,-0.0678,-0.1371,-0.2227,-0.3541,-0.4796,-0.1172
PI16,-0.0165,-0.0332,-0.262,-0.3362,-0.2358,-0.0001,-0.1193,-0.0281,-0.2681,0.186,-0.2354,-0.0422,-0.0704,-0.0449,-0.0115,0.2186,-0.1531,-0.1208,-0.3297,-0.2342,-0.0599,0.2022,-0.0483,-0.357,-0.1846,-0.209,-0.3406,-0.2339,-0.3596,-0.0557,-0.1612,-0.1647
CNTFR,-0.0059,-0.1217,-0.154,-0.4686,-0.347,-0.1235,-0.1621,-0.0,-0.1562,-0.1382,-0.1771,-0.0845,-0.0741,-0.0383,-0.2231,0.0583,-0.0737,-0.1376,-0.2595,-0.2295,-0.1824,-0.0559,0.2,-0.2273,-0.464,-0.173,-0.215,0.2974,-0.3028,-0.2293,0.3317,0.1042
ROBO3,0.609,-0.4038,-0.3629,-0.5642,-0.4082,0.0041,-0.4405,-0.2354,-0.3846,0.0887,-0.4032,-0.2766,-0.1513,-0.1816,-0.1006,0.0778,-0.4619,-0.3878,-0.1576,0.0658,-0.5755,0.2178,-0.4632,-0.4467,0.3237,-0.1702,-0.2587,-0.2669,-0.5627,-0.4498,-0.2705,-0.37
ATP1A2,-0.0,-0.0301,-0.1671,-0.2288,-0.0421,-0.0032,-0.1341,-0.0206,-0.2598,-0.1643,-0.2406,-0.0523,-0.1034,-0.037,-0.0189,0.0665,-0.1198,-0.0348,-0.0834,-0.0848,-0.1862,-0.0014,0.0988,-0.3293,-0.5873,-0.1287,-0.2313,-0.243,-0.1091,-0.2181,-0.0914,-0.1713
LYVE1,-0.0289,-0.3241,-0.3947,-0.4502,-0.1,-0.2003,-0.37,-0.2165,-0.3796,0.0766,-0.3605,-0.2562,0.0072,-0.2531,-0.1901,0.154,-0.6093,-0.5765,-0.2387,-0.3412,-0.4015,-0.0081,-0.6656,-0.1727,0.1265,-0.2481,-0.0708,-0.1365,-0.4551,-0.1214,-0.3061,-0.1916
TSPAN7,0.1416,0.2024,-0.5252,-0.5278,-0.513,0.1324,-0.304,-0.0006,-0.2405,-0.1392,-0.2646,0.4768,0.1202,-0.4984,0.1014,0.0428,-0.4591,-0.2575,0.0741,-0.3472,-0.2401,0.1621,0.3118,-0.1487,-0.5825,-0.014,-0.0135,-0.3881,-0.161,-0.5386,-0.2619,-0.5633
RGMA,0.0207,-0.0404,-0.2659,-0.4943,-0.4082,0.0788,-0.4507,0.0255,-0.4855,0.4087,-0.1369,-0.0433,-0.0636,-0.0787,0.0043,0.4315,-0.1206,0.3064,-0.3301,-0.1711,-0.3428,-0.0233,-0.0991,-0.299,-0.4168,-0.2222,-0.3359,-0.1402,-0.2942,-0.522,-0.3636,-0.2644
PTH1R,0.036,-0.5064,-0.2373,-0.4062,-0.2838,-0.4768,-0.0867,-0.0488,-0.1247,-0.2621,-0.2506,-0.518,-0.7356,-0.2875,-0.4796,-0.0782,-0.5132,-0.398,-0.2048,-0.3295,-0.2786,-0.0009,-0.5988,-0.3229,0.1189,-0.1131,-0.059,-0.2816,-0.2017,-0.4496,-0.095,-0.3161
MRGPRF,-0.0038,-0.0715,-0.6323,-0.5218,-0.7737,0.0478,-0.5215,0.1697,-0.7003,0.17,-0.385,-0.0815,-0.2438,-0.1451,-0.1071,0.0903,-0.4108,-0.4279,-0.3798,0.2718,-0.6979,0.4374,-0.1068,-0.33,0.681,-0.1183,-0.2365,-0.3464,-0.259,-0.885,-0.7689,-0.3343
PKD1,0.3998,-0.1844,-0.5759,-0.3477,-0.4696,-0.0281,-0.3971,-0.1717,-0.3288,-0.1595,-0.38,-0.0175,-0.0888,-0.0566,-0.2142,-0.1177,-0.3745,-0.3444,-0.3058,-0.2751,-0.4774,0.048,0.2692,-0.4362,-0.1056,-0.1181,-0.4146,-0.3349,-0.4326,-0.6546,-0.5051,-0.3189
IL11RA,0.3633,-0.1752,-0.4633,-0.4644,-0.5322,-0.2327,-0.6257,-0.2706,-0.5299,-0.0295,-0.526,-0.2873,-0.255,-0.1901,-0.1895,-0.0127,-0.3561,-0.4592,-0.3681,-0.307,-0.5256,0.0407,0.0087,-0.3508,0.1876,-0.44,-0.3874,-0.1408,-0.2939,-0.624,-0.1434,-0.1074
BTNL9,-0.1232,-0.3036,-0.3463,-0.8244,-0.2649,-0.1515,-0.3484,-0.0274,-0.314,-0.303,-0.2812,-0.1489,0.0505,-0.3331,-0.1111,-0.1513,-0.7468,-0.6814,-0.2638,-0.3462,-0.2338,-0.224,-0.2798,-0.3357,-0.3538,-0.2565,-0.3347,0.1142,-0.5884,-0.4248,-0.5907,-0.1652
ABCA8,-0.0426,-0.3913,-0.2883,-0.4774,-0.0935,-0.2244,-0.1984,-0.0,-0.3418,0.0839,-0.2341,-0.1675,-0.1307,-0.049,-0.2848,0.1127,-0.4935,-0.3177,-0.345,-0.276,-0.2564,0.0454,-0.5196,-0.3816,-0.1755,-0.3061,-0.4185,-0.2418,-0.5157,-0.2347,-0.309,-0.2626
ACKR1,-0.0309,-0.2452,-0.5177,-0.6599,-0.7105,0.2658,-0.4994,0.135,-0.5848,-0.1356,-0.443,-0.1433,0.3116,-0.0682,0.0573,-0.2132,-0.5933,-0.6501,-0.4992,-0.2359,-0.5605,0.3051,-0.0694,-0.1497,-0.2017,-0.1893,-0.0146,-0.4595,-0.3952,-0.6602,-0.649,-0.2657
ADAM33,-0.0,-0.0465,-0.5748,-0.5926,-0.7582,-0.0391,-0.4636,-0.0412,-0.573,-0.025,-0.4129,-0.0496,-0.0781,-0.0543,-0.0331,-0.2442,-0.3049,-0.3495,-0.2612,-0.5086,-0.7007,-0.0516,-0.1154,-0.8917,0.2402,-0.4121,-0.6451,-0.1902,-0.2711,-0.8257,-1.0169,-0.4627
GABBR1,-0.0929,-0.4062,-0.6277,-0.3986,-0.7162,0.437,-0.5623,-0.4461,-0.4798,-0.3295,-0.6186,-0.4575,-0.2888,-0.1872,-0.1469,0.0839,-0.4988,-0.4573,-0.2412,-0.4966,-0.6765,0.0386,-0.1307,-0.5158,0.0876,-0.365,-0.1112,-0.7294,-0.536,-0.7784,-0.5766,-0.463
GP2,-0.0,-0.0,-0.0435,0.1106,-0.0789,-0.2048,-0.1363,-0.0359,-0.2155,-0.0,-0.1051,-0.0321,-0.0041,-0.0,-0.1629,-0.0,-0.1,-0.0602,-0.0039,-0.0,-0.0137,-1.2709,-0.0104,-0.0902,-0.0056,-0.0491,-0.0545,-0.0315,-0.0066,-0.2287,-0.0338,-0.0
ITGA7,0.1909,-0.2884,-0.7709,-0.8752,-0.7645,0.0261,-0.7395,-0.2824,-0.8754,0.231,-0.571,-0.1917,-0.0223,-0.1344,-0.0216,-0.0124,-0.5281,-0.5857,-0.0685,-0.4928,-0.5076,0.0761,-0.1351,-0.5046,-0.4183,-0.3172,-0.3264,-0.5848,-0.4774,-0.8274,-0.5245,-0.576
