gene,enhanced_score_v2,rank_v2,tsi_norm,ldt_norm,pocket_norm,eas,ntrs,risk_level,top_res_type,n_nucleophiles,n_extracellular_domains,depmap_label,mean_plddt
MUC1,0.6381011055672398,1,0.4705882348986654,0.4747702342128668,1.0,1.0,1.75,High,LYS,80,1.0,Non-essential,47.4
ILDR1,0.5937496367301281,2,0.999999999159664,0.4390750074117995,0.0351731772892614,1.0,3.0,Low,LYS,9,1.0,Non-essential,59.0
LY75,0.5890702311844918,3,0.3781512601864275,0.6055736732878743,0.4270884074015499,1.0,1.92,Medium,LYS,66,1.0,Non-essential,75.6
ABCC4,0.5845690899318934,4,0.352941176173999,0.5163949006818855,0.4492740787600822,1.0,0.0,Low,LYS,43,5.0,Non-essential,83.0
CDH1,0.5843032842941871,5,0.8739495790975214,0.3648384227690482,0.0122410248299857,1.0,4.85,Medium,LYS,5,1.0,Non-essential,79.2
ABCC5,0.5750009399301351,6,0.2100840334369042,0.8505188259709457,0.7843808318835995,0.5,1.25,Low,LYS,54,0.0,Non-essential,78.0
SLC29A3,0.5649067875519449,7,0.352941176173999,0.7128965312777942,0.1889609362644314,1.0,3.25,Low,LYS,17,5.0,Non-essential,82.3
CLDN4,0.5615314164758486,8,0.8823529404349976,0.2031426030240142,0.0055733038114818,1.0,3.2,Medium,LYS,3,2.0,Non-essential,84.6
EPCAM,0.5559211691783374,9,0.8067226883977121,0.2404980729321078,0.0227044124624387,1.0,1.4,Medium,LYS,9,1.0,Non-essential,87.2
CACHD1,0.5535954052528482,10,0.201680672099428,0.5602727542247258,0.5021034319152301,1.0,5.88,High,LYS,60,1.0,Non-essential,77.6
ANO6,0.548804464702513,11,0.2773109241367135,0.6389564186184405,0.2599272497232326,1.0,9.0,High,LYS,24,4.0,Non-essential,81.6
ABCB11,0.5401521502240496,12,0.252100840124285,0.6234805810850874,0.2486541198798038,1.0,1.0,Medium,LYS,23,5.0,Non-essential,83.1
ATP2B4,0.5369145290855725,13,0.2268907561118565,0.5076193299733174,0.457339870314724,1.0,5.12,Medium,LYS,27,5.0,Non-essential,72.7
CLDN3,0.5368247560982244,14,0.9663865538097594,0.0062259116513489,0.0064146765775739,1.0,5.75,High,SER,3,2.0,Non-essential,81.5
TSPAN1,0.5354567771161614,15,0.5882352936233318,0.4237770530684849,0.0052127154831567,1.0,1.5,Medium,LYS,5,2.0,Non-essential,88.2
SLC2A1,0.5327771469117194,16,0.3949579828613799,0.4386599466350429,0.087028309346829,1.0,0.25,Low,LYS,7,6.0,Context-dependent,90.3
ABCA1,0.5303662015284724,17,0.252100840124285,0.5160391343018085,0.4106658231851969,1.0,4.0,Medium,LYS,40,2.0,Non-essential,73.2
SLCO4C1,0.5290766844784385,18,0.3109243694866181,0.4568040320189742,0.3469239285149454,1.0,0.0,Low,LYS,49,6.0,Non-essential,78.6
CDCP1,0.5284994281286313,19,0.5714285709483794,0.4444707975096353,0.0397406294480468,1.0,3.12,Low,LYS,8,1.0,Non-essential,77.6
NETO1,0.5282198968339513,20,0.252100840124285,0.9487103468722206,0.0057630871421793,1.0,0.0,Low,LYS,4,1.0,Non-essential,71.7
SLC52A3,0.5280219548174285,21,0.4369747895487607,0.4802846131040616,0.1486066740471295,1.0,1.5,Low,LYS,14,6.0,Non-essential,80.4
PTK7,0.5254047714642183,22,0.4957983189110939,0.3935369107619329,0.109739047920291,1.0,1.0,Low,LYS,6,1.0,Non-essential,82.7
MET,0.5247360474394397,23,0.4369747895487607,0.4788022531870738,0.1306594970741736,1.0,3.75,Medium,LYS,23,1.0,Non-essential,79.2
CDH3,0.5229689505894191,24,0.6470588229856649,0.3627631188852653,0.0162581053297485,1.0,0.5,Low,LYS,2,1.0,Non-essential,76.7
GJB1,0.5223679801335619,25,0.5378151255984748,0.4677142010080046,0.0083567926617112,1.0,3.25,Medium,LYS,3,2.0,Non-essential,80.2
SLITRK4,0.521699749908606,26,0.2352941174493327,0.675481766973021,0.2653993357583425,1.0,0.0,Low,LYS,32,1.0,Non-essential,68.1
CNTNAP5,0.519601892282809,27,0.2605042014617612,0.6572783871924103,0.107600822394433,1.0,0.0,Low,LYS,16,1.0,Non-essential,84.0
CNTNAP2,0.5192516125689508,28,0.4201680668738084,0.45609249925882,0.1204554799936738,1.0,0.0,Low,LYS,17,1.0,Non-essential,83.4
OR2T33,0.5187692898969385,29,0.2605042014617612,0.4690779721316335,0.0821382255258579,1.0,0.0,Low,LYS,10,4.0,Essential,88.7
TACSTD2,0.5186889501506647,30,0.7226890750229503,0.2262674177290246,0.0143159892456112,1.0,0.25,Low,LYS,5,1.0,Non-essential,82.7
CCR8,0.5165165825549958,31,0.6134453776357603,0.2746516454195078,0.0576245453107702,1.0,0.0,Low,LYS,14,4.0,Non-essential,82.1
CYBB,0.5162004427740015,32,0.403361344198856,0.4227097539282537,0.1020907796931836,1.0,1.25,Medium,LYS,11,3.0,Non-essential,90.2
SLC15A1,0.5157552542070074,33,0.3949579828613799,0.4533056626148828,0.0912731298434287,1.0,0.75,Low,LYS,17,6.0,Non-essential,87.0
HLA-DPB1,0.5139757441592993,34,0.4117647055363322,0.5488289356655796,0.0088439032105013,1.0,7.0,High,LYS,4,1.0,Non-essential,87.4
ATP1A1,0.5135607819491628,35,0.3361344534990467,0.3622294693151496,0.0639063735568559,1.0,5.2,High,LYS,13,5.0,Essential,88.7
EPHB3,0.5128294671908502,36,0.4285714282112846,0.438778535428402,0.1011545152617428,1.0,2.75,Low,LYS,13,1.0,Non-essential,82.1
GPR160,0.5118578077404723,37,0.5378151255984748,0.445241624666469,0.0132785070377985,1.0,5.5,Medium,LYS,3,4.0,Non-essential,76.5
CATSPERG,0.5104575769889104,38,0.2605042014617612,0.4234805810850874,0.2936770520322632,1.0,0.0,Low,LYS,35,1.0,Non-essential,83.9
ATP1B1,0.510028702446548,39,0.3865546215239037,0.5124814705010375,0.0124687648268227,1.0,5.0,High,LYS,5,1.0,Non-essential,89.6
SLC33A1,0.5097708948368604,40,0.3361344534990467,0.4707975096353393,0.1673888976751542,1.0,1.5,Low,LYS,17,6.0,Non-essential,82.4
SLC19A1,0.5094186177086337,41,0.302521008149142,0.5100504002371775,0.2553914281195635,1.0,0.0,Low,LYS,30,6.0,Non-essential,72.1
GJB2,0.5087966969792087,42,0.6134453776357603,0.2576934479691669,0.0084833148821761,1.0,4.75,Medium,LYS,4,2.0,Non-essential,86.2
GPR143,0.5081961816869052,43,0.4369747895487607,0.4972428105544025,0.092019610944172,1.0,0.0,Low,LYS,9,4.0,Non-essential,73.5
CPD,0.5080928128247866,44,0.352941176173999,0.5218499851764008,0.0914376087300332,1.0,5.0,Medium,LYS,22,1.0,Non-essential,82.5
SLC22A9,0.5078985108236126,45,0.2605042014617612,0.4768455380966498,0.2180167641942116,1.0,0.0,Low,LYS,11,6.0,Non-essential,85.7
SLC22A14,0.5073394799226796,46,0.2605042014617612,0.4846723984583457,0.2483947493278507,1.0,0.0,Low,LYS,26,6.0,Non-essential,81.2
MST1R,0.5073006591408386,47,0.3781512601864275,0.3939519715386895,0.1968622489324687,1.0,4.0,Medium,LYS,14,1.0,Non-essential,80.1
DUOX2,0.5068047068777083,48,0.2689075627992374,0.4737029350726355,0.221186145816859,1.0,0.0,Low,LYS,22,3.0,Non-essential,84.0
NPC1L1,0.506717703906526,49,0.2436974787868088,0.4387192410317225,0.2787474300173968,1.0,1.25,Medium,LYS,36,7.0,Non-essential,84.2
FCGR1A,0.5061127575498114,50,0.4789915962361415,0.2712718648087756,0.0095524276451051,1.0,0.0,Low,LYS,4,1.0,Essential,85.1
EPHA10,0.5047466688343791,51,0.3613445375114751,0.415238659946635,0.1918140123359165,1.0,1.5,Low,LYS,18,1.0,Non-essential,79.2
ITGB4,0.5041875931446571,52,0.403361344198856,0.236703231544619,0.3970330539300964,1.0,1.75,Low,LYS,38,1.0,Non-essential,68.4
ABCC11,0.5029284878277966,53,0.2773109241367135,0.3044174325526237,0.3780863514154673,1.0,0.0,Low,LYS,34,5.0,Non-essential,78.9
ATP1A3,0.502782644937205,54,0.2857142854741897,0.455973910465461,0.1487964573778269,1.0,0.5,Low,LYS,20,5.0,Non-essential,88.8
NETO2,0.5027390304749507,55,0.453781512223713,0.5557663800770827,0.0147018820180294,1.0,4.0,Low,LYS,4,1.0,Non-essential,72.1
SGCZ,0.5017511145092146,56,0.2605042014617612,0.5146160687815,0.1805092519373715,1.0,0.0,Low,LYS,10,1.0,Non-essential,80.5
VTCN1,0.5015754828310199,57,0.6134453776357603,0.2214645715979839,0.0031061205124149,1.0,1.5,Low,LYS,4,1.0,Non-essential,88.5
SLC22A11,0.5014448026359002,58,0.2941176468116659,0.4192113845241624,0.1898655701407559,1.0,0.5,Medium,LYS,12,6.0,Non-essential,87.6
PKDREJ,0.5011899622652012,59,0.2605042014617612,0.4901274829528609,0.2886920765459433,1.0,0.0,Low,LYS,33,6.0,Non-essential,70.7
PKD1L2,0.5005209152264938,60,0.2184873947743803,0.6050993181144382,0.2323960145500553,1.0,0.0,Low,LYS,31,7.0,Non-essential,71.0
CSF1R,0.5003414236724144,61,0.3109243694866181,0.406818855618144,0.2562328008856555,1.0,3.62,Low,LYS,39,1.0,Non-essential,77.8
EGFR,0.4995900596459742,62,0.252100840124285,0.4565668544322561,0.2977573936422584,1.0,1.5,Low,LYS,35,1.0,Non-essential,75.9
ABCA4,0.4991862149265499,63,0.2689075627992374,0.3792469611621701,0.3220496599715325,1.0,1.5,Medium,LYS,26,6.0,Non-essential,75.7
NRP2,0.49910511655362144,64,0.302521008149142,0.4852060480284612,0.1921682745532184,1.0,0.5,Low,LYS,19,1.0,Non-essential,78.6
OR52R1,0.4987796973811049,65,0.2605042014617612,0.6290542543729617,0.0692139807053613,1.0,0.0,Low,LYS,9,4.0,No data,85.3
CCR6,0.49808910566967546,66,0.3697478988489514,0.4751852949896235,0.0945753597975644,1.0,3.5,Medium,LYS,19,4.0,Non-essential,79.6
IGF1R,0.49763075146681407,67,0.2857142854741897,0.5207826860361695,0.1592282144551637,1.0,10.62,High,LYS,16,1.0,Non-essential,78.0
ICAM3,0.4971668084780387,68,0.3781512601864275,0.5028164838422768,0.0013284833148821,1.0,3.5,Medium,LYS,3,1.0,Non-essential,87.1
MEP1A,0.49631582735539975,69,0.302521008149142,0.4672991402312481,0.1421287363593231,1.0,0.94,Medium,LYS,16,1.0,Non-essential,84.5
DUOX1,0.49575885654068536,70,0.2689075627992374,0.4635635932404388,0.1705962359639411,1.0,0.0,Low,LYS,21,4.0,Non-essential,85.6
NOX4,0.4957370723877664,71,0.352941176173999,0.3634746516454195,0.1545342400759133,1.0,0.0,Low,LYS,22,3.0,Non-essential,87.0
ANO1,0.4956857224014677,72,0.3193277308240944,0.4294100207530388,0.2038589277241815,1.0,3.5,Medium,LYS,23,4.0,Non-essential,76.6
SLCO6A1,0.493591993733618,73,0.2605042014617612,0.5550548473169284,0.1542748695239601,1.0,0.0,Low,LYS,25,6.0,Non-essential,76.7
TRPV4,0.493439571908129,74,0.3949579828613799,0.470975392825378,0.0940249881385418,1.0,1.5,Low,LYS,16,4.0,Non-essential,71.6
TNFRSF21,0.49296478238402536,75,0.453781512223713,0.5167506670619626,0.0303463545785228,1.0,3.25,Low,LYS,7,1.0,Non-essential,68.0
SLC6A11,0.49278612326054755,76,0.3277310921615705,0.4493329380373554,0.0994338130634192,1.0,0.0,Low,LYS,18,1.0,Non-essential,86.6
CHRNA5,0.492690217200693,77,0.403361344198856,0.4545508449451526,0.0216985608097422,1.0,0.0,Low,LYS,3,2.0,Non-essential,81.2
GPR39,0.4926016908275613,78,0.4873949575736176,0.2814112066409724,0.1618535505298118,1.0,0.0,Low,LYS,19,4.0,Non-essential,76.1
SLC2A2,0.4923611658425204,79,0.2605042014617612,0.4660539579009783,0.1571216194844219,1.0,2.0,Medium,LYS,14,6.0,Non-essential,86.6
SLC6A14,0.4921248436788522,80,0.5798319322858556,0.165965016305959,0.0353692867309821,1.0,4.12,Medium,LYS,12,1.0,Non-essential,89.5
PTGFRN,0.4920942092123867,81,0.3697478988489514,0.4702045656685442,0.0280816068321999,1.0,2.0,Low,LYS,7,1.0,Non-essential,84.1
TMEM63C,0.49196339094290154,82,0.3109243694866181,0.5217313963830418,0.1339300964731931,1.0,0.0,Low,LYS,14,6.0,Non-essential,74.3
P2RY13,0.4909698716123152,83,0.3361344534990467,0.4812333234509338,0.0829479677368337,1.0,2.5,Medium,LYS,23,4.0,Non-essential,83.1
CCR1,0.4907300512698196,84,0.3865546215239037,0.4596501630595908,0.0203068163846275,1.0,0.0,Low,LYS,6,4.0,Non-essential,83.2
PTPRC,0.49019175315707686,85,0.3277310921615705,0.4489771716572783,0.1573177289261426,1.0,3.5,Medium,LYS,24,1.0,Non-essential,76.0
ROS1,0.4898779372715299,86,0.2605042014617612,0.4626148828935665,0.2421445516368812,1.0,0.0,Low,LYS,45,1.0,Non-essential,72.2
OR13J1,0.4894417166474233,87,0.2605042014617612,0.5492439964423361,0.0823343349675786,1.0,0.0,Low,LYS,17,4.0,Non-essential,82.4
PROKR2,0.4888493840515267,88,0.2605042014617612,0.4885858286391936,0.1750308397912383,1.0,0.0,Low,LYS,23,4.0,Non-essential,78.3
LCT,0.48836592690218433,89,0.2605042014617612,0.4722205751556478,0.1379788075280721,1.0,0.0,Low,LYS,25,1.0,Non-essential,86.2
PTPRK,0.4883287648129603,90,0.3361344534990467,0.434390750074118,0.0875850071168749,1.0,3.0,Low,LYS,14,1.0,Non-essential,82.3
OR6C65,0.48816256221946674,91,0.2605042014617612,0.4681292617847613,0.1010532974853708,1.0,0.0,Low,LYS,11,4.0,Non-essential,89.5
ADAM8,0.4881115080563783,92,0.3277310921615705,0.4725763415357248,0.1448173335442037,1.0,3.0,Low,LYS,28,1.0,Non-essential,73.7
OR10H5,0.4877823333841694,93,0.2605042014617612,0.5469908093685146,0.0277906057251304,1.0,0.0,Low,LYS,7,4.0,Non-essential,88.1
IL2RG,0.48775533770001,94,0.453781512223713,0.4862733471686925,0.0042764510517159,1.0,0.38,Low,LYS,4,1.0,Non-essential,75.5
OR10H1,0.4874961835959079,95,0.2605042014617612,0.551082122739401,0.0342685434129369,1.0,0.0,Low,LYS,8,4.0,Non-essential,87.8
SLC16A1,0.4874455219658904,96,0.352941176173999,0.3815594426326711,0.1374916969792819,1.0,2.0,Low,LYS,12,6.0,Non-essential,83.1
OR10A5,0.4873127777512697,97,0.2605042014617612,0.5168099614586421,0.0461236754705045,1.0,0.0,Low,LYS,12,4.0,Non-essential,89.1
SLC2A9,0.487208110212647,98,0.302521008149142,0.4214645715979839,0.1319247192788233,1.0,2.0,Medium,LYS,16,6.0,Non-essential,82.7
OR2B3,0.48712036374396944,99,0.2605042014617612,0.5194782093092202,0.0539933575834255,1.0,0.0,Low,LYS,12,4.0,Non-essential,86.1
GJB6,0.48696263646959465,100,0.302521008149142,0.4630299436703231,0.1086319784912225,1.0,0.0,Low,LYS,15,2.0,Non-essential,82.2
OR56A4,0.48684962239662133,101,0.2605042014617612,0.5089238067002668,0.0711940534556381,1.0,0.0,Low,LYS,7,4.0,Non-essential,86.4
DPP4,0.48655459489071234,102,0.3613445375114751,0.4097242810554402,0.0113680215087774,1.0,4.88,High,LYS,4,1.0,Non-essential,96.2
SLC12A5,0.48653406117902803,103,0.4201680668738084,0.3858286391935961,0.0561315831092835,1.0,0.0,Low,LYS,9,4.0,Non-essential,78.5
OR2S2,0.48645911876982134,104,0.2605042014617612,0.5520308330862733,0.0766345089356318,1.0,0.0,Low,LYS,13,4.0,Non-essential,83.5
RHBDF2,0.48608815814240114,105,0.3277310921615705,1.0,0.1632769255100427,0.5,5.25,High,LYS,20,0.0,Non-essential,67.4
ADAM28,0.48605696069051296,106,0.3277310921615705,0.4227690483249333,0.1653518899256682,1.0,0.8,Low,LYS,29,1.0,Non-essential,75.6
SLC22A13,0.48563755951691534,107,0.252100840124285,0.4825970945745627,0.1144646528546576,1.0,0.5,Medium,LYS,8,6.0,Non-essential,84.7
SLAMF7,0.4853609163244344,108,0.5126050415860463,0.3568929736139934,0.0061553060256207,1.0,1.38,Low,LYS,2,1.0,Non-essential,78.2
ABCC1,0.4852512018310418,109,0.2941176468116659,0.333530981322265,0.2090779693183615,1.0,1.5,Low,LYS,23,9.0,Non-essential,82.6
CD5,0.4852257355779736,110,0.3697478988489514,0.5536910761932997,0.0142527281353787,1.0,2.12,Medium,LYS,3,1.0,Non-essential,73.4
ITGB8,0.48508066085408247,111,0.352941176173999,0.4801660243107025,0.0585608097422109,1.0,5.5,Medium,LYS,12,1.0,Non-essential,76.7
OR10G9,0.4849998072872031,112,0.2605042014617612,0.4873999407056033,0.0789688439032105,1.0,0.0,Low,LYS,8,4.0,Non-essential,87.3
OR8H1,0.48459244017175546,113,0.2605042014617612,0.5149718351615772,0.0413601138699984,1.0,0.0,Low,LYS,10,4.0,Non-essential,89.7
OR2C3,0.484457230023383,114,0.2605042014617612,0.5176400830121552,0.0600158152775581,1.0,0.0,Low,LYS,10,4.0,Non-essential,86.7
SLC22A8,0.4844532807568053,115,0.2605042014617612,0.4182626741772902,0.159873477779535,1.0,0.25,Low,LYS,16,6.0,Non-essential,86.0
OR2A12,0.4843544187581604,116,0.2605042014617612,0.5408241921138452,0.0108176498497548,1.0,0.0,Low,LYS,6,4.0,Non-essential,86.6
PLXND1,0.4843412470620221,117,0.2773109241367135,0.48413874888823,0.1099288312509884,1.0,3.88,Low,LYS,12,1.0,Non-essential,79.9
NALCN,0.48417262343013184,118,0.2352941174493327,0.3981025793062555,0.2856428910327376,1.0,0.0,Low,LYS,29,16.0,Non-essential,76.7
CD2,0.484157400388921,119,0.4873949575736176,0.424132819448562,0.001910485529021,1.0,1.12,Medium,LYS,4,1.0,Non-essential,77.7
OR13D1,0.4841260726934426,120,0.2605042014617612,0.5245775274236585,0.096422584216353,1.0,0.0,Low,LYS,19,4.0,Non-essential,80.9
ATP13A1,0.4839983190991242,121,0.2605042014617612,0.488526534242514,0.1213348094259054,1.0,1.25,Low,LYS,14,5.0,Non-essential,78.7
SLC6A18,0.4839529523260518,122,0.2605042014617612,0.479632374740587,0.0755021350624703,1.0,0.25,Low,LYS,19,6.0,Non-essential,90.5
ANO9,0.48385525149411407,123,0.4201680668738084,0.2876964126890008,0.1143697611893088,1.0,0.75,Low,LYS,9,4.0,Non-essential,80.2
RET,0.48372436345315256,124,0.2689075627992374,0.3759264749481174,0.2450608888185987,1.0,2.0,Low,LYS,29,2.0,Non-essential,78.8
GPR183,0.4836717227789884,125,0.2857142854741897,0.533649570115624,0.0205661869365807,1.0,6.62,High,LYS,8,4.0,Non-essential,86.5
ITGB5,0.48363865193707634,126,0.2941176468116659,0.3631781796620219,0.0913680215087774,1.0,3.12,Low,LYS,22,1.0,Context-dependent,82.2
OR2T12,0.48350328585117214,127,0.2605042014617612,0.4728728135191223,0.0785133639095366,1.0,0.0,Low,LYS,12,4.0,Non-essential,88.9
TLR8,0.4833396666855713,128,0.3109243694866181,0.4737622294693151,0.0487806421002688,1.0,2.88,Medium,LYS,8,1.0,Non-essential,86.1
OR10H3,0.4832709640938749,129,0.2605042014617612,0.5462199822116809,0.0170045864304918,1.0,0.0,Low,LYS,5,4.0,Non-essential,86.8
TLR10,0.483045691816773,130,0.2857142854741897,0.5045360213459827,0.0555495808951447,1.0,0.0,Low,LYS,7,1.0,Non-essential,83.2
TMPRSS13,0.48271882188054616,131,0.4705882348986654,0.4096056922620812,0.0267531235173177,1.0,0.0,Low,LYS,6,1.0,Non-essential,73.6
SLC5A12,0.4822032109590963,132,0.2857142854741897,0.4623777053068484,0.0894954926458959,1.0,1.65,Medium,LYS,15,7.0,Non-essential,85.0
ITGB1,0.48214909957792623,133,0.3193277308240944,0.4623777053068484,0.0282081290526648,1.0,0.5,Medium,LYS,12,1.0,Non-essential,85.9
TYRO3,0.4821218163710138,134,0.2436974787868088,0.5241624666469018,0.155824766724656,1.0,3.75,Medium,LYS,21,1.0,Non-essential,74.8
OLR1,0.48204620533990555,135,0.50420168024857,0.2685443225615179,0.0044346038272971,1.0,0.0,Low,LYS,4,1.0,Non-essential,87.4
CCR5,0.4819905800584328,136,0.4285714282112846,0.3456270382448858,0.0316115767831725,1.0,0.0,Low,LYS,9,4.0,Non-essential,85.4
TMEM161A,0.481914877566632,137,0.302521008149142,0.510228283427216,0.016194844219516,1.0,3.0,Low,LYS,6,5.0,Non-essential,85.1
OR10H2,0.4819140874091059,138,0.2605042014617612,0.4972428105544025,0.0641973746639253,1.0,0.0,Low,LYS,12,4.0,Non-essential,88.0
CLDN7,0.4817404838969238,139,0.6554621843231411,0.1093388674770234,0.0045358216036691,1.0,5.7,High,LYS,4,2.0,Non-essential,82.6
OR2A25,0.4816954947381203,140,0.2605042014617612,0.4789208419804328,0.0884263798829669,1.0,0.0,Low,LYS,11,4.0,Non-essential,84.8
MRC1,0.4815628973726643,141,0.2436974787868088,0.4537800177883189,0.1574126205914914,1.0,0.38,Medium,LYS,27,1.0,Non-essential,82.1
OPN5,0.4810319414836545,142,0.2605042014617612,0.5369107619329974,0.0566186936580737,1.0,0.0,Low,LYS,11,4.0,Non-essential,84.0
SLAMF8,0.48075058207892274,143,0.3865546215239037,0.4595908686629113,0.0124687648268227,1.0,0.5,Low,LYS,5,1.0,Non-essential,81.3
SLITRK5,0.48047377874845226,144,0.252100840124285,0.3999999999999999,0.341742843586905,1.0,0.0,Low,LYS,35,1.0,Non-essential,65.5
SLC2A10,0.4802537638282111,145,0.3193277308240944,0.4747702342128668,0.0993389213980705,1.0,2.75,Medium,LYS,17,6.0,Non-essential,74.7
SCNN1G,0.4795624856948329,146,0.3361344534990467,0.4837829825081529,0.025361379092203,1.0,0.0,Low,LYS,6,1.0,Non-essential,80.1
AMIGO2,0.47918531919735635,147,0.302521008149142,0.5407648977171656,0.0580104380831883,1.0,5.25,Medium,LYS,17,1.0,Non-essential,75.1
SLC41A2,0.47896288573273704,148,0.3361344534990467,0.4804032018974206,0.0877431598924561,1.0,4.25,Medium,LYS,9,6.0,Non-essential,72.8
ERBB3,0.4786646407310902,149,0.453781512223713,0.3174621998221168,0.1041341135536928,1.0,8.25,High,LYS,11,1.0,Non-essential,72.5
GFRAL,0.47848707573088556,150,0.2605042014617612,0.5474058701452713,0.0788992566819547,1.0,0.0,Low,LYS,9,1.0,Non-essential,76.8
ADAM17,0.4780381851093199,151,0.3193277308240944,0.5507856507560035,0.0292456112604776,1.0,3.0,Low,LYS,9,1.0,Non-essential,72.7
GPR87,0.47799942484969954,152,0.4285714282112846,0.2429884375926475,0.1397944013917444,1.0,0.0,Low,LYS,18,4.0,Non-essential,81.9
APLP2,0.4779698143931368,153,0.3109243694866181,0.4722205751556478,0.1634730349517634,1.0,9.88,High,LYS,18,1.0,Non-essential,68.4
DAGLA,0.47764366834082317,154,0.2605042014617612,0.5367328787429587,0.1983552111339554,1.0,0.0,Low,LYS,27,2.0,Non-essential,63.0
CCRL2,0.4762979206805435,155,0.3445378148365229,0.4989030536614289,0.0339142811956349,1.0,4.88,High,LYS,12,4.0,Non-essential,77.8
SEZ6L2,0.47608821079850133,156,0.5882352936233318,0.1533946042099021,0.0817523327534398,1.0,0.5,Low,LYS,8,1.0,Non-essential,71.9
CSF2RA,0.4759446398181977,157,0.3613445375114751,0.4597094574562703,0.018333069745374,1.0,0.0,Low,LYS,3,1.0,Non-essential,82.0
SLCO1B3,0.4743770842893381,158,0.4705882348986654,0.2194485621108804,0.1087015657124782,1.0,1.0,Medium,LYS,24,6.0,Non-essential,79.1
CD68,0.47085245075521753,159,0.4201680668738084,0.4615475837533352,0.0170045864304918,1.0,2.38,Medium,LYS,8,1.0,Non-essential,73.2
UNC93A,0.44656518350886776,160,0.50420168024857,0.5067299140231247,0.0888439032105013,0.5,0.0,Low,LYS,11,0.0,Non-essential,85.1
MMEL1,0.44372380241146825,161,0.3277310921615705,0.5033501334123924,0.2721050134429859,0.5,0.0,Low,LYS,22,0.0,Non-essential,90.0
ATP13A3,0.44247689011924585,162,0.3109243694866181,0.4869848799288466,0.3657441088091096,0.5,1.25,Low,LYS,47,0.0,Non-essential,77.7
ABCA12,0.438214332448261,163,0.4873949575736176,0.3882004150607767,0.3446275502135062,0.5,0.0,Low,LYS,46,0.0,Non-essential,68.1
RAET1L,0.4368141554586865,164,0.6470588229856649,0.4444707975096353,0.0042764510517159,0.5,0.0,Low,LYS,4,0.0,Non-essential,82.1
ABCA3,0.4325459761829471,165,0.2941176468116659,0.4307737918766676,0.3623090305234857,0.5,5.62,Medium,LYS,33,0.0,Non-essential,80.8
PRSS8,0.42407924797784824,166,0.9159663857849024,0.0006522383634746,0.0107860192946386,0.5,0.0,Low,SER,3,0.0,Non-essential,83.7
CLCA4,0.41986376789088986,167,0.2184873947743803,0.6528906018381262,0.1413189941483473,0.5,4.62,Low,LYS,23,0.0,Non-essential,89.3
MPEG1,0.41978816235143335,168,0.3697478988489514,0.6125111176993774,0.0442448204965997,0.5,5.75,Low,LYS,8,0.0,Non-essential,82.7
SPPL2A,0.4130555657498337,169,0.2857142854741897,0.5345982804624962,0.2160366914439348,0.5,3.38,Medium,LYS,17,0.0,Non-essential,79.4
OTOA,0.4070391750021407,170,0.2689075627992374,0.5299140231248147,0.1561473983868417,0.5,0.38,Low,LYS,18,0.0,Non-essential,84.0
SVOPL,0.4069981141204898,171,0.3361344534990467,0.4336792173139638,0.1781432864146765,0.5,0.0,Low,LYS,14,0.0,Non-essential,83.8
ATP13A5,0.40342175046542783,172,0.2436974787868088,0.499495997628224,0.232490906215404,0.5,0.0,Low,LYS,37,0.0,Non-essential,78.8
LAMP1,0.40333528306322153,173,0.302521008149142,0.5086866291135487,0.1268385260161315,0.5,13.88,High,LYS,18,0.0,Non-essential,86.4
ABCC12,0.40290194912965893,174,0.2605042014617612,0.4697895048917876,0.2370899889293057,0.5,0.0,Low,LYS,20,0.0,Non-essential,77.8
EFNA4,0.40290117516567536,175,0.4453781508862369,0.4770234212866883,0.0127597659338921,0.5,0.0,Low,LYS,5,0.0,Non-essential,82.7
SLC9A7,0.4015576576174803,176,0.3865546215239037,0.5179958493922324,0.1510991617902894,0.5,2.5,Low,LYS,15,0.0,Non-essential,67.1
ATP13A2,0.4012508739085914,177,0.3193277308240944,0.3997628224132818,0.2208318835995572,0.5,6.25,High,LYS,30,0.0,Non-essential,79.6
CD109,0.40119739291562295,178,0.2857142854741897,0.5219685739697598,0.1288755337656175,0.5,0.0,Low,LYS,34,0.0,Non-essential,81.3
PLAUR,0.4010767004748581,179,0.4117647055363322,0.5072042691965609,0.0294733512573145,0.5,1.0,Low,LYS,4,0.0,Non-essential,81.5
FRRS1,0.40083484644404166,180,0.3109243694866181,0.518410910168989,0.0661078601929463,0.5,2.75,Low,LYS,11,0.0,Non-essential,88.3
MFSD11,0.40040755812549145,181,0.2857142854741897,0.4958790394307737,0.1265158943539459,0.5,4.75,Medium,LYS,14,0.0,Non-essential,87.7
TMEM37,0.3965847428608499,182,0.3613445375114751,0.5070856804032019,0.0151573620117033,0.5,3.0,Medium,LYS,3,0.0,Non-essential,87.4
IGF2R,0.3962529863276346,183,0.302521008149142,0.3998221168099614,0.2657915546417839,0.5,3.0,Medium,LYS,37,0.0,Non-essential,73.1
PAM,0.3943805141189469,184,0.2352941174493327,0.5421286688407945,0.2441562549422742,0.5,2.35,High,LYS,29,0.0,Non-essential,71.7
NPC1,0.39389052939207025,185,0.252100840124285,0.353038837829825,0.27378775897517,0.5,6.12,Medium,LYS,37,0.0,Non-essential,85.1
TECTA,0.3932592576135352,186,0.252100840124285,0.550607767565965,0.1350624703463545,0.5,0.0,Low,LYS,16,0.0,Non-essential,77.4
ABCA2,0.39107963221975994,187,0.2436974787868088,0.4424547880225318,0.3093215245927566,0.5,5.0,Low,LYS,45,0.0,Non-essential,70.8
SCARB2,0.3891286120691303,188,0.3109243694866181,0.3726652831307441,0.1343223153566345,0.5,8.75,High,LYS,18,0.0,Non-essential,92.7
LAMP2,0.3884152334640758,189,0.3613445375114751,0.4783871924103172,0.022508303020718,0.5,5.38,Medium,LYS,10,0.0,Non-essential,83.2
ADCY3,0.38774170730694424,190,0.1932773107619518,0.4476134005336495,0.2964984975486319,0.5,2.25,Low,LYS,38,0.0,Non-essential,76.4
UGT8,0.38695584921062764,191,0.4117647055363322,0.2728135191224429,0.1192598450102799,0.5,1.7,Medium,LYS,17,0.0,Non-essential,89.8
RHBDL2,0.38541503611964645,192,0.3865546215239037,0.4008894159501927,0.0424924877431599,0.5,2.5,Low,LYS,9,0.0,Non-essential,85.8
HM13,0.3841099854229739,193,0.3697478988489514,0.4405573673287873,0.0318076862248932,0.5,3.38,Low,LYS,4,0.0,Non-essential,82.4
SLC26A2,0.38365774027313293,194,0.2857142854741897,0.5126000592943967,0.0635457852285307,0.5,0.0,Low,LYS,10,0.0,Non-essential,80.9
SLC9A2,0.3831114254987743,195,0.3613445375114751,0.4601245182330269,0.1492519373715009,0.5,3.25,Low,LYS,13,0.0,Non-essential,66.2
RPN1,0.38302619539108296,196,0.403361344198856,0.1789504891787725,0.0179788075280721,0.5,4.62,Medium,LYS,2,,Essential,90.1
OR4C46,0.3821825161999629,197,0.2605042014617612,0.4082419211384523,0.021540408034161,0.5,0.0,Low,LYS,7,,Context-dependent,88.4
OR52A1,0.3820083670283707,198,0.2605042014617612,0.4720426919656091,0.0628688913490431,0.5,0.0,Low,LYS,10,,Non-essential,90.1
OR2T8,0.38196955859723836,199,0.2605042014617612,0.4661725466943373,0.0785449944646528,0.5,0.0,Low,LYS,11,,Non-essential,88.7
OR5D14,0.3818480494071461,200,0.2605042014617612,0.4821820337978061,0.0584279614107227,0.5,0.0,Low,LYS,15,,Non-essential,89.3
OR6C2,0.3807074703307348,201,0.2605042014617612,0.4413874888823006,0.092019610944172,0.5,,,LYS,13,,Non-essential,90.2
OTOP1,0.3804140902176891,202,0.2605042014617612,0.4837236881114734,0.0772165111497706,0.5,,,LYS,12,,Context-dependent,75.7
OR2L5,0.3803094816936343,203,0.2605042014617612,0.5045953157426623,0.0153218408983077,0.5,,,LYS,6,,Non-essential,90.7
SLC52A2,0.3802589882416564,204,0.3613445375114751,0.2967091609842869,0.1599051083346512,0.5,,,LYS,12,0.0,Non-essential,84.1
CLCA2,0.3802414050781847,205,0.2689075627992374,0.4615475837533352,0.0940249881385418,0.5,,,LYS,19,,Non-essential,86.6
SLC6A13,0.38006275897779784,206,0.2352941174493327,0.4820041506077676,0.1021919974695556,0.5,,,LYS,16,,Non-essential,88.8
OR2V1,0.37944289068210413,207,0.2605042014617612,0.4873406463089238,0.060243555274395,0.5,,,LYS,7,,Non-essential,86.1
SLC6A6,0.3793758296384617,208,0.2605042014617612,0.4801660243107025,0.0920828720544045,0.5,,,LYS,16,,Non-essential,86.8
SLC22A23,0.37921537431353647,209,0.2773109241367135,0.520841980432849,0.1305962359639411,0.5,,,LYS,13,0.0,Non-essential,72.2
SLC19A3,0.37884314129520114,210,0.2268907561118565,0.5155647791283723,0.1210374822078127,0.5,,,LYS,17,,Non-essential,81.6
STT3B,0.37858386309123226,211,0.3193277308240944,0.4256151793655499,0.0956444725604934,0.5,,,LYS,10,0.0,Non-essential,79.8
GRIK4,0.37858244870487834,212,0.2605042014617612,0.5134301808479098,0.0988518108492804,0.5,,,LYS,18,,Non-essential,78.4
SLC12A8,0.3782331029930591,213,0.4873949575736176,0.3777053068485028,0.0372165111497706,0.5,,,LYS,10,0.0,Non-essential,69.1
SORCS1,0.37813195208522343,214,0.201680672099428,0.2894159501927068,0.3921429701091254,0.5,,,LYS,41,,Non-essential,76.7
OR51I2,0.37785951934224715,215,0.2605042014617612,0.4642751260005929,0.0403922188834414,0.5,,,LYS,8,,Non-essential,90.9
OR13C4,0.3772690079133061,216,0.2605042014617612,0.4828342721612806,0.0783805155780484,0.5,,,LYS,14,,Non-essential,84.0
SLC35F4,0.37725699611388064,217,0.2605042014617612,0.6252001185887933,0.0689546101534081,0.5,,,LYS,11,0.0,Non-essential,66.9
VN1R4,0.3770326564204738,218,0.2605042014617612,0.4608360509931811,0.1316969792819864,0.5,,,LYS,14,,Non-essential,77.9
PLXNC1,0.3768055855648542,219,0.3193277308240944,0.4614289949599762,0.0479392693341768,0.5,,,LYS,9,,Non-essential,79.1
SLC22A2,0.37661099752743765,220,0.2689075627992374,0.4450637414764304,0.0883567926617112,0.5,,,LYS,16,,Non-essential,83.0
SORT1,0.3765772775807701,221,0.2352941174493327,0.3205455084494515,0.2897232326427328,0.5,,,LYS,26,,Non-essential,82.9
GRM4,0.37637663821226575,222,0.2857142854741897,0.4591758078861547,0.0640645263324371,0.5,,,LYS,14,,Non-essential,83.7
OR52E5,0.37635824519728145,223,0.2605042014617612,0.460480284613104,0.0726806895461015,0.5,,,LYS,8,,Non-essential,83.3
SLC28A3,0.37633038141816744,224,0.3445378148365229,0.4467239845834568,0.034755653961727,0.5,,,LYS,10,,Non-essential,80.3
SLC15A4,0.3762998128943539,225,0.252100840124285,0.5283130744144677,0.0470599399019452,0.5,,,LYS,8,,Non-essential,84.8
PROKR1,0.3762440175610189,226,0.252100840124285,0.4635635932404388,0.1625304444092993,0.5,,,LYS,19,,Non-essential,77.2
OR52A5,0.3762271035231999,227,0.2605042014617612,0.464512303587311,0.0414929622014866,0.5,,,LYS,10,,Non-essential,89.5
MRC2,0.37622106120695686,228,0.2773109241367135,0.4180847909872516,0.1688818598766408,0.5,,,LYS,22,,Non-essential,77.0
SERINC4,0.37611864083991686,229,0.2605042014617612,0.4958197450340942,0.0716432073382887,0.5,,,LYS,21,,Context-dependent,71.4
SEMA5A,0.37591816839435577,230,0.2773109241367135,0.4962348058108508,0.0887173809900363,0.5,,,LYS,11,,Non-essential,77.6
NUP210,0.3756839269595261,231,0.4117647055363322,0.3225022235398754,0.0477115293373398,0.5,,,LYS,6,,Non-essential,79.6
GJB5,0.3755954989175213,232,0.3445378148365229,0.4502223539875481,0.0520828720544045,0.5,,,LYS,12,,Non-essential,78.3
P2RY11,0.37546951655161176,233,0.2436974787868088,0.5008597687518529,0.0823659655226949,0.5,,,LYS,15,,Non-essential,80.7
CDH16,0.3754511176016774,234,0.2941176468116659,0.492558553216721,0.0280499762770836,0.5,,,LYS,6,,Non-essential,81.8
CNTNAP3,0.375442493593669,235,0.201680672099428,0.5037651941891491,0.1368464336549106,0.5,,,LYS,19,,Non-essential,82.9
BMPR1A,0.37540870451444763,236,0.2773109241367135,0.4923806700266824,0.0690241973746639,0.5,,,LYS,10,,Non-essential,82.6
OR7G1,0.37535383780342113,237,0.2605042014617612,0.441091016898903,0.0590479202910011,0.5,,,LYS,11,,Non-essential,89.4
CORIN,0.3751581540560074,238,0.252100840124285,0.5734361102875778,0.0917286098371026,0.5,,,LYS,14,,Non-essential,69.8
OR10G2,0.37514902696759755,239,0.2605042014617612,0.4571597983990512,0.0679550846117349,0.5,,,LYS,11,,Non-essential,87.3
TMEM63B,0.37510442486444473,240,0.3109243694866181,0.4462496294100207,0.1401170330539301,0.5,,,LYS,15,,Non-essential,72.6
SLC17A5,0.3750193597847885,241,0.3109243694866181,0.4134005336495701,0.0740408034160999,0.5,,,LYS,14,,Non-essential,84.2
SLC17A1,0.3749549602098715,242,0.2605042014617612,0.4323747405870144,0.0982698086351415,0.5,,,LYS,13,,Non-essential,86.7
OR56A5,0.37495131721953023,243,0.2605042014617612,0.4266824785057811,0.0649438557646686,0.5,,,LYS,5,,Non-essential,87.7
KDR,0.37486707536422237,244,0.2605042014617612,0.52072339163949,0.1184817333544203,0.5,,,LYS,13,,Non-essential,71.1
OR10G8,0.3748543163456811,245,0.2605042014617612,0.4508152979543433,0.0598260319468606,0.5,,,LYS,8,,Non-essential,88.2
GRM8,0.3746120521466002,246,0.3109243694866181,0.4014230655203083,0.0784817333544203,0.5,,,LYS,12,,Non-essential,84.1
OR4A47,0.37460712614565794,247,0.2605042014617612,0.3685739697598577,0.0218314091412304,0.5,,,LYS,9,,Context-dependent,91.8
TLR9,0.3745240436866387,248,0.2605042014617612,0.4868662911354876,0.0461236754705045,0.5,,,LYS,4,,Non-essential,86.7
TLR7,0.37441650396371784,249,0.3949579828613799,0.307915801956715,0.0514692392851494,0.5,,,LYS,14,,Non-essential,87.6
OR7A17,0.3742991130888873,250,0.2605042014617612,0.4179069077972131,0.0209584058200221,0.5,,,LYS,8,,Context-dependent,85.4
ITGA4,0.3742719667619189,251,0.3109243694866181,0.4052772013044767,0.0734271706468448,0.5,,,LYS,15,,Non-essential,84.4
SLC43A2,0.3742157083311872,252,0.3109243694866181,0.3769937740883486,0.1489293057093151,0.5,,,LYS,16,,Non-essential,78.9
SUSD1,0.37405243755800355,253,0.3193277308240944,0.4798102579306255,0.024292266329274,0.5,,,LYS,6,,Non-essential,77.8
OR13C9,0.37402871871175536,254,0.2605042014617612,0.4721019863622887,0.0934113553692867,0.5,,,LYS,13,,Non-essential,82.9
GPR148,0.3739059589566057,255,0.2605042014617612,0.4375926474948117,0.1668068954610153,0.5,,,LYS,16,,Non-essential,72.8
OR10A7,0.37377279753607395,256,0.2605042014617612,0.4491550548473169,0.0475786810058516,0.5,,,LYS,13,,Non-essential,90.1
IL1RL2,0.3735171072172727,257,0.3193277308240944,0.4096056922620812,0.0988201802941641,0.5,,,LYS,11,,Non-essential,77.2
OR5P3,0.3734293142157997,258,0.2605042014617612,0.4664097242810553,0.0421065949707417,0.5,,,LYS,12,,Non-essential,87.1
EPHB2,0.37333973056793157,259,0.403361344198856,0.2473762229469315,0.1456207496441562,0.5,,,LYS,15,,Non-essential,80.0
GPR107,0.37332893395306144,260,0.2941176468116659,0.4458938630299436,0.1681037482207812,0.5,,,LYS,23,,Non-essential,70.5
RHO,0.37326780958602135,261,0.2605042014617612,0.4372961755114141,0.0774126205914913,0.5,,,LYS,13,,Non-essential,88.7
ABCA9,0.3732310347140888,262,0.1932773107619518,0.4148235991698784,0.2517349359481259,0.5,,,LYS,36,,Non-essential,77.2
SLC10A2,0.3732083996576374,263,0.2605042014617612,0.5196560924992587,0.034755653961727,0.5,,,LYS,8,,Non-essential,82.7
OR56B4,0.3731163340225008,264,0.2605042014617612,0.5008597687518529,0.0735916495334493,0.5,,,LYS,8,,Non-essential,80.9
OR4F5,0.3728617822960637,265,0.2605042014617612,0.4656981915209012,0.0144804681322157,0.5,,,LYS,3,,Non-essential,90.4
EPHA2,0.3725546310627875,266,0.3361344534990467,0.3498369404091313,0.1017681480309979,0.5,,,LYS,9,,Non-essential,82.2
ANO7,0.3725252439817155,267,0.302521008149142,0.3864215831603913,0.1275533765617586,0.5,,,LYS,15,,Non-essential,77.7
OR11G2,0.37243067181179124,268,0.2605042014617612,0.5322857989919952,0.0867373082397596,0.5,,,LYS,16,,No data,81.6
SEMA4A,0.37238876096564155,269,0.3277310921615705,0.4512303587310998,0.0155495808951447,0.5,,,LYS,1,,Non-essential,84.3
SLC13A2,0.3723729908317218,270,0.3277310921615705,0.4269196560924992,0.0337814328641467,0.5,,,LYS,5,,Non-essential,83.2
ROR2,0.3723590275748342,271,0.2857142854741897,0.4150014823599169,0.2156507986715166,0.5,,,LYS,27,,Non-essential,68.3
SLC28A2,0.37217230585988437,272,0.252100840124285,0.5211384524162466,0.035597026727819,0.5,,,LYS,8,,Non-essential,82.1
CHRNA6,0.37202289326851634,273,0.3109243694866181,0.4997924696116217,0.009166534872687,0.5,,,LYS,2,,Non-essential,79.5
OR2L2,0.37201019181038086,274,0.2605042014617612,0.4700859768751852,0.0148347303495176,0.5,,,LYS,6,,Non-essential,90.2
OR2Y1,0.37196379597053497,275,0.2605042014617612,0.4710346872220574,0.0221540408034161,0.5,,,LYS,7,,Non-essential,89.5
CHRNA1,0.3718870003234591,276,0.352941176173999,0.4118588793359027,0.0113996520638937,0.5,,,LYS,4,,Non-essential,84.0
ITGA6,0.3716366029686091,277,0.3361344534990467,0.3621701749184701,0.100344773050767,0.5,,,LYS,16,,Non-essential,80.4
KCNV2,0.37158217118028203,278,0.2605042014617612,0.449629410020753,0.1481511940534556,0.5,,,LYS,16,,Non-essential,75.4
GABRA3,0.37157064275958573,279,0.352941176173999,0.434509338867477,0.0606674047129527,0.5,,,LYS,6,,Non-essential,76.4
OR2L13,0.37155662259106526,280,0.2605042014617612,0.4588793359027571,0.0237735252253677,0.5,,,LYS,6,,Non-essential,90.2
CCR4,0.3712902311353512,281,0.3361344534990467,0.3771123628817076,0.0936707259212399,0.5,,,LYS,19,,Non-essential,80.7
FOLH1,0.37121616761105114,282,0.3613445375114751,0.3150904239549362,0.0408097422109758,0.5,,,LYS,12,,Non-essential,93.8
PTPRF,0.3711537469824544,283,0.3949579828613799,0.2839608656981915,0.0741103906373556,0.5,,,LYS,7,,Non-essential,82.0
OR10K1,0.3711352200708705,284,0.2605042014617612,0.4542543729617551,0.0392914755653961,0.5,,,LYS,11,,Non-essential,88.2
BACE2,0.3710497453892393,285,0.3361344534990467,0.419626445300919,0.0564542147714692,0.5,,,LYS,14,,Non-essential,82.7
OR2A14,0.37103821848901464,286,0.2605042014617612,0.4831307441446783,0.0539300964731931,0.5,,,LYS,13,,Non-essential,83.9
CD200R1L,0.37082807662461514,287,0.2605042014617612,0.5170471390453601,0.037962992250514,0.5,,,LYS,9,,Non-essential,83.1
SLC39A12,0.37065558142189525,288,0.252100840124285,0.5104061666172546,0.1357456903368654,0.5,,,LYS,21,,Non-essential,69.4
TM4SF5,0.37057282429966854,289,0.2605042014617612,0.5016305959086866,0.0091032737624545,0.5,,,LYS,5,,Non-essential,86.0
TACR2,0.37050680804302527,290,0.2436974787868088,0.4779721316335606,0.1129400600980547,0.5,,,LYS,14,,Non-essential,79.8
DDR1,0.3704933446789672,291,0.4201680668738084,0.2816483842276904,0.1186082555748853,0.5,,,LYS,10,,Non-essential,76.2
OR6V1,0.37048428689212964,292,0.2605042014617612,0.4322561517936554,0.0595350308397912,0.5,,,LYS,8,,Non-essential,87.0
ADAM18,0.3704018781320507,293,0.2605042014617612,0.4699673880818262,0.1059117507512256,0.5,,,LYS,22,,Non-essential,78.4
OR56B1,0.3703341527107761,294,0.2605042014617612,0.4544322561517936,0.0786082555748853,0.5,,,LYS,8,,Non-essential,83.5
OR6N2,0.3702898916802061,295,0.2605042014617612,0.4742958790394306,0.0175233275343982,0.5,,,LYS,9,,Non-essential,89.3
SLC14A2,0.37003643485046966,296,0.252100840124285,0.497183516157723,0.0683726079392693,0.5,,,LYS,13,,Non-essential,82.4
SLCO2B1,0.369993455233123,297,0.2605042014617612,0.4439964423361991,0.1358405820022141,0.5,,,LYS,17,,Non-essential,78.3
TLR5,0.3699917188935601,298,0.2941176468116659,0.4441150311295582,0.0126965048236596,0.5,,,LYS,6,,Non-essential,88.8
DAGLB,0.3699547846864174,299,0.2773109241367135,0.5030536614289949,0.1080816068321999,0.5,,,LYS,12,,Non-essential,72.5
CD4,0.3697881405926884,300,0.3949579828613799,0.3586125111176994,0.0046307132690178,0.5,,,LYS,4,,Non-essential,85.2
NIPAL3,0.36971092879770373,301,0.3109243694866181,0.4694337385117106,0.0594654436185355,0.5,,,LYS,10,,Non-essential,75.1
EPHB4,0.3696996160923254,302,0.3193277308240944,0.3965016305959086,0.0638367863356001,0.5,,,LYS,7,,Non-essential,82.0
EPHB1,0.36966443368517377,303,0.2268907561118565,0.4659946635042988,0.0957140597817491,0.5,,,LYS,11,,Non-essential,83.6
FOLR1,0.36961508255225684,304,0.50420168024857,0.1579602727542247,0.0218630396963466,0.5,,,LYS,6,,Non-essential,91.2
OR1L6,0.3696028795396713,305,0.2605042014617612,0.4560332048621405,0.0473509410090147,0.5,,,LYS,7,,Non-essential,85.6
ULBP2,0.3695646382309129,306,0.3781512601864275,0.4498072932107915,0.0048268227107385,0.5,,,LYS,4,,Non-essential,81.8
OR7D4,0.3695613362095853,307,0.2605042014617612,0.4239549362585235,0.0667214929622014,0.5,,,LYS,12,,Non-essential,87.8
CNTN5,0.36949000727414083,308,0.2773109241367135,0.4859175807886153,0.0103938004111972,0.5,,,LYS,3,,Non-essential,82.6
OR52D1,0.3693299539538578,309,0.2605042014617612,0.4080640379484138,0.0804554799936738,0.5,,,LYS,8,,Non-essential,88.3
MDGA1,0.36927288905331124,310,0.2184873947743803,0.5224429291431959,0.0488122726553851,0.5,,,LYS,11,,Non-essential,84.6
QSOX1,0.3692635777622809,311,0.302521008149142,0.4770234212866883,0.0716432073382887,0.5,,,LYS,8,,Non-essential,77.7
SEMA7A,0.36917817749064075,312,0.302521008149142,0.3587903943077379,0.1069492329590384,0.5,,,LYS,18,,Non-essential,89.1
OR3A1,0.3691400137222909,313,0.2605042014617612,0.4367625259412985,0.0593072908429542,0.5,,,LYS,11,,Non-essential,86.8
GABRA6,0.36890812896929215,314,0.2605042014617612,0.5451526830714497,0.0037577099478095,0.5,,,LYS,2,,Non-essential,82.1
ADCY9,0.3687987086409714,315,0.2268907561118565,0.3899199525644826,0.2839601455005535,0.5,,,LYS,45,,Non-essential,70.2
SLC45A4,0.36877560157437805,316,0.302521008149142,0.4594722798695523,0.1572544678159101,0.5,,,LYS,18,,Non-essential,65.8
ADAM23,0.3685733760447649,317,0.2184873947743803,0.4861547583753334,0.1566028783805155,0.5,,,LYS,24,,Non-essential,76.1
OR5M3,0.3685372692582124,318,0.2605042014617612,0.4362288763711828,0.0173272180926775,0.5,,,LYS,9,,Non-essential,92.3
SORCS2,0.36852760117631633,319,0.252100840124285,0.3730210495108211,0.1924909062154041,0.5,,,LYS,27,,Non-essential,77.9
OR2H2,0.3685164341234082,320,0.2605042014617612,0.4487399940705603,0.0202119247192788,0.5,,,LYS,9,,Non-essential,89.1
VCAM1,0.3685109862210524,321,0.3697478988489514,0.3684553809664986,0.0064146765775739,0.5,,,LYS,1,,Non-essential,84.3
FLVCR1,0.3684640836373928,322,0.3277310921615705,0.4099021642454787,0.0907543887395223,0.5,,,LYS,22,,Non-essential,77.6
SLC12A7,0.3683780155868358,323,0.302521008149142,0.4316039134301808,0.0491349043175707,0.5,,,LYS,4,,Non-essential,80.8
OR5H14,0.3682155414159297,324,0.2605042014617612,0.449629410020753,0.0233180452316938,0.5,,,LYS,9,,Non-essential,89.4
SLC26A4,0.36818037227035894,325,0.252100840124285,0.4971242217610436,0.0406515894353945,0.5,,,LYS,7,,Non-essential,82.7
OR2K2,0.3681317138993254,326,0.2605042014617612,0.4126890008894159,0.0718393167800094,0.5,,,LYS,18,,Non-essential,87.1
GPC5,0.36809826619426766,327,0.2436974787868088,0.4900088941595019,0.1203605883283251,0.5,,,LYS,8,,Non-essential,77.9
LINGO2,0.3680595765260517,328,0.252100840124285,0.5040023717758672,0.0296694606990352,0.5,,,LYS,8,,Non-essential,84.8
OR2AP1,0.3679769035347249,329,0.2605042014617612,0.3991105840498072,0.0706436817966155,0.5,,,LYS,10,,Non-essential,89.3
FLT1,0.3679591467927853,330,0.2352941174493327,0.5083308627334717,0.1218472244187885,0.5,,,LYS,19,,Non-essential,72.6
ATP2B2,0.36789079477953424,331,0.2184873947743803,0.5034687222057516,0.1278760082239443,0.5,,,LYS,12,,Non-essential,73.4
CHPT1,0.36788701832479365,332,0.2436974787868088,0.3962644530091905,0.1105487901312668,0.5,,,LYS,15,,Non-essential,90.9
CPM,0.3678732178629963,333,0.2689075627992374,0.4591758078861547,0.0290558279297801,0.5,,,LYS,7,,Non-essential,90.3
OR2W1,0.3678166392672041,334,0.2605042014617612,0.4345686332641564,0.0303843112446623,0.5,,,LYS,6,,Non-essential,88.5
GPR78,0.367707031089885,335,0.2605042014617612,0.4067595612214645,0.1071453424007591,0.5,,,LYS,9,,Non-essential,84.6
OR4M1,0.36760413399173286,336,0.2605042014617612,0.4420990216424547,0.0127913964890083,0.5,,,LYS,5,,Non-essential,89.7
NTNG2,0.36756469344054454,337,0.2436974787868088,0.4932107915801956,0.0459908271390162,0.5,,,LYS,13,,Non-essential,84.5
TCTN3,0.3675610527668799,338,0.3109243694866181,0.5434924399644233,0.0151573620117033,0.5,,,LYS,5,,Non-essential,71.2
SLC36A3,0.36753432334979064,339,0.2605042014617612,0.4290542543729617,0.0804871105487901,0.5,,,LYS,11,,Non-essential,84.2
MAS1,0.3674709170887881,340,0.2605042014617612,0.4836643937147938,0.0470599399019452,0.5,,,LYS,12,,Non-essential,83.5
HLA-DMB,0.36745840546808395,341,0.4285714282112846,0.2952268010672991,0.0073509410090147,0.5,,,LYS,4,,Non-essential,89.2
OR10G7,0.3672781812853676,342,0.2605042014617612,0.4039134301808479,0.0818472244187885,0.5,,,LYS,6,,Non-essential,87.1
OR13C2,0.36699753742680374,343,0.2605042014617612,0.413044767269493,0.101312668037324,0.5,,,LYS,12,,Non-essential,83.8
OR6C68,0.36694593106020035,344,0.2605042014617612,0.3927067892084198,0.0928926142653803,0.5,,,LYS,13,,Non-essential,86.8
CXCR6,0.3669436931809327,345,0.3697478988489514,0.3037058997924696,0.0963276925510042,0.5,,,LYS,14,,Non-essential,82.1
CYSLTR1,0.36669332701078716,346,0.2857142854741897,0.4027275422472576,0.0905962359639411,0.5,,,LYS,14,,Non-essential,85.7
OR2B11,0.3666806888344314,347,0.2605042014617612,0.4513489475244588,0.0129242448204966,0.5,,,LYS,6,,Non-essential,88.5
TMEM184A,0.3665673185694238,348,0.4789915962361415,0.2640379484138749,0.0620591491380673,0.5,,,LYS,10,,Non-essential,72.2
SLC22A4,0.36651385715216833,349,0.2605042014617612,0.3949006818855617,0.0925383520480784,0.5,,,LYS,12,,Non-essential,85.2
HCAR3,0.36647467443713877,350,0.302521008149142,0.391698784464868,0.0975233275343982,0.5,,,LYS,14,,Non-essential,79.2
SCN3B,0.36644438588141737,351,0.2184873947743803,0.5428994959976281,0.0042131899414834,0.5,,,LYS,5,,Non-essential,86.2
ADAM2,0.3664052442307818,352,0.2605042014617612,0.4645715979839904,0.063324371342717,0.5,,,LYS,8,,Non-essential,81.4
ICOSLG,0.3663932437826867,353,0.3193277308240944,0.4662911354876963,0.0075154198956191,0.5,,,LYS,2,,Non-essential,82.6
RECK,0.3663599785093865,354,0.1848739494244757,0.492914319596798,0.1157931361695397,0.5,,,LYS,19,,Non-essential,81.1
OR6X1,0.3663108063743432,355,0.2605042014617612,0.4294100207530388,0.0510137592914755,0.5,,,LYS,7,,Non-essential,86.5
SUSD3,0.3662481593453216,356,0.3865546215239037,0.5167506670619626,0.0012968527597659,0.5,,,LYS,1,,Non-essential,69.1
SLC39A8,0.36614706795733176,357,0.352941176173999,0.4103765194189149,0.0691823501502451,0.5,,,LYS,10,,Non-essential,73.1
OR6C76,0.3660934948580594,358,0.2605042014617612,0.3838126297064926,0.0815245927566028,0.5,,,LYS,13,,Non-essential,90.0
SLC19A2,0.3659521405760249,359,0.2100840334369042,0.4765490661132523,0.1221065949707417,0.5,,,LYS,13,,Non-essential,80.8
RRH,0.36594568006475925,360,0.2605042014617612,0.4359324043877853,0.0641657441088091,0.5,,,LYS,14,,Non-essential,85.7
EDNRA,0.36593300653067873,361,0.302521008149142,0.5068485028164837,0.0251652696504823,0.5,,,LYS,7,,Non-essential,74.4
CD6,0.3657256552724856,362,0.3613445375114751,0.5053068485028165,0.0501407559702672,0.5,,,LYS,11,,Non-essential,66.2
CTLA4,0.3656347502420684,363,0.3445378148365229,0.4808182626741772,0.0006832199905108,0.5,,,LYS,3,,Non-essential,80.1
SGCD,0.36559321706770065,364,0.2184873947743803,0.5499555292024904,0.0079013126680373,0.5,,,LYS,2,,Non-essential,81.3
OR1L4,0.36553969041169243,365,0.2605042014617612,0.4267417729024607,0.0323264273287996,0.5,,,LYS,6,,Non-essential,88.8
OR6Q1,0.3654748233732581,366,0.2605042014617612,0.464393714793952,0.0223501502451368,0.5,,,LYS,8,,Non-essential,86.7
LINGO1,0.3654072862193377,367,0.302521008149142,0.4335013341239252,0.0313838367863356,0.5,,,LYS,4,,Non-essential,86.1
PTPRQ,0.36538644903980655,368,0.2352941174493327,0.4067595612214645,0.1640550371659022,0.5,,,LYS,13,,Non-essential,74.9
OR2T2,0.365375351729188,369,0.2605042014617612,0.3231544619033501,0.0460920449153882,0.5,,,LYS,11,,Context-dependent,88.1
OR2AG1,0.36535976951715066,370,0.2605042014617612,0.4119774681292618,0.0506911276292898,0.5,,,LYS,9,,Non-essential,85.5
OR10J5,0.3653281474252944,371,0.2605042014617612,0.4426919656092499,0.0223185196900205,0.5,,,LYS,10,,Non-essential,86.2
ADAM22,0.3652059945063484,372,0.252100840124285,0.4712718648087755,0.1351320575676103,0.5,,,LYS,28,,Non-essential,73.2
SLC46A2,0.36516830343717,373,0.2605042014617612,0.4848502816483842,0.0528609837102641,0.5,,,LYS,6,,Non-essential,80.6
OR13C3,0.3651648239166885,374,0.2605042014617612,0.481944856211088,0.0887490115451526,0.5,,,LYS,14,,Non-essential,77.8
PLXNB3,0.36510372537293323,375,0.1932773107619518,0.4871034687222057,0.1023185196900205,0.5,,,LYS,17,,Non-essential,81.0
TMPRSS11E,0.3650513302253643,376,0.3109243694866181,0.3666765490661132,0.0254246402024355,0.5,,,LYS,7,,Non-essential,90.0
OR2T5,0.36502627987686076,377,0.2605042014617612,0.4358138155944263,0.0186873319626759,0.5,,,LYS,9,,Non-essential,89.7
SLC7A1,0.36481021196789076,378,0.3277310921615705,0.3747405870145271,0.0511466076229637,0.5,,,LYS,5,,Non-essential,82.2
OR51I1,0.3647518397613647,379,0.2605042014617612,0.4383041802549658,0.035824766724656,0.5,,,LYS,6,,Non-essential,88.7
FAM171A2,0.3647013336758812,380,0.3361344534990467,0.4869255855321672,0.1699130159734303,0.5,,,LYS,19,,Non-essential,58.8
OR56A3,0.36467805286887733,381,0.2605042014617612,0.4046842573376816,0.0670757551795034,0.5,,,LYS,6,,Non-essential,85.0
GPR84,0.36446240274423114,382,0.3193277308240944,0.3965016305959086,0.0691507195951288,0.5,,,LYS,8,,Non-essential,80.7
GRIK1,0.3644481318763012,383,0.2352941174493327,0.4895938333827453,0.0585291791870947,0.5,,,LYS,13,,Non-essential,81.1
ITGB2,0.364438814013922,384,0.4117647055363322,0.2514082419211384,0.0315799462280563,0.5,,,LYS,16,,Non-essential,85.8
ADAM30,0.36423985165906714,385,0.2605042014617612,0.5066706196264453,0.027398386841689,0.5,,,LYS,7,,Non-essential,79.6
TGFBR1,0.3642346174912249,386,0.3193277308240944,0.4069967388081826,0.0315166851178238,0.5,,,LYS,8,,Non-essential,84.2
OR5M9,0.3641539300271669,387,0.2605042014617612,0.4218796323747405,0.0127597659338921,0.5,,,LYS,9,,Non-essential,89.9
OR2T29,0.3640003290835203,388,0.2605042014617612,0.4324933293803735,0.0168780642100268,0.5,,,LYS,9,,Non-essential,89.7
TREM1,0.3639950832663732,389,0.4117647055363322,0.4416246664690186,0.0281448679424323,0.5,,,LYS,6,,Non-essential,71.6
CD86,0.36398598435757157,390,0.4201680668738084,0.3683367921731396,0.0063830460224576,0.5,,,LYS,3,,Non-essential,80.1
KIRREL2,0.3639841138537324,391,0.2773109241367135,0.5246961162170174,0.0325857978807528,0.5,,,LYS,9,,Non-essential,75.4
SELL,0.3639684546554237,392,0.3865546215239037,0.3541061369700563,0.0030428594021825,0.5,,,LYS,2,,Non-essential,85.3
PLXNA1,0.36386348618772424,393,0.2689075627992374,0.3276608360509931,0.1400221413885813,0.5,,,LYS,19,,Non-essential,84.8
ITGB3,0.3638492580499838,394,0.201680672099428,0.3867773495404684,0.1578681005851652,0.5,,,LYS,31,,Non-essential,87.0
SLC18A1,0.3638354863052844,395,0.3277310921615705,0.4201600948710347,0.055353471453424,0.5,,,LYS,7,,Non-essential,77.2
GUCY2C,0.3637797529479161,396,0.2605042014617612,0.4594129854728727,0.0643555274395065,0.5,,,LYS,10,,Non-essential,80.0
SLCO5A1,0.36376237738877093,397,0.2773109241367135,0.5044767269493032,0.0926965048236596,0.5,,,LYS,21,,Non-essential,70.4
OR1L3,0.3637341238466052,398,0.2605042014617612,0.4107322857989919,0.0443080816068322,0.5,,,LYS,10,,Non-essential,88.7
OR51B4,0.36367641828281116,399,0.2605042014617612,0.3906314853246368,0.0531203542622173,0.5,,,LYS,7,,Non-essential,88.3
ELFN2,0.36356087831396744,400,0.2857142854741897,0.5331752149421879,0.1354863197849122,0.5,,,LYS,16,,Non-essential,61.0
SEMA4F,0.36352736900080473,401,0.302521008149142,0.4033797806107322,0.0571058042068638,0.5,,,LYS,3,,Non-essential,82.9
PLXNA4,0.36317464911067165,402,0.2100840334369042,0.3266528313074414,0.2236153724497865,0.5,,,LYS,27,,Non-essential,83.1
EPHA7,0.36312854950559537,403,0.2352941174493327,0.4809368514675363,0.0540882492487743,0.5,,,LYS,6,,Non-essential,81.9
CDON,0.3630169955299575,404,0.252100840124285,0.4426919656092499,0.224266961885181,0.5,,,LYS,25,,Non-essential,62.0
OR2T6,0.36277491384339755,405,0.2605042014617612,0.4132226504595315,0.0210216669302546,0.5,,,LYS,6,,Non-essential,88.3
ATG9A,0.3626664303834627,406,0.252100840124285,0.5045953157426623,0.0866107860192946,0.5,,,LYS,7,,Non-essential,73.7
TRIL,0.3626020662962516,407,0.302521008149142,0.3586125111176994,0.1872465601771311,0.5,,,LYS,21,,Non-essential,71.6
OR14C36,0.36253949008796915,408,0.2605042014617612,0.3993477616365253,0.0577194369761189,0.5,,,LYS,14,,Non-essential,86.8
SLC7A9,0.36242417003004723,409,0.252100840124285,0.4340942780907204,0.0229005219041594,0.5,,,LYS,5,,Non-essential,85.5
SLC10A3,0.3623705348414169,410,0.2773109241367135,0.4161873702935072,0.0905266487426854,0.5,,,LYS,10,,Non-essential,76.8
IL31RA,0.3623686713675389,411,0.2773109241367135,0.5012155351319301,0.0494891665348726,0.5,,,LYS,8,,Non-essential,74.0
OR4L1,0.3623253663558581,412,0.2605042014617612,0.4397272457752741,0.0192693341768148,0.5,,,LYS,7,,Non-essential,85.5
SLC44A4,0.36230869881432437,413,0.6050420162982841,0.01950785650756,0.0422331171912067,0.5,,,TYR,8,,Non-essential,83.5
GPR15,0.36224228594583874,414,0.2605042014617612,0.4012451823302697,0.1188359955717222,0.5,,,LYS,24,,Non-essential,81.8
DISP1,0.36218093330308143,415,0.2605042014617612,0.406818855618144,0.2269555590700616,0.5,,,LYS,22,,Non-essential,64.9
GPR108,0.3621242755062184,416,0.2773109241367135,0.3343611028757782,0.1971216194844219,0.5,,,LYS,31,,Non-essential,75.3
OR4C15,0.36207750446838427,417,0.2605042014617612,0.4100207530388378,0.0217365174758817,0.5,,,LYS,8,,Non-essential,90.2
OR8B12,0.36203444937031093,418,0.2605042014617612,0.4257930625555884,0.0222489324687648,0.5,,,LYS,9,,Non-essential,88.8
ABCB9,0.36194014084595216,419,0.2773109241367135,0.4055736732878742,0.0244883757709947,0.5,,,LYS,5,,Non-essential,85.4
PTPRR,0.3618952874165908,420,0.2941176468116659,0.4573376815890898,0.0974916969792819,0.5,,,LYS,12,,Non-essential,72.2
ACE,0.3618671809955394,421,0.352941176173999,0.2199229172843166,0.1017365174758817,0.5,,,LYS,18,,Non-essential,90.9
SERINC2,0.3618410482173462,422,0.6134453776357603,0.0877557070856804,0.0191428119563498,0.5,,,CYS,7,,Non-essential,78.5
OR52L1,0.36176320795917183,423,0.2605042014617612,0.413281944856211,0.0559038431124466,0.5,,,LYS,8,,Non-essential,85.3
OR51F1,0.36174634026937125,424,0.2605042014617612,0.4152979543433145,0.0273034951763403,0.5,,,LYS,5,,Non-essential,86.6
OR6N1,0.36171158086813116,425,0.2605042014617612,0.415238659946635,0.0151889925668195,0.5,,,LYS,3,,Non-essential,91.3
NPY2R,0.36166468822128695,426,0.2352941174493327,0.413281944856211,0.1204238494385576,0.5,,,LYS,15,,Non-essential,82.5
SPINT2,0.3615580471752796,427,0.5630252096109033,0.1751556477912837,0.002853076071485,0.5,,,LYS,3,,Non-essential,81.1
OR1A2,0.3615317362648379,428,0.2605042014617612,0.40853839312185,0.0209900363751383,0.5,,,LYS,8,,Non-essential,88.5
TLR2,0.3614735883393765,429,0.2857142854741897,0.3631188852653424,0.0696061995888027,0.5,,,LYS,7,,Non-essential,87.9
ANPEP,0.36145657290549094,430,0.2184873947743803,0.3881411206640972,0.0915325003953819,0.5,,,LYS,16,,Non-essential,93.1
SLC46A1,0.3614249012635907,431,0.2941176468116659,0.2378891194782093,0.2005883283251621,0.5,,,LYS,21,,Non-essential,83.1
OR5T3,0.3613733945921067,432,0.2605042014617612,0.4423361992291728,0.0229005219041594,0.5,,,LYS,8,,Non-essential,85.7
OR8G1,0.3610878637049353,433,0.2605042014617612,0.3965609249925881,0.0372481417048869,0.5,,,LYS,8,,Non-essential,90.5
SLC12A1,0.3610563570591092,434,0.2436974787868088,0.4557960272754224,0.0733639095366123,0.5,,,LYS,13,,Non-essential,78.2
CCR3,0.3609810045029457,435,0.2689075627992374,0.4539579009783575,0.021312668037324,0.5,,,LYS,5,,Non-essential,83.4
OR11H4,0.3609358183600542,436,0.2605042014617612,0.4404980729321078,0.0130507670409615,0.5,,,LYS,5,,Non-essential,87.6
SLC38A5,0.36092055661252176,437,0.2605042014617612,0.4815890898310109,0.0188834414043966,0.5,,,LYS,5,,Non-essential,80.0
MMP14,0.3608906516157273,438,0.3277310921615705,0.4026682478505781,0.0381211450260952,0.5,,,LYS,7,,Non-essential,80.8
CASD1,0.3608370712354073,439,0.2436974787868088,0.4046842573376816,0.0543792503558437,0.5,,,LYS,11,,Non-essential,87.8
SLC2A7,0.36072974596396834,440,0.2605042014617612,0.3644826563889712,0.0845358216036691,0.5,,,LYS,13,,Non-essential,87.9
SLC13A3,0.36067589433902947,441,0.2605042014617612,0.4652238363474651,0.0265253835204807,0.5,,,LYS,5,,Non-essential,81.7
MCAM,0.3605961227175616,442,0.2100840334369042,0.5503705899792469,0.0295049818124308,0.5,,,LYS,6,,Non-essential,80.2
NPHS1,0.36039697234019485,443,0.2773109241367135,0.4897717165727838,0.0030744899572987,0.5,,,LYS,2,,Non-essential,77.2
OR4K14,0.36039429764398645,444,0.2605042014617612,0.4264453009190631,0.0458959354736675,0.5,,,LYS,12,,Non-essential,85.9
OR4D5,0.3603136736424343,445,0.2605042014617612,0.415120071153276,0.0233180452316938,0.5,,,LYS,8,,Non-essential,87.0
ESYT3,0.36027288189417206,446,0.2268907561118565,0.4826563889712421,0.1340945753597975,0.5,,,LYS,15,,Non-essential,71.1
OR4K17,0.3601777964672651,447,0.2605042014617612,0.425852356952268,0.0239063735568559,0.5,,,LYS,5,,Non-essential,86.6
OR10G4,0.36009184999886157,448,0.2605042014617612,0.4001778831900385,0.0416511149770678,0.5,,,LYS,7,,Non-essential,87.9
TGFA,0.3600635770800482,449,0.3949579828613799,0.4739401126593536,0.0201802941641625,0.5,,,LYS,8,,Non-essential,66.5
ENTPD3,0.3600032093864385,450,0.2605042014617612,0.3851764008301215,0.0522093942748695,0.5,,,LYS,15,,Non-essential,90.8
TMEM67,0.35999959661191494,451,0.2773109241367135,0.417432552623777,0.0209267752649059,0.5,,,LYS,8,,Non-essential,84.7
SLCO2A1,0.3597930886874444,452,0.201680672099428,0.3935369107619329,0.1763276925510042,0.5,,,LYS,25,,Non-essential,81.9
SLC6A17,0.3597684084459608,453,0.2436974787868088,0.3819745034094278,0.1357456903368654,0.5,,,LYS,18,,Non-essential,81.0
LAG3,0.35974886152822516,454,0.3193277308240944,0.4533056626148828,0.0122789814961252,0.5,,,LYS,5,,Non-essential,78.3
CLSTN1,0.3596860309524037,455,0.3277310921615705,0.4081826267417729,0.0370836628182824,0.5,,,LYS,3,,Non-essential,77.2
P2RX3,0.3596850244917693,456,0.2857142854741897,0.4059887340646308,0.0082935315514787,0.5,,,LYS,6,,Non-essential,88.4
SLC36A2,0.35967102531472483,457,0.252100840124285,0.406581678031426,0.0761473983868416,0.5,,,LYS,11,,Non-essential,84.1
OR2AJ1,0.35958900758134005,458,0.2605042014617612,0.4320782686036169,0.0217365174758817,0.5,,,LYS,7,,Non-essential,86.2
MFSD6L,0.3595612417213493,459,0.3865546215239037,0.1857693447969166,0.2228435869049501,0.5,,,LYS,22,,Non-essential,74.2
ANO5,0.3594838324604712,460,0.2100840334369042,0.4060480284613104,0.1327660920449153,0.5,,,LYS,24,,Non-essential,82.0
CCR2,0.3593632097441012,461,0.302521008149142,0.4698487992884672,0.0143159892456112,0.5,,,LYS,4,,Non-essential,77.7
NTM,0.3593431560478162,462,0.3109243694866181,0.4266231841091016,0.0124371342717064,0.5,,,LYS,6,,Non-essential,82.4
TMPRSS15,0.3593421575293484,463,0.2605042014617612,0.4020160094871034,0.0640645263324371,0.5,,,LYS,11,,Non-essential,81.5
SLC12A6,0.3591604126038628,464,0.2100840334369042,0.488170767862437,0.0780262533607464,0.5,,,LYS,10,,Non-essential,79.9
OR2H1,0.3591002372489439,465,0.2605042014617612,0.4411503112955826,0.0152206231219357,0.5,,,LYS,8,,Non-essential,86.2
P2RY10,0.3590874313288851,466,0.3277310921615705,0.3596205158612511,0.0381527755812114,0.5,,,LYS,15,,Non-essential,83.8
C5AR1,0.3590545868202565,467,0.2857142854741897,0.3581974503409427,0.1019326269176024,0.5,,,LYS,15,,Non-essential,85.7
CATSPERD,0.35894957003694017,468,0.2605042014617612,0.372309516750667,0.0843080816068322,0.5,,,LYS,13,,Non-essential,86.2
CHRM5,0.35887630781968516,469,0.2605042014617612,0.453898606581678,0.1503526806895461,0.5,,,LYS,17,,Non-essential,68.6
SCARB1,0.3588741269187756,470,0.3109243694866181,0.2861547583753335,0.126060414360272,0.5,,,LYS,15,,Non-essential,83.4
TM4SF1,0.3588621795417811,471,0.352941176173999,0.3501927067892084,0.0294417207021983,0.5,,,LYS,10,,Non-essential,80.6
PANX1,0.35879692091677273,472,0.3193277308240944,0.4471983397568929,0.0266266012968527,0.5,,,LYS,5,,Non-essential,74.3
XKR3,0.35857455221134527,473,0.2605042014617612,0.4400830121553513,0.0906594970741736,0.5,,,LYS,11,,Non-essential,76.9
GABRP,0.3585616340758304,474,0.3445378148365229,0.4183219685739697,0.0053139332595287,0.5,,,LYS,4,,Non-essential,79.2
OXTR,0.358526225123762,475,0.2941176468116659,0.3536317817966202,0.1378522853076071,0.5,,,LYS,9,,Non-essential,78.6
OR2C1,0.35835929144845813,476,0.2605042014617612,0.452060480284613,0.030605725130476,0.5,,,LYS,9,,Non-essential,82.5
CD101,0.35834594606068293,477,0.3361344534990467,0.3117106433442039,0.0738510200854025,0.5,,,LYS,9,,Non-essential,81.5
OR7G2,0.3583299947228582,478,0.2605042014617612,0.3216721019863622,0.0143476198007275,0.5,,,LYS,8,,Context-dependent,85.8
TIE1,0.35826488395149747,479,0.1932773107619518,0.3976282241328194,0.1635995571722283,0.5,,,LYS,18,,Non-essential,80.8
SCN2A,0.35822815637086136,480,0.252100840124285,0.4268010672991402,0.1632136643998102,0.5,,,LYS,21,,Non-essential,68.8
GJD2,0.35815619103982566,481,0.2605042014617612,0.4349836940409131,0.1281670093310137,0.5,,,LYS,13,,Non-essential,72.4
TM4SF18,0.3581425450882547,482,0.2941176468116659,0.4398458345686332,0.0302198323580578,0.5,,,LYS,10,,Non-essential,79.5
SLCO1C1,0.35810937599240134,483,0.2352941174493327,0.376697302104951,0.1647319310453898,0.5,,,LYS,29,,Non-essential,78.5
OR1L8,0.3580733625348721,484,0.2605042014617612,0.3816187370293507,0.045117823817808,0.5,,,LYS,8,,Non-essential,86.5
OR2B2,0.35805565555225116,485,0.2605042014617612,0.4756596501630595,0.0244883757709947,0.5,,,LYS,7,,Non-essential,79.8
OR1F1,0.35796807566528943,486,0.2605042014617612,0.4042691965609249,0.0444409299383204,0.5,,,LYS,4,,Non-essential,85.9
EPHA3,0.35793103171709384,487,0.2436974787868088,0.3984583456863326,0.1220749644156255,0.5,,,LYS,14,,Non-essential,80.8
SLC20A2,0.3578861081434833,488,0.2605042014617612,0.3718351615772309,0.1934651273129843,0.5,,,LYS,20,,Non-essential,72.6
VN1R2,0.35781721730082916,489,0.2605042014617612,0.5340053364957011,0.090950498181243,0.5,,,LYS,19,,Non-essential,66.8
OR4C3,0.35766519148943343,490,0.2605042014617612,0.3927660836050992,0.0149296220148663,0.5,,,LYS,4,,Non-essential,89.8
GRM3,0.35765425803465345,491,0.2436974787868088,0.430240142306552,0.0444092993832041,0.5,,,LYS,10,,Non-essential,85.3
OR2V2,0.3576518044360456,492,0.2605042014617612,0.4180254965905721,0.0491032737624545,0.5,,,LYS,10,,Non-essential,82.4
TRPV2,0.3576429147871566,493,0.2605042014617612,0.4384227690483249,0.0596615530602562,0.5,,,LYS,12,,Non-essential,78.4
SLC36A1,0.3575203836619354,494,0.2605042014617612,0.3648384227690482,0.0926332437134271,0.5,,,LYS,12,,Non-essential,84.9
FLVCR2,0.3574653821280376,495,0.2857142854741897,0.3568929736139934,0.1067910801834572,0.5,,,LYS,19,,Non-essential,80.6
SPPL2B,0.35738170095615185,496,0.201680672099428,0.4037355469908093,0.208072117665665,0.5,,,LYS,21,,Non-essential,76.1
TLR6,0.3573788288496488,497,0.2689075627992374,0.378891194782093,0.0503684959671042,0.5,,,LYS,9,,Non-essential,85.8
PIGO,0.3573697962769411,498,0.3277310921615705,0.2763711829232137,0.1253139332595287,0.5,,,LYS,16,,Non-essential,82.5
ITGAL,0.3571663363728448,499,0.3697478988489514,0.2608953453898606,0.0702514629131741,0.5,,,LYS,8,,Non-essential,82.6
OR1L1,0.3570301212122572,500,0.2605042014617612,0.4093092202786836,0.0752111339554009,0.5,,,LYS,10,,Non-essential,81.4
CD96,0.3569489747334311,501,0.3697478988489514,0.4782686036169581,0.0127913964890083,0.5,,,LYS,3,,Non-essential,64.9
OR51B6,0.35693409486990324,502,0.2605042014617612,0.3532167210198635,0.0518235015024513,0.5,,,LYS,4,,Non-essential,89.6
TACR1,0.35688661524322884,503,0.2352941174493327,0.4534835458049214,0.1008318835995571,0.5,,,LYS,10,,Non-essential,78.4
GPC3,0.35687693260542463,504,0.201680672099428,0.4941002075303883,0.1331836153724498,0.5,,,LYS,18,,Non-essential,75.1
SLC6A12,0.35686876325091743,505,0.302521008149142,0.3243403498369404,0.0713522062312193,0.5,,,LYS,18,,Non-essential,87.5
HTR5A,0.35679374239786477,506,0.2605042014617612,0.4246664690186777,0.0776719911434445,0.5,,,LYS,9,,Non-essential,79.6
CD24,0.35675043455684574,507,0.7731092430478074,0.0074117995849392,0.0039538193895302,0.5,,,SER,1,,Non-essential,63.7
SLC8A2,0.35666809882661954,508,0.2436974787868088,0.3861844055736732,0.1545342400759133,0.5,,,LYS,13,,Non-essential,76.6
SLC29A4,0.3566350691091954,509,0.302521008149142,0.3328787429587904,0.1471453424007591,0.5,,,LYS,10,,Non-essential,74.4
NIPAL1,0.3566241432553545,510,0.352941176173999,0.3167506670619626,0.0721935789973114,0.5,,,LYS,15,,Non-essential,81.1
OR9A2,0.3565640822537849,511,0.2605042014617612,0.3768158908983101,0.0648742685434129,0.5,,,LYS,13,,Non-essential,85.3
GLRA2,0.35652416804263976,512,0.2605042014617612,0.4709160984286984,0.0030744899572987,0.5,,,LYS,2,,Non-essential,83.8
OR2L8,0.35647744528651837,513,0.2605042014617612,0.4608360509931811,0.0199209236122093,0.5,,,LYS,6,,No data,91.0
SLC29A2,0.3564213703646606,514,0.3109243694866181,0.3388081826267418,0.0716432073382887,0.5,,,LYS,4,,Non-essential,84.2
OR1J4,0.3563579465637673,515,0.2605042014617612,0.3884375926474948,0.0392218883441404,0.5,,,LYS,7,,Non-essential,87.4
CLDN6,0.3562727955183974,516,0.302521008149142,0.4305366142899495,0.0156761031156096,0.5,,,LYS,7,,Non-essential,80.2
TNFSF13B,0.35612334059197404,517,0.3613445375114751,0.4199822116809961,0.0039538193895302,0.5,,,LYS,2,,Non-essential,78.4
FPR2,0.35611456657497453,518,0.2605042014617612,0.4418618440557367,0.0165807369919342,0.5,,,LYS,6,,Non-essential,84.8
SLC43A3,0.3560724738297032,519,0.2352941174493327,0.4480877557070856,0.0426569666297643,0.5,,,LYS,6,,Non-essential,82.7
IL1R2,0.35604581595326124,520,0.2352941174493327,0.4933886747702342,0.0107227581844061,0.5,,,LYS,3,,Non-essential,83.8
LRIT1,0.3560358025166439,521,0.2605042014617612,0.4870441743255262,0.0570045864304918,0.5,,,LYS,9,,Non-essential,73.4
ATRNL1,0.3560109807302895,522,0.2436974787868088,0.3903943077379187,0.1050387474300174,0.5,,,LYS,15,,Non-essential,80.5
OR1J2,0.35597720786042597,523,0.2605042014617612,0.3866587607471093,0.035597026727819,0.5,,,LYS,5,,Non-essential,88.2
MERTK,0.3558291795775117,524,0.201680672099428,0.4542543729617551,0.1742906848015182,0.5,,,LYS,24,,Non-essential,72.2
OR5W2,0.3557399256152999,525,0.2605042014617612,0.3780610732285798,0.022508303020718,0.5,,,LYS,6,,Non-essential,91.0
SLC5A7,0.35554711107522063,526,0.2268907561118565,0.4417432552623777,0.0418788549739047,0.5,,,LYS,11,,Non-essential,84.3
SLC6A9,0.35551910749801685,527,0.2857142854741897,0.3139638304180255,0.1434888502293215,0.5,,,LYS,14,,Non-essential,81.1
TAAR2,0.3555032670772702,528,0.2605042014617612,0.4013044767269492,0.0280816068321999,0.5,,,LYS,6,,Non-essential,88.2
ADAM12,0.3554783089878577,529,0.4285714282112846,0.2568633264156537,0.0853139332595287,0.5,,,LYS,15,,Non-essential,72.3
ATP1A4,0.35542161750081447,530,0.2436974787868088,0.3585532167210198,0.0744330222995413,0.5,,,LYS,12,,Non-essential,87.5
S1PR3,0.35539646270936476,531,0.252100840124285,0.4707975096353393,0.0495587537561284,0.5,,,LYS,9,,Non-essential,79.3
PLXNB2,0.3553023041858958,532,0.2941176468116659,0.3505484731692854,0.0543159892456112,0.5,,,LYS,9,,Non-essential,82.5
LMAN2,0.35522109889775455,533,0.3697478988489514,0.3261191817373258,0.0183014391902577,0.5,,,LYS,3,,Non-essential,84.1
CSPG4,0.35506201478444777,534,0.1932773107619518,0.4537800177883189,0.1269334176814803,0.5,,,LYS,8,,Non-essential,74.8
SCN8A,0.3550481123238385,535,0.2941176468116659,0.3798399051289653,0.1457535979756444,0.5,,,LYS,18,,Non-essential,68.4
S1PR2,0.35504321846303055,536,0.2857142854741897,0.3803142603024014,0.0677589751700142,0.5,,,LYS,10,,Non-essential,82.6
SLC26A5,0.3550249863103023,537,0.252100840124285,0.4167803142603023,0.0462185671358532,0.5,,,LYS,9,,Non-essential,83.7
CD3G,0.354938575743848,538,0.4117647055363322,0.3736139934776163,0.0008730033212082,0.5,,,LYS,3,,Non-essential,75.3
OR6C4,0.3548743593803032,539,0.2605042014617612,0.3492439964423361,0.0584975486319784,0.5,,,LYS,10,,Non-essential,89.5
OR9I1,0.3547771850213459,540,0.2605042014617612,0.3410020753038837,0.0657535979756444,0.5,,,LYS,12,,Non-essential,89.6
HTR1F,0.35477229544672717,541,0.2605042014617612,0.3985176400830121,0.0567135853234224,0.5,,,LYS,8,,Non-essential,83.4
CLEC1B,0.35472462666693383,542,0.2605042014617612,0.4352801660243107,0.0052127154831567,0.5,,,LYS,5,,Non-essential,88.2
OR2T11,0.3546622133502919,543,0.2605042014617612,0.445241624666469,0.021439190257789,0.5,,,LYS,9,,No data,88.6
GPNMB,0.35454791523132734,544,0.302521008149142,0.4549659057219092,0.0221224102482998,0.5,,,LYS,4,,Non-essential,76.7
SCN11A,0.35448361215227875,545,0.2605042014617612,0.4350429884375926,0.1242448204965997,0.5,,,LYS,11,,Non-essential,69.3
CACNA1G,0.3544003855305473,546,0.2436974787868088,0.3092795730803439,0.3616005060888818,0.5,,,LYS,32,,Non-essential,58.2
GPR161,0.35431376841879414,547,0.2857142854741897,0.4850874592351022,0.0868385260161315,0.5,,,LYS,15,,Non-essential,68.6
OR10J4,0.354169553416129,548,0.2605042014617612,0.4717462199822116,0.060471295271232,0.5,,,LYS,14,,No data,82.7
PKD1L3,0.3540930347286648,549,0.2605042014617612,0.4096649866587607,0.188669935157362,0.5,,,LYS,24,,Non-essential,64.8
DPP10,0.3540784847317133,550,0.2268907561118565,0.4185591461606878,0.0302198323580578,0.5,,,LYS,6,,Non-essential,90.4
SCN4A,0.3539725840161908,551,0.2352941174493327,0.4091906314853246,0.1515546417839633,0.5,,,LYS,20,,Non-essential,72.4
OR5M8,0.3539024427463682,552,0.2605042014617612,0.3718944559739104,0.012987505930729,0.5,,,LYS,8,,Non-essential,90.0
OR52N1,0.35384024386669755,553,0.2605042014617612,0.3252890601838126,0.0727819073224735,0.5,,,LYS,7,,Non-essential,89.2
CX3CR1,0.3538159800657701,554,0.3193277308240944,0.40243107026386,0.0094891665348726,0.5,,,LYS,2,,Non-essential,80.5
IL3RA,0.35374677995906845,555,0.2436974787868088,0.4767269493032908,0.0153851020085402,0.5,,,LYS,3,,Non-essential,85.3
OR4F4,0.35356644068536514,556,0.2605042014617612,0.4418618440557367,0.0168401075438873,0.5,,,LYS,4,,No data,91.1
OR2D3,0.3533914462193056,557,0.2605042014617612,0.3941891491254076,0.029637830143919,0.5,,,LYS,8,,Non-essential,86.9
OR4P4,0.35327946328405113,558,0.2605042014617612,0.3802549659057219,0.0145120986873319,0.5,,,LYS,4,,Non-essential,91.5
OR10X1,0.35316457062374185,559,0.2605042014617612,0.4597687518529498,0.0404238494385576,0.5,,,LYS,6,,No data,86.8
ADAM7,0.3531443868598755,560,0.2605042014617612,0.4671212570412095,0.0489704254309663,0.5,,,LYS,8,,Non-essential,74.9
KISS1R,0.35313727314030563,561,0.3193277308240944,0.3535724873999407,0.0964542147714692,0.5,,,LYS,11,,Non-essential,75.3
PROCR,0.35311739409153187,562,0.2605042014617612,0.3972131633560628,0.060243555274395,0.5,,,LYS,6,,Non-essential,86.5
ULBP3,0.35307183448633495,563,0.3697478988489514,0.3646605395790097,0.0110137592914755,0.5,,,LYS,1,,Non-essential,81.6
SLC44A2,0.35304300129122057,564,0.2689075627992374,0.3644826563889712,0.0470978965680847,0.5,,,LYS,8,,Non-essential,83.5
OR4X2,0.3528790878716547,565,0.2605042014617612,0.3736139934776163,0.1081511940534556,0.5,,,LYS,11,,No data,85.0
OR51A4,0.35285427470925523,566,0.2605042014617612,0.3390453602134598,0.0515957615056144,0.5,,,LYS,4,,Non-essential,88.9
TMEM63A,0.3528268709977498,567,0.2100840334369042,0.5237474058701452,0.0727819073224735,0.5,,,LYS,15,,Non-essential,74.1
TRHDE,0.3527306004177726,568,0.2268907561118565,0.3271864808775571,0.162853076071485,0.5,,,LYS,20,,Non-essential,84.6
HTR1A,0.35250283187346576,569,0.2605042014617612,0.387310999110584,0.1130729084295429,0.5,,,LYS,8,,Non-essential,77.8
SLC16A4,0.35241336310067806,570,0.2773109241367135,0.3427216128075896,0.098206547524909,0.5,,,LYS,13,,Non-essential,79.7
INSR,0.35239383325248474,571,0.2605042014617612,0.4040320189742069,0.0868068954610153,0.5,,,LYS,11,,Non-essential,77.6
PLA2R1,0.35238329380327693,572,0.2100840334369042,0.4242514082419211,0.113560018978333,0.5,,,LYS,23,,Non-essential,78.8
SLC30A1,0.3523197176717764,573,0.3277310921615705,0.2467239845834568,0.262710738573462,0.5,,,LYS,6,,Non-essential,67.4
OR4Q2,0.35231303675984726,574,0.2605042014617612,0.4490364660539578,0.0138984659180768,0.5,,,LYS,5,,No data,87.8
CD300LD,0.352302698102381,575,0.2605042014617612,0.5140231248147049,0.0013601138699984,0.5,,,LYS,2,,Non-essential,80.4
SLC8A1,0.3522991617478396,576,0.2436974787868088,0.3468722205751556,0.1830017396805314,0.5,,,LYS,16,,Non-essential,74.7
EPHA4,0.35228765589407995,577,0.2100840334369042,0.4650459531574265,0.0347872845168432,0.5,,,LYS,5,,Non-essential,83.5
CNTNAP4,0.35227505552191307,578,0.2268907561118565,0.3090423954936258,0.1777194369761189,0.5,,,LYS,27,,Non-essential,83.4
LPAR2,0.35223679030908195,579,0.3361344534990467,0.3705899792469611,0.0494259054246402,0.5,,,LYS,7,,No data,85.6
PTPRT,0.3521531835154198,580,0.252100840124285,0.3906314853246368,0.0490083820971058,0.5,,,LYS,14,,Non-essential,83.6
ENPEP,0.35205508704751687,581,0.2773109241367135,0.3077379187666765,0.0663988613000158,0.5,,,LYS,12,,Non-essential,93.5
TMEM8B,0.3520344820285707,582,0.2100840334369042,0.5003854135784168,0.0166819547683061,0.5,,,LYS,1,,Non-essential,80.8
OR4E2,0.3519704382605122,583,0.2605042014617612,0.3804921434924399,0.0092297959829195,0.5,,,LYS,4,,Non-essential,88.6
SLC18A2,0.3518642174818061,584,0.2436974787868088,0.4423361992291728,0.0618630396963466,0.5,,,LYS,10,,Non-essential,77.7
SLC34A1,0.3518540514933769,585,0.302521008149142,0.430240142306552,0.0418788549739047,0.5,,,LYS,10,,Non-essential,72.1
GPR141,0.35184241702938834,586,0.3109243694866181,0.3461606878150015,0.0458959354736675,0.5,,,LYS,10,,Non-essential,81.6
ANO2,0.35175740570903047,587,0.2184873947743803,0.3660836050993181,0.2015941799778586,0.5,,,LYS,20,,Non-essential,73.6
OR51A2,0.3514168896531029,588,0.2605042014617612,0.3331752149421879,0.0522789814961252,0.5,,,LYS,7,,Non-essential,87.5
SCN10A,0.35122058379810717,589,0.2605042014617612,0.4358731099911058,0.1235995571722283,0.5,,,LYS,11,,Non-essential,67.3
FGFRL1,0.35121672566278783,590,0.2605042014617612,0.4914912540764897,0.0664621224102482,0.5,,,LYS,11,,Non-essential,71.3
KCNA3,0.3511060640751529,591,0.2689075627992374,0.4323154461903349,0.110580420686383,0.5,,,LYS,11,,Non-essential,72.0
TARM1,0.35108893614767456,592,0.2605042014617612,0.4537207233916394,0.0025937055195318,0.5,,,LYS,5,,Non-essential,84.4
KCNJ4,0.3510328020113517,593,0.252100840124285,0.3294396679513786,0.1795982919500237,0.5,,,LYS,16,,Non-essential,78.8
SLC15A5,0.35097476230181124,594,0.2605042014617612,0.4748888230062259,0.1193547366756286,0.5,,,LYS,16,,No data,76.3
SLC2A11,0.3509225382794209,595,0.2352941174493327,0.3315149718351615,0.0819800727502767,0.5,,,LYS,13,,Non-essential,88.5
GPR151,0.3508665178205952,596,0.2605042014617612,0.4535428402016009,0.0506594970741736,0.5,,,LYS,4,,Non-essential,78.1
RXFP2,0.35076484019615584,597,0.2605042014617612,0.4139341832196857,0.0527597659338921,0.5,,,LYS,8,,Non-essential,81.0
PTPRA,0.350711542781755,598,0.2689075627992374,0.4117995849392232,0.0461236754705045,0.5,,,LYS,7,,Non-essential,81.5
OR4S1,0.3506333768150408,599,0.2605042014617612,0.3548176697302104,0.0187189625177921,0.5,,,LYS,6,,Non-essential,88.8
SV2B,0.3505976710265397,600,0.2268907561118565,0.3086866291135487,0.1766882808793294,0.5,,,LYS,25,,Non-essential,82.0
SLC44A3,0.35041029052828987,601,0.3865546215239037,0.2354580492143492,0.0504001265222204,0.5,,,LYS,6,,Non-essential,81.3
P2RX4,0.3504034082858245,602,0.3361344534990467,0.273406463089238,0.0144425114660762,0.5,,,LYS,4,,Non-essential,89.3
LRP5,0.3503207567672265,603,0.3193277308240944,0.3289653127779424,0.0579788075280721,0.5,,,LYS,4,,Non-essential,77.9
CDH8,0.3503006859430259,604,0.2689075627992374,0.4505188259709456,0.0223501502451368,0.5,,,LYS,3,,Non-essential,77.3
ACVR2B,0.3502566608822498,605,0.2941176468116659,0.3665579602727541,0.0350782856239127,0.5,,,LYS,6,,Non-essential,83.3
THY1,0.35023088144955283,606,0.4117647055363322,0.2912540764897717,0.003694448837577,0.5,,,LYS,4,,Non-essential,82.7
OR52W1,0.35012354774898014,607,0.2605042014617612,0.3248147050103765,0.0626727819073224,0.5,,,LYS,10,,Non-essential,87.8
OR10T2,0.3500155861094446,608,0.2605042014617612,0.3700563296768455,0.0288913490431757,0.5,,,LYS,7,,Non-essential,84.9
QSOX2,0.35000340257510454,609,0.2773109241367135,0.3815594426326711,0.0748189150719595,0.5,,,LYS,12,,Non-essential,79.3
EFNA1,0.34994365297181207,610,0.3949579828613799,0.3429587903943077,0.0160619958880278,0.5,,,LYS,3,,Non-essential,79.1
OR4S2,0.34984756962235763,611,0.2605042014617612,0.361577230951675,0.0160303653329115,0.5,,,LYS,6,,Non-essential,88.3
GPR61,0.3498302924132881,612,0.252100840124285,0.438778535428402,0.0532468764826822,0.5,,,LYS,8,,Context-dependent,69.3
TMX3,0.3497851112164285,613,0.2352941174493327,0.4600652238363474,0.0087426854341293,0.5,,,LYS,3,,Non-essential,85.3
OR52N2,0.3497194127970713,614,0.2605042014617612,0.3118885265342425,0.0750782856239127,0.5,,,LYS,6,,Non-essential,89.7
ADAM29,0.34970917885896735,615,0.2605042014617612,0.4501037651941891,0.0363118772734461,0.5,,,LYS,8,,Non-essential,77.1
PHEX,0.34967240019144763,616,0.2857142854741897,0.3089831010969463,0.0227360430175549,0.5,,,LYS,6,,Non-essential,94.3
SLC32A1,0.34966713201414334,617,0.2605042014617612,0.4590572190927957,0.0211481891507195,0.5,,,LYS,8,,Non-essential,78.1
OR4B1,0.34964170920631876,618,0.2605042014617612,0.3606878150014823,0.01739047920291,0.5,,,LYS,7,,Non-essential,87.0
ITGB6,0.3496413011049492,619,0.4621848735611892,0.1054254372961755,0.0680499762770836,0.5,,,LYS,14,,Non-essential,82.9
GRIA3,0.3496388594007678,620,0.2184873947743803,0.4397865401719537,0.0377985133639095,0.5,,,LYS,9,,Non-essential,83.6
SUSD2,0.3496101041856968,621,0.252100840124285,0.3647791283723688,0.0271453424007591,0.5,,,LYS,11,,Non-essential,90.9
DISP2,0.34953316787246735,622,0.3109243694866181,0.3791876667654906,0.1068227107385734,0.5,,,LYS,11,,Non-essential,67.5
OR5AC1,0.34946446396322184,623,0.2605042014617612,0.3982211680996145,0.047970899889293,0.5,,,LYS,12,,No data,90.7
CRB3,0.3494069264028429,624,0.7478991590353788,0.0,0.0081606832199905,0.5,,,,0,,Non-essential,69.4
IL17RE,0.34933737078514904,625,0.2689075627992374,0.5066706196264453,0.022381780800253,0.5,,,LYS,5,,Non-essential,68.6
NEO1,0.349179212146448,626,0.302521008149142,0.3684553809664986,0.1102894195793136,0.5,,,LYS,15,,Non-essential,68.0
P2RY12,0.349173954770194,627,0.252100840124285,0.4021345982804624,0.050109125415151,0.5,,,LYS,18,,Non-essential,84.5
OR5M11,0.34909872768937533,628,0.2605042014617612,0.3351319300326119,0.0457314565870631,0.5,,,LYS,11,,Non-essential,87.8
ALK,0.3490044243354721,629,0.2605042014617612,0.3630595908686628,0.1933322789814961,0.5,,,LYS,22,,Non-essential,68.2
APCDD1,0.34897002862083315,630,0.2100840334369042,0.4117995849392232,0.1014455163688122,0.5,,,LYS,16,,Non-essential,81.8
LRRN1,0.3489657143854792,631,0.2941176468116659,0.3794841387488882,0.0241973746639253,0.5,,,LYS,3,,Non-essential,82.0
CD40LG,0.34895536334023847,632,0.2941176468116659,0.4069374444115031,0.0081923137751067,0.5,,,LYS,1,,Non-essential,82.6
LRRTM3,0.3488472282501368,633,0.1932773107619518,0.4792173139638304,0.123922188834414,0.5,,,LYS,20,,Non-essential,73.7
SLC13A4,0.348820493776815,634,0.2436974787868088,0.3138452416246664,0.1681353787758975,0.5,,,LYS,10,,Non-essential,77.3
OR9Q1,0.3487656333138047,635,0.2605042014617612,0.3862436999703527,0.0164542147714692,0.5,,,LYS,3,,Non-essential,84.6
CALHM2,0.3486975856077219,636,0.1848739494244757,0.3925882004150607,0.1393072908429543,0.5,,,LYS,14,,Non-essential,81.1
SLC9A6,0.34858140511224367,637,0.2605042014617612,0.4232434034983693,0.1030333702356476,0.5,,,LYS,11,,Non-essential,70.6
UNC5B,0.3484361947037985,638,0.3613445375114751,0.3229765787133115,0.0300237229163371,0.5,,,LYS,7,,Non-essential,76.6
OR4C12,0.3484177912833425,639,0.2605042014617612,0.3360806403794841,0.0168780642100268,0.5,,,LYS,9,,Non-essential,90.2
OR4C11,0.34839992510703544,640,0.2605042014617612,0.3523273050696709,0.0180420686383046,0.5,,,LYS,6,,Non-essential,90.0
TSPAN17,0.3483429642723892,641,0.3193277308240944,0.3045360213459828,0.0130191364858453,0.5,,,LYS,2,,Non-essential,88.4
ADAM9,0.34833769848828045,642,0.3193277308240944,0.3408834865105247,0.0671453424007591,0.5,,,LYS,12,,Non-essential,76.2
EMB,0.34832817653028547,643,0.3445378148365229,0.3741476430477319,0.003820971058042,0.5,,,LYS,1,,Non-essential,77.5
MUC13,0.3481258929626484,644,0.3193277308240944,0.3661428994959976,0.1513269017871263,0.5,,,LYS,29,,Non-essential,67.1
LRRC25,0.3479911985727122,645,0.3361344534990467,0.4675956122146457,0.0081923137751067,0.5,,,LYS,2,,Non-essential,70.3
DPEP2,0.34795650150378665,646,0.2689075627992374,0.4486214052772012,0.0105266487426854,0.5,,,LYS,5,,Non-essential,82.7
CD274,0.3479438977409889,647,0.2773109241367135,0.387192410317225,0.0083884232168274,0.5,,,LYS,4,,Non-essential,88.3
CXCR4,0.3479040276481077,648,0.4201680668738084,0.1800177883190038,0.064292266329274,0.5,,,LYS,8,,Non-essential,82.3
GABRQ,0.34790317523373204,649,0.3277310921615705,0.4470797509635339,0.039772260003163,0.5,,,LYS,6,,Non-essential,66.4
ATP2B3,0.3478906292706905,650,0.2268907561118565,0.389504891787726,0.1213348094259054,0.5,,,LYS,18,,Non-essential,74.3
MUSK,0.3478175916951207,651,0.252100840124285,0.443166320782686,0.0572955875375612,0.5,,,LYS,15,,Non-essential,76.5
PTGER3,0.3477974881632202,652,0.2184873947743803,0.4441150311295582,0.1122631662185671,0.5,,,LYS,16,,Non-essential,76.1
FZD5,0.34770784975906277,653,0.352941176173999,0.2717462199822116,0.0611165585956033,0.5,,,LYS,17,,Non-essential,81.6
SLC36A4,0.34769888349520517,654,0.2268907561118565,0.4237177586718054,0.0561632136643998,0.5,,,LYS,8,,Non-essential,81.9
VNN2,0.34769458525543906,655,0.2773109241367135,0.3319300326119181,0.0284042384943855,0.5,,,LYS,6,,Non-essential,91.7
ALCAM,0.3475079272425392,656,0.3697478988489514,0.2711532760154165,0.0022014866360904,0.5,,,LYS,4,,Non-essential,85.9
GPR34,0.3474395602126028,657,0.3109243694866181,0.3685739697598577,0.0399683694448837,0.5,,,LYS,11,,Non-essential,77.5
P2RX7,0.34741293716277644,658,0.2268907561118565,0.4064037948413874,0.0200474458326743,0.5,,,LYS,5,,Non-essential,88.0
ANO3,0.34739780489736516,659,0.2436974787868088,0.3475244589386302,0.1313427170646844,0.5,,,LYS,13,,Non-essential,75.8
LEPR,0.3473633590730246,660,0.1848739494244757,0.5217313963830418,0.1214929622014866,0.5,,,LYS,20,,Non-essential,66.0
HTR7,0.3473101825031393,661,0.2605042014617612,0.4357545211977467,0.076666139490748,0.5,,,LYS,13,,Non-essential,73.3
FLT3,0.3472460997996182,662,0.252100840124285,0.3949599762822413,0.0956444725604934,0.5,,,LYS,10,,Non-essential,75.9
GPR101,0.34715613287542657,663,0.2605042014617612,0.3690483249332938,0.1716020876166376,0.5,,,LYS,16,,Non-essential,68.8
CD1C,0.3471393499720957,664,0.3109243694866181,0.2486806996738808,0.0803605883283251,0.5,,,LYS,7,,Non-essential,88.5
SLC46A3,0.3470770046565116,665,0.2436974787868088,0.3606878150014823,0.0545753597975644,0.5,,,LYS,14,,Non-essential,86.9
TM9SF3,0.34704617043127894,666,0.3109243694866181,0.1405870145271271,0.1844883757709948,0.5,,,LYS,18,,Non-essential,86.6
RYK,0.3469071982363916,667,0.2689075627992374,0.4084198043284909,0.0384817333544203,0.5,,,LYS,4,,Non-essential,79.7
PSEN1,0.3469028338806822,668,0.3277310921615705,0.3552920249036466,0.0905582792978016,0.5,,,LYS,5,,Non-essential,72.1
ANKH,0.3468577749995634,669,0.302521008149142,0.2209902164245478,0.1161473983868416,0.5,,,LYS,13,,Non-essential,84.5
FAP,0.346823789214448,670,0.352941176173999,0.2172546694337385,0.0176878064210026,0.5,,,LYS,5,,Non-essential,95.6
HTR3E,0.34669028200294416,671,0.2605042014617612,0.4115031129558256,0.0233180452316938,0.5,,,LYS,6,,Non-essential,80.8
P2RY4,0.34665359037614674,672,0.2605042014617612,0.4140527720130447,0.0210849280404871,0.5,,,LYS,8,,Non-essential,82.6
OR11H2,0.34665019561017363,673,0.2605042014617612,0.4499258820041505,0.016194844219516,0.5,,,LYS,8,,No data,85.5
GPR180,0.34662144852077004,674,0.2941176468116659,0.1641861844055736,0.2227739996836944,0.5,,,LYS,21,,Non-essential,81.2
PTCHD4,0.34659883744044384,675,0.2689075627992374,0.3319300326119181,0.0814297010912541,0.5,,,LYS,15,,Non-essential,82.3
DSC3,0.34659463652709954,676,0.3361344534990467,0.3423658464275125,0.0479392693341768,0.5,,,LYS,12,,Non-essential,75.2
CALCRL,0.3465468528138521,677,0.3109243694866181,0.3594426326712125,0.0331361695397754,0.5,,,LYS,11,,Non-essential,78.7
PTPRN,0.3465093886265451,678,0.2689075627992374,0.5344203972724577,0.0299920923612209,0.5,,,LYS,3,,Non-essential,65.5
CD1B,0.3464803419600989,679,0.4117647055363322,0.1031129558256744,0.0920828720544045,0.5,,,LYS,9,,Non-essential,90.8
CXCL16,0.34631376410594217,680,0.4201680668738084,0.3986955232730506,0.0161632136643998,0.5,,,LYS,3,,Non-essential,64.6
NPBWR2,0.3463016023094839,681,0.2605042014617612,0.2901274829528609,0.1127502767673572,0.5,,,LYS,17,,Non-essential,82.9
CEACAM6,0.3461004127704269,682,0.5882352936233318,0.0004743551734361,0.0012335916495334,0.5,,,TYR,1,,Non-essential,88.2
CHRM2,0.34609129475551437,683,0.2352941174493327,0.5146160687815,0.0507227581844061,0.5,,,LYS,10,,Non-essential,72.1
GRIN3A,0.34601033351020394,684,0.2605042014617612,0.4584642751260006,0.0369571405978174,0.5,,,LYS,2,,Non-essential,73.1
OR4E1,0.34598523079647014,685,0.2605042014617612,0.3585532167210198,0.0087426854341293,0.5,,,LYS,3,,Non-essential,87.1
VNN1,0.34587469802173587,686,0.302521008149142,0.3038837829825081,0.0203384469397437,0.5,,,LYS,5,,Non-essential,92.4
ICAM2,0.34576443352575503,687,0.2268907561118565,0.4630892380670026,0.0016194844219516,0.5,,,LYS,4,,Non-essential,87.1
GPR63,0.3457443808341465,688,0.252100840124285,0.4548473169285502,0.0497485370868258,0.5,,,LYS,11,,Non-essential,75.0
SLC39A6,0.3457277358700095,689,0.3613445375114751,0.4185591461606878,0.0663988613000158,0.5,,,LYS,12,,Non-essential,60.4
CUZD1,0.34572163401535927,690,0.252100840124285,0.4502223539875481,0.0127597659338921,0.5,,,LYS,7,,Non-essential,79.2
DRD5,0.3456045315036572,691,0.2773109241367135,0.415238659946635,0.1071453424007591,0.5,,,LYS,9,,Non-essential,69.1
CADM1,0.3455809717259679,692,0.3613445375114751,0.3188852653424251,0.0193389213980705,0.5,,,LYS,3,,Non-essential,80.6
OR5H15,0.3455467182277788,693,0.2605042014617612,0.3095167506670619,0.0575865886446307,0.5,,,LYS,9,,Non-essential,88.9
PCDHA12,0.3455239228585196,694,0.2857142854741897,0.4450637414764304,0.0099130159734303,0.5,,,LYS,5,,Non-essential,74.2
PCDHGB2,0.34540291860600414,695,0.252100840124285,0.471449747998814,0.00893879487585,0.5,,,LYS,6,,Non-essential,75.7
OR10J1,0.3453825864051663,696,0.2605042014617612,0.3524458938630299,0.0238367863356001,0.5,,,LYS,7,,Non-essential,85.7
TAS2R1,0.34527058187336024,697,0.2605042014617612,0.4037355469908093,0.0404871105487901,0.5,,,LYS,9,,Non-essential,80.1
SMO,0.34520669887569644,698,0.3277310921615705,0.3835161577230951,0.055353471453424,0.5,,,LYS,8,,Non-essential,72.7
FASLG,0.3450748768077253,699,0.3361344534990467,0.3603320486214052,0.0248742685434129,0.5,,,LYS,5,,Non-essential,80.2
MCOLN1,0.34485792052096975,700,0.2436974787868088,0.3794841387488882,0.0531836153724497,0.5,,,LYS,14,,Non-essential,81.3
MALRD1,0.34472313407949684,701,0.2436974787868088,0.3513193003261191,0.1656745215878538,0.5,,,LYS,29,,Non-essential,71.3
OR4A5,0.34466572684103314,702,0.2605042014617612,0.3437296175511414,0.0124687648268227,0.5,,,LYS,7,,Non-essential,88.4
GRM7,0.3446640206612447,703,0.252100840124285,0.3341832196857396,0.0705108334651273,0.5,,,LYS,14,,Non-essential,84.4
KLRC2,0.34464457301536144,704,0.2773109241367135,0.5000296471983396,0.0050545627075755,0.5,,,LYS,2,,Non-essential,73.5
CLDN1,0.34459573229225127,705,0.5882352936233318,0.0040913133708864,0.0035932310612051,0.5,,,SER,2,,Non-essential,84.7
ACVR1,0.34448982747173873,706,0.3193277308240944,0.3153868959383338,0.0319025778902419,0.5,,,LYS,8,,Non-essential,83.1
EGF,0.3443860728328688,707,0.2689075627992374,0.4425140824192113,0.0462818282460857,0.5,,,LYS,10,,Non-essential,70.3
TMPRSS6,0.3442425126968399,708,0.2773109241367135,0.2681292617847613,0.0899446465285465,0.5,,,LYS,17,,Non-essential,84.5
PTCH1,0.34416327096198285,709,0.1932773107619518,0.3183516157723094,0.2378681005851652,0.5,,,LYS,30,,Non-essential,73.9
ERMAP,0.34407715547666284,710,0.252100840124285,0.4412689000889415,0.0059908271390162,0.5,,,LYS,4,,Non-essential,81.3
SLITRK3,0.3440644194962671,711,0.2184873947743803,0.3931811443818558,0.226531709631504,0.5,,,LYS,33,,Non-essential,63.8
EPHA5,0.3439933363985985,712,0.2352941174493327,0.4120367625259413,0.0488122726553851,0.5,,,LYS,11,,Non-essential,79.4
SLC1A1,0.34398117187110133,713,0.2941176468116659,0.352801660243107,0.0369571405978174,0.5,,,LYS,7,,Non-essential,80.2
SCAP,0.3439580372683462,714,0.2605042014617612,0.2827156833679217,0.0774442511466076,0.5,,,LYS,6,,Essential,65.3
KCNJ3,0.343898576463436,715,0.2184873947743803,0.5314556774384821,0.0184279614107227,0.5,,,LYS,6,,Non-essential,72.0
SLC17A8,0.3438512201735754,716,0.2941176468116659,0.385472872813519,0.0331361695397754,0.5,,,LYS,8,,Non-essential,77.9
GLIPR1,0.34382532710985303,717,0.3109243694866181,0.2980136377112363,0.0494575359797564,0.5,,,LYS,11,,Non-essential,87.1
F2RL1,0.34380653154138774,718,0.5630252096109033,0.002549659057219,0.0422014866360904,0.5,,,SER,3,,Non-essential,82.1
SLC41A1,0.3437776757331439,719,0.2268907561118565,0.4215238659946634,0.0577510675312351,0.5,,,LYS,7,,Non-essential,77.9
GPR3,0.343754568406753,720,0.2773109241367135,0.3083901571301511,0.0992440297327218,0.5,,,LYS,11,,Non-essential,81.8
NCSTN,0.34374483767306674,721,0.3277310921615705,0.2440557367328787,0.0170045864304918,0.5,,,LYS,4,,Non-essential,89.4
KITLG,0.3436303722530878,722,0.302521008149142,0.4674177290246071,0.0120828720544045,0.5,,,LYS,8,,Non-essential,71.9
RXFP1,0.343611162586796,723,0.2689075627992374,0.3179958493922324,0.0769255100427012,0.5,,,LYS,10,,Non-essential,81.1
ITGAV,0.3435123678666912,724,0.3193277308240944,0.1520308330862733,0.0443713427170646,0.5,,,LYS,9,,Context-dependent,88.3
GRID1,0.3434875783468748,725,0.2184873947743803,0.4836050993181144,0.035723548948284,0.5,,,LYS,11,,Non-essential,75.0
GFRA3,0.34342578502381016,726,0.2184873947743803,0.4694930329083901,0.0505266487426854,0.5,,,LYS,9,,Non-essential,79.0
SLC24A5,0.34341150533177744,727,0.2605042014617612,0.3915209012748295,0.0639063735568559,0.5,,,LYS,13,,Non-essential,76.4
TMEM171,0.3433392701878948,728,0.4369747895487607,0.3490661132522976,0.1059117507512256,0.5,,,LYS,7,,Non-essential,55.6
UTS2R,0.34326663581327455,729,0.252100840124285,0.3838719241031722,0.0938352048078443,0.5,,,LYS,14,,Non-essential,76.2
TACR3,0.34325086279638917,730,0.2605042014617612,0.4447672694930328,0.0483567926617112,0.5,,,LYS,7,,Non-essential,72.8
HCRTR1,0.343197733263358,731,0.2605042014617612,0.3645419507856507,0.093316463703938,0.5,,,LYS,13,,Non-essential,78.8
ERBB2,0.34314676061205196,732,0.352941176173999,0.2854432256151793,0.0796141072275818,0.5,,,LYS,12,,Non-essential,74.0
ADAM20,0.343007865970557,733,0.2605042014617612,0.3813815594426326,0.0220275185829511,0.5,,,LYS,4,,Non-essential,83.0
ECE1,0.342961596226252,734,0.2605042014617612,0.3216128075896827,0.036564921714376,0.5,,,LYS,8,,Non-essential,90.9
LHFPL5,0.34295232156957256,735,0.2941176468116659,0.305603320486214,0.0030112288470662,0.5,,,LYS,3,,Non-essential,89.2
TMEM245,0.34289712247855786,736,0.2605042014617612,0.4858582863919359,0.0194970741736517,0.5,,,LYS,10,,Non-essential,68.9
BACE1,0.3428694228543109,737,0.2268907561118565,0.3941891491254076,0.0395445200063261,0.5,,,LYS,9,,Non-essential,87.5
OR2T27,0.34286598048094996,738,0.2605042014617612,0.3251704713904536,0.0185291791870947,0.5,,,LYS,7,,Non-essential,88.7
GPRC5A,0.3427452102843147,739,0.4873949575736176,0.1756892973613993,0.0092930570931519,0.5,,,LYS,2,,Non-essential,77.9
IL1RAP,0.3426856795600236,740,0.3193277308240944,0.2780314260302401,0.0067373082397596,0.5,,,LYS,4,,Non-essential,86.1
CADM2,0.3426833707456286,741,0.201680672099428,0.5064334420397272,0.0073825715641309,0.5,,,LYS,2,,Non-essential,82.1
HRH2,0.34267922702824116,742,0.2352941174493327,0.3906314853246368,0.0636470030049027,0.5,,,LYS,15,,Non-essential,82.9
TAS2R10,0.34256213305481953,743,0.2605042014617612,0.3289060183812629,0.0352743950656334,0.5,,,LYS,7,,Non-essential,87.2
GPR6,0.3425526443618522,744,0.2605042014617612,0.3787133115920545,0.0759196583900047,0.5,,,LYS,12,,Non-essential,77.6
KCNMB2,0.34254060820886845,745,0.2605042014617612,0.3478209309220278,0.002751858295113,0.5,,,LYS,3,,Non-essential,85.5
OR2T35,0.3425064969433035,746,0.2605042014617612,0.2954046842573377,0.0584975486319784,0.5,,,LYS,10,,Non-essential,88.8
GPR137B,0.3425046198810995,747,0.3193277308240944,0.4029054254372961,0.0484580104380831,0.5,,,LYS,13,,Non-essential,68.9
IZUMO3,0.34242020369223525,748,0.2605042014617612,0.3613400533649569,0.0046307132690178,0.5,,,LYS,3,,Non-essential,87.0
MFSD6,0.3423599175493881,749,0.2941176468116659,0.3844055736732878,0.11974695555907,0.5,,,LYS,20,,Non-essential,65.7
PCDHB12,0.34231998927806995,750,0.252100840124285,0.3982211680996145,0.0142527281353787,0.5,,,LYS,7,,Non-essential,81.5
VN1R1,0.3421482973448602,751,0.252100840124285,0.4160687815001482,0.0350466550687964,0.5,,,LYS,13,,Non-essential,77.6
OR5C1,0.34209461605949165,752,0.2605042014617612,0.3354876964126889,0.0118551320575676,0.5,,,LYS,4,,Non-essential,87.0
SERINC3,0.34205123931128845,753,0.2689075627992374,0.4092499258820041,0.0433718171753914,0.5,,,LYS,14,,Non-essential,76.3
TMEFF1,0.3420150073268897,754,0.2773109241367135,0.4736436406759561,0.0632927407876008,0.5,,,LYS,14,,Non-essential,69.0
F2RL2,0.3418588390653551,755,0.3277310921615705,0.3504891787726059,0.0226411513522062,0.5,,,LYS,9,,Non-essential,76.3
SLC4A8,0.34185385287381975,756,0.2689075627992374,0.3887933590275719,0.0673414518424798,0.5,,,LYS,13,,Non-essential,72.4
UPK2,0.34173122243987386,757,0.3277310921615705,0.363652534835458,0.0043397121619484,0.5,,,LYS,3,,Non-essential,76.8
UBAC2,0.34156792385622003,758,0.3193277308240944,0.3488289356655796,0.0738510200854025,0.5,,,LYS,7,,Non-essential,72.1
ZDHHC5,0.34154995586354764,759,0.3277310921615705,0.4707382152386599,0.0808476988771152,0.5,,,LYS,10,,Non-essential,58.8
SLC34A2,0.34145546215894207,760,0.5126050415860463,0.1070263860065223,0.0379946228056302,0.5,,,LYS,2,,Non-essential,72.9
ATRN,0.3414011910939282,761,0.3277310921615705,0.2094278090720426,0.1139142811956349,0.5,,,LYS,18,,Non-essential,78.8
MILR1,0.3413810998794703,762,0.2941176468116659,0.4642751260005929,0.0084833148821761,0.5,,,LYS,8,,Non-essential,74.5
ERVMER34-1,0.3413018328626468,763,0.3949579828613799,0.5136080640379483,0.1577036216985608,0.5,,,LYS,18,,No data,44.3
GLP1R,0.3412491341251289,764,0.2605042014617612,0.3630595908686628,0.0290558279297801,0.5,,,LYS,8,,Non-essential,81.5
PIGT,0.34123107984449264,765,0.3277310921615705,0.2236584642751259,0.058333069745374,0.5,,,LYS,7,,Non-essential,87.3
SLC6A7,0.34121417707213597,766,0.252100840124285,0.2994959976282241,0.0944488375770994,0.5,,,LYS,20,,Non-essential,86.0
OR5T2,0.3411616409947875,767,0.2605042014617612,0.3845834568633263,0.0275944962834097,0.5,,,LYS,9,,Non-essential,80.6
SLC12A3,0.34115888715846254,768,0.2689075627992374,0.3392232434034983,0.0399367388897675,0.5,,,LYS,13,,Non-essential,80.7
SLC6A3,0.3411287539889104,769,0.2436974787868088,0.2748295286095464,0.1146923928514945,0.5,,,LYS,12,,Non-essential,86.9
GRIK2,0.3411060558806521,770,0.2268907561118565,0.3471686925585532,0.0772481417048869,0.5,,,LYS,11,,Non-essential,83.6
AGTR2,0.3409106033405013,771,0.2605042014617612,0.3526237770530684,0.0767989878222362,0.5,,,LYS,11,,Non-essential,82.0
CRB1,0.3408559981987679,772,0.252100840124285,0.4120960569226207,0.0380578839158627,0.5,,,LYS,10,,Non-essential,75.0
OR1P1,0.3408102015630572,773,0.2605042014617612,0.4007708271568336,0.0441499288312509,0.5,,,LYS,8,,No data,82.7
PCDHGB3,0.3407241321446507,774,0.252100840124285,0.449510821227394,0.0074837893405029,0.5,,,LYS,3,,Non-essential,75.4
SLC2A8,0.3407130063805601,775,0.252100840124285,0.2635042988437592,0.1109346829036849,0.5,,,LYS,5,,Non-essential,85.4
SLC37A4,0.3405881334418728,776,0.3277310921615705,0.2674770234212866,0.0617997785861141,0.5,,,LYS,13,,No data,85.8
GPR37,0.34053209750344804,777,0.3277310921615705,0.3882597094574562,0.1142369128578206,0.5,,,LYS,18,,Non-essential,61.9
SLC4A10,0.3403180134896333,778,0.2605042014617612,0.391698784464868,0.0767610311560968,0.5,,,LYS,14,,Non-essential,71.2
OPN1SW,0.3401868621003856,779,0.2605042014617612,0.3363178179662021,0.0289862407085244,0.5,,,LYS,10,,Non-essential,86.9
LRFN5,0.3400944203376046,780,0.2268907561118565,0.4997924696116217,0.0205661869365807,0.5,,,LYS,3,,Non-essential,73.9
SLC7A14,0.340051788601597,781,0.1932773107619518,0.4274533056626148,0.1197089988929305,0.5,,,LYS,13,,Non-essential,72.7
MS4A1,0.3399702095796451,782,0.2689075627992374,0.4857989919952564,0.0269176024039221,0.5,,,LYS,7,,Non-essential,70.5
PCDHGA11,0.33995658310551624,783,0.2436974787868088,0.4578713311592054,0.0162897358848647,0.5,,,LYS,2,,Non-essential,75.2
OR52B4,0.33995052591644187,784,0.2605042014617612,0.3521494218796323,0.0569729558753756,0.5,,,LYS,5,,No data,87.5
GRM6,0.3398890034692741,785,0.2605042014617612,0.268900088941595,0.0864146765775739,0.5,,,LYS,15,,Non-essential,85.6
OR11H1,0.33987192135187994,786,0.2605042014617612,0.4453009190631485,0.0174284358690495,0.5,,,LYS,7,,No data,81.3
IL1R1,0.33985554862533063,787,0.2100840334369042,0.4298250815297954,0.0143476198007275,0.5,,,LYS,3,,Non-essential,83.9
CHRM1,0.3398435105799914,788,0.2352941174493327,0.4423954936258523,0.0627044124624387,0.5,,,LYS,18,,Non-essential,74.7
CLCNKB,0.33982450251191254,789,0.252100840124285,0.2700859768751852,0.081910485529021,0.5,,,LYS,12,,Non-essential,87.2
RTN4RL1,0.33967807898883184,790,0.2436974787868088,0.458167803142603,0.0411007433180452,0.5,,,LYS,9,,Non-essential,76.0
SLC6A2,0.3396599977378786,791,0.2436974787868088,0.3193596205158612,0.0623185196900205,0.5,,,LYS,15,,Non-essential,87.2
PCDHB10,0.33962315166031054,792,0.2773109241367135,0.3580195671509042,0.0094575359797564,0.5,,,LYS,1,,Non-essential,81.2
EPHA8,0.3394718817510255,793,0.2689075627992374,0.314260302401423,0.0744646528546575,0.5,,,LYS,10,,Non-essential,80.2
DCC,0.33945162275024954,794,0.2605042014617612,0.4538393121849985,0.0187885497390479,0.5,,,LYS,5,,Non-essential,68.2
CR2,0.33942832908145937,795,0.302521008149142,0.3656685443225614,0.0153218408983077,0.5,,,LYS,4,,Non-essential,74.9
CD1A,0.33936667699272327,796,0.4705882348986654,0.0158316039134301,0.0652664874268543,0.5,,,TYR,4,,Non-essential,88.6
CYSLTR2,0.33932534882043397,797,0.2689075627992374,0.3343611028757782,0.0436311877273446,0.5,,,LYS,16,,Non-essential,84.5
NRP1,0.33926010607420964,798,0.2689075627992374,0.3541061369700563,0.0470599399019452,0.5,,,LYS,9,,Non-essential,79.1
GABRA1,0.3392399910019288,799,0.2184873947743803,0.4515861251111769,0.0170045864304918,0.5,,,LYS,4,,Non-essential,81.7
HRH1,0.3391613159491157,800,0.3193277308240944,0.3189445597391046,0.0937023564763561,0.5,,,LYS,17,,Non-essential,70.0
RNF13,0.33915866446645215,801,0.2941176468116659,0.3997628224132818,0.0188834414043966,0.5,,,LYS,3,,Non-essential,74.4
GPR174,0.3391437283445028,802,0.2773109241367135,0.3234509338867476,0.0481290526648742,0.5,,,LYS,12,,Non-essential,84.1
ACVR1C,0.33912107567463845,803,0.252100840124285,0.3685146753631781,0.0344646528546575,0.5,,,LYS,8,,Non-essential,84.8
UNC5C,0.33906273935991416,804,0.2352941174493327,0.406818855618144,0.0453771943697611,0.5,,,LYS,9,,Non-essential,78.1
EVC2,0.3390611599080148,805,0.2184873947743803,0.3750370589979246,0.1306594970741736,0.5,,,LYS,12,,Non-essential,72.7
MR1,0.3390336707186231,806,0.3361344534990467,0.2568633264156537,0.0181369603036533,0.5,,,LYS,6,,Non-essential,87.5
CD38,0.33900058565306856,807,0.3109243694866181,0.2585235695226801,0.0243238968843903,0.5,,,LYS,9,,Non-essential,90.9
ENPP6,0.3388035076623286,808,0.2436974787868088,0.3516750667061962,0.0152206231219357,0.5,,,LYS,8,,Non-essential,92.4
OR13F1,0.3387446260255078,809,0.2605042014617612,0.2965312777942484,0.0435616005060888,0.5,,,LYS,10,,Non-essential,87.1
BTN3A3,0.3386942663776583,810,0.302521008149142,0.3335902757189445,0.0092297959829195,0.5,,,LYS,4,,Non-essential,82.8
LAMP3,0.3386749587813104,811,0.6386554616481888,0.0838422769048324,0.0042131899414834,0.5,,,LYS,2,,Non-essential,67.7
SLC7A4,0.33860324892292615,812,0.2689075627992374,0.3199525644826563,0.0424292266329274,0.5,,,LYS,12,,Non-essential,80.8
SLC38A11,0.3385635592311419,813,0.2268907561118565,0.2995552920249036,0.0726490589909853,0.5,,,LYS,8,,Non-essential,88.5
TCTN2,0.33842246093488737,814,0.3193277308240944,0.3523273050696709,0.0426253360746481,0.5,,,LYS,8,,Non-essential,74.5
GPR75,0.3382727567939301,815,0.2436974787868088,0.4605395790097835,0.1337023564763561,0.5,,,LYS,23,,Non-essential,63.9
LMAN2L,0.33811727343412334,816,0.3109243694866181,0.3188259709457456,0.0056049343665981,0.5,,,LYS,6,,Non-essential,84.4
GPR149,0.33810743762644757,817,0.2605042014617612,0.4512303587310998,0.1746765775739364,0.5,,,LYS,23,,Non-essential,54.0
IL13RA1,0.3380750089170652,818,0.3109243694866181,0.3371479395197153,0.0090716432073382,0.5,,,LYS,5,,Non-essential,81.6
IGDCC4,0.3380686339572082,819,0.2352941174493327,0.4541950785650755,0.0425304444092993,0.5,,,LYS,4,,Non-essential,70.3
KL,0.338065958840285,820,0.2352941174493327,0.3175214942187963,0.0516906531709631,0.5,,,LYS,8,,Non-essential,89.1
CHRM3,0.338038783984824,821,0.2605042014617612,0.4599466350429884,0.0601170330539301,0.5,,,LYS,17,,Non-essential,66.7
ART1,0.3379441343734002,822,0.2605042014617612,0.3772902460717461,0.0343001739680531,0.5,,,LYS,6,,Non-essential,84.7
CACNG8,0.3377420303922588,823,0.252100840124285,0.5707085680403201,0.0488755337656175,0.5,,,LYS,15,,Non-essential,58.6
MS4A6A,0.3377202859633789,824,0.3445378148365229,0.3617551141417136,0.0066740471295271,0.5,,,LYS,3,,Non-essential,74.5
EFNA2,0.33768265991612945,825,0.5714285709483794,0.0594722798695523,0.0061553060256207,0.5,,,TYR,1,,Non-essential,79.9
THSD7A,0.33766620493658217,826,0.2436974787868088,0.4286391935962051,0.0925699826031946,0.5,,,LYS,10,,Non-essential,67.3
TRABD2B,0.3375762317449811,827,0.2100840334369042,0.4291728431663207,0.1291032737624545,0.5,,,LYS,12,,Non-essential,68.8
GABRG3,0.337483462903287,828,0.3193277308240944,0.3439075007411799,0.0223501502451368,0.5,,,LYS,10,,Non-essential,75.2
IGSF9,0.3373512900773632,829,0.6470588229856649,0.0037355469908093,0.0241973746639253,0.5,,,SER,2,,Non-essential,66.2
TLR1,0.3372665320314474,830,0.3109243694866181,0.2331455677438481,0.0400316305551162,0.5,,,LYS,6,,Non-essential,87.2
SCN7A,0.33725498155281275,831,0.1932773107619518,0.4311295582567447,0.084048711054879,0.5,,,LYS,16,,Non-essential,73.7
ADAM32,0.3371459707870139,832,0.2436974787868088,0.4000592943966795,0.044048711054879,0.5,,,LYS,6,,Non-essential,76.5
NLGN4X,0.33713649120308287,833,0.2268907561118565,0.3815594426326711,0.0865095682429226,0.5,,,LYS,13,,Non-essential,79.1
DAG1,0.33709396789077284,834,0.3193277308240944,0.4161873702935072,0.0346228056302388,0.5,,,LYS,9,,Non-essential,68.2
CDH5,0.337080296679238,835,0.2100840334369042,0.4542543729617551,0.0180420686383046,0.5,,,LYS,7,,Non-essential,77.9
GPR37L1,0.3370259840244353,836,0.2689075627992374,0.4110287577823895,0.0834667088407401,0.5,,,LYS,16,,Non-essential,67.8
ACVR1B,0.33700899998963374,837,0.302521008149142,0.3024607174621997,0.0344330222995413,0.5,,,LYS,1,,Non-essential,83.4
APP,0.3369985441700414,838,0.3193277308240944,0.3782389564186184,0.0550941009014708,0.5,,,LYS,4,,Non-essential,67.4
TNFSF18,0.3369337021965847,839,0.302521008149142,0.3148532463682181,0.0011640044282777,0.5,,,LYS,2,,Non-essential,86.7
SLC6A16,0.33690866176636336,840,0.2100840334369042,0.3642454788022531,0.0871927882334334,0.5,,,LYS,17,,Non-essential,80.0
KCNG4,0.3367854620333641,841,0.2605042014617612,0.2728728135191224,0.1329242448204965,0.5,,,LYS,8,,Non-essential,77.9
OR9A1P,0.33675384657614105,842,0.2605042014617612,0.3597983990512896,0.0158405820022141,0.5,,,LYS,5,,No data,88.0
KLRC3,0.3366669422261239,843,0.2605042014617612,0.5001482359916988,0.0015562233117191,0.5,,,LYS,2,,Non-essential,71.0
SLC4A7,0.3366329465981912,844,0.2352941174493327,0.3772902460717461,0.0322568401075438,0.5,,,LYS,9,,Context-dependent,67.5
FZD6,0.336589743449319,845,0.3277310921615705,0.2806403794841387,0.0956444725604934,0.5,,,LYS,11,,Non-essential,72.4
IL1RAPL2,0.33658030525949545,846,0.2689075627992374,0.3983990512896531,0.0113680215087774,0.5,,,LYS,6,,Non-essential,75.2
OR51B5,0.3364993734638162,847,0.2857142854741897,0.2353394604209902,0.0360145500553534,0.5,,,LYS,6,,Non-essential,89.6
SLC15A2,0.3364586442377502,848,0.2773109241367135,0.2379484138748888,0.0857061521429701,0.5,,,LYS,15,,Non-essential,84.1
NCAM2,0.3364213874073464,849,0.2352941174493327,0.4037948413874888,0.003694448837577,0.5,,,LYS,1,,Non-essential,81.4
PTPRO,0.3363839988162649,850,0.302521008149142,0.3354876964126889,0.0212810374822078,0.5,,,LYS,7,,Non-essential,77.4
TAS2R7,0.33637126020482166,851,0.2605042014617612,0.3252297657871331,0.0344962834097738,0.5,,,LYS,8,,Non-essential,84.8
MMP16,0.33632468210714783,852,0.2605042014617612,0.3750963533946042,0.0573968053139332,0.5,,,LYS,10,,Non-essential,76.7
GABRA5,0.33630640763065633,853,0.252100840124285,0.3828639193596205,0.0180420686383046,0.5,,,LYS,4,,Non-essential,81.0
SCN1A,0.3362865806180374,854,0.1932773107619518,0.3983990512896531,0.1589372133480942,0.5,,,LYS,17,,Non-essential,68.5
PCDH8,0.3361709267189179,855,0.252100840124285,0.4684850281648384,0.020243555274395,0.5,,,LYS,6,,Non-essential,69.7
IFNAR1,0.3360896633413982,856,0.3277310921615705,0.3206640972428105,0.0131203542622173,0.5,,,LYS,2,,Non-essential,78.0
HRH3,0.3360726515494238,857,0.2436974787868088,0.389504891787726,0.0617365174758817,0.5,,,LYS,6,,Non-essential,75.6
SLC24A4,0.33605304216256693,858,0.252100840124285,0.3615179365549955,0.104621224102483,0.5,,,LYS,13,,Non-essential,70.8
ATP1B4,0.335887153166198,859,0.2605042014617612,0.32926178476134,0.0545437292424482,0.5,,,LYS,10,,Non-essential,81.8
PCDHB11,0.33581076064929516,860,0.2605042014617612,0.3490068188556181,0.0154167325636564,0.5,,,LYS,6,,Non-essential,82.0
SLC12A2,0.3357933662646714,861,0.2773109241367135,0.3745034094278091,0.035824766724656,0.5,,,LYS,8,,Non-essential,73.1
SLC10A5,0.3357620642046756,862,0.2605042014617612,0.3093981618737029,0.0727819073224735,0.5,,,LYS,5,,Non-essential,80.2
OR7C1,0.33574054110891816,863,0.2773109241367135,0.2298250815297954,0.0832389688439032,0.5,,,LYS,15,,Non-essential,87.6
GSG1,0.33568638625353997,864,0.252100840124285,0.4850281648384227,0.0282777162739206,0.5,,,LYS,6,,Non-essential,70.7
C3AR1,0.3355554610080814,865,0.3613445375114751,0.2359916987844648,0.1256049343665981,0.5,,,LYS,17,,Non-essential,68.8
HCRTR2,0.33546718033677914,866,0.2605042014617612,0.3750370589979246,0.0581685908587695,0.5,,,LYS,10,,Non-essential,79.0
SLC44A5,0.33537566364900295,867,0.3613445375114751,0.1962051586125111,0.0424924877431599,0.5,,,LYS,7,,Non-essential,82.2
HCAR2,0.3351635481016543,868,0.3109243694866181,0.2330269789504891,0.0616352996995097,0.5,,,LYS,11,,Non-essential,82.7
OR52N4,0.33501500251022964,869,0.2605042014617612,0.2456566854432255,0.0597880752807211,0.5,,,LYS,7,,Non-essential,89.6
SLC4A5,0.33493645124119187,870,0.2352941174493327,0.4145271271864808,0.0810374822078127,0.5,,,LYS,12,,Non-essential,68.4
OR2A4,0.33492358171923975,871,0.2605042014617612,0.4203972724577527,0.0495903843112446,0.5,,,LYS,11,,No data,79.3
GPR137C,0.3349039769280321,872,0.2773109241367135,0.3374444115031129,0.1464368179661553,0.5,,,LYS,15,,Non-essential,66.6
LHFPL1,0.33481407540645003,873,0.2689075627992374,0.3044767269493033,0.0059591965839,0.5,,,LYS,3,,Non-essential,89.7
OR10A4,0.3347927110476522,874,0.2605042014617612,0.2458345686332641,0.0559987347777953,0.5,,,LYS,8,,Non-essential,88.7
SCN3A,0.3347629648336512,875,0.2268907561118565,0.4077675659650163,0.0994338130634192,0.5,,,LYS,16,,Non-essential,68.3
FGFR3,0.33475262605979705,876,0.3613445375114751,0.2099021642454788,0.1001802941641625,0.5,,,LYS,9,,Non-essential,74.2
GABBR2,0.3347308599553228,877,0.2773109241367135,0.3426030240142306,0.0374126205914913,0.5,,,LYS,9,,Non-essential,77.7
PROM2,0.33453903718182987,878,0.4789915962361415,0.0383041802549659,0.0141515103590067,0.5,,,TYR,4,,Non-essential,85.8
TREM2,0.33453569867402766,879,0.6302521003107125,0.0024903646605395,0.0008730033212082,0.5,,,LYS,3,,Non-essential,76.8
CDH10,0.3344491259171999,880,0.2268907561118565,0.4154165431366735,0.0257156413095049,0.5,,,LYS,4,,Non-essential,78.4
DCSTAMP,0.33435869620526526,881,0.3613445375114751,0.2096056922620812,0.0250071168749011,0.5,,,LYS,6,,Non-essential,82.3
ASIC1,0.3342628059063656,882,0.2773109241367135,0.314260302401423,0.0189150719595128,0.5,,,LYS,6,,Non-essential,83.8
GPR157,0.334186980833033,883,0.302521008149142,0.3007411799584939,0.0305424640202435,0.5,,,LYS,8,,Non-essential,81.4
TTYH3,0.33413455452528595,884,0.3781512601864275,0.1589682774977764,0.0875154198956191,0.5,,,CYS,15,,Non-essential,79.4
ITGA2,0.3340765920613701,885,0.4201680668738084,0.0279276608360509,0.0967452158785386,0.5,,,TYR,16,,Non-essential,85.7
TYR,0.3340399188915797,886,0.2605042014617612,0.3025793062555588,0.0209900363751383,0.5,,,LYS,5,,Non-essential,89.9
OR10A2,0.3339948540951263,887,0.2605042014617612,0.2678327898013637,0.0430112288470662,0.5,,,LYS,10,,Non-essential,86.3
DCT,0.3337543693933377,888,0.2436974787868088,0.3185887933590275,0.0310612051241499,0.5,,,LYS,8,,Non-essential,89.1
LRTM2,0.3337239802051555,889,0.2605042014617612,0.4181440853839311,0.0053455638146449,0.5,,,LYS,5,,Non-essential,79.9
MME,0.33366075888183055,890,0.2941176468116659,0.2177883190038541,0.0238684168907164,0.5,,,LYS,6,,Non-essential,96.2
CD200R1,0.3333536831444297,891,0.2689075627992374,0.4425140824192113,0.0141198798038905,0.5,,,LYS,3,,Non-essential,74.5
SLC26A3,0.3332888767469342,892,0.2184873947743803,0.3235695226801067,0.0537656175865886,0.5,,,LYS,10,,Non-essential,85.0
GSG1L,0.33327997204831594,893,0.2352941174493327,0.4745923510228283,0.0266898624070852,0.5,,,LYS,7,,Non-essential,71.6
ALPI,0.33327874660769197,894,0.2605042014617612,0.301096946338571,0.009166534872687,0.5,,,LYS,4,,Non-essential,93.1
CXCR3,0.33315474740689976,895,0.5378151255984748,0.0232434034983694,0.0092614265380357,0.5,,,TYR,4,,Non-essential,80.5
OR5K4,0.3330800987365582,896,0.2605042014617612,0.2790987251704714,0.0386715166851178,0.5,,,LYS,8,,Non-essential,87.1
CHRNA9,0.3329161109276706,897,0.352941176173999,0.2501630595908686,0.0122410248299857,0.5,,,LYS,3,,Non-essential,80.9
PSEN2,0.33282710126043014,898,0.2857142854741897,0.3541654313667358,0.0573272180926775,0.5,,,LYS,5,,Non-essential,71.8
OPN4,0.3327966754449445,899,0.2605042014617612,0.3445004447079751,0.1103526806895461,0.5,,,LYS,10,,Non-essential,74.3
CD37,0.33279494988468006,900,0.352941176173999,0.2170767862436999,0.0267214929622014,0.5,,,LYS,4,,Non-essential,83.1
THSD7B,0.3327608525096599,901,0.2605042014617612,0.4143492439964423,0.075824766724656,0.5,,,LYS,8,,Non-essential,67.1
IL17RA,0.332656750646519,902,0.2605042014617612,0.4221168099614586,0.0560366914439348,0.5,,,LYS,12,,Non-essential,68.9
PCSK5,0.3325351361799591,903,0.2100840334369042,0.3282537800177883,0.1058168590858769,0.5,,,LYS,13,,Non-essential,76.5
DSG1,0.33249148260237626,904,0.2352941174493327,0.4852060480284612,0.0916337181717539,0.5,,,LYS,11,,Non-essential,62.1
PLXNA3,0.3324526209535147,905,0.2352941174493327,0.2623777053068485,0.0892677526490589,0.5,,,LYS,16,,Non-essential,84.5
MYOF,0.33233272551634896,906,0.2857142854741897,0.1863029943670323,0.1412177763719753,0.5,,,LYS,10,,Non-essential,79.4
FCGRT,0.3322747000634946,907,0.2689075627992374,0.3312777942484435,0.0149612525699826,0.5,,,LYS,3,,Non-essential,85.0
DSG2,0.33223367777158375,908,0.5966386549608079,0.0614882893566557,0.022381780800253,0.5,,,TYR,4,,Non-essential,64.5
SV2A,0.33205525053294127,909,0.2352941174493327,0.2750074117995849,0.1481511940534556,0.5,,,LYS,19,,Non-essential,76.8
SLC5A6,0.3319865391361193,910,0.252100840124285,0.2713311592054551,0.1049754863197849,0.5,,,LYS,13,,Non-essential,79.4
PRNP,0.33196101398082034,911,0.2436974787868088,0.4934479691669136,0.037735252253677,0.5,,,LYS,10,,Non-essential,64.2
SCN5A,0.33193909968019475,912,0.252100840124285,0.387548176697302,0.0885212715483156,0.5,,,LYS,17,,Non-essential,67.2
CDH11,0.3319150740715463,913,0.3361344534990467,0.2837236881114734,0.0131836153724497,0.5,,,LYS,5,,Non-essential,77.7
ABCC3,0.33180241744012606,914,0.3109243694866181,0.0665876074710939,0.1932690178712636,0.5,,,LYS,20,,Non-essential,81.9
SLC7A5,0.3317655024721292,915,0.3697478988489514,0.0982508152979543,0.0678918235015024,0.5,,,LYS,15,,Non-essential,85.9
ENTPD1,0.3317211451522195,916,0.302521008149142,0.2083012155351319,0.0371532500395381,0.5,,,LYS,13,,Non-essential,91.0
CA12,0.331669971901828,917,0.4117647055363322,0.1546397865401719,0.0045041910485529,0.5,,,LYS,4,,Non-essential,87.8
UNC93B1,0.3316189300694169,918,0.3445378148365229,0.1798399051289653,0.0795824766724656,0.5,,,LYS,10,,Non-essential,79.6
AMIGO1,0.33160003588580844,919,0.2184873947743803,0.4237177586718054,0.0351731772892614,0.5,,,LYS,9,,Non-essential,78.1
SLITRK2,0.3315492169715234,920,0.201680672099428,0.3851764008301215,0.1589688439032105,0.5,,,LYS,17,,Non-essential,67.0
PCDHGB4,0.33137998658760537,921,0.2268907561118565,0.4371182923213756,0.0056681954768306,0.5,,,LYS,5,,Non-essential,75.5
MC3R,0.33136871889649366,922,0.2605042014617612,0.3331159205455084,0.008097422109758,0.5,,,LYS,1,,Non-essential,83.9
OR4K5,0.3313348360498618,923,0.2605042014617612,0.2907204269196561,0.0118235015024513,0.5,,,LYS,6,,Non-essential,85.5
F11R,0.3312726810525174,924,0.4453781508862369,0.1096353394604209,0.0020053771943697,0.5,,,LYS,6,,Non-essential,87.2
GPR17,0.33125665302684004,925,0.2100840334369042,0.4106136970056329,0.0240645263324371,0.5,,,LYS,8,,Non-essential,80.3
VN1R3,0.33124932185008227,926,0.2605042014617612,0.4020160094871034,0.0686003479361062,0.5,,,LYS,12,,No data,79.1
MMP25,0.33119784831147936,927,0.252100840124285,0.3000296471983397,0.0973335442037007,0.5,,,LYS,15,,Non-essential,78.2
ITGA8,0.3311332993236852,928,0.201680672099428,0.3253483545804921,0.0622173019136485,0.5,,,LYS,11,,Non-essential,85.0
PCDHAC2,0.33113258073599305,929,0.2857142854741897,0.3947227986955232,0.0137972481417048,0.5,,,LYS,8,,Non-essential,71.9
OR4K15,0.3310801212146016,930,0.2605042014617612,0.2887637118292321,0.0260066424165744,0.5,,,LYS,9,,Non-essential,83.2
SEMA4D,0.3310260884270966,931,0.2352941174493327,0.3804328490957604,0.0315799462280563,0.5,,,LYS,8,,Non-essential,80.8
SLC34A3,0.3308938849698021,932,0.2605042014617612,0.370115624073525,0.035723548948284,0.5,,,LYS,2,,Non-essential,75.8
SLC11A1,0.3308517892720936,933,0.1932773107619518,0.3514378891194781,0.0472244187885497,0.5,,,LYS,7,,Non-essential,83.0
LRP8,0.330784731966246,934,0.3277310921615705,0.3045953157426623,0.0401644788866044,0.5,,,LYS,5,,Non-essential,72.5
MSLN,0.3306497809440867,935,0.3949579828613799,0.1671509042395493,0.0229005219041594,0.5,,,LYS,3,,Non-essential,78.6
PLB1,0.33053904908627196,936,0.2268907561118565,0.3169285502520012,0.0771532500395381,0.5,,,LYS,15,,Non-essential,82.0
VLDLR,0.33051218593005927,937,0.2268907561118565,0.368040320189742,0.0489071643207338,0.5,,,LYS,6,,Non-essential,75.7
SCN9A,0.3304079161480381,938,0.2352941174493327,0.3826267417729024,0.0847951921556223,0.5,,,LYS,14,,Non-essential,69.1
LNPEP,0.3303851480153027,939,0.252100840124285,0.2062259116513489,0.1245737782698086,0.5,,,LYS,19,,Non-essential,88.8
OR5AL1,0.33034883365361045,940,0.2605042014617612,0.3986955232730506,0.0519183931678001,0.5,,,LYS,4,,No data,79.7
PTGFR,0.3303041383444253,941,0.2184873947743803,0.3973910465461013,0.0370204017080499,0.5,,,LYS,6,,Non-essential,80.6
PTPRS,0.33030100231444226,942,0.2100840334369042,0.3345389860658168,0.0528609837102641,0.5,,,LYS,7,,Non-essential,81.5
PLXDC1,0.3302242080576058,943,0.2100840334369042,0.4737029350726355,0.033813063419263,0.5,,,LYS,12,,Non-essential,72.2
TMEM132A,0.3301742984367013,944,0.4621848735611892,0.1150904239549362,0.0680499762770836,0.5,,,LYS,2,,Non-essential,72.7
SORL1,0.33011465121864414,945,0.3445378148365229,0.2502223539875481,0.0636786335600189,0.5,,,LYS,17,,Non-essential,73.2
TNFSF8,0.32989757325765146,946,0.3109243694866181,0.3219685739697598,0.0068638304602245,0.5,,,LYS,3,,Non-essential,78.9
SIGLEC14,0.3296904367179788,947,0.3109243694866181,0.2576934479691669,0.0091032737624545,0.5,,,LYS,2,,Non-essential,83.4
ACVR2A,0.32963666786718837,948,0.2268907561118565,0.3542247257634153,0.032845168432706,0.5,,,LYS,8,,Non-essential,83.5
NLGN1,0.3296189221820459,949,0.2100840334369042,0.3850578120367625,0.0904317570773367,0.5,,,LYS,8,,Non-essential,77.1
TM7SF3,0.3295931790070984,950,0.3193277308240944,0.1386895938333827,0.0876166376719911,0.5,,,LYS,18,,Non-essential,88.4
PCDHGA4,0.3295390177476978,951,0.2436974787868088,0.3977468129261785,0.0323264273287996,0.5,,,LYS,10,,Non-essential,73.9
LMBRD1,0.32953520149453575,952,0.2689075627992374,0.271093981618737,0.0304475723548948,0.5,,,LYS,10,,Non-essential,83.8
KCNS1,0.32945755058357795,953,0.2857142854741897,0.2907797213163356,0.057365174758817,0.5,,,LYS,7,,Non-essential,78.6
SLC16A7,0.3293588882358295,954,0.1932773107619518,0.3191224429291431,0.0945753597975644,0.5,,,LYS,12,,Non-essential,84.5
DGCR2,0.32928664077345027,955,0.2941176468116659,0.4536021345982804,0.0256840107543887,0.5,,,LYS,3,,Non-essential,63.1
SLC22A16,0.3292352731291809,956,0.2605042014617612,0.2683071449747999,0.0432389688439032,0.5,,,LYS,6,,Non-essential,84.9
ASGR1,0.32910102229122595,957,0.2436974787868088,0.3437296175511414,0.0096536454214771,0.5,,,LYS,3,,Non-essential,86.2
IL17RD,0.32906592176646443,958,0.302521008149142,0.3791283723688111,0.0280499762770836,0.5,,,LYS,9,,Non-essential,68.3
IL21R,0.32898448073081643,959,0.3781512601864275,0.3699377408834864,0.0172955875375612,0.5,,,LYS,5,,Non-essential,64.1
HAVCR2,0.32897007370690134,960,0.3781512601864275,0.2884672398458345,0.0311940534556381,0.5,,,LYS,4,,Non-essential,71.8
TAS2R9,0.3288966898723412,961,0.2605042014617612,0.3074414467832789,0.0259117507512256,0.5,,,LYS,7,,Non-essential,82.8
CACNG1,0.3288491948014415,962,0.2436974787868088,0.3757485917580788,0.0488755337656175,0.5,,,LYS,11,,Non-essential,77.0
GRIN2B,0.32870020788989807,963,0.2268907561118565,0.4550844945152683,0.0948030997944013,0.5,,,LYS,14,,Non-essential,60.7
HYAL2,0.3286808092081541,964,0.302521008149142,0.2339163949006818,0.0113363909536612,0.5,,,LYS,5,,Non-essential,91.0
SLC6A19,0.3286272171793896,965,0.2605042014617612,0.2182626741772902,0.0477431598924561,0.5,,,LYS,8,,Non-essential,90.0
P2RY1,0.3284816285879195,966,0.2436974787868088,0.3147346575748591,0.0245516368812272,0.5,,,LYS,8,,Non-essential,85.3
CD244,0.32845953160470054,967,0.2773109241367135,0.4397272457752741,0.0104317570773367,0.5,,,LYS,2,,Non-essential,71.1
OR6C6,0.32824514861423004,968,0.2605042014617612,0.0972428105544025,0.0703526806895461,0.5,,,LYS,11,,Context-dependent,89.7
TMED7,0.32820764997263574,969,0.3277310921615705,0.2761932997331752,0.0051810849280404,0.5,,,LYS,3,,Non-essential,84.2
SLC23A1,0.32818906013922644,970,0.2773109241367135,0.2713311592054551,0.0249754863197849,0.5,,,LYS,2,,Non-essential,81.8
ART3,0.3281485874844292,971,0.2184873947743803,0.4470204565668543,0.0281132373873161,0.5,,,LYS,7,,Non-essential,74.0
EDAR,0.32810722793685865,972,0.352941176173999,0.3213163356062852,0.0420433338605092,0.5,,,LYS,7,,Non-essential,66.6
EPHA1,0.3280872115807948,973,0.3445378148365229,0.2007708271568336,0.0414929622014866,0.5,,,LYS,6,,Non-essential,80.4
TMEM87A,0.3280853032514308,974,0.3109243694866181,0.1055440260895345,0.2417270283093468,0.5,,,LYS,13,,Non-essential,71.7
PRPH2,0.3279743104280939,975,0.2436974787868088,0.3109991105840498,0.0187505930729084,0.5,,,LYS,2,,Non-essential,87.0
OR10A3,0.32791256173417727,976,0.2605042014617612,0.2210495108212273,0.0463830460224577,0.5,,,LYS,10,,Non-essential,88.3
PLVAP,0.3278898918643449,977,0.2773109241367135,0.3002075303883783,0.0091032737624545,0.5,,,LYS,2,,Non-essential,81.7
SLC26A9,0.3278742382795964,978,0.2773109241367135,0.2764897717165727,0.0352427645105171,0.5,,,LYS,4,,Non-essential,79.9
SDC1,0.3278412698690554,979,0.7815126043852836,0.0,0.0018155938636723,0.5,,,,0,,Non-essential,55.2
GPR27,0.32779636673245327,980,0.2857142854741897,0.2608360509931811,0.1005029258263482,0.5,,,LYS,8,,Non-essential,78.7
NMUR2,0.3277582423243314,981,0.2773109241367135,0.2777349540468425,0.0669176024039221,0.5,,,LYS,9,,Non-essential,80.0
SCNN1B,0.3277269404680898,982,0.2268907561118565,0.3477023421286688,0.0348189150719595,0.5,,,LYS,8,,Non-essential,82.5
SLC44A1,0.32771683039066746,983,0.3109243694866181,0.209012748295286,0.0304159417997785,0.5,,,LYS,5,,Non-essential,83.4
GPR12,0.32769360565026073,984,0.2100840334369042,0.3176993774088348,0.0686636090463387,0.5,,,LYS,10,,Non-essential,84.2
JAG1,0.32768052833598627,985,0.2436974787868088,0.3683960865698191,0.0428847066266012,0.5,,,LYS,8,,Non-essential,73.1
CD22,0.3275346833810524,986,0.2352941174493327,0.3715386895938333,0.0040170804997627,0.5,,,LYS,4,,Non-essential,79.4
SLC12A4,0.3274263945213305,987,0.1848739494244757,0.3501927067892084,0.0693468290368496,0.5,,,LYS,9,,Non-essential,81.6
IL18RAP,0.3273674486285164,988,0.252100840124285,0.3328194485621108,0.0413917444251146,0.5,,,LYS,10,,Non-essential,77.8
SLC39A10,0.3273470831317439,989,0.3109243694866181,0.3276015416543136,0.0454784121461331,0.5,,,LYS,2,,Context-dependent,58.9
KEL,0.3273206041280482,990,0.252100840124285,0.2509931811443818,0.0474837893405029,0.5,,,LYS,4,,Non-essential,87.4
ADORA1,0.3271715928949078,991,0.2857142854741897,0.1959086866291135,0.0478064210026886,0.5,,,LYS,8,,Non-essential,92.4
SDK2,0.3271425283767808,992,0.2857142854741897,0.2739994070560332,0.0650703779851336,0.5,,,LYS,5,,Non-essential,72.8
FZD8,0.3270870823520904,993,0.2689075627992374,0.3411206640972428,0.0601802941641625,0.5,,,LYS,14,,Non-essential,74.5
FCGR2A,0.3269682637776914,994,0.3613445375114751,0.2856211088052179,0.0100395381938953,0.5,,,LYS,3,,Non-essential,76.9
OR51A7,0.32693225976318485,995,0.2605042014617612,0.2375926474948117,0.0364383994939111,0.5,,,LYS,3,,Non-essential,90.1
ANTXR2,0.32684533331450005,996,0.1932773107619518,0.4849688704417432,0.0471611576783172,0.5,,,LYS,11,,Non-essential,71.8
CD8B,0.3266647133580661,997,0.3613445375114751,0.2199822116809961,0.0081606832199905,0.5,,,LYS,4,,Non-essential,82.0
CD163,0.32666075303513575,998,0.2352941174493327,0.3175807886154758,0.058105329748537,0.5,,,LYS,12,,Non-essential,77.5
SLC5A1,0.3265884490304555,999,0.3949579828613799,0.1093388674770234,0.0249058990985291,0.5,,,LYS,6,,Non-essential,84.4
MDGA2,0.32647682444895954,1000,0.2605042014617612,0.2812926178476134,0.0149612525699826,0.5,,,LYS,4,,Non-essential,84.8
PCDHGA8,0.3263802513096775,1001,0.2605042014617612,0.3774088348651052,0.0103621698560809,0.5,,,LYS,1,,Non-essential,73.6
HLA-DQA2,0.32624074696601923,1002,0.4705882348986654,0.0203972724577527,0.0100711687490115,0.5,,,TYR,4,,Non-essential,88.7
VSTM1,0.3261565489308642,1003,0.2689075627992374,0.4129854728728134,0.0036628182824608,0.5,,,LYS,4,,Non-essential,76.2
SLC4A4,0.326033339064981,1004,0.252100840124285,0.3643640675956122,0.0546765775739364,0.5,,,LYS,8,,Non-essential,70.5
SLC5A3,0.32589002305254633,1005,0.2857142854741897,0.2288763711829232,0.078930887237071,0.5,,,LYS,16,,Non-essential,78.7
ADCY7,0.3258851455918381,1006,0.2605042014617612,0.264512303587311,0.0967831725446781,0.5,,,LYS,7,,Non-essential,77.3
MUC21,0.3258080952799438,1007,0.1932773107619518,0.4291728431663207,0.0157709947809584,0.5,,,LYS,1,,Non-essential,75.5
FLT4,0.32580458265662815,1008,0.1932773107619518,0.3288467239845834,0.1390795508461173,0.5,,,LYS,20,,Non-essential,72.4
BTLA,0.32576512158089976,1009,0.2773109241367135,0.4882893566557959,0.0023975960778111,0.5,,,LYS,6,,Non-essential,67.2
CCR9,0.3256135843632466,1010,0.2605042014617612,0.2291728431663207,0.0687648268227107,0.5,,,LYS,12,,Non-essential,83.5
LTB4R,0.3255629240942819,1011,0.1848739494244757,0.3353691076193299,0.082853076071485,0.5,,,LYS,13,,Non-essential,81.4
IL1RL1,0.32555864922023836,1012,0.1932773107619518,0.3747998814112066,0.0308967262375454,0.5,,,LYS,10,,Non-essential,81.9
SLC5A11,0.3254931652357159,1013,0.252100840124285,0.2680699673880818,0.0582698086351415,0.5,,,LYS,16,,Non-essential,81.8
NFAM1,0.3253701782361599,1014,0.3445378148365229,0.3484138748888229,0.0022647477463229,0.5,,,LYS,5,,Non-essential,72.4
ENPP1,0.3253355661595949,1015,0.2605042014617612,0.2441150311295582,0.0354325478412146,0.5,,,LYS,10,,Non-essential,90.7
PRSS21,0.3252450183032477,1016,0.3193277308240944,0.2394900681885561,0.0145753597975644,0.5,,,LYS,5,,Non-essential,84.7
NCR3LG1,0.32514573563498306,1017,0.2436974787868088,0.3967388081826267,0.0113680215087774,0.5,,,LYS,3,,Non-essential,77.6
CD79B,0.32501164241250746,1018,0.252100840124285,0.4403201897420694,0.0041119721651114,0.5,,,LYS,5,,Non-essential,75.4
LMBRD2,0.32490359554212134,1019,0.2773109241367135,0.2807589682774977,0.0531203542622173,0.5,,,LYS,10,,Non-essential,76.7
M6PR,0.3248925400554803,1020,0.302521008149142,0.2652831307441446,0.007028309346829,0.5,,,LYS,4,,Non-essential,84.8
IL17RC,0.3248149089376118,1021,0.2184873947743803,0.3868366439371479,0.0356286572829353,0.5,,,LYS,10,,Non-essential,73.6
NPTN,0.32465701632787813,1022,0.2689075627992374,0.2960569226208123,0.0025937055195318,0.5,,,LYS,2,,Non-essential,86.5
PCDHGB1,0.3245794247897503,1023,0.2689075627992374,0.3517343611028757,0.007028309346829,0.5,,,LYS,5,,Non-essential,74.9
TRGC2,0.32453024049349266,1024,0.302521008149142,0.3660836050993181,0.0029163371817175,0.5,,,LYS,3,,No data,82.0
SLC6A15,0.3245184406577176,1025,0.2100840334369042,0.3092202786836643,0.0777668828087932,0.5,,,LYS,14,,Non-essential,79.7
RNF150,0.324514342450554,1026,0.1932773107619518,0.4375333530981322,0.0294417207021983,0.5,,,LYS,3,,Non-essential,75.2
SLC8A3,0.32450085935524986,1027,0.2352941174493327,0.2423361992291728,0.1470504507354104,0.5,,,LYS,7,,Non-essential,76.8
SELP,0.3243982811483068,1028,0.201680672099428,0.3385117106433442,0.0418788549739047,0.5,,,LYS,9,,Non-essential,79.9
FPR3,0.3243232618661628,1029,0.4705882348986654,0.0053364957011562,0.0395445200063261,0.5,,,TYR,4,,Non-essential,83.4
CACNG2,0.32429149404492996,1030,0.2605042014617612,0.4658167803142602,0.0180104380831883,0.5,,,LYS,7,,Non-essential,66.6
EPHA6,0.3241509470673145,1031,0.252100840124285,0.3016898903053661,0.04893879487585,0.5,,,LYS,7,,Non-essential,78.5
CALCR,0.3241315111762195,1032,0.2773109241367135,0.2523569522680106,0.0721619484421951,0.5,,,LYS,9,,Non-essential,78.7
GPRC5B,0.3240169268735521,1033,0.2100840334369042,0.426208123332345,0.0547714692392851,0.5,,,LYS,4,,Non-essential,74.4
AQP2,0.32394230221123976,1034,0.2605042014617612,0.2565075600355766,0.0180736991934208,0.5,,,LYS,5,,Non-essential,91.7
OR5H6,0.3237930440359065,1035,0.2605042014617612,0.2439964423361992,0.0468385260161315,0.5,,,LYS,9,,Non-essential,85.3
OR5AK3P,0.32367509985225495,1036,0.2605042014617612,0.2914912540764897,0.0382539933575834,0.5,,,LYS,7,,No data,87.9
EMP2,0.32363618301892627,1037,0.2941176468116659,0.1668544322561518,0.0086794243238968,0.5,,,LYS,1,,Non-essential,95.0
CDH15,0.3236105946943786,1038,0.2605042014617612,0.3244589386302994,0.0229637830143919,0.5,,,LYS,3,,Non-essential,78.4
HHLA2,0.3234718975782329,1039,0.302521008149142,0.2890008894159501,0.0032073382887869,0.5,,,LYS,3,,Non-essential,80.9
NT5E,0.32341001587495155,1040,0.2857142854741897,0.1710050400237177,0.059402182508303,0.5,,,LYS,13,,Non-essential,91.9
GPR82,0.3233265155600007,1041,0.2773109241367135,0.2243107026386006,0.0406832199905108,0.5,,,LYS,7,,Non-essential,84.2
SLCO1A2,0.32325327726662745,1042,0.3613445375114751,0.0429291431959679,0.1501565712478254,0.5,,,LYS,19,,Non-essential,80.2
TM9SF4,0.32319894332581556,1043,0.3109243694866181,0.0857396975985769,0.1235995571722283,0.5,,,LYS,15,,Non-essential,85.6
P2RY14,0.323108549250825,1044,0.2268907561118565,0.2538393121849985,0.0770899889293057,0.5,,,LYS,20,,Non-essential,87.1
IGSF5,0.32309575419682135,1045,0.2605042014617612,0.4664097242810553,0.00893879487585,0.5,,,LYS,6,,Non-essential,65.7
OR3A2,0.3229530447842368,1046,0.2605042014617612,0.2058701452712718,0.0687648268227107,0.5,,,LYS,7,,Non-essential,85.3
PCDHGA10,0.32274440234161106,1047,0.252100840124285,0.370352801660243,0.0077431598924561,0.5,,,LYS,1,,Non-essential,74.4
AVPR1B,0.322597076236245,1048,0.302521008149142,0.2377112362881707,0.1011228847066266,0.5,,,LYS,7,,Non-essential,73.7
HLA-DQA1,0.3225720492122903,1049,0.4705882348986654,0.0134005336495701,0.0072244187885497,0.5,,,CYS,4,,Non-essential,87.9
CD1E,0.3225444210909867,1050,0.3613445375114751,0.1145567743848206,0.0989846591807686,0.5,,,CYS,9,,Non-essential,81.5
PMEL,0.32242523901223963,1051,0.3109243694866181,0.3571301512007115,0.0158405820022141,0.5,,,LYS,5,,Non-essential,68.5
NLGN3,0.3223157572851173,1052,0.2268907561118565,0.3622887637118292,0.0546765775739364,0.5,,,LYS,11,,Non-essential,76.4
SCNN1A,0.32228876485858216,1053,0.5294117642609986,0.0104951082122739,0.0256840107543887,0.5,,,TYR,7,,Non-essential,74.6
DSG3,0.32220832310381686,1054,0.2605042014617612,0.4126890008894159,0.0382223628024671,0.5,,,LYS,8,,Non-essential,65.3
SLC4A1,0.3221186226983631,1055,0.252100840124285,0.2627334716869255,0.0412335916495334,0.5,,,LYS,6,,Non-essential,82.2
SLC9A1,0.3220860545122807,1056,0.3109243694866181,0.2973613993477616,0.0624134113553692,0.5,,,LYS,10,,Non-essential,67.6
PDCD1,0.3220796620261548,1057,0.302521008149142,0.3675659650163059,0.0051810849280404,0.5,,,LYS,3,,Non-essential,74.2
LRIG1,0.32202816543300994,1058,0.2352941174493327,0.3694040913133709,0.0291190890400126,0.5,,,LYS,7,,Non-essential,74.6
S1PR5,0.32198193882063164,1059,0.2941176468116659,0.2540764897717165,0.061186145816859,0.5,,,LYS,9,,Non-essential,77.7
TMEM182,0.3219516531050103,1060,0.3781512601864275,0.1120071153276015,0.0025620749644156,0.5,,,LYS,2,,Non-essential,87.5
GPR35,0.32189514670568586,1061,0.2268907561118565,0.2438185591461606,0.0945437292424482,0.5,,,LYS,14,,Non-essential,84.4
MFSD2B,0.32187052974811836,1062,0.2605042014617612,0.2125704120960569,0.0931519848173335,0.5,,,LYS,8,,Non-essential,80.4
SLC24A2,0.32185890781917104,1063,0.2941176468116659,0.3348947524458938,0.0542527281353787,0.5,,,LYS,7,,Non-essential,67.3
PCDHB14,0.3217932802335368,1064,0.2605042014617612,0.284020160094871,0.0143159892456112,0.5,,,LYS,4,,Non-essential,81.6
GPR155,0.32175315664548154,1065,0.2100840334369042,0.3710050400237177,0.0586557014075597,0.5,,,LYS,5,,Non-essential,73.2
PTPRG,0.32156682878092957,1066,0.2605042014617612,0.2973021049510821,0.086901787126364,0.5,,,LYS,13,,Non-essential,71.6
PTCHD3,0.32150206335788073,1067,0.2605042014617612,0.2104358138155944,0.1574442511466076,0.5,,,LYS,23,,No data,81.5
PTPRB,0.3213970537458557,1068,0.201680672099428,0.2983694040913133,0.0350150245136802,0.5,,,LYS,5,,Non-essential,80.3
HLA-DRA,0.3212790647043311,1069,0.4453781508862369,0.0406759561221464,0.0069966787917127,0.5,,,TYR,3,,Non-essential,89.2
IL12RB2,0.32122268087202765,1070,0.2605042014617612,0.3552920249036466,0.0106911276292898,0.5,,,LYS,3,,Non-essential,73.0
LRRN3,0.3211586979111518,1071,0.2268907561118565,0.3426030240142306,0.011077020401708,0.5,,,LYS,9,,Non-essential,83.1
FURIN,0.3211543102803054,1072,0.2857142854741897,0.2652831307441446,0.0053455638146449,0.5,,,LYS,2,,Non-essential,84.7
LRRC15,0.32110209758471897,1073,0.4285714282112846,0.053898606581678,0.0423975960778111,0.5,,,TYR,7,,Non-essential,83.6
ANTXR1,0.32102372365477827,1074,0.2773109241367135,0.3826860361695819,0.0207939269334176,0.5,,,LYS,5,,Non-essential,72.4
IL1RAPL1,0.3209942720238178,1075,0.252100840124285,0.333530981322265,0.0178143286414676,0.5,,,LYS,8,,Non-essential,76.7
FCRL5,0.3208826623752187,1076,0.352941176173999,0.1934183219685739,0.0223185196900205,0.5,,,LYS,4,,Non-essential,76.0
SERINC5,0.3207924404057504,1077,0.3781512601864275,0.1418321968573969,0.0444409299383204,0.5,,,LYS,9,,Non-essential,77.6
GRM2,0.32077306408827133,1078,0.252100840124285,0.2517047139045359,0.0205345563814644,0.5,,,LYS,5,,Non-essential,85.7
TSPAN15,0.3207411491049442,1079,0.352941176173999,0.1268307144974799,0.0216985608097422,0.5,,,CYS,7,,Non-essential,87.6
PCDH1,0.32061472212120057,1080,0.3277310921615705,0.2434034983694041,0.0135062470346354,0.5,,,LYS,4,,Non-essential,76.2
CLSTN2,0.32008717705237577,1081,0.2184873947743803,0.2993774088348651,0.0669492329590384,0.5,,,LYS,19,,Non-essential,78.9
CHRNB4,0.3200853087198323,1082,0.3277310921615705,0.2218796323747405,0.0063830460224576,0.5,,,LYS,3,,Non-essential,81.3
GABRR2,0.3200248173973994,1083,0.2605042014617612,0.3348947524458938,0.0045990827139016,0.5,,,LYS,1,,Non-essential,76.6
ABCB5,0.3198169900400263,1084,0.2605042014617612,0.174503409427809,0.0759512889451209,0.5,,,LYS,13,,Non-essential,85.0
SLC22A6,0.3197617476177972,1085,0.2605042014617612,0.1748591758078861,0.0873193104538984,0.5,,,LYS,12,,Non-essential,83.0
FOLR2,0.31957991115268425,1086,0.3277310921615705,0.1623480581085087,0.0233876324529495,0.5,,,LYS,6,,Non-essential,89.2
CNTN3,0.3195178981638196,1087,0.1932773107619518,0.3114141713608063,0.0075786810058516,0.5,,,LYS,3,,Non-essential,86.7
GPR158,0.31951538186289896,1088,0.3445378148365229,0.3192410317225022,0.0686636090463387,0.5,,,LYS,13,,Non-essential,58.0
SIRPA,0.3195052404215728,1089,0.2352941174493327,0.3877853542840201,0.0071232010121777,0.5,,,LYS,2,,Non-essential,77.8
GNRHR,0.31947141466752216,1090,0.2605042014617612,0.2638600652238363,0.0273667562865728,0.5,,,LYS,8,,Non-essential,84.2
OR10J6P,0.31939658818193517,1091,0.2605042014617612,0.2894159501927068,0.0399367388897675,0.5,,,LYS,8,,No data,84.6
IL17RB,0.31933321534898507,1092,0.3445378148365229,0.1895641861844055,0.0149296220148663,0.5,,,LYS,5,,Non-essential,79.5
LRRTM4,0.319203656915787,1093,0.2436974787868088,0.342425140824192,0.060471295271232,0.5,,,LYS,12,,Non-essential,74.0
OR2A2,0.31920260283561275,1094,0.2605042014617612,0.2013044767269493,0.0350782856239127,0.5,,,LYS,8,,Non-essential,87.1
GJB3,0.31919581356812443,1095,0.4705882348986654,0.0509931811443818,0.0187505930729084,0.5,,,CYS,3,,Non-essential,78.4
LPAR3,0.3190988276822184,1096,0.3193277308240944,0.1688111473465757,0.0575233275343982,0.5,,,LYS,8,,Non-essential,81.4
SLC1A4,0.31908055566051463,1097,0.3445378148365229,0.1428994959976282,0.0493310137592914,0.5,,,LYS,9,,Non-essential,80.5
LPAR4,0.31902556435394314,1098,0.2605042014617612,0.2482656388971242,0.0447319310453898,0.5,,,LYS,12,,Non-essential,82.6
KLRF2,0.31900469322332325,1099,0.2605042014617612,0.3165134894752445,0.0133797248141704,0.5,,,LYS,5,,Non-essential,82.4
TSPAN13,0.31896779687213983,1100,0.4117647055363322,0.0144678327898013,0.0251652696504823,0.5,,,CYS,4,,Non-essential,90.0
SEMA6A,0.3188802987550944,1101,0.1932773107619518,0.4224725763415357,0.0733322789814961,0.5,,,LYS,6,,Non-essential,70.0
OR52I1,0.3188453856933522,1102,0.2605042014617612,0.2121553513193003,0.0569413253202593,0.5,,,LYS,11,,Non-essential,85.5
LRIT3,0.31883727625388214,1103,0.2605042014617612,0.3284316632078268,0.0711244662343824,0.5,,,LYS,10,,Non-essential,69.6
GRIN2A,0.3187312445276941,1104,0.252100840124285,0.4147050103765194,0.0483251621065949,0.5,,,LYS,10,,Non-essential,60.8
SLC8B1,0.3185828333482196,1105,0.2436974787868088,0.1833975689297361,0.1283947493278507,0.5,,,LYS,7,,Non-essential,80.7
EBP,0.3185701082391774,1106,0.3697478988489514,0.038897124221761,0.0342685434129369,0.5,,,TYR,5,,Non-essential,95.6
SLC6A4,0.31834095905543514,1107,0.2436974787868088,0.2018381262970649,0.0842448204965997,0.5,,,LYS,15,,Non-essential,84.7
MSLNL,0.31828199126215856,1108,0.2605042014617612,0.3941298547287281,0.0176498497548632,0.5,,,LYS,8,,No data,74.3
PLXNA2,0.31822850359854493,1109,0.1848739494244757,0.2766083605099317,0.0694417207021983,0.5,,,LYS,12,,Non-essential,84.5
PTPRD,0.3181848272200304,1110,0.2184873947743803,0.273406463089238,0.0329084295429384,0.5,,,LYS,2,,Non-essential,82.8
P2RY6,0.3181808033213681,1111,0.3949579828613799,0.0418618440557367,0.0338446939743792,0.5,,,LYS,10,,Non-essential,85.9
TMIGD1,0.3181320047541423,1112,0.2605042014617612,0.2547287281351912,0.0058010438083188,0.5,,,LYS,2,,Non-essential,87.8
ADORA2B,0.318066571543853,1113,0.3109243694866181,0.159146160687815,0.0275312351731772,0.5,,,LYS,4,,Non-essential,88.1
PCDH18,0.31805256595873543,1114,0.2352941174493327,0.4189149125407648,0.0082302704412462,0.5,,,LYS,5,,Non-essential,68.8
CXADR,0.3180081527718751,1115,0.5378151255984748,0.0011265935369107,0.0006452633243713,0.5,,,SER,1,,Non-essential,79.3
PLXNB1,0.3179295708085982,1116,0.1848739494244757,0.1913430180847909,0.2192123991776055,0.5,,,LYS,20,,Non-essential,75.2
CXCR1,0.3179097092304375,1117,0.252100840124285,0.2254965905721909,0.0894259054246402,0.5,,,LYS,10,,Non-essential,78.1
TM4SF4,0.3178870935864233,1118,0.2689075627992374,0.2870441743255262,0.0322568401075438,0.5,,,LYS,9,,Non-essential,76.7
SLCO1B1,0.3178360530385176,1119,0.2605042014617612,0.1940112659353691,0.1050387474300174,0.5,,,LYS,23,,Non-essential,80.3
FFAR2,0.3177042092145761,1120,0.2689075627992374,0.2331455677438481,0.0122410248299857,0.5,,,LYS,5,,Non-essential,88.1
HLA-DQB2,0.31759945083878394,1121,0.4789915962361415,0.0019567150904239,0.0058010438083188,0.5,,,SER,1,,Non-essential,86.3
CHRNA3,0.31739846759768797,1122,0.2605042014617612,0.2949303290839015,0.0104317570773367,0.5,,,LYS,3,,Non-essential,81.1
OR2T3,0.3173703387316368,1123,0.2605042014617612,0.01950785650756,0.0167135853234224,0.5,,,CYS,7,,Essential,88.2
FCRL6,0.3173624874058242,1124,0.2689075627992374,0.3306255558849688,0.0095524276451051,0.5,,,LYS,3,,Non-essential,76.2
TMPRSS11B,0.31734092912499534,1125,0.2184873947743803,0.2431070263860065,0.0244883757709947,0.5,,,LYS,7,,Non-essential,91.5
LY6D,0.3172896276908608,1126,0.2436974787868088,0.3522680106729913,0.0105582792978016,0.5,,,LYS,5,,Non-essential,79.3
GPR132,0.31724264140722547,1127,0.3193277308240944,0.1908686629113548,0.0371848805946544,0.5,,,LYS,11,,Non-essential,79.5
APLNR,0.31722226153804556,1128,0.3613445375114751,0.1011562407352505,0.0752743950656334,0.5,,,LYS,16,,Non-essential,81.7
OR2A5,0.3172070704803821,1129,0.2605042014617612,0.2011265935369107,0.0132785070377985,0.5,,,LYS,6,,Non-essential,88.4
TPO,0.31708073982115836,1130,0.2100840334369042,0.3011562407352505,0.0466424165744108,0.5,,,LYS,5,,Non-essential,83.5
GNRHR2,0.31705910022311756,1131,0.2268907561118565,0.4100800474355173,0.0251020085402498,0.5,,,LYS,4,,No data,75.7
TSPAN33,0.31695639373904316,1132,0.3613445375114751,0.0821820337978061,0.0234192630080657,0.5,,,CYS,2,,Non-essential,89.2
OR6Y1,0.3168479427466261,1133,0.2605042014617612,0.2206344500444707,0.0259750118614581,0.5,,,LYS,7,,Non-essential,86.2
OR4K1,0.31666182681609345,1134,0.2605042014617612,0.1064927364364067,0.061186145816859,0.5,,,LYS,10,,Context-dependent,83.9
DPP6,0.3165787888116832,1135,0.201680672099428,0.3001482359916987,0.0281448679424323,0.5,,,LYS,10,,Non-essential,86.7
HLA-DOA,0.316540455196473,1136,0.403361344198856,0.0361695819745034,0.0093310137592914,0.5,,,TYR,4,,Non-essential,89.4
SEMA4C,0.3164882099665066,1137,0.252100840124285,0.251823302697895,0.0574916969792819,0.5,,,LYS,18,,Non-essential,81.7
FAM171A1,0.3162882375378486,1138,0.2689075627992374,0.4651052475541061,0.0422014866360904,0.5,,,LYS,4,,Non-essential,57.1
TECTB,0.31618052281856057,1139,0.2605042014617612,0.3609842869848799,0.0197880752807211,0.5,,,LYS,7,,Non-essential,67.9
PCDHGA2,0.31610512256764267,1140,0.2184873947743803,0.3820337978061073,0.0073825715641309,0.5,,,LYS,1,,Non-essential,74.9
KCNJ12,0.3159905030538792,1141,0.2352941174493327,0.3328194485621108,0.0075154198956191,0.5,,,LYS,4,,Non-essential,80.7
PTAFR,0.3159274557697709,1142,0.403361344198856,0.025970945745627,0.0344646528546575,0.5,,,TYR,9,,Non-essential,86.5
LRP4,0.3159023234141942,1143,0.2268907561118565,0.2813519122442929,0.0625462596868575,0.5,,,LYS,4,,Non-essential,77.1
CDH17,0.3158724855073344,1144,0.2689075627992374,0.1883782982508152,0.02334967578681,0.5,,,LYS,8,,Non-essential,86.7
CACNA1I,0.3158526936162803,1145,0.2436974787868088,0.2891194782093092,0.1800221413885813,0.5,,,LYS,15,,Non-essential,59.7
MSR1,0.31583808842823,1146,0.403361344198856,0.2309516750667061,0.0285370868258737,0.5,,,LYS,2,,Non-essential,67.4
CTNS,0.31582937006798883,1147,0.252100840124285,0.1759857693447969,0.0595350308397912,0.5,,,LYS,8,,Non-essential,89.4
PCDHGB6,0.31582392992410524,1148,0.2184873947743803,0.365965016305959,0.0110453898465918,0.5,,,LYS,4,,Non-essential,75.1
OR2T7,0.31572645963556545,1149,0.2605042014617612,0.288407945449155,0.0150941009014708,0.5,,,LYS,7,,No data,84.2
CD74,0.3156676494532732,1150,0.4285714282112846,0.1855914616068781,0.0115325003953819,0.5,,,LYS,2,,Non-essential,69.9
IGSF3,0.31561415869802856,1151,0.453781512223713,0.0,0.0088439032105013,0.5,,,,0,,Non-essential,81.5
OR6B2,0.3154454631052207,1152,0.2605042014617612,0.1994663504298843,0.0446307132690178,0.5,,,LYS,10,,Non-essential,85.0
ERMP1,0.3153639894603374,1153,0.352941176173999,0.0067595612214645,0.0978839158627234,0.5,,,CYS,11,,Non-essential,88.9
LRP6,0.3151431443735976,1154,0.2605042014617612,0.2167803142603024,0.0638051557804839,0.5,,,LYS,8,,Non-essential,79.2
ABCG2,0.31511432151958807,1155,0.252100840124285,0.2085383931218499,0.0489071643207338,0.5,,,LYS,8,,Non-essential,85.2
SLC37A3,0.31507493714197865,1156,0.2605042014617612,0.2319596798102579,0.0267847540724339,0.5,,,LYS,3,,Non-essential,84.4
EVA1C,0.3150492740434352,1157,0.201680672099428,0.4253187073821523,0.0448268227107385,0.5,,,LYS,11,,Non-essential,70.2
MFSD2A,0.3149069697771736,1158,0.2941176468116659,0.0109101689890305,0.2204776213822552,0.5,,,LYS,19,,Non-essential,80.6
NIPAL4,0.3148636997741108,1159,0.2436974787868088,0.2658760747109398,0.0713205756761031,0.5,,,LYS,15,,Non-essential,79.3
HEPHL1,0.31473199706111943,1160,0.2773109241367135,0.1135487696412688,0.0844725604934366,0.5,,,LYS,5,,Non-essential,89.5
OR1M1,0.3147272404404604,1161,0.2605042014617612,0.165727838719241,0.0407781116558595,0.5,,,LYS,6,,Non-essential,89.2
CD300LG,0.31468934967544027,1162,0.201680672099428,0.4907797213163355,0.0205661869365807,0.5,,,LYS,6,,Non-essential,68.7
TMEM26,0.31463948973544986,1163,0.3109243694866181,0.2076489771716572,0.0253930096473193,0.5,,,LYS,5,,Non-essential,77.5
RHAG,0.314636311193098,1164,0.252100840124285,0.1905721909279572,0.0084833148821761,0.5,,,LYS,5,,Non-essential,95.6
LRRC4C,0.3145853341776139,1165,0.2352941174493327,0.3000296471983397,0.0647793768780642,0.5,,,LYS,5,,Non-essential,75.8
P2RX1,0.31452480905563196,1166,0.1932773107619518,0.2808775570708567,0.0176498497548632,0.5,,,LYS,4,,Non-essential,87.8
SEMA6B,0.31452433701863336,1167,0.2184873947743803,0.320604802846131,0.0879076387790605,0.5,,,LYS,6,,Non-essential,73.8
OR6B3,0.3142684841664536,1168,0.2605042014617612,0.2316039134301808,0.0386082555748853,0.5,,,LYS,12,,Non-essential,82.3
CDH18,0.3141355253833533,1169,0.2268907561118565,0.3146753631781796,0.0208888185987664,0.5,,,LYS,7,,Non-essential,77.6
NRXN3,0.31412892955051297,1170,0.2352941174493327,0.2896531277794248,0.0523738731614739,0.5,,,LYS,5,,Non-essential,75.4
CNTN4,0.313980799115555,1171,0.2100840334369042,0.2641565372072338,0.0066424165744108,0.5,,,LYS,6,,Non-essential,86.4
GPR156,0.31396883370612483,1172,0.2605042014617612,0.3784761340053365,0.1257377826980863,0.5,,,LYS,21,,Non-essential,55.5
CNTN1,0.31394719368098867,1173,0.2100840334369042,0.2717462199822116,0.0028847066266012,0.5,,,LYS,2,,Non-essential,87.2
MFAP3L,0.3137940854429284,1174,0.252100840124285,0.4683664393714793,0.0064779376878064,0.5,,,LYS,5,,Non-essential,61.6
OR4F17,0.31379026176145197,1175,0.2605042014617612,0.0014230655203083,0.0148979914597501,0.5,,,CYS,5,,Essential,89.4
PIGR,0.3137687493017485,1176,0.4873949575736176,0.006463089238067,0.0181369603036533,0.5,,,TYR,5,,Non-essential,76.7
CLDND1,0.3137399339843683,1177,0.1932773107619518,0.2756596501630596,0.0259433813063419,0.5,,,LYS,9,,Non-essential,87.1
TAAR9,0.31373848967437135,1178,0.2605042014617612,0.1019863622887637,0.0935758342558912,0.5,,,LYS,19,,Non-essential,90.4
TMEM145,0.3137191773690402,1179,0.2689075627992374,0.1471686925585532,0.1432927407876008,0.5,,,LYS,17,,Non-essential,78.5
CCR7,0.31368379612279007,1180,0.2773109241367135,0.2163652534835457,0.0589150719595128,0.5,,,LYS,16,,Non-essential,78.4
OPRD1,0.31366176311018656,1181,0.2689075627992374,0.2243699970352801,0.038804365016606,0.5,,,LYS,9,,Non-essential,80.0
ADRA1D,0.31361815080416455,1182,0.2436974787868088,0.3717165727838719,0.0817523327534398,0.5,,,LYS,13,,Non-essential,64.8
SLC26A8,0.3135529448099267,1183,0.2605042014617612,0.348532463682182,0.0251020085402498,0.5,,,LYS,6,,Non-essential,68.6
ACE2,0.3135242126101955,1184,0.2689075627992374,0.1150311295582567,0.0804554799936738,0.5,,,LYS,10,,Non-essential,90.7
TAS2R16,0.31343736611447937,1185,0.2605042014617612,0.2190927957308034,0.0229637830143919,0.5,,,LYS,4,,Non-essential,82.5
IL23R,0.31341916180226825,1186,0.2689075627992374,0.3693447969166913,0.0211165585956033,0.5,,,LYS,2,,Non-essential,68.2
OR6A2,0.3133329974265533,1187,0.2605042014617612,0.1933590275718944,0.0431757077336707,0.5,,,LYS,12,,Non-essential,83.9
TM9SF2,0.31330414353510594,1188,0.3445378148365229,0.0052772013044767,0.1165712478253993,0.5,,,TYR,9,,Non-essential,84.8
CACNG6,0.31311232248350884,1189,0.252100840124285,0.3170471390453602,0.0083884232168274,0.5,,,LYS,3,,Non-essential,77.7
BTN3A1,0.3131050850959134,1190,0.2941176468116659,0.150607767565965,0.0032705993990194,0.5,,,LYS,1,,Non-essential,89.6
LAMP5,0.3130567726215576,1191,0.4285714282112846,0.0364067595612214,0.0036628182824608,0.5,,,LYS,7,,Non-essential,86.5
RNF149,0.31303916149438415,1192,0.2773109241367135,0.3273643640675955,0.0071927882334334,0.5,,,LYS,2,,Non-essential,74.3
MAS1L,0.3128267232907307,1193,0.2605042014617612,0.2994367032315446,0.0995666613949074,0.5,,,LYS,13,,Non-essential,66.9
ATRAID,0.3128178769894525,1194,0.3193277308240944,0.1740883486510524,0.000841372766092,0.5,,,LYS,1,,Non-essential,87.0
LILRA2,0.3127929806025873,1195,0.2773109241367135,0.1928253780017788,0.0115008698402656,0.5,,,LYS,3,,Non-essential,86.1
CD320,0.3127889965055656,1196,0.3109243694866181,0.4155351319300326,0.0107543887395223,0.5,,,LYS,5,,Non-essential,63.8
GJB7,0.31272738232506037,1197,0.2857142854741897,0.1942484435220871,0.0292456112604776,0.5,,,LYS,6,,Non-essential,83.3
OR4K13,0.31268763597056504,1198,0.2605042014617612,0.1872517047139045,0.0415562233117191,0.5,,,LYS,13,,Non-essential,84.2
OR10S1,0.3126319979319576,1199,0.2605042014617612,0.2421583160391342,0.0708714217934524,0.5,,,LYS,11,,No data,84.9
TAS2R20,0.31261335441981963,1200,0.252100840124285,0.159501927067892,0.04893879487585,0.5,,,LYS,9,,Non-essential,87.2
SLC7A3,0.3126126411468816,1201,0.2436974787868088,0.2340349836940408,0.0239063735568559,0.5,,,LYS,3,,Non-essential,83.7
OR2M7,0.3125878967561928,1202,0.2605042014617612,0.1459828046249629,0.0723264273287996,0.5,,,LYS,13,,Non-essential,85.3
GGT1,0.3125258009831354,1203,0.3865546215239037,0.0035576638007708,0.0168780642100268,0.5,,,SER,6,,Non-essential,94.8
GPR171,0.31239175230244143,1204,0.3109243694866181,0.0990809368514675,0.0382223628024671,0.5,,,LYS,13,,Non-essential,87.7
KREMEN2,0.31225002908278054,1205,0.3781512601864275,0.1198932700859768,0.0731678000948916,0.5,,,CYS,7,,Non-essential,76.8
SLC5A9,0.3122479104195782,1206,0.2268907561118565,0.2451823302697894,0.0384437766882808,0.5,,,LYS,14,,Non-essential,82.9
DSCAML1,0.31224167264060776,1207,0.2268907561118565,0.3315149718351615,0.0315799462280563,0.5,,,LYS,11,,Non-essential,69.4
ITGA2B,0.31221708533301307,1208,0.2352941174493327,0.1979839905128965,0.0474837893405029,0.5,,,LYS,4,,Non-essential,88.1
CLDN20,0.31199696476183947,1209,0.2605042014617612,0.2643937147939519,0.0024608571880436,0.5,,,LYS,6,,Non-essential,82.2
LGR5,0.3119928883615848,1210,0.2352941174493327,0.2641565372072338,0.0391902577890242,0.5,,,LYS,6,,Non-essential,80.2
CLRN2,0.3119600962083644,1211,0.2605042014617612,0.1953750370589979,0.0047951921556223,0.5,,,LYS,1,,Non-essential,91.3
SLCO1B7,0.3118631611510142,1212,0.2605042014617612,0.2249036466053957,0.1127819073224735,0.5,,,LYS,19,,No data,82.3
GRIA1,0.31183069086383,1213,0.2184873947743803,0.2672398458345686,0.038804365016606,0.5,,,LYS,7,,Non-essential,81.0
PGAP1,0.31171316456019227,1214,0.2352941174493327,0.1884968870441743,0.0359512889451209,0.5,,,LYS,6,,Non-essential,89.1
CD200,0.3116983497544117,1215,0.2605042014617612,0.2354580492143492,0.0034034477305076,0.5,,,LYS,2,,Non-essential,86.6
HRH4,0.31169339274566255,1216,0.2605042014617612,0.2639786540171954,0.0323580578839158,0.5,,,LYS,11,,Non-essential,76.3
PLD5,0.3115914456775428,1217,0.2268907561118565,0.2627334716869255,0.0476103115609679,0.5,,,LYS,10,,Non-essential,83.1
NPR3,0.3115453092207394,1218,0.2184873947743803,0.2943966795137859,0.0152206231219357,0.5,,,LYS,3,,Non-essential,84.1
PCDHGB7,0.3114594337761627,1219,0.1932773107619518,0.3793062555588496,0.0093942748695239,0.5,,,LYS,4,,Non-essential,75.1
IZUMO1,0.31135931663598226,1220,0.252100840124285,0.2968870441743255,0.0027834888502293,0.5,,,LYS,2,,Non-essential,81.1
ZFYVE27,0.31135253834050547,1221,0.2184873947743803,0.4165431366735843,0.0076103115609678,0.5,,,LYS,4,,Non-essential,70.1
TNFRSF9,0.311259654059578,1222,0.4957983189110939,0.0,0.0005503716590226,0.5,,,,0,,Non-essential,82.0
HLA-DPA1,0.31112108598333765,1223,0.4117647055363322,0.0030240142306552,0.0088755337656175,0.5,,,SER,1,,Non-essential,90.1
SLC3A1,0.31097035937381234,1224,0.2268907561118565,0.2388378298250815,0.0229005219041594,0.5,,,LYS,5,,Non-essential,87.0
FCGR3A,0.31093471541395445,1225,0.4705882348986654,0.0005336495701156,0.0009046338763245,0.5,,,SER,1,,Non-essential,85.7
CHRNA10,0.3108673223219801,1226,0.252100840124285,0.2426326712125704,0.0225778902419737,0.5,,,LYS,2,,Non-essential,82.2
PTPRU,0.3107887384831315,1227,0.2689075627992374,0.1419507856507559,0.0848584532658548,0.5,,,LYS,9,,Non-essential,81.5
CACNG5,0.3107531183934993,1228,0.2605042014617612,0.3179958493922324,0.0261394907480626,0.5,,,LYS,6,,Non-essential,73.1
SLC6A8,0.31072889942697257,1229,0.2605042014617612,0.1421286688407945,0.0943855764668669,0.5,,,LYS,11,,Non-essential,84.6
ADAM11,0.3107254059695027,1230,0.2352941174493327,0.2190335013341239,0.0774758817017238,0.5,,,LYS,14,,Non-essential,79.8
ACKR4,0.3107249683931722,1231,0.2352941174493327,0.1970945745627038,0.0774126205914913,0.5,,,LYS,10,,Non-essential,81.7
OR51G1,0.3104561685148943,1232,0.2605042014617612,0.2362288763711829,0.0449217143760873,0.5,,,LYS,7,,No data,87.7
TAS2R3,0.3103790827655659,1233,0.2605042014617612,0.1217313963830418,0.0755337656175865,0.5,,,LYS,10,,Non-essential,87.0
QRFPR,0.3103298654824177,1234,0.2773109241367135,0.1829232137563,0.0690874584848964,0.5,,,LYS,8,,Non-essential,78.8
CHRNB2,0.3103284899324238,1235,0.2689075627992374,0.2403201897420693,0.0176878064210026,0.5,,,LYS,3,,Non-essential,80.3
SLC1A5,0.3102911511522377,1236,0.3613445375114751,0.1048324933293803,0.040942590542464,0.5,,,LYS,11,,Non-essential,78.3
OR10A6,0.3102320116513475,1237,0.2605042014617612,0.2098428698487992,0.0461869365807369,0.5,,,LYS,8,,No data,86.5
GRPR,0.310203971587504,1238,0.2773109241367135,0.140112659353691,0.1142685434129369,0.5,,,LYS,19,,Non-essential,78.5
FCGR2B,0.3101959989634173,1239,0.2941176468116659,0.2900681885561814,0.0022647477463229,0.5,,,LYS,2,,Non-essential,78.4
ADRA2C,0.31017161489769185,1240,0.201680672099428,0.3723688111473465,0.0483884232168274,0.5,,,LYS,3,,Non-essential,72.8
PTH2R,0.3101620520123318,1241,0.302521008149142,0.258286391935962,0.0283726079392693,0.5,,,LYS,7,,Non-essential,71.6
SLC52A1,0.31010477899762867,1242,0.352941176173999,0.0361695819745034,0.078677842796141,0.5,,,CYS,5,,Non-essential,83.8
OSTM1,0.31010157970889385,1243,0.252100840124285,0.3345982804624962,0.0292835679266171,0.5,,,LYS,11,,Non-essential,73.9
OR6T1,0.3100885790403015,1244,0.2605042014617612,0.2277497776460124,0.0675628657282935,0.5,,,LYS,14,,Non-essential,76.4
CNTN2,0.309991941254803,1245,0.2352941174493327,0.2030240142306552,0.0233180452316938,0.5,,,LYS,8,,Non-essential,85.7
PCDHB13,0.3099590763128577,1246,0.2605042014617612,0.2311888526534242,0.0099762770836628,0.5,,,LYS,1,,Non-essential,81.2
APLP1,0.3098183861912729,1247,0.252100840124285,0.3347168692558553,0.0487490115451526,0.5,,,LYS,5,,Non-essential,68.0
ZP3,0.30979216477647775,1248,0.453781512223713,0.0464275126000592,0.0078064210026885,0.5,,,LYS,1,,Non-essential,77.7
CLDN16,0.30978467716967195,1249,0.3445378148365229,0.163771123628817,0.0154799936738889,0.5,,,LYS,4,,Non-essential,77.0
GPR83,0.3097142322404004,1250,0.252100840124285,0.2225911651348947,0.0943539459117507,0.5,,,LYS,12,,Non-essential,76.0
OR10Z1,0.3096918492908548,1251,0.2605042014617612,0.2049214349243996,0.0214075597026727,0.5,,,LYS,7,,Non-essential,85.9
ABCG4,0.30949783869477787,1252,0.252100840124285,0.1777053068485028,0.05415783647003,0.5,,,LYS,9,,Non-essential,83.2
GABRB1,0.30938272593835403,1253,0.1932773107619518,0.3699377408834864,0.0143792503558437,0.5,,,LYS,3,,Non-essential,77.5
NIPAL2,0.3093360037996542,1254,0.2352941174493327,0.2480877557070856,0.0534746164795192,0.5,,,LYS,7,,Non-essential,79.3
SLC1A2,0.3093218822390894,1255,0.2436974787868088,0.277557070856804,0.026430491855132,0.5,,,LYS,3,,Non-essential,77.8
ADAM21,0.3091585895558434,1256,0.2605042014617612,0.212926178476134,0.0217365174758817,0.5,,,LYS,5,,Non-essential,83.1
GPR18,0.30911258036932987,1257,0.2857142854741897,0.168040320189742,0.0133797248141704,0.5,,,LYS,4,,Non-essential,86.3
SDK1,0.30907223910754233,1258,0.2773109241367135,0.1766380077082715,0.0885845326585481,0.5,,,LYS,11,,Non-essential,72.2
DSCAM,0.30902683117033525,1259,0.2605042014617612,0.2773198932700859,0.0256840107543887,0.5,,,LYS,3,,Non-essential,69.6
SGCE,0.3090226122049685,1260,0.201680672099428,0.3925289060183812,0.0084833148821761,0.5,,,LYS,4,,Non-essential,74.2
GPR19,0.3089219222380464,1261,0.352941176173999,0.1972724577527423,0.0081606832199905,0.5,,,LYS,5,,Non-essential,74.4
PRLR,0.30888738244700753,1262,0.3109243694866181,0.3050103765194188,0.0822710738573462,0.5,,,LYS,6,,Non-essential,61.0
TNFRSF19,0.3088758727100722,1263,0.3277310921615705,0.3730210495108211,0.003694448837577,0.5,,,LYS,4,,Non-essential,60.3
CD63,0.3088609416807834,1264,0.3193277308240944,0.086095463978654,0.0155495808951447,0.5,,,CYS,2,,Non-essential,90.6
DSC2,0.3088254129508554,1265,0.4789915962361415,0.0115624073525051,0.0083251621065949,0.5,,,TYR,4,,Non-essential,76.8
CACNG3,0.30875649931817395,1266,0.2605042014617612,0.382804624962941,0.0143476198007275,0.5,,,LYS,4,,Non-essential,68.1
TAS2R38,0.30871159654743396,1267,0.2605042014617612,0.2068781500148235,0.0155495808951447,0.5,,,LYS,3,,Non-essential,82.2
HLA-DQB1,0.3086876310185397,1268,0.4369747895487607,0.0014823599169878,0.0067373082397596,0.5,,,SER,1,,Non-essential,86.9
ALPP,0.30857335798353003,1269,0.403361344198856,0.0050993181144381,0.0080657915546417,0.5,,,SER,3,,Non-essential,93.4
IL6R,0.30849263733140786,1270,0.2100840334369042,0.3523273050696709,0.0150308397912383,0.5,,,LYS,3,,Non-essential,77.9
UPK1B,0.30842848273363777,1271,0.3109243694866181,0.0272754224725763,0.0877115293373398,0.5,,,CYS,8,,Non-essential,86.5
CD48,0.3083767645603346,1272,0.4621848735611892,0.0016602431070263,0.0024924877431598,0.5,,,SER,3,,Non-essential,82.8
SLC39A4,0.3083175672096099,1273,0.4285714282112846,0.0425733768158908,0.0343001739680531,0.5,,,CYS,4,,Non-essential,74.9
ANTXRL,0.30827891017942877,1274,0.2436974787868088,0.3714201008004743,0.0438526016131583,0.5,,,LYS,4,,Non-essential,63.1
LILRB2,0.3081552548998938,1275,0.3193277308240944,0.2026682478505781,0.0154483631187727,0.5,,,LYS,3,,Non-essential,75.9
OR6K3,0.3080484531585693,1276,0.2605042014617612,0.1347168692558553,0.0608951447097896,0.5,,,CYS,5,,Non-essential,87.6
CEACAM1,0.3080291924066417,1277,0.3949579828613799,0.0798102579306255,0.0021382255258579,0.5,,,CYS,2,,Non-essential,81.5
FCRL3,0.3080079077173774,1278,0.2941176468116659,0.2049807293210791,0.0259117507512256,0.5,,,LYS,6,,Non-essential,77.2
PCDHA11,0.3078358520628308,1279,0.3193277308240944,0.2189742069374444,0.0110453898465918,0.5,,,LYS,3,,Non-essential,73.5
GPR55,0.30783499887266896,1280,0.2605042014617612,0.1640675956122146,0.0214771469239285,0.5,,,LYS,5,,Non-essential,87.4
CHRNB3,0.3078194033163446,1281,0.2605042014617612,0.197924696116217,0.0180420686383046,0.5,,,LYS,6,,Non-essential,83.3
OPN3,0.30767653339208034,1282,0.3781512601864275,0.0875778238956418,0.0361157678317254,0.5,,,LYS,10,,Non-essential,79.8
GPRC6A,0.3076714258127682,1283,0.2605042014617612,0.1905128965312778,0.0292139807053613,0.5,,,LYS,7,,Non-essential,84.1
CLDN10,0.3076652149659662,1284,0.3193277308240944,0.1907500741179958,0.0029163371817175,0.5,,,LYS,3,,Non-essential,80.1
TMEM25,0.3076319377667228,1285,0.2773109241367135,0.3505484731692854,0.0444725604934366,0.5,,,LYS,3,,Non-essential,62.9
CLSTN3,0.3075971107450771,1286,0.2941176468116659,0.1935962051586125,0.0362422900521904,0.5,,,LYS,9,,Non-essential,77.3
RNF130,0.3072278467293523,1287,0.2689075627992374,0.2649273643640675,0.023577415783647,0.5,,,LYS,5,,Non-essential,74.0
CD93,0.3071970480756142,1288,0.2436974787868088,0.2896531277794248,0.0237102641151352,0.5,,,LYS,9,,Non-essential,72.3
CRIM1,0.30714777619836997,1289,0.2268907561118565,0.3166320782686036,0.0539933575834255,0.5,,,LYS,19,,Non-essential,67.1
TRPV5,0.3070921059878605,1290,0.2605042014617612,0.1950192706789208,0.0248110074331804,0.5,,,LYS,6,,Non-essential,82.5
GRIK3,0.3070683108100791,1291,0.2268907561118565,0.1917580788615475,0.0764700300490273,0.5,,,LYS,8,,Non-essential,82.3
BMPR2,0.30701343403733217,1292,0.2773109241367135,0.2767269493032908,0.1487015657124782,0.5,,,LYS,14,,Non-essential,57.4
OMG,0.3069147519529821,1293,0.2268907561118565,0.3694040913133709,0.0415562233117191,0.5,,,LYS,5,,Non-essential,67.0
HLA-DRB5,0.3069123855335951,1294,0.4369747895487607,0.0024903646605395,0.002853076071485,0.5,,,SER,1,,Non-essential,86.8
IL10RA,0.3068565534039668,1295,0.2689075627992374,0.4121553513193002,0.0014929622014866,0.5,,,LYS,1,,Non-essential,62.0
OR5H1,0.3068234659015193,1296,0.2605042014617612,0.2096056922620812,0.049881385418314,0.5,,,LYS,8,,No data,87.7
ELFN1,0.3067988083652774,1297,0.2689075627992374,0.3373258227097538,0.0755337656175865,0.5,,,LYS,11,,Non-essential,61.8
ADRA2B,0.30666304905363806,1298,0.2268907561118565,0.3309220278683664,0.0372797722600031,0.5,,,LYS,3,,Non-essential,71.6
SLC22A25,0.30662917793152533,1299,0.2605042014617612,0.0179069077972131,0.1576087300332121,0.5,,,CYS,8,,Non-essential,87.8
OR7A10,0.30662590612898366,1300,0.2605042014617612,0.0418618440557367,0.05713743476198,0.5,,,TYR,9,,Context-dependent,87.9
OR8H3,0.3063376338207563,1301,0.2605042014617612,0.1274829528609546,0.0420749644156255,0.5,,,LYS,7,,Non-essential,88.2
LY9,0.30631790569015405,1302,0.3277310921615705,0.2702045656685443,0.0142210975802625,0.5,,,LYS,8,,Non-essential,66.1
SLC26A1,0.30627264784933295,1303,0.2352941174493327,0.196086569819152,0.0516590226158469,0.5,,,LYS,10,,Non-essential,82.6
GPRC5C,0.306263068610123,1304,0.3445378148365229,0.221701749184702,0.0169413253202593,0.5,,,LYS,5,,Non-essential,70.8
ASTN2,0.3061775850839702,1305,0.2773109241367135,0.3606285206048027,0.0256207496441562,0.5,,,LYS,5,,Non-essential,64.2
LRRC37A2,0.3060815803292062,1306,0.3445378148365229,0.2764304773198933,0.0638051557804839,0.5,,,LYS,11,,Context-dependent,42.1
LILRA1,0.30607843396941004,1307,0.2689075627992374,0.1821523865994663,0.018105329748537,0.5,,,LYS,4,,Non-essential,83.9
SV2C,0.30604831193231374,1308,0.2605042014617612,0.1961458642158316,0.0594654436185355,0.5,,,LYS,7,,Non-essential,78.0
SLC38A8,0.30601763392211156,1309,0.3109243694866181,0.1181737325822709,0.0277589751700142,0.5,,,LYS,5,,Non-essential,83.7
SIRPG,0.3059899887046028,1310,0.4369747895487607,0.0,0.0057314565870631,0.5,,,,0,,Non-essential,85.5
FZD2,0.3059067817725851,1311,0.3781512601864275,0.0208123332345093,0.0515325003953819,0.5,,,LYS,15,,Non-essential,83.4
OR8H2,0.30590565535297776,1312,0.2605042014617612,0.1220278683664393,0.0468701565712478,0.5,,,LYS,10,,Non-essential,88.4
ENPP5,0.30577462106381936,1313,0.352941176173999,0.0572190927957308,0.0339775423058674,0.5,,,TYR,4,,Non-essential,88.1
TYRP1,0.305664398469611,1314,0.252100840124285,0.1433145567743848,0.049881385418314,0.5,,,LYS,8,,Non-essential,91.7
TAAR6,0.30562159334546146,1315,0.2605042014617612,0.0879335902757189,0.0670441246243871,0.5,,,CYS,16,,Non-essential,90.7
GJA3,0.3055322166670479,1316,0.302521008149142,0.2173732582270975,0.0056365649217143,0.5,,,LYS,5,,Context-dependent,67.8
DSG4,0.3054276817443764,1317,0.2605042014617612,0.3203083308627334,0.0456998260319468,0.5,,,LYS,12,,Non-essential,65.0
SLC9A3,0.30537517972446027,1318,0.2436974787868088,0.277557070856804,0.0916969792819864,0.5,,,LYS,9,,Non-essential,66.0
CLEC4M,0.3053372369893441,1319,0.252100840124285,0.4103765194189149,0.0131836153724497,0.5,,,LYS,7,,Non-essential,70.4
SLC22A7,0.30528350374092705,1320,0.2352941174493327,0.0577527423658464,0.1540471295271231,0.5,,,TYR,12,,Non-essential,85.0
LILRA6,0.30527522802365215,1321,0.2436974787868088,0.1989919952564482,0.0207622963783014,0.5,,,LYS,3,,Non-essential,85.3
GRIN1,0.30521255651619583,1322,0.2689075627992374,0.1695819745034094,0.0303463545785228,0.5,,,LYS,5,,Non-essential,82.9
MS4A15,0.30498284764321926,1323,0.5378151255984748,0.0004150607767565,0.0082302704412462,0.5,,,SER,2,,Non-essential,68.3
HLA-E,0.30496636161899304,1324,0.2689075627992374,0.1739104654610139,0.0222868891349043,0.5,,,LYS,11,,Non-essential,87.0
ADRA1A,0.3049488926025353,1325,0.2184873947743803,0.2901867773495404,0.0819484421951605,0.5,,,LYS,13,,Non-essential,70.3
SLC22A12,0.3049438481135942,1326,0.2605042014617612,0.0660539579009783,0.0995350308397912,0.5,,,LYS,8,,Non-essential,86.6
MAMDC4,0.3049293314085266,1327,0.1848739494244757,0.2164838422769048,0.1050703779851336,0.5,,,LYS,5,,Non-essential,79.1
CD53,0.3048865829886207,1328,0.352941176173999,0.0,0.0197564447256049,0.5,,,,0,,Non-essential,93.0
GABRA2,0.3047737847334805,1329,0.2184873947743803,0.2698487992884672,0.0144108809109599,0.5,,,LYS,5,,Non-essential,83.3
TSPAN11,0.3047434035590729,1330,0.2436974787868088,0.1590868662911354,0.022508303020718,0.5,,,LYS,5,,Non-essential,87.7
OR4N2,0.30468313559806437,1331,0.2605042014617612,0.0027275422472576,0.0380578839158627,0.5,,,TYR,5,,Context-dependent,87.5
P2RY8,0.3045535098166039,1332,0.302521008149142,0.1110584049807293,0.0380578839158627,0.5,,,LYS,10,,Non-essential,84.3
OR13C5,0.30423852994636036,1333,0.2605042014617612,0.1712422176104358,0.0988201802941641,0.5,,,LYS,13,,Non-essential,77.5
FGFR2,0.3038629445759562,1334,0.2605042014617612,0.2189742069374444,0.0637102641151352,0.5,,,LYS,8,,Non-essential,73.9
SPNS3,0.3038626051090749,1335,0.2773109241367135,0.0370589979246961,0.1436153724497864,0.5,,,TYR,9,,Non-essential,84.5
TSPAN5,0.3038222820900802,1336,0.252100840124285,0.1320486214052771,0.0399367388897675,0.5,,,LYS,3,,Non-essential,89.2
SLC51A,0.30378752799527053,1337,0.2352941174493327,0.1884968870441743,0.0393231061205124,0.5,,,LYS,11,,Non-essential,82.3
KIR3DL2,0.30370405921154986,1338,0.2773109241367135,0.2311888526534242,0.0471927882334334,0.5,,,LYS,6,,Non-essential,74.9
EFNA5,0.30370268442113946,1339,0.2689075627992374,0.2318410910168989,0.0135378775897517,0.5,,,LYS,3,,Non-essential,78.5
AVPR2,0.30370101770900515,1340,0.2268907561118565,0.2611918173732582,0.0456998260319468,0.5,,,LYS,6,,Non-essential,76.0
OR1D2,0.30368889883431,1341,0.2605042014617612,0.0560332048621405,0.0212810374822078,0.5,,,CYS,7,,Context-dependent,86.3
TRAT1,0.30364331926853205,1342,0.302521008149142,0.3930032611918173,0.0025620749644156,0.5,,,LYS,1,,Non-essential,63.8
FFAR1,0.3036332753490585,1343,0.252100840124285,0.1501927067892084,0.0143476198007275,0.5,,,LYS,3,,Non-essential,89.8
MRGPRX3,0.3036056917238962,1344,0.2605042014617612,0.1790097835754521,0.0483884232168274,0.5,,,LYS,7,,Non-essential,82.0
CD180,0.3035960131433624,1345,0.3697478988489514,0.0,0.0047951921556223,0.5,,,,0,,Non-essential,93.3
FAM171B,0.3035220666556736,1346,0.2689075627992374,0.3694633857100504,0.0670124940692709,0.5,,,LYS,11,,Non-essential,56.9
ABCG5,0.3034747451555563,1347,0.2689075627992374,0.1589682774977764,0.0157709947809584,0.5,,,LYS,7,,Non-essential,85.0
SLC39A9,0.3033952699406225,1348,0.3445378148365229,0.1300326119181737,0.0147714692392851,0.5,,,LYS,2,,Non-essential,79.7
GPR179,0.30326104366211637,1349,0.2605042014617612,0.4157723095167506,0.0984026569666297,0.5,,,LYS,17,,Non-essential,42.8
OR2M5,0.3031848385231968,1350,0.2605042014617612,0.1152090127482952,0.0610849280404871,0.5,,,LYS,12,,Non-essential,85.4
MPZL2,0.3031153676443612,1351,0.3781512601864275,0.0052179069077972,0.0021698560809742,0.5,,,TYR,1,,Non-essential,89.4
MFSD12,0.30300661398798767,1352,0.302521008149142,0.0525941298547287,0.0872876798987822,0.5,,,LYS,13,,Non-essential,84.7
LYPD6B,0.3029565658311373,1353,0.4789915962361415,0.0,0.0020433338605092,0.5,,,,0,,Non-essential,80.1
PKD2L1,0.30280523003696413,1354,0.3109243694866181,0.1735546990809368,0.0143159892456112,0.5,,,LYS,3,,Non-essential,75.4
AXL,0.30277296560713185,1355,0.2184873947743803,0.2294100207530388,0.0853455638146449,0.5,,,LYS,14,,Non-essential,75.1
TNFSF15,0.3026427127157635,1356,0.4621848735611892,0.0027868366439371,0.0011956349833939,0.5,,,SER,3,,Non-essential,81.1
DCBLD1,0.30250703154724967,1357,0.2941176468116659,0.2778535428402016,0.0205345563814644,0.5,,,LYS,3,,Non-essential,67.6
OR8J1,0.30234690171406897,1358,0.2605042014617612,0.094752445893863,0.0588518108492804,0.5,,,LYS,6,,Non-essential,89.3
EVI2B,0.3022911094167091,1359,0.352941176173999,0.4417432552623777,0.0045358216036691,0.5,,,LYS,1,,Non-essential,50.9
OR2M3,0.3022900794051594,1360,0.2605042014617612,0.1132522976578713,0.0570678475407243,0.5,,,LYS,12,,Non-essential,85.1
SLC40A1,0.3022299874166461,1361,0.3697478988489514,0.008656981915209,0.0843080816068322,0.5,,,TYR,6,,Non-essential,80.3
LRIT2,0.3021403840654707,1362,0.252100840124285,0.2485621108805218,0.0110137592914755,0.5,,,LYS,5,,Non-essential,77.2
CHRNB1,0.30209123261288784,1363,0.2689075627992374,0.1918766676549066,0.0224450419104855,0.5,,,LYS,1,,Non-essential,79.5
TRPV6,0.3020320247987055,1364,0.2605042014617612,0.1906314853246368,0.027398386841689,0.5,,,LYS,5,,Non-essential,80.6
ABCA7,0.3019649788644704,1365,0.2268907561118565,0.0901867773495404,0.1880246718329906,0.5,,,LYS,17,,Non-essential,75.3
TSPAN6,0.30193645952433523,1366,0.3949579828613799,0.000355766380077,0.0081290526648742,0.5,,,TYR,2,,Non-essential,88.3
GHRHR,0.3018884574447197,1367,0.2436974787868088,0.2126297064927364,0.0781907322473509,0.5,,,LYS,12,,Non-essential,75.8
ADAM10,0.3018853532102309,1368,0.3697478988489514,0.0214645715979839,0.0557773208919816,0.5,,,TYR,13,,Non-essential,80.0
LPAR5,0.3018570621040584,1369,0.3865546215239037,0.0058701452712718,0.0392218883441404,0.5,,,TYR,9,,Non-essential,84.0
CD59,0.3018531617600875,1370,0.2605042014617612,0.267180551437889,0.0014550055353471,0.5,,,LYS,6,,Non-essential,79.3
GPR65,0.30160488411170927,1371,0.302521008149142,0.1312777942484435,0.0390953661236754,0.5,,,LYS,10,,Non-essential,82.6
THSD1,0.301200128966326,1372,0.201680672099428,0.4563889712422175,0.0305108334651273,0.5,,,LYS,6,,Non-essential,59.1
RHCG,0.3010525321137968,1373,0.2184873947743803,0.1854135784168396,0.0147398386841689,0.5,,,LYS,6,,Non-essential,92.3
HCAR1,0.30103710328878497,1374,0.3781512601864275,0.0163652534835458,0.0436311877273446,0.5,,,TYR,4,,Non-essential,80.9
CDH9,0.3010361390496209,1375,0.2605042014617612,0.2203972724577527,0.0106531709631504,0.5,,,LYS,3,,Non-essential,77.9
SLC1A3,0.3009954324303321,1376,0.2184873947743803,0.2252001185887933,0.0331678000948916,0.5,,,LYS,3,,Non-essential,82.0
OR1I1,0.3009910096745082,1377,0.2605042014617612,0.1322265045953157,0.0595982919500237,0.5,,,LYS,7,,Non-essential,83.4
OPN1MW,0.3009233153680222,1378,0.2605042014617612,0.236703231544619,0.0302830934682903,0.5,,,LYS,11,,No data,82.9
CD9,0.3008433777749904,1379,0.3613445375114751,0.0,0.0170362169856081,0.5,,,,0,,Non-essential,88.6
SLC15A3,0.30074188372123933,1380,0.3613445375114751,0.0059887340646308,0.089040012652222,0.5,,,TYR,11,,Non-essential,80.8
CEACAM5,0.3004346759736012,1381,0.3697478988489514,0.0052179069077972,0.0032705993990194,0.5,,,SER,2,,Non-essential,87.1
PCDH7,0.30027762737874053,1382,0.302521008149142,0.1623480581085087,0.0208888185987664,0.5,,,LYS,3,,Non-essential,75.8
LYPD1,0.30019560287089075,1383,0.4453781508862369,0.0742365846427512,0.0005187411039063,0.5,,,LYS,2,,Non-essential,76.0
TIMD4,0.3000638258393825,1384,0.2773109241367135,0.3497183516157722,0.0264621224102483,0.5,,,LYS,7,,Non-essential,63.4
OR2B6,0.29998622892704474,1385,0.3277310921615705,0.0221761043581381,0.0345911750751225,0.5,,,TYR,7,,Non-essential,88.0
MANSC1,0.299920692580511,1386,0.2941176468116659,0.3812036762525941,0.0142527281353787,0.5,,,LYS,3,,Non-essential,56.6
OR10W1,0.29956747310462106,1387,0.2605042014617612,0.051941891491254,0.0812652222046496,0.5,,,CYS,15,,Non-essential,85.9
SIRPB2,0.29946882709898637,1388,0.252100840124285,0.2614882893566557,0.0092297959829195,0.5,,,LYS,2,,Non-essential,76.3
CADM4,0.2994389253427815,1389,0.3277310921615705,0.0029054254372961,0.0026253360746481,0.5,,,SER,1,,Context-dependent,85.3
CLEC9A,0.299427913032847,1390,0.2605042014617612,0.1826267417729024,0.0073825715641309,0.5,,,LYS,5,,Non-essential,84.1
CLEC1A,0.29941934573293916,1391,0.1932773107619518,0.2817669730210494,0.0022331171912067,0.5,,,LYS,5,,Non-essential,84.2
SLC22A5,0.29936645946928275,1392,0.2689075627992374,0.045478802253187,0.0852190415941799,0.5,,,TYR,10,,Non-essential,86.5
SSTR2,0.29936553449634873,1393,0.2436974787868088,0.1509635339460421,0.0762422900521904,0.5,,,LYS,13,,Non-essential,81.3
OR7A5,0.2993570691314956,1394,0.3109243694866181,0.0412689000889415,0.0528609837102641,0.5,,,TYR,8,,Non-essential,85.9
HLA-G,0.2993421964211136,1395,0.3613445375114751,0.0049807293210791,0.0155495808951447,0.5,,,TYR,4,,Non-essential,90.5
IFNGR1,0.29930997804049353,1396,0.2773109241367135,0.3201897420693744,0.0267214929622014,0.5,,,LYS,3,,Non-essential,66.0
CRHR2,0.29928205539005626,1397,0.252100840124285,0.1780610732285799,0.063223153566345,0.5,,,LYS,9,,Non-essential,78.4
PCDHB3,0.29921302925715043,1398,0.252100840124285,0.1804328490957604,0.0135062470346354,0.5,,,LYS,2,,Non-essential,81.7
ACP2,0.29905414760199034,1399,0.3361344534990467,0.0445893863029943,0.0120132848331488,0.5,,,LYS,2,,Non-essential,91.6
SLC22A1,0.29900404913812184,1400,0.252100840124285,0.0520011858879335,0.1053930096473193,0.5,,,TYR,13,,Non-essential,84.2
SLC1A7,0.2988492188858245,1401,0.2184873947743803,0.2485028164838422,0.037634034477305,0.5,,,LYS,4,,Non-essential,77.4
ENPP4,0.2987781884063584,1402,0.2436974787868088,0.1581974503409427,0.0090716432073382,0.5,,,LYS,4,,Non-essential,92.3
BTN2A2,0.2987588221859452,1403,0.2689075627992374,0.1374444115031129,0.013215245927566,0.5,,,LYS,4,,Non-essential,86.0
OR6P1,0.29869151699654095,1404,0.2605042014617612,0.1252890601838126,0.0260382729716906,0.5,,,LYS,10,,Non-essential,85.6
HLA-H,0.29867698204374094,1405,0.4453781508862369,0.0074710939816187,0.0106911276292898,0.5,,,TYR,8,,No data,87.8
SLC1A6,0.2985072312060254,1406,0.2436974787868088,0.2136970056329676,0.0222173019136485,0.5,,,LYS,1,,Non-essential,80.2
PCDHA8,0.29847257959189033,1407,0.2605042014617612,0.2418025496590572,0.0139300964731931,0.5,,,LYS,3,,Non-essential,73.4
TMEM150B,0.2984008102291109,1408,0.3361344534990467,0.0058701452712718,0.0319658390004744,0.5,,,TYR,4,,Non-essential,93.0
ERVV-2,0.298396095971862,1409,0.2605042014617612,0.4600059294396679,0.0613442985924403,0.5,,,LYS,5,,Non-essential,46.1
FLRT3,0.2983866065429487,1410,0.3865546215239037,0.0567447376222946,0.0504950181875691,0.5,,,TYR,8,,Non-essential,74.3
OR6C1,0.29830886177507754,1411,0.2605042014617612,0.071212570412096,0.0422014866360904,0.5,,,LYS,6,,Non-essential,90.4
TMEM106B,0.2982983215637054,1412,0.3613445375114751,0.1276015416543136,0.0122093942748695,0.5,,,LYS,5,,Non-essential,75.9
GDPD2,0.2982250372405416,1413,0.2605042014617612,0.1003854135784168,0.0226095207970899,0.5,,,CYS,4,,Non-essential,90.4
TAS1R3,0.2981206751262946,1414,0.2605042014617612,0.0650459531574266,0.0734271706468448,0.5,,,LYS,11,,Non-essential,87.0
PCDHB4,0.29810067702986454,1415,0.2100840334369042,0.2238363474651645,0.0160619958880278,0.5,,,LYS,3,,Non-essential,82.5
TMEM132B,0.29808867422075735,1416,0.2352941174493327,0.2374147643047731,0.0809109599873477,0.5,,,LYS,10,,Non-essential,70.0
TMPRSS5,0.2978932431948963,1417,0.2352941174493327,0.2192706789208419,0.0225778902419737,0.5,,,LYS,4,,Non-essential,79.3
PCDHB15,0.29774340671740085,1418,0.2184873947743803,0.2210495108212273,0.0105582792978016,0.5,,,LYS,3,,Non-essential,81.8
PDCD1LG2,0.2976901196468793,1419,0.2941176468116659,0.127067892084198,0.010235647635616,0.5,,,LYS,2,,Non-essential,86.4
PCDHB16,0.297655521903713,1420,0.2689075627992374,0.1482359916987844,0.0089071643207338,0.5,,,LYS,2,,Non-essential,82.6
ROBO2,0.2975739865151942,1421,0.2773109241367135,0.2586421583160391,0.02558911908904,0.5,,,LYS,6,,Non-essential,67.4
TM9SF1,0.29747126441044114,1422,0.3193277308240944,0.0072932107915801,0.0834034477305076,0.5,,,TYR,8,,Non-essential,84.2
TAAR8,0.29744744519133604,1423,0.2605042014617612,0.0349836940409131,0.0736232800885655,0.5,,,TYR,16,,Non-essential,91.2
OR7D2,0.2973330226381594,1424,0.2605042014617612,0.0469611621701749,0.0580736991934208,0.5,,,TYR,8,,Non-essential,88.4
CD82,0.2973232464076775,1425,0.352941176173999,0.0010080047435517,0.0104317570773367,0.5,,,TYR,1,,Non-essential,88.3
SLC16A5,0.29730812338963597,1426,0.2605042014617612,0.0434627927660836,0.1504475723548948,0.5,,,CYS,12,,Non-essential,80.5
CD3D,0.2971881963862535,1427,0.4789915962361415,0.0,0.0022014866360904,0.5,,,CYS,2,,Non-essential,77.7
SLC2A5,0.2971840545727641,1428,0.2689075627992374,0.0241921138452416,0.0825937055195318,0.5,,,TYR,11,,Non-essential,90.6
F2R,0.2969598907915363,1429,0.3697478988489514,0.0600059294396679,0.0511086509568242,0.5,,,LYS,13,,Non-essential,74.6
GABRG1,0.2969341559200427,1430,0.2268907561118565,0.2501630595908686,0.0093942748695239,0.5,,,LYS,5,,Non-essential,78.6
MXRA8,0.29679860947995773,1431,0.1932773107619518,0.3258227097539282,0.0180736991934208,0.5,,,LYS,5,,Non-essential,75.8
OR4F6,0.2966930674704624,1432,0.2605042014617612,0.071093981618737,0.0387411039063735,0.5,,,LYS,6,,Non-essential,87.5
ICAM1,0.2966671977076514,1433,0.3697478988489514,0.0,0.0016511149770678,0.5,,,,0,,Non-essential,88.4
CACNG4,0.29647102005834414,1434,0.4957983189110939,0.0466646901867773,0.0144425114660762,0.5,,,TYR,5,,Non-essential,66.2
CSF3R,0.2964419474282287,1435,0.2436974787868088,0.2209309220278683,0.0426569666297643,0.5,,,LYS,7,,Non-essential,73.7
BDKRB1,0.29609009834253086,1436,0.252100840124285,0.1324043877853543,0.0484200537719436,0.5,,,LYS,3,,Non-essential,85.1
CD276,0.2960126120684963,1437,0.3865546215239037,0.004624962941002,0.0042448204965997,0.5,,,SER,2,,Non-essential,83.3
GML,0.2959823987552336,1438,0.2605042014617612,0.2560332048621405,0.0097485370868258,0.5,,,LYS,3,,Non-essential,76.3
ATP4B,0.29595399010395285,1439,0.252100840124285,0.1084494515268306,0.003694448837577,0.5,,,LYS,3,,Non-essential,90.6
OR10G6,0.2959345033335572,1440,0.2605042014617612,0.1092795730803439,0.0332626917602403,0.5,,,CYS,8,,Non-essential,85.4
GPR153,0.29585648869402137,1441,0.2689075627992374,0.3092795730803439,0.0238684168907164,0.5,,,LYS,7,,Non-essential,65.1
CLEC4G,0.2957125304493162,1442,0.2436974787868088,0.1518529498962348,0.0015878538668353,0.5,,,LYS,3,,Non-essential,89.7
OR52E4,0.2956578575330854,1443,0.2605042014617612,0.0246664690186777,0.0689925668195476,0.5,,,TYR,5,,Non-essential,89.0
ADRB2,0.29565476847750394,1444,0.2184873947743803,0.2139934776163652,0.0661711213031788,0.5,,,LYS,8,,Non-essential,79.1
ITGA11,0.2955636830677416,1445,0.302521008149142,0.0138748888230062,0.064292266329274,0.5,,,CYS,13,,Non-essential,85.3
PCDHGC4,0.29554167968444145,1446,0.2436974787868088,0.2412689000889415,0.0108176498497548,0.5,,,LYS,5,,Non-essential,75.0
MPL,0.29550880374665334,1447,0.2605042014617612,0.2136377112362881,0.031776055669777,0.5,,,LYS,12,,Non-essential,72.7
CNR2,0.2954474586722359,1448,0.2689075627992374,0.1125407648977171,0.0425620749644156,0.5,,,LYS,10,,Non-essential,84.5
ART4,0.2954139987938117,1449,0.2352941174493327,0.2336792173139638,0.0112731298434287,0.5,,,LYS,9,,Non-essential,80.3
HLA-DMA,0.29536637757385165,1450,0.3781512601864275,0.0083605099318114,0.0052823027044124,0.5,,,TYR,2,,Non-essential,88.3
AMN,0.2953414407768862,1451,0.3697478988489514,0.0474948117402905,0.0220275185829511,0.5,,,LYS,7,,Non-essential,80.5
IL6ST,0.2953317706639137,1452,0.2268907561118565,0.266824785057812,0.0152206231219357,0.5,,,LYS,4,,Non-essential,74.6
ITGB7,0.2953195242940606,1453,0.352941176173999,0.0062259116513489,0.028695239601455,0.5,,,SER,12,,Non-essential,83.0
MEP1B,0.29529658665339065,1454,0.2605042014617612,0.0850874592351022,0.0412652222046496,0.5,,,LYS,5,,Non-essential,89.8
PCDH11Y,0.2952607954411608,1455,0.2436974787868088,0.3046546101393418,0.0220275185829511,0.5,,,LYS,4,,Non-essential,64.3
OR2F2,0.2950635038591233,1456,0.2605042014617612,0.0413874888823006,0.0617997785861141,0.5,,,LYS,9,,Non-essential,88.8
GABRD,0.2949846389445463,1457,0.3781512601864275,0.0357545211977468,0.00297959829195,0.5,,,TYR,1,,Non-essential,79.2
BST2,0.29489646659442625,1458,0.4117647055363322,0.0,0.0042764510517159,0.5,,,,0,,Non-essential,85.3
TRABD2A,0.29485689598611664,1459,0.2773109241367135,0.1523273050696709,0.1023185196900205,0.5,,,LYS,11,,Non-essential,68.8
OR5AN1,0.29482367601542925,1460,0.2605042014617612,0.0389564186184405,0.066531709631504,0.5,,,TYR,14,,Non-essential,89.1
IGSF6,0.29474914658256857,1461,0.4369747895487607,0.0063445004447079,0.001682745532184,0.5,,,CYS,2,,Non-essential,79.6
OR6C74,0.2945120962876986,1462,0.2605042014617612,0.0441150311295582,0.0693151984817333,0.5,,,LYS,10,,Non-essential,87.6
CXCR5,0.29450087557481697,1463,0.3109243694866181,0.077675659650163,0.0616732563656492,0.5,,,LYS,7,,Non-essential,81.1
TMEM87B,0.29449382274532965,1464,0.3277310921615705,0.0439371479395197,0.1178681005851652,0.5,,,LYS,9,,Non-essential,73.9
OR52B6,0.2944676117239112,1465,0.2605042014617612,0.0371182923213756,0.0780895144709789,0.5,,,TYR,8,,Non-essential,86.8
FAM174A,0.2943676522544215,1466,0.2689075627992374,0.460598873406463,0.0056049343665981,0.5,,,LYS,2,,Non-essential,59.0
NPY4R,0.2942926098883552,1467,0.2773109241367135,0.0129854728728135,0.0593389213980705,0.5,,,TYR,9,,Context-dependent,80.3
ADIPOR2,0.2939527562650738,1468,0.2689075627992374,0.1147346575748591,0.0618946702514629,0.5,,,LYS,14,,Non-essential,82.5
SGCB,0.2939478480949491,1469,0.2100840334369042,0.1985176400830121,0.0611165585956033,0.5,,,LYS,4,,Non-essential,76.4
BCAN,0.29393763407203655,1470,0.2352941174493327,0.2658760747109398,0.0436944488375771,0.5,,,LYS,8,,Non-essential,68.9
TXNDC15,0.29380691150493243,1471,0.2941176468116659,0.2900681885561814,0.0073193104538984,0.5,,,LYS,1,,Non-essential,64.2
SLC11A2,0.29367713910938464,1472,0.2689075627992374,0.1184702045656685,0.0212810374822078,0.5,,,CYS,3,,Non-essential,80.6
SSPN,0.2935737411055964,1473,0.2352941174493327,0.2502223539875481,0.0195287047287679,0.5,,,LYS,7,,Non-essential,74.1
FGFR4,0.293564424843176,1474,0.302521008149142,0.1328194485621108,0.0463514154673414,0.5,,,CYS,5,,Non-essential,73.6
TAS2R4,0.2935612772521432,1475,0.252100840124285,0.088170767862437,0.0465095682429226,0.5,,,LYS,12,,Non-essential,84.8
LILRA4,0.2935254503906236,1476,0.352941176173999,0.0041506077675659,0.0343001739680531,0.5,,,SER,1,,Non-essential,83.1
GPR176,0.2935217852668789,1477,0.2605042014617612,0.1504298843759264,0.1505487901312668,0.5,,,LYS,18,,Non-essential,66.5
ICOS,0.2935067793150228,1478,0.3697478988489514,0.1382745330566261,0.0030744899572987,0.5,,,LYS,4,,Non-essential,74.0
TSPAN3,0.2934239545900915,1479,0.3193277308240944,0.0390750074117995,0.0153851020085402,0.5,,,TYR,3,,Non-essential,87.0
OR52E6,0.29340510828410005,1480,0.2605042014617612,0.0575155647791283,0.0933797248141704,0.5,,,CYS,7,,Non-essential,80.9
SUCNR1,0.29332659332735667,1481,0.3277310921615705,0.0151793655499555,0.0162897358848647,0.5,,,TYR,5,,Non-essential,87.5
LRRC4,0.2932903933334957,1482,0.2605042014617612,0.1463978654017195,0.0804238494385576,0.5,,,LYS,9,,Non-essential,76.5
ATP1B3,0.2932387004628283,1483,0.252100840124285,0.0,0.0045674521587853,0.5,,,,0,,Context-dependent,89.7
SLCO3A1,0.2931467935036971,1484,0.2268907561118565,0.1363178179662021,0.1223027044124624,0.5,,,LYS,11,,Non-essential,75.5
PANX2,0.2931151812318522,1485,0.3109243694866181,0.3058404980729321,0.0315799462280563,0.5,,,LYS,5,,Non-essential,57.2
ABCC2,0.29301244118355685,1486,0.2352941174493327,0.0284020160094871,0.1370425430966313,0.5,,,LYS,13,,Non-essential,81.2
CD47,0.29292599512107287,1487,0.3697478988489514,0.0015416543136673,0.0034034477305076,0.5,,,SER,1,,Non-essential,86.3
OR8U1,0.29291580872365974,1488,0.2605042014617612,0.0507560035576638,0.0471927882334334,0.5,,,LYS,7,,Non-essential,89.8
CLDN8,0.2928765172739459,1489,0.403361344198856,0.0011858879335902,0.0104950181875691,0.5,,,SER,1,,Non-essential,80.4
LILRB1,0.29286994183308324,1490,0.2941176468116659,0.1899199525644826,0.0177826980863514,0.5,,,LYS,3,,Non-essential,73.4
PCDH17,0.2928120199024522,1491,0.3193277308240944,0.1985769344796916,0.0118235015024513,0.5,,,LYS,3,,Non-essential,67.7
OR1E2,0.2928078729287165,1492,0.2605042014617612,0.002312481470501,0.0230966313458801,0.5,,,SER,7,,Context-dependent,85.9
ITFG1,0.29280153539431053,1493,0.302521008149142,0.0122739401126593,0.0395824766724656,0.5,,,TYR,8,,Non-essential,89.5
OR5B17,0.2927673017810436,1494,0.2605042014617612,0.0766083605099318,0.0470978965680847,0.5,,,LYS,11,,Non-essential,85.0
OR52K1,0.29268493817398067,1495,0.2605042014617612,0.0078268603616958,0.0949675786810058,0.5,,,TYR,8,,Non-essential,88.3
P2RY2,0.29267169560341877,1496,0.2941176468116659,0.1114141713608063,0.0537972481417048,0.5,,,LYS,12,,Non-essential,78.9
PROM1,0.29235758820767865,1497,0.302521008149142,0.0049214349243996,0.053215245927566,0.5,,,SER,7,,Non-essential,85.5
CR1,0.2923366080120515,1498,0.252100840124285,0.3648384227690482,0.0062185671358532,0.5,,,LYS,3,,Non-essential,65.2
GJB4,0.29233588428522705,1499,0.3949579828613799,0.0106729914023124,0.0158089514470979,0.5,,,TYR,2,,Non-essential,78.1
TMEM116,0.2922909580094055,1500,0.2689075627992374,0.1283723688111473,0.0829479677368337,0.5,,,LYS,11,,Non-essential,73.6
GYPA,0.29224758237116866,1501,0.2605042014617612,0.4351022828342721,0.0020053771943697,0.5,,,LYS,2,,Non-essential,59.4
CD80,0.29222054303484946,1502,0.3361344534990467,0.0503409427809072,0.0025937055195318,0.5,,,LYS,3,,Non-essential,86.1
TMC7,0.2922189407104103,1503,0.3109243694866181,0.0463089238067002,0.0721303178870789,0.5,,,TYR,10,,Non-essential,77.4
GGT3P,0.2921931788873263,1504,0.2857142854741897,0.1090423954936258,0.0087806421002688,0.5,,,LYS,3,,No data,94.3
SLC5A2,0.2921603056283337,1505,0.2605042014617612,0.1061962644530091,0.0259750118614581,0.5,,,LYS,8,,Non-essential,83.8
TLR3,0.29214336984902667,1506,0.3361344534990467,0.0011265935369107,0.003922188834414,0.5,,,TYR,3,,Non-essential,90.6
LYPD8,0.2921110380076476,1507,0.2941176468116659,0.1490068188556181,0.0079013126680373,0.5,,,LYS,6,,Non-essential,79.3
PCDHGA5,0.2920754057333571,1508,0.2436974787868088,0.2083605099318114,0.0218946702514629,0.5,,,LYS,8,,Non-essential,74.9
TNFRSF18,0.29204332480299244,1509,0.3865546215239037,0.0890008894159501,0.0060224576941325,0.5,,,CYS,6,,Non-essential,74.4
OR10D3,0.2920185744373196,1510,0.2605042014617612,0.0268010672991402,0.0596615530602562,0.5,,,TYR,7,,Non-essential,89.0
GPR142,0.2920001220876537,1511,0.2605042014617612,0.2776163652534835,0.0382539933575834,0.5,,,LYS,10,,Non-essential,63.7
OR4D2,0.2918829063726599,1512,0.2605042014617612,0.060361695819745,0.016422584216353,0.5,,,LYS,4,,Non-essential,89.8
TMEFF2,0.2918404644543029,1513,0.1848739494244757,0.3881411206640972,0.0124687648268227,0.5,,,LYS,4,,Non-essential,69.0
IL18R1,0.2918203586293635,1514,0.2100840334369042,0.2233026978950489,0.0311940534556381,0.5,,,LYS,4,,Non-essential,79.3
BTN1A1,0.29179844643719355,1515,0.2605042014617612,0.1386895938333827,0.0101723865253835,0.5,,,LYS,3,,Non-essential,84.2
TMX4,0.29177297830286786,1516,0.2605042014617612,0.267180551437889,0.0060540882492487,0.5,,,LYS,1,,Non-essential,72.4
PCDHB8,0.2916899948588718,1517,0.2857142854741897,0.1091609842869848,0.012146133164637,0.5,,,LYS,2,,Non-essential,81.0
BAMBI,0.29168744283239323,1518,0.352941176173999,0.2060480284613103,0.0052127154831567,0.5,,,LYS,1,,Non-essential,64.6
CLEC12A,0.29163560830368596,1519,0.2773109241367135,0.1465164541950785,0.0050229321524592,0.5,,,LYS,4,,Non-essential,83.1
SPAM1,0.2916222266598818,1520,0.2605042014617612,0.1242810554402609,0.0056998260319468,0.5,,,LYS,3,,Non-essential,88.2
ERBB4,0.2916173794968372,1521,0.2184873947743803,0.2013044767269493,0.0751731772892614,0.5,,,LYS,12,,Non-essential,73.1
SLC3A2,0.29155124032725677,1522,0.3109243694866181,0.0047435517343611,0.0208571880436501,0.5,,,TYR,5,,Context-dependent,78.7
BTN3A2,0.2914632504968988,1523,0.3361344534990467,0.0047435517343611,0.0009046338763245,0.5,,,SER,1,,Non-essential,90.0
SLC23A2,0.291359469520698,1524,0.2184873947743803,0.1851764008301215,0.042011703305393,0.5,,,LYS,5,,Non-essential,77.4
LAYN,0.2913377000257865,1525,0.252100840124285,0.3080936851467536,0.0124687648268227,0.5,,,LYS,3,,Non-essential,68.5
GLDN,0.2913122826015494,1526,0.201680672099428,0.3107619329973317,0.04819863988613,0.5,,,LYS,14,,Non-essential,72.7
DRD2,0.2912452013383604,1527,0.2436974787868088,0.2002964719833975,0.0718076862248932,0.5,,,LYS,12,,Non-essential,72.5
CX3CL1,0.29123028551394636,1528,0.2857142854741897,0.3816780314260302,0.0103305393009647,0.5,,,LYS,2,,Non-essential,55.9
RXFP3,0.29119710969223644,1529,0.2605042014617612,0.1410613697005633,0.1007939269334176,0.5,,,LYS,14,,Non-essential,73.0
HEPACAM,0.29115014597617594,1530,0.2184873947743803,0.3271864808775571,0.0014550055353471,0.5,,,LYS,2,,Non-essential,72.6
ABCC10,0.29109128688900654,1531,0.252100840124285,0.0938037355469908,0.0505266487426854,0.5,,,LYS,6,,Non-essential,80.9
CD79A,0.29099506769277617,1532,0.4453781508862369,0.0029054254372961,0.0018472244187885,0.5,,,SER,1,,Non-essential,77.1
OR2AT4,0.290864853887413,1533,0.2605042014617612,0.028164838422769,0.0585291791870947,0.5,,,TYR,13,,Non-essential,89.8
CD58,0.2908392482369383,1534,0.2773109241367135,0.1435517343611028,0.0010058516526965,0.5,,,LYS,1,,Non-essential,83.0
PCDHB6,0.29081250808380366,1535,0.2436974787868088,0.1560035576638007,0.0124371342717064,0.5,,,LYS,2,,Non-essential,81.6
ADRA2A,0.2907219445076752,1536,0.201680672099428,0.2766083605099317,0.0629005219041594,0.5,,,LYS,8,,Non-essential,70.2
CD14,0.29068766507278165,1537,0.3697478988489514,0.0024903646605395,0.0057630871421793,0.5,,,SER,2,,Non-essential,84.7
OR6C70,0.29065249857340714,1538,0.2605042014617612,0.021701749184702,0.066430491855132,0.5,,,TYR,6,,Non-essential,89.4
MRGPRX4,0.29063103314376115,1539,0.2605042014617612,0.1352505188259709,0.0352743950656334,0.5,,,LYS,8,,Non-essential,81.5
HLA-F,0.29061804246078604,1540,0.3109243694866181,0.0167803142603024,0.034654436185355,0.5,,,TYR,11,,Non-essential,89.6
SLC6A20,0.2905859404496649,1541,0.2689075627992374,0.0062852060480284,0.0455100427012494,0.5,,,TYR,11,,Non-essential,93.1
TNFRSF11A,0.29043911818001067,1542,0.2857142854741897,0.3404091313370886,0.0041436027202277,0.5,,,LYS,4,,Non-essential,58.9
CCKBR,0.2904166798761476,1543,0.252100840124285,0.1310406166617254,0.0954167325636564,0.5,,,LYS,11,,Non-essential,75.7
GRIA4,0.29033708282950066,1544,0.2268907561118565,0.1581381559442632,0.0194338130634192,0.5,,,LYS,6,,Non-essential,82.7
GRIN2C,0.2902368146971822,1545,0.2352941174493327,0.2032611918173732,0.0903052348568717,0.5,,,LYS,17,,Non-essential,67.5
NPY5R,0.290171479666258,1546,0.2352941174493327,0.1764008301215535,0.0593389213980705,0.5,,,LYS,7,,Non-essential,75.7
STS,0.29016806581073584,1547,0.2773109241367135,0.0060480284613104,0.0496536454214771,0.5,,,LYS,8,,Non-essential,94.4
ITGAX,0.2900676760947656,1548,0.302521008149142,0.0107915801956715,0.0333955400917286,0.5,,,TYR,10,,Non-essential,88.0
OR5D18,0.2900358563814256,1549,0.2605042014617612,0.0334420397272457,0.0546069903526806,0.5,,,LYS,12,,Non-essential,88.5
OR5B3,0.28992024658525606,1550,0.2605042014617612,0.0607174621998221,0.0392535188992566,0.5,,,LYS,6,,Non-essential,86.5
GPR139,0.28978228957214636,1551,0.2605042014617612,0.101452712718648,0.0813284833148821,0.5,,,CYS,8,,Non-essential,77.8
PCDHGA6,0.28976959193728635,1552,0.2352941174493327,0.2252594129854728,0.007970899889293,0.5,,,LYS,4,,Non-essential,74.4
OR6C75,0.2897444304093264,1553,0.2605042014617612,0.0137563000296471,0.0663356001897833,0.5,,,TYR,7,,Non-essential,89.8
TNFRSF10D,0.28973167308557357,1554,0.2268907561118565,0.4119774681292618,0.0045674521587853,0.5,,,LYS,2,,Non-essential,61.0
OR8J3,0.28957912072598313,1555,0.2605042014617612,0.0488585828639193,0.0364067689387948,0.5,,,LYS,7,,Non-essential,89.6
LMBR1,0.2894790034116794,1556,0.3109243694866181,0.0725763415357248,0.0161632136643998,0.5,,,CYS,3,,Non-essential,79.4
IL13RA2,0.2894678331578283,1557,0.2773109241367135,0.10121553513193,0.0049849754863197,0.5,,,CYS,2,,Non-essential,86.2
ITGAD,0.28940016901835797,1558,0.2689075627992374,0.0118588793359027,0.0775075122568401,0.5,,,TYR,12,,Non-essential,85.5
SLC38A1,0.28936253759501296,1559,0.3361344534990467,0.047316928550252,0.0163276925510042,0.5,,,TYR,3,,Non-essential,79.9
SLITRK6,0.2892013051614549,1560,0.3109243694866181,0.1187073821523865,0.0706436817966155,0.5,,,LYS,10,,Non-essential,67.6
IL2RB,0.28912208126335215,1561,0.4201680668738084,0.1092795730803439,0.0256207496441562,0.5,,,CYS,5,,Non-essential,64.6
OR2M2,0.2890264970849049,1562,0.2605042014617612,0.0944559739104654,0.0625462596868575,0.5,,,LYS,15,,Non-essential,79.7
SLC47A1,0.2889164306464649,1563,0.2268907561118565,0.0402608953453898,0.1222078127471137,0.5,,,LYS,17,,Non-essential,85.8
CD69,0.28891527128554995,1564,0.2605042014617612,0.1852949896234805,0.0016511149770678,0.5,,,LYS,2,,Non-essential,82.1
PCDHA1,0.2885491235625687,1565,0.2773109241367135,0.1695819745034094,0.0140249881385418,0.5,,,LYS,2,,Non-essential,73.8
SIGLEC12,0.28852837174004087,1566,0.302521008149142,0.1195967981025793,0.0103938004111972,0.5,,,CYS,3,,Non-essential,75.4
CLN3,0.2884241580928122,1567,0.3193277308240944,0.0067595612214645,0.0687015657124782,0.5,,,SER,11,,Non-essential,81.5
CD70,0.28841904885641545,1568,0.3613445375114751,0.0084790987251704,0.0159354736675628,0.5,,,TYR,2,,Non-essential,83.2
HTR1D,0.2884182562217116,1569,0.3613445375114751,0.0037948413874888,0.0361157678317254,0.5,,,TYR,8,,Non-essential,79.0
FZD1,0.2884080070077628,1570,0.302521008149142,0.0758375333530981,0.0520512414992883,0.5,,,CYS,5,,Non-essential,78.2
SLC5A8,0.28829429649992244,1571,0.2605042014617612,0.0526534242514082,0.0576878064210026,0.5,,,TYR,9,,Non-essential,85.7
ERVFC1,0.2882924194707621,1572,0.2605042014617612,0.3318114438185591,0.0770204017080499,0.5,,,LYS,6,,No data,65.2
GPRC5D,0.2882825791582163,1573,0.2857142854741897,0.1218499851764008,0.0484200537719436,0.5,,,CYS,4,,Non-essential,76.0
OR52B2,0.28821598956547423,1574,0.2605042014617612,0.0113252297657871,0.0711244662343824,0.5,,,TYR,5,,Non-essential,86.8
RNF128,0.2881631799732738,1575,0.403361344198856,0.0096649866587607,0.0269492329590384,0.5,,,LYS,3,,Non-essential,75.5
OR2M4,0.28812321016102604,1576,0.2605042014617612,0.036940409131337,0.0510453898465918,0.5,,,LYS,10,,Non-essential,86.5
OR4F21,0.2879628935197578,1577,0.2605042014617612,0.0590572190927957,0.0791269966787917,0.5,,,LYS,10,,No data,90.1
GRIA2,0.2878576653680732,1578,0.201680672099428,0.1581974503409427,0.0209900363751383,0.5,,,LYS,6,,Non-essential,84.9
OR1K1,0.2877890872297598,1579,0.2605042014617612,0.0189742069374444,0.0683409773841531,0.5,,,TYR,6,,Non-essential,85.5
OR5L2,0.2877702599037547,1580,0.2605042014617612,0.0416839608656981,0.0285370868258737,0.5,,,LYS,8,,Non-essential,89.4
OR4F3,0.28770132653849384,1581,0.2605042014617612,0.058286391935962,0.0770899889293057,0.5,,,LYS,10,,No data,90.0
SLC2A14,0.2875986878528054,1582,0.252100840124285,0.0301808479098725,0.073686541198798,0.5,,,TYR,5,,Non-essential,87.6
ABCB1,0.28746614613195576,1583,0.2100840334369042,0.0941595019270678,0.0605661869365807,0.5,,,LYS,10,,Non-essential,84.6
OR3A3,0.2873942439902002,1584,0.2605042014617612,0.0309516750667061,0.0598892930570931,0.5,,,TYR,10,,Non-essential,86.2
CD160,0.2873194931159876,1585,0.2605042014617612,0.2227690483249332,0.0091981654278032,0.5,,,LYS,3,,Non-essential,75.2
DPEP1,0.28731184890303907,1586,0.3277310921615705,0.002193892677142,0.0022014866360904,0.5,,,TYR,1,,Non-essential,93.3
GP5,0.2873072343581663,1587,0.2605042014617612,0.0289949599762822,0.0809109599873477,0.5,,,TYR,4,,Non-essential,86.5
IFNLR1,0.287302084745767,1588,0.352941176173999,0.1919359620515861,0.0148979914597501,0.5,,,LYS,3,,Non-essential,64.2
MC4R,0.2872372550015263,1589,0.2857142854741897,0.036703231544619,0.0833401866202751,0.5,,,TYR,14,,Non-essential,80.1
BDKRB2,0.28718020215030127,1590,0.2941176468116659,0.0736436406759561,0.0476103115609679,0.5,,,LYS,10,,Non-essential,79.5
ITGA3,0.28715285757546594,1591,0.3277310921615705,0.0018381262970649,0.0207622963783014,0.5,,,SER,4,,Non-essential,83.6
OR8K5,0.28706897459947656,1592,0.2605042014617612,0.034509338867477,0.0342052823027044,0.5,,,LYS,8,,Non-essential,89.4
IL10RB,0.286985581287743,1593,0.3193277308240944,0.1046546101393418,0.0006136327692551,0.5,,,LYS,2,,Non-essential,82.1
OR11H12,0.2868913921951052,1594,0.2605042014617612,0.0448858582863919,0.0179408508619326,0.5,,,LYS,4,,Context-dependent,78.9
CA14,0.28688777861688486,1595,0.252100840124285,0.0610139341832196,0.0502989087458484,0.5,,,LYS,8,,Non-essential,90.7
EFNA3,0.28685755809776026,1596,0.4453781508862369,0.0155351319300326,0.0035299699509726,0.5,,,TYR,4,,Non-essential,73.2
GAS1,0.28684642136557215,1597,0.1848739494244757,0.3359027571894455,0.0342369128578206,0.5,,,LYS,6,,Non-essential,69.8
OR5B2,0.28683886185619356,1598,0.2605042014617612,0.0203379780610732,0.0437260793926933,0.5,,,LYS,9,,Non-essential,90.2
TNFSF11,0.2867748976363699,1599,0.4117647055363322,0.0032018974206937,0.0034667088407401,0.5,,,SER,2,,Non-essential,79.2
DLL3,0.2867375188493476,1600,0.352941176173999,0.1179365549955529,0.0295745690336865,0.5,,,LYS,10,,Non-essential,65.2
IL12RB1,0.2867371832259953,1601,0.352941176173999,0.012926178476134,0.0245832674363435,0.5,,,TYR,3,,Non-essential,77.5
SLC6A1,0.2867313768989681,1602,0.2184873947743803,0.0761932997331752,0.0668543412936897,0.5,,,LYS,12,,Non-essential,88.0
LRRC37B,0.286627316379634,1603,0.1932773107619518,0.3006818855618143,0.0723580578839158,0.5,,,LYS,11,,Context-dependent,52.9
CASR,0.28631174016879923,1604,0.3109243694866181,0.0744144678327898,0.0369887711529337,0.5,,,CYS,6,,Non-essential,75.7
SLC37A2,0.28629622982371006,1605,0.3361344534990467,0.0039134301808479,0.0113996520638937,0.5,,,TYR,4,,Non-essential,83.9
PCDHB5,0.28626588555391075,1606,0.2268907561118565,0.1558849688704417,0.0093310137592914,0.5,,,LYS,2,,Non-essential,81.6
KLRG1,0.2862324630348787,1607,0.2436974787868088,0.1902757189445597,0.0022647477463229,0.5,,,LYS,3,,Non-essential,81.3
TMEM62,0.28623186297652414,1608,0.2857142854741897,0.0075896827749777,0.0209267752649059,0.5,,,TYR,6,,Non-essential,91.8
OR6K2,0.28607232782748815,1609,0.2605042014617612,0.0239549362585235,0.0442764510517159,0.5,,,TYR,5,,Non-essential,88.2
OR2J3,0.2860479749914122,1610,0.2605042014617612,0.0377112362881707,0.027398386841689,0.5,,,CYS,7,,Non-essential,88.4
ACKR3,0.28588052320517743,1611,0.2268907561118565,0.0935072635635932,0.0727819073224735,0.5,,,CYS,16,,Non-essential,82.5
TAS2R8,0.28584875543527066,1612,0.2605042014617612,0.0790394307737918,0.0305740945753597,0.5,,,LYS,9,,Non-essential,81.8
XCR1,0.2857514182848293,1613,0.302521008149142,0.0220575155647791,0.03154831567294,0.5,,,TYR,10,,Non-essential,84.9
OR13G1,0.28572492610691913,1614,0.2605042014617612,0.0396679513785947,0.0323264273287996,0.5,,,TYR,6,,Non-essential,86.5
PTPRH,0.2857097778981347,1615,0.3193277308240944,0.0024903646605395,0.0263988613000158,0.5,,,SER,3,,Non-essential,83.6
OR5D16,0.28570915436943445,1616,0.2605042014617612,0.0684850281648384,0.026430491855132,0.5,,,CYS,5,,Non-essential,84.7
OR51L1,0.28570724526897295,1617,0.2605042014617612,0.0101986362288763,0.0432073382887869,0.5,,,TYR,6,,Non-essential,89.7
IL27RA,0.28570192883018075,1618,0.3613445375114751,0.0057515564779128,0.023577415783647,0.5,,,SER,5,,Non-essential,79.0
SLC2A13,0.2856653690753157,1619,0.2352941174493327,0.0278090720426919,0.1304001265222204,0.5,,,CYS,7,,Non-essential,80.0
CD151,0.28566484422765215,1620,0.3109243694866181,0.0021345982804624,0.0080341609995255,0.5,,,TYR,2,,Non-essential,88.3
OR52H1,0.28559981521594136,1621,0.2605042014617612,0.0024903646605395,0.0693784595919658,0.5,,,SER,4,,Non-essential,86.9
OR52E2,0.2854816168062747,1622,0.2605042014617612,0.0049214349243996,0.0758563972797722,0.5,,,TYR,6,,Non-essential,86.3
TAS2R46,0.2854632653780538,1623,0.2605042014617612,0.0126890008894159,0.0594970741736517,0.5,,,TYR,6,,Non-essential,86.1
OR52E8,0.28531695313458616,1624,0.2605042014617612,0.0018974206937444,0.0530570931519848,0.5,,,TYR,4,,Non-essential,88.4
OR1N2,0.2852744764921288,1625,0.2605042014617612,0.0189149125407648,0.0573272180926775,0.5,,,TYR,7,,Non-essential,88.4
SLC18A3,0.28518184173206174,1626,0.2605042014617612,0.0277497776460124,0.1385291791870947,0.5,,,LYS,10,,Non-essential,76.2
IGSF8,0.2850882962305823,1627,0.3109243694866181,0.0,0.0107860192946386,0.5,,,,0,,Non-essential,88.1
CLEC2D,0.28505813454000095,1628,0.2352941174493327,0.1657871331159205,0.0003858927724181,0.5,,,LYS,2,,Non-essential,86.1
SLC38A4,0.28505704197490334,1629,0.2605042014617612,0.1139638304180254,0.0506911276292898,0.5,,,LYS,12,,Non-essential,75.5
IGDCC3,0.2849881474521897,1630,0.2689075627992374,0.1468129261784761,0.0139933575834255,0.5,,,LYS,3,,Non-essential,74.4
PCDHA4,0.28492261074248293,1631,0.2689075627992374,0.1678624369997035,0.0086161632136643,0.5,,,LYS,2,,Non-essential,73.8
LY6K,0.284909210099077,1632,0.2436974787868088,0.232196857396976,0.0277273446148979,0.5,,,LYS,5,,Non-essential,72.8
PCDHA7,0.284750088677704,1633,0.2605042014617612,0.1716572783871923,0.0114629131741262,0.5,,,LYS,1,,Non-essential,74.4
OR2AG2,0.28469172646339824,1634,0.2605042014617612,0.0252001185887933,0.0231282619009963,0.5,,,TYR,5,,Non-essential,86.8
OXGR1,0.284623602634003,1635,0.2352941174493327,0.0706789208419804,0.0428214455163688,0.5,,,LYS,9,,Non-essential,86.4
OR14A2,0.2846148009064676,1636,0.2605042014617612,0.0361102875778238,0.0308334651273129,0.5,,,TYR,8,,Non-essential,87.0
GHSR,0.2845929431425941,1637,0.2605042014617612,0.0404980729321079,0.0913363909536612,0.5,,,TYR,8,,Non-essential,81.6
TSPAN14,0.28457039333638645,1638,0.3109243694866181,0.0,0.0126965048236596,0.5,,,,0,,Non-essential,88.1
AQP9,0.2845503157113086,1639,0.2941176468116659,0.0015416543136673,0.0275628657282935,0.5,,,CYS,3,,Non-essential,91.5
RTN4RL2,0.28454605581580217,1640,0.3361344534990467,0.0531870738215238,0.0363751383836786,0.5,,,TYR,6,,Non-essential,79.0
ABCB4,0.28453686214961793,1641,0.2605042014617612,0.0048621405277201,0.0756919183931678,0.5,,,CYS,11,,Non-essential,83.2
OR7G3,0.28452087399649395,1642,0.2605042014617612,0.0306552030833086,0.0348189150719595,0.5,,,TYR,8,,Non-essential,87.5
CNNM2,0.28438745329138426,1643,0.2689075627992374,0.1485917580788615,0.0487110548790131,0.5,,,LYS,7,,Non-essential,70.4
SLAMF9,0.2843566952186507,1644,0.3613445375114751,0.0119774681292617,0.0026253360746481,0.5,,,CYS,2,,Non-essential,82.0
S1PR4,0.2842925379173935,1645,0.302521008149142,0.0027868366439371,0.0815245927566028,0.5,,,TYR,9,,Non-essential,78.4
OR10G3,0.284227117017528,1646,0.2605042014617612,0.0045656685443225,0.0604396647161157,0.5,,,CYS,9,,Non-essential,87.7
PCDHAC1,0.28419129712249147,1647,0.2857142854741897,0.0901274829528609,0.061186145816859,0.5,,,CYS,3,,Non-essential,73.1
TAS2R39,0.2841696774486038,1648,0.2605042014617612,0.0910761932997331,0.0476419421160841,0.5,,,LYS,15,,Non-essential,81.2
FZD7,0.284139761273964,1649,0.2689075627992374,0.032434034983694,0.0721303178870789,0.5,,,LYS,16,,Non-essential,83.2
NTSR1,0.28413679924954416,1650,0.2605042014617612,0.0408538393121849,0.1121999051083346,0.5,,,TYR,12,,Non-essential,79.6
GPR31,0.2841234420315444,1651,0.2689075627992374,0.0182033797806107,0.0647793768780642,0.5,,,CYS,13,,Non-essential,83.2
OR52M1,0.28407915754233637,1652,0.2605042014617612,0.002193892677142,0.0490716432073382,0.5,,,TYR,7,,Non-essential,88.4
FAM187B,0.284009558992972,1653,0.2605042014617612,0.0780907204269196,0.0048268227107385,0.5,,,LYS,2,,Non-essential,86.4
UMODL1,0.28394987800177784,1654,0.2689075627992374,0.0874592351022828,0.0986557014075597,0.5,,,LYS,10,,Non-essential,69.1
OR8K1,0.28394875106063266,1655,0.2605042014617612,0.0169581974503409,0.0461553060256207,0.5,,,TYR,7,,Non-essential,88.3
HTR3B,0.28391286566133156,1656,0.2605042014617612,0.101334123925289,0.0160999525541673,0.5,,,CYS,2,,Non-essential,81.7
NTNG1,0.2838534257818385,1657,0.2100840334369042,0.1466350429884375,0.0230270441246243,0.5,,,LYS,8,,Non-essential,83.6
OR8B4,0.28370421816014313,1658,0.2605042014617612,0.0172546694337385,0.0331361695397754,0.5,,,TYR,5,,Non-essential,89.8
HTR2A,0.2837015427324838,1659,0.2436974787868088,0.1641268900088941,0.0677589751700142,0.5,,,LYS,11,,Non-essential,73.7
CLEC17A,0.28369792172103825,1660,0.2773109241367135,0.2217610435813815,0.0105899098529179,0.5,,,LYS,9,,Non-essential,70.2
JAG2,0.28367683368118046,1661,0.2605042014617612,0.1730803439075007,0.0076735726712003,0.5,,,LYS,5,,Non-essential,72.6
SLC17A9,0.2836472422996561,1662,0.2184873947743803,0.0132226504595315,0.0949043175707733,0.5,,,TYR,10,,Non-essential,89.5
CD1D,0.28358831326047773,1663,0.252100840124285,0.0167210198636228,0.0675944962834097,0.5,,,CYS,7,,Non-essential,89.9
OR10K2,0.28354119060306515,1664,0.2605042014617612,0.0326119181737325,0.0229637830143919,0.5,,,CYS,8,,Non-essential,87.5
SLC28A1,0.2835330777320414,1665,0.2689075627992374,0.0417432552623777,0.0472876798987822,0.5,,,TYR,11,,Non-essential,82.3
CNNM4,0.2835140599560375,1666,0.3193277308240944,0.025852356952268,0.0505582792978016,0.5,,,TYR,5,,Non-essential,76.5
CDH12,0.2835051377337313,1667,0.252100840124285,0.150607767565965,0.0117918709473351,0.5,,,CYS,1,,Non-essential,77.3
OR52K2,0.2834664014824194,1668,0.2605042014617612,0.0038541357841683,0.0543476198007275,0.5,,,SER,7,,Non-essential,87.4
TAS1R2,0.2834401277395172,1669,0.2605042014617612,0.0265045953157426,0.0480657915546417,0.5,,,TYR,13,,Non-essential,86.0
OR9K2,0.283434617449248,1670,0.2605042014617612,0.0361102875778238,0.0354325478412146,0.5,,,CYS,8,,Non-essential,86.8
OR11A1,0.2833936236355863,1671,0.2605042014617612,0.0190335013341239,0.038804365016606,0.5,,,TYR,10,,Non-essential,86.3
GPC4,0.2833839277033512,1672,0.3277310921615705,0.0056329676845538,0.0346228056302388,0.5,,,SER,8,,Non-essential,83.2
CDH7,0.28319849505094996,1673,0.3277310921615705,0.0619626445300919,0.0023659655226949,0.5,,,TYR,2,,Non-essential,78.4
PCDHA5,0.2831466837839517,1674,0.2605042014617612,0.1641268900088941,0.0099762770836628,0.5,,,LYS,2,,Non-essential,74.3
OR51E1,0.2831155744028203,1675,0.2773109241367135,0.0027868366439371,0.0256523801992724,0.5,,,SER,4,,Non-essential,88.5
TSPAN31,0.2830711973776322,1676,0.2941176468116659,0.0017788319003854,0.0139300964731931,0.5,,,TYR,3,,Non-essential,89.3
NRG1,0.2830043511013125,1677,0.2605042014617612,0.363652534835458,0.0032389688439032,0.5,,,LYS,2,,Non-essential,56.7
OR4D10,0.2829513578900662,1678,0.2605042014617612,0.0032018974206937,0.0254246402024355,0.5,,,CYS,3,,Non-essential,90.1
OR5AC2,0.2829466581737987,1679,0.2605042014617612,0.0032611918173732,0.0398418472244187,0.5,,,TYR,6,,Non-essential,89.8
ADRA1B,0.2829013201585535,1680,0.2184873947743803,0.2709160984286984,0.0394812588960936,0.5,,,LYS,10,,Non-essential,67.4
FPR1,0.2828596465140726,1681,0.2941176468116659,0.0506374147643047,0.0110137592914755,0.5,,,LYS,3,,Non-essential,83.8
PCDHA2,0.28285022759238776,1682,0.2605042014617612,0.1680996145864215,0.0085212715483156,0.5,,,LYS,2,,Non-essential,73.6
OR5AP2,0.28282577958800803,1683,0.2605042014617612,0.0062259116513489,0.0387727344614898,0.5,,,TYR,8,,Non-essential,88.3
TSPAN9,0.2826913400805171,1684,0.2773109241367135,0.0,0.0233180452316938,0.5,,,,0,,Non-essential,89.6
OR4D9,0.28263926105011616,1685,0.2605042014617612,0.0133412392528906,0.0197248141704886,0.5,,,CYS,4,,Non-essential,88.7
EMP1,0.2825642013770999,1686,0.2605042014617612,0.0184405573673287,0.0062501976909694,0.5,,,TYR,3,,Non-essential,90.7
OR13A1,0.28253439336744257,1687,0.2605042014617612,0.0168989030536614,0.0591428119563498,0.5,,,TYR,11,,Non-essential,85.6
SLC37A1,0.28250000034563705,1688,0.352941176173999,0.0034983694040913,0.0083251621065949,0.5,,,TYR,6,,Non-essential,79.5
OR4F15,0.2824981246926498,1689,0.2605042014617612,0.0042691965609249,0.0345911750751225,0.5,,,TYR,6,,Non-essential,88.1
OR5H2,0.28248155699142263,1690,0.2605042014617612,0.0030240142306552,0.0392535188992566,0.5,,,SER,6,,Non-essential,88.5
BCAM,0.2824814071435423,1691,0.3361344534990467,0.0,0.0032389688439032,0.5,,,,0,,Non-essential,83.5
OR8K3,0.28246056276139664,1692,0.2605042014617612,0.0748295286095463,0.0373430333702356,0.5,,,LYS,9,,No data,89.3
OR51F2,0.2824366606583868,1693,0.2605042014617612,0.0091313370886451,0.0449217143760873,0.5,,,TYR,6,,Non-essential,86.1
MPZL3,0.2824079202843798,1694,0.3697478988489514,0.0502223539875481,0.0011323738731614,0.5,,,TYR,3,,Non-essential,80.5
OR2T10,0.28231560602741046,1695,0.2605042014617612,0.0154165431366735,0.0275312351731772,0.5,,,CYS,8,,Non-essential,88.5
OR4K2,0.2823144457355635,1696,0.2605042014617612,0.0395493625852356,0.0128926142653803,0.5,,,TYR,3,,Non-essential,86.1
OR2L3,0.28218338864250525,1697,0.2605042014617612,0.0027275422472576,0.0220591491380673,0.5,,,SER,4,,Non-essential,91.5
SCN4B,0.28217115587826347,1698,0.1848739494244757,0.2311888526534242,0.0030744899572987,0.5,,,LYS,4,,Non-essential,83.0
SLC38A2,0.2821645783704777,1699,0.2100840334369042,0.0509338867477023,0.041783963308556,0.5,,,TYR,12,,Context-dependent,79.1
SIDT1,0.28215557829830307,1700,0.302521008149142,0.0034983694040913,0.0631282619009963,0.5,,,TYR,12,,Non-essential,80.3
PCDH20,0.28209318982712606,1701,0.2352941174493327,0.1172250222353987,0.0336232800885655,0.5,,,LYS,10,,Non-essential,78.1
PCDHA10,0.28206397246115544,1702,0.2605042014617612,0.1640675956122146,0.0096220148663609,0.5,,,LYS,4,,Non-essential,73.3
OR4D1,0.2820070257728009,1703,0.2605042014617612,0.0039727245775274,0.0229321524592756,0.5,,,CYS,5,,Non-essential,89.5
TAS1R1,0.28196932810522335,1704,0.252100840124285,0.0041506077675659,0.0525699826031946,0.5,,,SER,14,,Non-essential,88.4
OR10AG1,0.28194679845760817,1705,0.2605042014617612,0.0011265935369107,0.0214771469239285,0.5,,,CYS,4,,Non-essential,91.4
TAAR1,0.28193956131063924,1706,0.2605042014617612,0.0268010672991402,0.0252664874268543,0.5,,,CYS,7,,Non-essential,90.1
PTPRJ,0.28193161987741566,1707,0.352941176173999,0.0084790987251704,0.0080025304444093,0.5,,,TYR,3,,Non-essential,77.8
OR6F1,0.2818824049913199,1708,0.2605042014617612,0.0049807293210791,0.0458010438083188,0.5,,,SER,4,,Non-essential,88.1
OR6S1,0.2818624309803268,1709,0.2605042014617612,0.0056922620812333,0.0484896409931994,0.5,,,SER,7,,Non-essential,86.2
HTR3C,0.2818396036832047,1710,0.2605042014617612,0.0872813519122442,0.0232864146765775,0.5,,,CYS,3,,Non-essential,80.4
GPR4,0.28176441418983666,1711,0.2352941174493327,0.1366735843462792,0.0150308397912383,0.5,,,LYS,4,,Non-essential,80.7
LTBR,0.2817322966617998,1712,0.2941176468116659,0.1493032908390157,0.0752111339554009,0.5,,,LYS,12,,Non-essential,66.6
TAS2R30,0.2816788377852001,1713,0.252100840124285,0.0309516750667061,0.053316463703938,0.5,,,TYR,5,,Non-essential,85.3
SUSD4,0.2816184820402824,1714,0.3865546215239037,0.0620219389267714,0.0053771943697611,0.5,,,TYR,3,,Non-essential,70.9
TMEM150A,0.281583403307754,1715,0.2436974787868088,0.0415653720723391,0.0492297959829195,0.5,,,LYS,8,,Non-essential,89.7
UPK1A,0.28153415399081483,1716,0.2605042014617612,0.03658464275126,0.0129558753756128,0.5,,,TYR,6,,Non-essential,86.4
OR4N5,0.28148122642258233,1717,0.2605042014617612,0.0018974206937444,0.0293784595919658,0.5,,,TYR,6,,Non-essential,88.1
OR14A16,0.2814486314778165,1718,0.2605042014617612,0.0022531870738215,0.0288597184880594,0.5,,,TYR,4,,Non-essential,89.0
PLET1,0.2814445792314164,1719,0.2605042014617612,0.1848799288467239,0.0052127154831567,0.5,,,LYS,7,,Non-essential,76.2
LY6E,0.2814418730227043,1720,0.3781512601864275,0.0041506077675659,0.007869682112921,0.5,,,SER,7,,Non-essential,77.6
SLC12A9,0.2814217490472778,1721,0.2773109241367135,0.0069967388081826,0.0694733512573145,0.5,,,TYR,14,,Non-essential,81.3
OR6C3,0.2813696958755355,1722,0.2605042014617612,0.0033797806107322,0.0203384469397437,0.5,,,CYS,3,,Non-essential,91.2
LRIG3,0.2813551270999932,1723,0.2268907561118565,0.1817966202193892,0.0298655701407559,0.5,,,LYS,10,,Non-essential,73.0
HFE,0.2813299124103473,1724,0.3109243694866181,0.0009487103468722,0.0110453898465918,0.5,,,TYR,1,,Non-essential,88.1
KIAA1549L,0.2812694859898779,1725,0.302521008149142,0.2728135191224429,0.0738826506405187,0.5,,,LYS,11,,Non-essential,44.3
BTN2A1,0.2812624812731134,1726,0.2100840334369042,0.1369700563296768,0.0067373082397596,0.5,,,LYS,4,,Non-essential,84.8
OR5A1,0.28123580163515205,1727,0.2605042014617612,0.0121553513193003,0.0378934050292582,0.5,,,TYR,6,,Non-essential,88.2
CEACAM3,0.2812254643796329,1728,0.2605042014617612,0.1909279573080343,0.0010691127629289,0.5,,,LYS,3,,Non-essential,78.5
OR6B1,0.2811641037002953,1729,0.2605042014617612,0.0265045953157426,0.0221856713585323,0.5,,,LYS,5,,Non-essential,87.2
CDH22,0.2811379079809403,1730,0.2268907561118565,0.1966202193892677,0.0129558753756128,0.5,,,LYS,4,,Non-essential,75.4
CLDN12,0.28113753776604966,1731,0.3193277308240944,0.0587607471093981,0.0102672781907322,0.5,,,TYR,4,,Non-essential,81.0
OPRM1,0.28113708738486487,1732,0.2605042014617612,0.1156833679217314,0.0433718171753914,0.5,,,LYS,9,,Non-essential,76.6
DUOXA1,0.281071784344034,1733,0.302521008149142,0.0370589979246961,0.0201486636090463,0.5,,,TYR,4,,Non-essential,82.5
CD300C,0.28106465048826157,1734,0.3277310921615705,0.1114141713608063,0.0167452158785386,0.5,,,LYS,3,,Non-essential,74.0
AQP10,0.2810365988789332,1735,0.2605042014617612,0.0243699970352801,0.041682745532184,0.5,,,TYR,5,,Non-essential,91.3
PCDHA9,0.2810160361720141,1736,0.2605042014617612,0.1666172546694337,0.005832674363435,0.5,,,LYS,1,,Non-essential,73.2
OR51T1,0.2809657126621421,1737,0.2605042014617612,0.0029647198339756,0.0412335916495334,0.5,,,SER,6,,Non-essential,86.5
TMEM9B,0.28091368206199685,1738,0.302521008149142,0.1278980136377112,0.0130191364858453,0.5,,,LYS,1,,Non-essential,72.4
ZPLD1,0.280879277670966,1739,0.2857142854741897,0.0930329083901571,0.0152206231219357,0.5,,,LYS,7,,Non-essential,77.3
LRRN2,0.28082089494599294,1740,0.2605042014617612,0.0359916987844648,0.0634825241182982,0.5,,,TYR,5,,Non-essential,81.9
LRRC37A3,0.28080205841462336,1741,0.2436974787868088,0.2919063148532463,0.0509821287363593,0.5,,,LYS,6,,Context-dependent,42.3
OR5AS1,0.2807660791283335,1742,0.2605042014617612,0.0112659353691076,0.0319342084453582,0.5,,,CYS,8,,Non-essential,88.2
CRB2,0.2806589639848708,1743,0.2773109241367135,0.0771420100800474,0.0235141546734145,0.5,,,CYS,4,,Non-essential,76.4
ROBO1,0.2806122119460003,1744,0.2605042014617612,0.2520011858879336,0.0149296220148663,0.5,,,LYS,4,,Non-essential,60.0
KLRB1,0.2805883025233499,1745,0.3781512601864275,0.0107915801956715,0.0024608571880436,0.5,,,LYS,1,,Non-essential,81.0
LRIG2,0.2805320830777719,1746,0.2268907561118565,0.1723688111473465,0.0246781591016922,0.5,,,LYS,10,,Non-essential,74.5
OR5B12,0.2804618987608367,1747,0.2605042014617612,0.0059294396679513,0.0337498023090305,0.5,,,TYR,4,,Non-essential,89.5
OR4C6,0.2804491568282341,1748,0.2605042014617612,0.000355766380077,0.0127597659338921,0.5,,,TYR,5,,Non-essential,90.2
NOTCH3,0.28043918876628193,1749,0.302521008149142,0.1847020456566854,0.0648426379882966,0.5,,,CYS,3,,Non-essential,61.4
OR4X1,0.28040686006638993,1750,0.2605042014617612,0.0016009487103468,0.0148030997944013,0.5,,,CYS,5,,Non-essential,88.0
CD27,0.28028825327338835,1751,0.453781512223713,0.0,0.0017143760873003,0.5,,,,0,,Non-essential,71.7
OR51Q1,0.28027417709903124,1752,0.2605042014617612,0.0036169581974503,0.0461236754705045,0.5,,,TYR,6,,Non-essential,86.0
XPNPEP2,0.28026388079154685,1753,0.2100840334369042,0.0080640379484138,0.0966503242131899,0.5,,,TYR,7,,Non-essential,91.6
OR5P2,0.28025633542632344,1754,0.2605042014617612,0.0782093092202786,0.0419421160841372,0.5,,,LYS,12,,Non-essential,79.2
FKRP,0.2802131558384109,1755,0.2268907561118565,0.0035576638007708,0.0618946702514629,0.5,,,TYR,2,,Non-essential,93.9
OR52J3,0.28019872843489235,1756,0.2605042014617612,0.0016602431070263,0.038703147240234,0.5,,,TYR,4,,Non-essential,88.1
AQP5,0.28014432577500037,1757,0.2689075627992374,0.015120071153276,0.0159671042226791,0.5,,,TYR,3,,Non-essential,94.3
OR8I2,0.2800675702609704,1758,0.2605042014617612,0.0049807293210791,0.0287268701565712,0.5,,,TYR,8,,Non-essential,89.9
LRFN2,0.28005825235300796,1759,0.2689075627992374,0.1698191520901274,0.0353376561758658,0.5,,,LYS,2,,Non-essential,69.3
SLC16A12,0.27997323116530637,1760,0.2100840334369042,0.1432552623777053,0.0410058516526965,0.5,,,LYS,14,,Non-essential,80.3
OR14J1,0.279971849421203,1761,0.2605042014617612,0.0225911651348947,0.029637830143919,0.5,,,CYS,7,,Non-essential,87.6
TMEM179B,0.2799642113217944,1762,0.3193277308240944,0.0050993181144381,0.0025620749644156,0.5,,,SER,1,,Non-essential,85.9
OR6M1,0.2799391184172245,1763,0.2605042014617612,0.0020753038837829,0.0209900363751383,0.5,,,SER,5,,Non-essential,91.0
KIAA0319,0.27980123314851646,1764,0.2773109241367135,0.1376222946931515,0.0167452158785386,0.5,,,LYS,4,,Non-essential,70.8
OR4C13,0.2797412350855847,1765,0.2605042014617612,0.0021345982804624,0.0169413253202593,0.5,,,SER,4,,Non-essential,88.2
NRCAM,0.27967561424944465,1766,0.3193277308240944,0.0189149125407648,0.0273034951763403,0.5,,,TYR,6,,Non-essential,77.4
PRLHR,0.27965644885745145,1767,0.2605042014617612,0.0043284909576045,0.0918235015024513,0.5,,,TYR,6,,Non-essential,80.6
OR5B21,0.2796277633667753,1768,0.2605042014617612,0.0078861547583753,0.0221224102482998,0.5,,,TYR,4,,Non-essential,88.9
DSC1,0.27954303332778585,1769,0.2436974787868088,0.1468722205751556,0.0142210975802625,0.5,,,CYS,8,,Non-essential,76.7
MIP,0.2795391083035117,1770,0.2605042014617612,0.0353987548176697,0.009166534872687,0.5,,,TYR,2,,Non-essential,91.0
BSG,0.27946225419877946,1771,0.3193277308240944,0.0010080047435517,0.0041436027202277,0.5,,,SER,1,,Non-essential,86.1
OTOP2,0.2794340046623359,1772,0.2605042014617612,0.103290839015713,0.0222489324687648,0.5,,,LYS,6,,Non-essential,78.0
OR4A16,0.2793918889533016,1773,0.2605042014617612,0.0160094871034687,0.0198197058358374,0.5,,,CYS,6,,Non-essential,85.9
MLNR,0.27938756474448234,1774,0.2773109241367135,0.0293507263563593,0.0819484421951605,0.5,,,TYR,10,,Non-essential,77.2
EDA,0.27931128647477865,1775,0.2184873947743803,0.2846723984583456,0.0077747904475723,0.5,,,LYS,1,,Non-essential,69.6
OR13H1,0.27929974284920733,1776,0.2605042014617612,0.0012451823302697,0.0336232800885655,0.5,,,SER,9,,Non-essential,87.3
GPR33,0.27929617610322677,1777,0.2605042014617612,0.0145271271864808,0.0518235015024513,0.5,,,TYR,11,,Non-essential,87.6
HAVCR1,0.27928748569900175,1778,0.252100840124285,0.2990216424547879,0.0162897358848647,0.5,,,LYS,4,,Non-essential,65.8
OR5I1,0.2792606529830305,1779,0.2605042014617612,0.0014823599169878,0.0116906531709631,0.5,,,CYS,4,,Non-essential,89.3
OR8D4,0.27925720043713886,1780,0.2605042014617612,0.0019567150904239,0.0206990352680689,0.5,,,CYS,4,,Non-essential,90.4
SLC5A10,0.2792487195888582,1781,0.252100840124285,0.0056329676845538,0.0324845801043808,0.5,,,SER,12,,Non-essential,87.8
ITGAM,0.2792093605447634,1782,0.2605042014617612,0.0142899495997628,0.0266266012968527,0.5,,,TYR,7,,Non-essential,86.3
STAB2,0.2792015258956889,1783,0.252100840124285,0.1361992291728431,0.0691823501502451,0.5,,,LYS,15,,Non-essential,70.5
LPAR6,0.2791775336801635,1784,0.2689075627992374,0.0272161280758968,0.0285370868258737,0.5,,,TYR,8,,Non-essential,84.4
OR5F1,0.2791747577911984,1785,0.2605042014617612,0.0044470797509635,0.0287964573778269,0.5,,,SER,9,,Non-essential,89.2
OR10H4,0.2791523214122902,1786,0.2605042014617612,0.0046842573376815,0.031447097896568,0.5,,,TYR,7,,Non-essential,86.9
OR2D2,0.2791502465303972,1787,0.2605042014617612,0.0014823599169878,0.0146386209077969,0.5,,,CYS,4,,Non-essential,87.5
OR2G3,0.27909457417455996,1788,0.2605042014617612,0.0015416543136673,0.019300964731931,0.5,,,TYR,7,,Non-essential,90.7
SLC35A5,0.2790803143495545,1789,0.3109243694866181,0.0351615772309516,0.0485845326585481,0.5,,,LYS,9,,Non-essential,76.8
OR1E1,0.2790780439226722,1790,0.2605042014617612,0.0063445004447079,0.0314154673414518,0.5,,,TYR,6,,Non-essential,88.5
OR10P1,0.2790547874093262,1791,0.2605042014617612,0.0007115327601541,0.0229321524592756,0.5,,,TYR,4,,Non-essential,88.2
L1CAM,0.2790546204552822,1792,0.1932773107619518,0.1736139934776163,0.0150624703463545,0.5,,,LYS,5,,Non-essential,78.4
IGSF9B,0.27900478414785923,1793,0.1932773107619518,0.3245775274236584,0.0098497548631978,0.5,,,LYS,5,,Non-essential,62.2
TAS2R19,0.27899844423815257,1794,0.2605042014617612,0.0103765194189149,0.0439854499446465,0.5,,,CYS,8,,Non-essential,85.0
CALY,0.2789707076475112,1795,0.2268907561118565,0.4802846131040616,0.0004554799936738,0.5,,,LYS,2,,Non-essential,54.7
CMKLR1,0.27892896171750403,1796,0.2605042014617612,0.0479691669137266,0.0910453898465918,0.5,,,TYR,17,,Non-essential,79.0
KLRF1,0.27889606574261594,1797,0.252100840124285,0.1595612214645715,0.0092930570931519,0.5,,,LYS,2,,Non-essential,78.1
OR5M1,0.278882166894731,1798,0.2605042014617612,0.006818855618144,0.0139617270283093,0.5,,,LYS,5,,Non-essential,89.8
OR5M10,0.27887374645741625,1799,0.2605042014617612,0.0080640379484138,0.019174442511466,0.5,,,LYS,5,,Non-essential,89.0
CDHR2,0.27880067235811234,1800,0.3109243694866181,0.0034390750074117,0.0054088249248774,0.5,,,SER,3,,Non-essential,80.5
OR51G2,0.2787635488902308,1801,0.2605042014617612,0.0032611918173732,0.0219263008065791,0.5,,,SER,4,,Non-essential,87.3
SORCS3,0.27872040178154367,1802,0.2268907561118565,0.0911354876964126,0.082853076071485,0.5,,,CYS,14,,Non-essential,74.7
OR2J1,0.2787024163156775,1803,0.2605042014617612,0.0019567150904239,0.0244251146607622,0.5,,,TYR,7,,Non-essential,89.4
OR51M1,0.27867629892505674,1804,0.2605042014617612,0.0035576638007708,0.0321935789973114,0.5,,,SER,3,,Non-essential,86.5
MCHR1,0.27865872833519045,1805,0.2689075627992374,0.015238659946635,0.0474205282302704,0.5,,,TYR,6,,Non-essential,84.4
SIGLEC10,0.2786489968016359,1806,0.3445378148365229,0.0201600948710346,0.0374126205914913,0.5,,,TYR,9,,Non-essential,73.2
GRM1,0.27862785060634077,1807,0.2605042014617612,0.0684257337681589,0.1045832674363435,0.5,,,LYS,18,,Non-essential,70.9
SLC10A4,0.2785765709818897,1808,0.252100840124285,0.1652534835458049,0.0330033212082872,0.5,,,LYS,5,,Non-essential,70.9
OR5K2,0.2785722730812147,1809,0.2605042014617612,0.0026682478505781,0.0275628657282935,0.5,,,CYS,7,,Non-essential,88.9
C5AR2,0.2784020112970057,1810,0.2436974787868088,0.0155351319300326,0.082853076071485,0.5,,,TYR,9,,Non-essential,86.5
OR1A1,0.27839938975543577,1811,0.2605042014617612,0.0013637711236288,0.0205029258263482,0.5,,,SER,5,,Non-essential,89.2
OR2F1,0.27832859746441996,1812,0.2605042014617612,0.0447079750963533,0.0513047603985449,0.5,,,LYS,9,,No data,88.4
MRGPRG,0.27828314020714173,1813,0.2605042014617612,0.0102579306255558,0.0220275185829511,0.5,,,TYR,5,,Non-essential,86.1
P2RX6,0.2782790801266394,1814,0.2100840334369042,0.1294989623480581,0.0127913964890083,0.5,,,LYS,4,,Non-essential,82.9
OR8D1,0.27827778040348183,1815,0.2605042014617612,0.0036762525941298,0.0130823975960778,0.5,,,TYR,3,,Non-essential,90.9
OR1D5,0.2782688211448653,1816,0.2605042014617612,0.0613104061666172,0.0434034477305076,0.5,,,CYS,7,,Non-essential,81.3
ADAM19,0.2782255809797427,1817,0.252100840124285,0.1252890601838126,0.0717127945595445,0.5,,,LYS,15,,Non-essential,69.9
OR1J1,0.27819307199514154,1818,0.2605042014617612,0.0182626741772902,0.0340724339712162,0.5,,,TYR,6,,Non-essential,87.7
OR4D6,0.2781748703924112,1819,0.2605042014617612,0.0036762525941298,0.0170678475407243,0.5,,,CYS,3,,Non-essential,88.5
CHODL,0.2781651073197471,1820,0.2436974787868088,0.1891491254076489,0.0050545627075755,0.5,,,LYS,4,,Non-essential,75.8
OR10C1,0.27802659598079404,1821,0.2605042014617612,0.0027275422472576,0.0202751858295113,0.5,,,TYR,4,,Non-essential,86.8
OR52N5,0.2779974955278057,1822,0.2605042014617612,0.0023717758671805,0.0439854499446465,0.5,,,TYR,4,,Non-essential,85.5
OR10V1,0.2779974761068512,1823,0.2605042014617612,0.0013637711236288,0.0139933575834255,0.5,,,CYS,5,,Non-essential,88.5
RNF43,0.27786929422188567,1824,0.4705882348986654,0.0621998221168099,0.0134113553692867,0.5,,,LYS,5,,Non-essential,55.5
SCN2B,0.2777920927723073,1825,0.2268907561118565,0.1325822709753928,0.0022647477463229,0.5,,,CYS,3,,Non-essential,85.8
CD163L1,0.27777299709807735,1826,0.2941176468116659,0.0313074414467832,0.081910485529021,0.5,,,CYS,11,,Non-essential,72.9
OR2J2,0.2777727888008644,1827,0.2605042014617612,0.0017195375037058,0.0235141546734145,0.5,,,CYS,5,,Non-essential,89.3
OR7C2,0.27775846926502046,1828,0.2605042014617612,0.0029647198339756,0.0241973746639253,0.5,,,CYS,4,,Non-essential,88.5
OR1G1,0.27766089639670355,1829,0.2605042014617612,0.00243107026386,0.0477431598924561,0.5,,,SER,4,,Non-essential,84.0
MC5R,0.2775953844015915,1830,0.2605042014617612,0.0327305069670916,0.0486161632136644,0.5,,,CYS,9,,Non-essential,82.6
OR2AE1,0.2775821765254989,1831,0.2605042014617612,0.0058701452712718,0.041910485529021,0.5,,,CYS,10,,Non-essential,86.3
CLEC5A,0.27755118414812874,1832,0.3361344534990467,0.0,0.0015878538668353,0.5,,,,0,,Non-essential,85.2
PCDHGB5,0.27754561976909864,1833,0.2268907561118565,0.1683960865698191,0.0062185671358532,0.5,,,LYS,3,,Non-essential,75.4
OR4D11,0.277328327582546,1834,0.2605042014617612,0.002549659057219,0.0139617270283093,0.5,,,CYS,2,,Non-essential,86.7
OR9Q2,0.27724248670561913,1835,0.2605042014617612,0.0071746219982211,0.0214075597026727,0.5,,,TYR,4,,Non-essential,85.2
PCDHGA7,0.27722696053268425,1836,0.2436974787868088,0.1477023421286688,0.0123106120512415,0.5,,,LYS,3,,Non-essential,74.0
FZD10,0.27722351985197535,1837,0.2773109241367135,0.0448265638897124,0.0256523801992724,0.5,,,LYS,8,,Non-essential,80.6
OR5K1,0.27712382022844195,1838,0.2605042014617612,0.002549659057219,0.021439190257789,0.5,,,CYS,5,,Non-essential,89.5
P2RX2,0.2770605932419229,1839,0.2436974787868088,0.1136673584346279,0.0110137592914755,0.5,,,LYS,5,,Non-essential,79.9
OR2G6,0.27698252361762354,1840,0.2605042014617612,0.0022531870738215,0.0185291791870947,0.5,,,TYR,6,,Non-essential,88.6
SLC45A2,0.2769377864173197,1841,0.2605042014617612,0.0203379780610732,0.0817207021983235,0.5,,,CYS,13,,Non-essential,77.7
GPC6,0.27692494198165263,1842,0.302521008149142,0.0177290246071746,0.0317444251146607,0.5,,,TYR,6,,Non-essential,82.0
SLC2A6,0.2768903571614205,1843,0.2857142854741897,0.0062852060480284,0.0300237229163371,0.5,,,SER,4,,Non-essential,81.6
CDH20,0.2768463179066333,1844,0.2352941174493327,0.1356655796027275,0.0154483631187727,0.5,,,CYS,5,,Non-essential,77.3
OR6J1,0.27674227476308244,1845,0.2605042014617612,0.0033204862140527,0.0242606357741578,0.5,,,TYR,10,,Non-essential,86.5
CLDN22,0.2767002872736093,1846,0.2605042014617612,0.041091016898903,0.0097801676419421,0.5,,,LYS,3,,Non-essential,86.6
SLC22A15,0.27666021273900254,1847,0.201680672099428,0.019626445300919,0.1245737782698086,0.5,,,TYR,12,,Non-essential,83.0
NMUR1,0.27665186949637377,1848,0.2436974787868088,0.0106136970056329,0.0965238019927249,0.5,,,TYR,7,,Non-essential,80.6
LIM2,0.2765495487639149,1849,0.2605042014617612,0.0022531870738215,0.0058643049185513,0.5,,,SER,1,,Non-essential,90.3
MCHR2,0.27649252626725684,1850,0.2605042014617612,0.0017195375037058,0.0156128420053771,0.5,,,TYR,7,,Non-essential,88.9
ADCYAP1R1,0.2764801017476195,1851,0.2100840334369042,0.172190927957308,0.0331045389846591,0.5,,,LYS,10,,Non-essential,75.5
OR51E2,0.2764537015841516,1852,0.252100840124285,0.0030833086273347,0.0220591491380673,0.5,,,SER,6,,Non-essential,88.9
CHRNE,0.2764454972758221,1853,0.2436974787868088,0.0996738808182626,0.0104317570773367,0.5,,,LYS,2,,Non-essential,80.7
OR5A2,0.2763978298851857,1854,0.2605042014617612,0.0019567150904239,0.019402182508303,0.5,,,CYS,9,,Non-essential,87.5
TNFRSF8,0.27638061623262,1855,0.252100840124285,0.2904239549362585,0.002853076071485,0.5,,,LYS,4,,Non-essential,61.2
OR8B8,0.2763541738768971,1856,0.2605042014617612,0.0013637711236288,0.0167768464336549,0.5,,,TYR,3,,Non-essential,89.9
GPBAR1,0.2763314630801439,1857,0.2352941174493327,0.0517640083012155,0.059275660287838,0.5,,,TYR,11,,Non-essential,80.4
GPR26,0.27626144513351303,1858,0.2436974787868088,0.0100800474355173,0.018105329748537,0.5,,,LYS,7,,Non-essential,91.0
MFSD8,0.2762139926080258,1859,0.2184873947743803,0.0042691965609249,0.1031915230112288,0.5,,,SER,12,,Non-essential,83.3
GCGR,0.2761976739348637,1860,0.2436974787868088,0.0607174621998221,0.0326490589909852,0.5,,,LYS,5,,Non-essential,81.9
SCTR,0.2761969620417051,1861,0.252100840124285,0.0829528609546397,0.0649058990985291,0.5,,,CYS,7,,Non-essential,76.6
OR9A4,0.2761780671321664,1862,0.2605042014617612,0.0058108508745923,0.0269492329590384,0.5,,,CYS,6,,Non-essential,85.4
ZACN,0.276145552174467,1863,0.3361344534990467,0.0036762525941298,0.0188834414043966,0.5,,,SER,9,,Non-essential,77.5
NRROS,0.27613096675245563,1864,0.2857142854741897,0.0267417729024607,0.0307702040170805,0.5,,,CYS,3,,Non-essential,83.3
MC2R,0.2760756102173103,1865,0.2605042014617612,0.0164838422769048,0.017263956982445,0.5,,,LYS,2,,Non-essential,85.4
ASIC5,0.2760644278548754,1866,0.2605042014617612,0.0401423065520308,0.0155495808951447,0.5,,,LYS,4,,Non-essential,84.5
OR9G1,0.2759976320230755,1867,0.2605042014617612,0.0017788319003854,0.0200790763877906,0.5,,,TYR,8,,Non-essential,85.9
OR2Z1,0.2759783432266828,1868,0.2605042014617612,0.0023717758671805,0.0323896884390321,0.5,,,SER,6,,Non-essential,85.2
OR11H6,0.275880296561158,1869,0.2605042014617612,0.0080047435517343,0.0252664874268543,0.5,,,CYS,2,,Non-essential,86.8
PCDHB9,0.2758528375108714,1870,0.3109243694866181,0.0018381262970649,0.0032705993990194,0.5,,,SER,1,,Non-essential,81.6
MYADM,0.2757977920238711,1871,0.2689075627992374,0.0261488289356655,0.0067056776846433,0.5,,,TYR,2,,Non-essential,85.7
OR1N1,0.2755788104736556,1872,0.2605042014617612,0.000355766380077,0.0204080341609995,0.5,,,TYR,3,,Non-essential,89.0
OR11L1,0.2755647797201849,1873,0.2605042014617612,0.0058701452712718,0.0118235015024513,0.5,,,LYS,5,,Non-essential,88.5
CD226,0.2755472111324305,1874,0.2689075627992374,0.0716869255855321,0.0064146765775739,0.5,,,LYS,4,,Non-essential,82.7
OR4C45,0.27553015719869517,1875,0.2605042014617612,0.0357545211977468,0.0262660129685275,0.5,,,CYS,6,,No data,88.0
OR5T1,0.2755024461879376,1876,0.2605042014617612,0.011088052179069,0.0207939269334176,0.5,,,CYS,7,,Non-essential,87.2
OR10Q1,0.27550025993798277,1877,0.2605042014617612,0.0017195375037058,0.0141515103590067,0.5,,,CYS,7,,Non-essential,86.5
OPN1LW,0.2753020314506871,1878,0.2605042014617612,0.0348058108508745,0.0305740945753597,0.5,,,TYR,7,,Non-essential,82.2
ALPL,0.2752791185885345,1879,0.2689075627992374,0.0005929439667951,0.0056681954768306,0.5,,,TYR,2,,Non-essential,93.3
GPR20,0.27527008946571985,1880,0.252100840124285,0.0859175807886154,0.0203068163846275,0.5,,,CYS,3,,Non-essential,78.9
TIGIT,0.2752691342775777,1881,0.403361344198856,0.0040320189742069,0.0041119721651114,0.5,,,SER,2,,Non-essential,74.6
SLC7A10,0.27525450208600144,1882,0.2436974787868088,0.0428105544026089,0.0168401075438873,0.5,,,LYS,3,,Non-essential,83.4
C19orf18,0.2752507722305596,1883,0.2352941174493327,0.2750667061962644,0.0135695081448679,0.5,,,LYS,3,,Non-essential,61.5
SLC6A5,0.2752315052998936,1884,0.2605042014617612,0.1109398161873702,0.0290874584848964,0.5,,,LYS,10,,Non-essential,73.4
SHISA4,0.275223702601072,1885,0.201680672099428,0.31218499851764,0.005832674363435,0.5,,,LYS,6,,Non-essential,69.2
SUCO,0.27521738004370466,1886,0.3193277308240944,0.2466053957900978,0.0153218408983077,0.5,,,LYS,2,,Non-essential,52.4
CDH6,0.27512327609005593,1887,0.2605042014617612,0.0561517936554995,0.0423343349675786,0.5,,,TYR,3,,Non-essential,78.7
SEMA4B,0.2750702493115633,1888,0.3193277308240944,0.0069967388081826,0.016194844219516,0.5,,,SER,3,,Non-essential,81.6
OR2T4,0.27492992207010825,1889,0.2605042014617612,0.0269789504891787,0.021540408034161,0.5,,,TYR,4,,Non-essential,84.1
OR51V1,0.2749008064207622,1890,0.2605042014617612,0.0026089534538986,0.0287648268227107,0.5,,,SER,4,,Non-essential,87.5
OR5D13,0.2748521525737697,1891,0.2605042014617612,0.0511117699377408,0.0405187411039063,0.5,,,CYS,7,,No data,88.7
GJA1,0.2747975298009223,1892,0.2352941174493327,0.1843462792766083,0.0300237229163371,0.5,,,LYS,9,,Non-essential,69.8
SLC5A5,0.27473893699058793,1893,0.2773109241367135,0.0063445004447079,0.0477115293373398,0.5,,,SER,5,,Non-essential,81.3
OR1S1,0.2746915499587115,1894,0.2605042014617612,0.0554402608953453,0.0508872370710105,0.5,,,LYS,6,,No data,86.3
TAAR5,0.2746794918997163,1895,0.2605042014617612,0.0017788319003854,0.0244883757709947,0.5,,,TYR,5,,Non-essential,85.2
CD28,0.27467481480598444,1896,0.3109243694866181,0.0641565372072339,0.0025620749644156,0.5,,,TYR,2,,Non-essential,81.3
CNTN6,0.2746682865281289,1897,0.2436974787868088,0.0305959086866291,0.0061236754705045,0.5,,,TYR,2,,Non-essential,86.1
SIRPB1,0.2746452187663584,1898,0.302521008149142,0.0056922620812333,0.0073825715641309,0.5,,,SER,2,,Non-essential,85.1
IL2RA,0.2746171803587105,1899,0.3949579828613799,0.0,0.0083884232168274,0.5,,,CYS,2,,Non-essential,72.5
OR10R2,0.27453934850067696,1900,0.2605042014617612,0.0247850578120367,0.0337814328641467,0.5,,,CYS,9,,Non-essential,82.6
SLC38A9,0.2745033064750084,1901,0.2941176468116659,0.0115031129558256,0.0548663609046338,0.5,,,TYR,8,,Non-essential,76.5
IFNGR2,0.27446887728945124,1902,0.3361344534990467,0.0066409724281055,0.0055353471453424,0.5,,,SER,2,,Non-essential,83.8
MICB,0.27446371335921793,1903,0.3277310921615705,0.0085976875185294,0.026557014075597,0.5,,,TYR,6,,Non-essential,78.0
FZD9,0.2744470660554049,1904,0.252100840124285,0.0403794841387488,0.0492297959829195,0.5,,,LYS,13,,Non-essential,80.9
ITGA9,0.27441683474954703,1905,0.2268907561118565,0.01096946338571,0.0640012652222046,0.5,,,TYR,10,,Non-essential,85.1
TSPAN18,0.27440945376530645,1906,0.2352941174493327,0.0,0.0149296220148663,0.5,,,,0,,Non-essential,90.6
TMEM140,0.27438454096874176,1907,0.2689075627992374,0.006463089238067,0.0083251621065949,0.5,,,SER,1,,Non-essential,87.1
OR1S2,0.2743411780042953,1908,0.2605042014617612,0.0441743255262377,0.0479013126680373,0.5,,,LYS,6,,No data,86.4
OR1C1,0.274300274201272,1909,0.2605042014617612,0.0028461310406166,0.0140249881385418,0.5,,,CYS,3,,Non-essential,87.7
TREH,0.27423625251762107,1910,0.252100840124285,0.0035576638007708,0.0184975486319784,0.5,,,LYS,5,,Non-essential,92.4
SSTR3,0.27416942817927425,1911,0.2689075627992374,0.0270382448858582,0.099174442511466,0.5,,,TYR,12,,Non-essential,74.6
RTN4R,0.27415857361352425,1912,0.3781512601864275,0.0037948413874888,0.0158089514470979,0.5,,,SER,2,,Non-essential,75.1
LSMEM1,0.27414804020733063,1913,0.1932773107619518,0.3478209309220278,0.0003226316621856,0.5,,,LYS,1,,Non-essential,67.9
TNFSF4,0.27412958992028646,1914,0.3109243694866181,0.0,0.0024924877431598,0.5,,,CYS,2,,Non-essential,84.8
GPR25,0.27411960680350045,1915,0.302521008149142,0.0011265935369107,0.0188201802941641,0.5,,,SER,4,,Non-essential,82.4
PVR,0.274010287332896,1916,0.2941176468116659,0.0208123332345093,0.0060920449153882,0.5,,,TYR,1,,Non-essential,84.9
OR5AU1,0.27395748362578953,1917,0.2605042014617612,0.0278090720426919,0.0533480942590542,0.5,,,TYR,10,,Non-essential,79.9
PTCHD1,0.2739393881143216,1918,0.2352941174493327,0.0040913133708864,0.0519879803890558,0.5,,,TYR,11,,Non-essential,84.2
OPCML,0.27393884315667416,1919,0.252100840124285,0.0770827156833679,0.0039854499446465,0.5,,,LYS,1,,Non-essential,83.4
MOG,0.27388412193018175,1920,0.1848739494244757,0.1272457752742365,0.0130823975960778,0.5,,,CYS,2,,Non-essential,84.7
FCAMR,0.27382319678835565,1921,0.50420168024857,0.0055736732878742,0.0152902103431915,0.5,,,SER,1,,Non-essential,55.3
OPRL1,0.27375077489698096,1922,0.2773109241367135,0.0065223836347465,0.0310928356792661,0.5,,,TYR,2,,Non-essential,82.3
OR5J2,0.2737260302364789,1923,0.2605042014617612,0.0037355469908093,0.0297643523643839,0.5,,,TYR,3,,Non-essential,83.6
OR1Q1,0.2737033528633117,1924,0.2605042014617612,5.929439667951378e-05,0.0173272180926775,0.5,,,TYR,2,,Non-essential,88.0
OR8A1,0.2736723671054544,1925,0.2605042014617612,0.004506374147643,0.0322252095524276,0.5,,,TYR,5,,Non-essential,87.0
OR52E1,0.273578679820614,1926,0.2605042014617612,0.0015416543136673,0.0667214929622014,0.5,,,SER,5,,No data,86.5
DCBLD2,0.27351613716506706,1927,0.2773109241367135,0.1356655796027275,0.0442764510517159,0.5,,,LYS,8,,Non-essential,67.7
OR13C8,0.27342652527857936,1928,0.2605042014617612,0.0141713608064037,0.0493310137592914,0.5,,,TYR,9,,Non-essential,83.7
SIGLEC6,0.27338596505514134,1929,0.252100840124285,0.1321672101986362,0.0056365649217143,0.5,,,LYS,3,,Non-essential,77.3
HTR3A,0.2733104055399834,1930,0.2689075627992374,0.0324933293803735,0.0129242448204966,0.5,,,TYR,3,,Non-essential,82.6
OR14K1,0.27330922236153044,1931,0.2605042014617612,0.0076489771716572,0.0377668828087932,0.5,,,TYR,6,,Non-essential,83.5
TMEM231,0.27328261243667207,1932,0.252100840124285,0.0008894159501927,0.0023975960778111,0.5,,,TYR,1,,Non-essential,88.4
MEGF9,0.2732792011943025,1933,0.252100840124285,0.2305959086866291,0.0066740471295271,0.5,,,LYS,3,,Non-essential,66.5
PCDHB1,0.27325736367255926,1934,0.2605042014617612,0.0592943966795137,0.0103621698560809,0.5,,,TYR,3,,Non-essential,80.1
SSR1,0.2732448844756754,1935,0.3781512601864275,0.0,0.0055353471453424,0.5,,,,0,,Non-essential,76.1
OPRK1,0.27303916030556885,1936,0.2436974787868088,0.0664690186777349,0.0456049343665981,0.5,,,LYS,10,,Non-essential,79.5
OR5L1,0.273001609891252,1937,0.2605042014617612,0.0459531574266231,0.0254246402024355,0.5,,,LYS,7,,No data,89.2
CLDN9,0.27291718997585634,1938,0.2773109241367135,0.0409131337088645,0.0080341609995255,0.5,,,LYS,2,,Non-essential,81.2
NRXN1,0.27291284912952996,1939,0.2100840334369042,0.0617847613400533,0.059174442511466,0.5,,,LYS,5,,Non-essential,82.0
LYPD5,0.27290920247552575,1940,0.3109243694866181,0.0011265935369107,0.017263956982445,0.5,,,SER,2,,Non-essential,84.0
FZD3,0.27269331012305364,1941,0.302521008149142,0.0410317225022235,0.0292835679266171,0.5,,,TYR,7,,Non-essential,75.5
CD300A,0.2726674817537119,1942,0.3613445375114751,0.0919656092499258,0.0106911276292898,0.5,,,LYS,4,,Non-essential,70.7
GPR52,0.2726635198519366,1943,0.252100840124285,0.0656981915209012,0.0139933575834255,0.5,,,TYR,6,,Non-essential,81.8
OR4A4P,0.2725684250596083,1944,0.2605042014617612,0.0249629410020753,0.0222489324687648,0.5,,,CYS,7,,No data,90.3
KIRREL3,0.27253975139810294,1945,0.252100840124285,0.1416543136673584,0.0119183931678,0.5,,,CYS,3,,Non-essential,72.4
LYPD3,0.272536968646224,1946,0.3865546215239037,0.000237177586718,0.0107543887395223,0.5,,,SER,2,,Non-essential,74.3
RNF167,0.2724509271090637,1947,0.2773109241367135,0.0688407945449155,0.0202751858295113,0.5,,,LYS,1,,Non-essential,78.4
CD83,0.27241706991178727,1948,0.3613445375114751,0.0419804328490957,0.0129242448204966,0.5,,,LYS,5,,Non-essential,72.6
OR5AK2,0.27240482108184794,1949,0.2605042014617612,0.0055736732878742,0.0188201802941641,0.5,,,TYR,4,,Non-essential,84.3
SLC5A4,0.27236351321730345,1950,0.252100840124285,0.0094871034687222,0.0227044124624387,0.5,,,TYR,12,,Non-essential,85.1
TCIRG1,0.2723217355747015,1951,0.1932773107619518,0.0780907204269196,0.0324213189941483,0.5,,,LYS,4,,Non-essential,83.0
MRGPRX2,0.27231786523957524,1952,0.2605042014617612,0.0074710939816187,0.0519879803890558,0.5,,,TYR,6,,Non-essential,81.7
OR51D1,0.27223177789188635,1953,0.2605042014617612,0.0024903646605395,0.0260382729716906,0.5,,,SER,3,,Non-essential,85.3
OR9G4,0.27207651089103735,1954,0.2605042014617612,0.0019567150904239,0.0172955875375612,0.5,,,CYS,9,,Non-essential,86.0
SIGLEC1,0.27202734854043786,1955,0.2605042014617612,0.0123332345093388,0.0616732563656492,0.5,,,TYR,2,,Non-essential,76.6
OR4C5,0.2719876338465447,1956,0.2605042014617612,0.0014823599169878,0.0208255574885339,0.5,,,SER,7,,Non-essential,86.2
HLA-DOB,0.27189523304136953,1957,0.302521008149142,0.0040913133708864,0.0012335916495334,0.5,,,SER,1,,Non-essential,87.1
GALR1,0.2718858285151202,1958,0.2184873947743803,0.0456566854432256,0.0561632136643998,0.5,,,LYS,7,,Non-essential,83.8
CD7,0.27163026563582093,1959,0.3781512601864275,0.0052179069077972,0.0052443460382729,0.5,,,SER,2,,Non-essential,77.0
GPR119,0.2716179687586081,1960,0.2605042014617612,0.0,0.018459591965839,0.5,,,,0,,Non-essential,86.7
SSTR4,0.27161251607008363,1961,0.2605042014617612,0.006463089238067,0.0914692392851494,0.5,,,SER,7,,Non-essential,77.6
GALR3,0.2715414076617062,1962,0.2689075627992374,0.0203972724577527,0.0306753123517317,0.5,,,TYR,8,,Non-essential,81.0
LINGO4,0.27151508492567167,1963,0.2689075627992374,0.0030833086273347,0.0198576625019769,0.5,,,SER,1,,Non-essential,85.5
OR8G5,0.27146916673657817,1964,0.2605042014617612,0.006818855618144,0.0308967262375454,0.5,,,CYS,5,,Non-essential,83.6
CDH2,0.2713936836755001,1965,0.2605042014617612,0.0485621108805217,0.031776055669777,0.5,,,TYR,3,,Non-essential,79.4
VSTM4,0.27135604842932404,1966,0.1848739494244757,0.2490957604506374,0.0060920449153882,0.5,,,LYS,4,,Non-essential,74.9
CLDN24,0.27131925221081543,1967,0.2605042014617612,0.0381262970649273,0.0043397121619484,0.5,,,LYS,2,,Non-essential,85.3
CLDN15,0.2712638200604671,1968,0.1848739494244757,0.1762229469315149,0.0055037165902261,0.5,,,LYS,2,,Non-essential,81.8
LRRC19,0.27124315967907353,1969,0.2773109241367135,0.1241624666469018,0.0064146765775739,0.5,,,LYS,2,,Non-essential,74.5
OR10D4P,0.27123795127974903,1970,0.2605042014617612,0.0190927957308034,0.0434667088407401,0.5,,,TYR,10,,No data,90.6
PCDH9,0.2712161964784411,1971,0.2184873947743803,0.1935962051586125,0.0088755337656175,0.5,,,LYS,1,,Non-essential,67.8
FFAR4,0.2712034989959524,1972,0.2857142854741897,0.000118588793359,0.0472560493436659,0.5,,,SER,1,,Non-essential,79.3
ACHE,0.27115396678470227,1973,0.2268907561118565,0.0113845241624666,0.0272718646212241,0.5,,,TYR,9,,Non-essential,92.9
OR1F2P,0.2709971623754439,1974,0.2605042014617612,0.0423954936258523,0.0574600664241657,0.5,,,TYR,3,,No data,83.7
CD8A,0.27092981214383405,1975,0.352941176173999,0.0034983694040913,0.0009742210975802,0.5,,,SER,2,,Non-essential,78.2
MYADML2,0.2709251272136698,1976,0.2605042014617612,0.0048621405277201,0.0126332437134271,0.5,,,SER,3,,Non-essential,86.4
NPFFR1,0.270908124557782,1977,0.2689075627992374,0.0260302401423065,0.0613759291475565,0.5,,,TYR,9,,Non-essential,77.6
EMP3,0.2708880535701118,1978,0.2268907561118565,0.0,0.0048268227107385,0.5,,,,0,,Non-essential,90.9
SLC14A1,0.27075049218617064,1979,0.2100840334369042,0.0344500444707975,0.0241973746639253,0.5,,,TYR,6,,Non-essential,93.0
CDHR3,0.27074297904720057,1980,0.201680672099428,0.1453305662614882,0.0027834888502293,0.5,,,LYS,1,,Non-essential,77.6
CLRN1,0.2707290186393746,1981,0.2605042014617612,0.0030240142306552,0.0059908271390162,0.5,,,TYR,3,,Non-essential,90.8
RAET1G,0.2707169858254451,1982,0.2689075627992374,0.1295582567447376,0.0403922188834414,0.5,,,CYS,3,,Non-essential,70.0
LRFN3,0.2706927466555745,1983,0.2773109241367135,0.0291135487696412,0.0477115293373398,0.5,,,TYR,6,,Non-essential,77.4
PILRA,0.27068460388160553,1984,0.252100840124285,0.2187370293507263,0.0070599399019452,0.5,,,LYS,5,,Non-essential,69.5
ADAM15,0.2706668903225312,1985,0.2773109241367135,0.0061666172546694,0.0985291791870947,0.5,,,TYR,4,,Non-essential,73.2
FCGR3B,0.27062563168619636,1986,0.2773109241367135,0.0097242810554402,0.0012652222046496,0.5,,,TYR,3,,Non-essential,88.6
OR56A1,0.27061240246547047,1987,0.2605042014617612,0.0007115327601541,0.0427202277399968,0.5,,,SER,3,,Non-essential,84.5
PCDHGC3,0.2705671776322095,1988,0.2100840334369042,0.1580788615475837,0.0131519848173335,0.5,,,LYS,6,,Non-essential,74.7
TNFRSF13B,0.27055804248419124,1989,0.2857142854741897,0.232196857396976,0.010950498181243,0.5,,,LYS,5,,Non-essential,62.5
OR5V1,0.27049600047065436,1990,0.2605042014617612,0.0018381262970649,0.0155116242290052,0.5,,,CYS,3,,Non-essential,85.6
KIR2DL4,0.27038431155642384,1991,0.2773109241367135,0.1219685739697598,0.0178143286414676,0.5,,,CYS,1,,Non-essential,70.0
SLC16A8,0.2702749901990129,1992,0.2436974787868088,0.017551141417136,0.0812019610944172,0.5,,,LYS,9,,Non-essential,77.1
TMPRSS11D,0.2702720172684753,1993,0.2352941174493327,0.0036762525941298,0.0205661869365807,0.5,,,TYR,2,,Non-essential,90.4
HTR1E,0.27024655944201703,1994,0.2605042014617612,0.0568040320189742,0.0377985133639095,0.5,,,LYS,11,,Non-essential,78.5
SLC39A2,0.27018309102709603,1995,0.2689075627992374,0.028164838422769,0.0086161632136643,0.5,,,TYR,2,,Non-essential,82.5
CEACAM21,0.27013391668513254,1996,0.302521008149142,0.0062852060480284,0.0022331171912067,0.5,,,TYR,2,,Non-essential,85.2
SIGLEC8,0.2700372931835926,1997,0.302521008149142,0.0610139341832196,0.0085212715483156,0.5,,,TYR,3,,Non-essential,73.8
HTR1B,0.2700371208246536,1998,0.252100840124285,0.0403201897420693,0.0557393642258421,0.5,,,TYR,11,,Non-essential,79.2
PTGDR2,0.26998130911743734,1999,0.2436974787868088,0.0511710643344203,0.0406136327692551,0.5,,,LYS,9,,Non-essential,81.0
IL7R,0.2699002574708207,2000,0.3109243694866181,0.142069374444115,0.0042764510517159,0.5,,,LYS,2,,Non-essential,67.5
OR7E24,0.26984755140642125,2001,0.2605042014617612,0.0001778831900385,0.0149296220148663,0.5,,,SER,1,,Non-essential,85.2
UNC5D,0.2698017982351252,2002,0.2605042014617612,0.0608953453898606,0.0349833939585639,0.5,,,CYS,3,,Non-essential,74.6
TLR4,0.2697788239225942,2003,0.2184873947743803,0.0390750074117995,0.0112098687331962,0.5,,,TYR,2,,Non-essential,89.2
OR52Z1,0.2697397274765513,2004,0.2605042014617612,0.0022531870738215,0.0693151984817333,0.5,,,SER,7,,No data,87.0
TSPAN2,0.2696884057555351,2005,0.2436974787868088,0.0,0.0188201802941641,0.5,,,,0,,Non-essential,87.4
MTNR1A,0.26962360686989173,2006,0.2605042014617612,0.0081826267417729,0.0238051557804839,0.5,,,TYR,3,,Non-essential,85.7
OR51B2,0.26960927238619575,2007,0.2605042014617612,0.0075896827749777,0.0323264273287996,0.5,,,TYR,7,,No data,89.2
SPACA4,0.26957394521231026,2008,0.2857142854741897,0.0436406759561221,0.0050861932626917,0.5,,,LYS,4,,Non-essential,81.3
FCRL4,0.26952532674157537,2009,0.2773109241367135,0.0461903350133412,0.0262976435236438,0.5,,,TYR,5,,Non-essential,77.9
FCER1A,0.2695227975181649,2010,0.302521008149142,0.0052179069077972,0.0042448204965997,0.5,,,SER,3,,Non-essential,84.4
SHISA6,0.2694873719839943,2011,0.2184873947743803,0.3814408538393121,0.0118867626126838,0.5,,,LYS,4,,Non-essential,55.4
AQP8,0.26947003997557617,2012,0.252100840124285,0.0016009487103468,0.0071232010121777,0.5,,,CYS,1,,Non-essential,91.3
VASN,0.269350787651341,2013,0.2268907561118565,0.1124814705010376,0.0516590226158469,0.5,,,LYS,7,,Non-essential,73.8
LDLR,0.2692897273120136,2014,0.2857142854741897,0.0036762525941298,0.047129527123201,0.5,,,SER,3,,Non-essential,75.4
FSHR,0.26913931917700495,2015,0.2605042014617612,0.0080047435517343,0.0435616005060888,0.5,,,LYS,5,,Non-essential,81.8
SLC13A1,0.2691290164028233,2016,0.2605042014617612,0.0034390750074117,0.0270757551795034,0.5,,,SER,5,,Non-essential,82.0
OR4N4,0.2691036172264837,2017,0.2605042014617612,0.0063445004447079,0.0420433338605092,0.5,,,TYR,6,,No data,86.4
EFNB2,0.2689472801023466,2018,0.302521008149142,0.120841980432849,0.0077431598924561,0.5,,,LYS,7,,Non-essential,70.8
SIGLEC15,0.2689332812539329,2019,0.3361344534990467,0.0,0.0034983393958563,0.5,,,,0,,Non-essential,78.4
OR51S1,0.26890822138996695,2020,0.2605042014617612,0.000118588793359,0.024292266329274,0.5,,,SER,2,,Non-essential,84.9
HTR4,0.2687986824466343,2021,0.252100840124285,0.0081233323450933,0.0592440297327218,0.5,,,TYR,9,,Non-essential,80.9
NPSR1,0.2687193027184258,2022,0.2605042014617612,0.0056922620812333,0.0627739996836944,0.5,,,TYR,7,,Non-essential,81.4
TSPAN4,0.26859928029251967,2023,0.2184873947743803,0.0,0.0243871579946228,0.5,,,,0,,Non-essential,89.7
TBXA2R,0.268578260562097,2024,0.2436974787868088,0.0085383931218499,0.0332310612051241,0.5,,,CYS,2,,Non-essential,86.2
NTRK1,0.2685670510240925,2025,0.252100840124285,0.0099614586421583,0.0647477463229479,0.5,,,TYR,4,,Non-essential,78.2
LRRN4,0.2684969459548937,2026,0.3193277308240944,0.0211680996145864,0.0426569666297643,0.5,,,TYR,5,,Non-essential,69.4
SLAMF6,0.26844452591627677,2027,0.3361344534990467,0.0,0.0050545627075755,0.5,,,,0,,Non-essential,77.2
MRGPRD,0.2683999016865458,2028,0.2605042014617612,0.0019567150904239,0.0109125415151035,0.5,,,SER,2,,Non-essential,85.4
HTR3D,0.26835939133368136,2029,0.2605042014617612,0.0901274829528609,0.1440392218883441,0.5,,,CYS,14,,Non-essential,63.4
SLC29A1,0.2683474167687713,2030,0.2100840334369042,0.0022531870738215,0.0818788549739047,0.5,,,TYR,6,,Non-essential,87.4
VSTM5,0.26828073236043837,2031,0.2605042014617612,0.0034390750074117,0.0023343349675786,0.5,,,TYR,3,,Non-essential,88.2
SLC24A3,0.2682793999709483,2032,0.1932773107619518,0.0773198932700859,0.1344804681322157,0.5,,,CYS,7,,Non-essential,70.3
SLC16A6,0.26824768459204573,2033,0.2689075627992374,0.0240735250518825,0.0425304444092993,0.5,,,LYS,5,,Non-essential,76.4
SYPL1,0.2682280488273511,2034,0.2941176468116659,0.0026089534538986,0.0038842321682745,0.5,,,TYR,2,,Non-essential,82.7
TTYH1,0.268190431013446,2035,0.2100840334369042,0.0125111176993774,0.0388359955717222,0.5,,,TYR,4,,Non-essential,89.7
GPR32,0.26814051116505,2036,0.2605042014617612,0.0085976875185294,0.0534746164795192,0.5,,,TYR,6,,Non-essential,80.8
OR2T34,0.26804403860962045,2037,0.2605042014617612,0.0202193892677142,0.0193705519531867,0.5,,,CYS,6,,No data,87.7
PCDHB2,0.2678992336154258,2038,0.2773109241367135,0.0017788319003854,0.0075786810058516,0.5,,,SER,1,,Non-essential,81.4
GPR68,0.26782964397475606,2039,0.2773109241367135,0.0047435517343611,0.0262660129685275,0.5,,,TYR,8,,Non-essential,80.4
CNNM3,0.2678109886293967,2040,0.2857142854741897,0.0642751260005929,0.0581369603036533,0.5,,,CYS,14,,Non-essential,66.7
OR8J2,0.2677760131997725,2041,0.2605042014617612,0.0079454491550548,0.038804365016606,0.5,,,TYR,4,,No data,89.2
OR2G2,0.2676709513075535,2042,0.2605042014617612,0.0014230655203083,0.0183014391902577,0.5,,,TYR,7,,Non-essential,82.4
MTNR1B,0.26766676197040773,2043,0.2605042014617612,0.0032018974206937,0.0365016606041436,0.5,,,TYR,7,,Non-essential,84.0
TPBG,0.26758058202173385,2044,0.2941176468116659,0.0027275422472576,0.007028309346829,0.5,,,SER,3,,Non-essential,82.2
UNC5A,0.2674542169272002,2045,0.2941176468116659,0.0016602431070263,0.0229637830143919,0.5,,,TYR,2,,Non-essential,77.4
OR5G3,0.26743148027583896,2046,0.2605042014617612,0.0136970056329676,0.0378301439190257,0.5,,,TYR,7,,No data,89.1
ADRB1,0.2674183539633276,2047,0.2268907561118565,0.1105840498072932,0.0493942748695239,0.5,,,LYS,7,,Non-essential,75.3
CLDN2,0.2673976593765969,2048,0.3109243694866181,0.0032611918173732,0.0090716432073382,0.5,,,SER,4,,Non-essential,79.4
FAIM2,0.26737801564545993,2049,0.2100840334369042,0.0997924696116216,0.0689925668195476,0.5,,,CYS,9,,Non-essential,77.3
OR5K3,0.26737605414225796,2050,0.2605042014617612,0.0011858879335902,0.0115641309504981,0.5,,,CYS,3,,Non-essential,82.9
BEST2,0.2673177165715771,2051,0.252100840124285,0.0661132522976578,0.0108492804048711,0.5,,,CYS,3,,Non-essential,80.3
UMOD,0.26729316675083215,2052,0.2605042014617612,0.0099021642454788,0.0069334176814803,0.5,,,TYR,4,,Non-essential,82.9
SSTR1,0.26721159760859814,2053,0.2184873947743803,0.0080640379484138,0.1228847066266013,0.5,,,SER,10,,Non-essential,78.8
LAIR1,0.2672093449931119,2054,0.3361344534990467,0.0823599169878446,0.0005187411039063,0.5,,,LYS,2,,Non-essential,71.4
ICAM4,0.2671295888165074,2055,0.2857142854741897,0.0136970056329676,0.0043080816068321,0.5,,,TYR,2,,Non-essential,83.2
OR5AR1,0.2670531903616864,2056,0.2605042014617612,0.0119774681292617,0.026658231851969,0.5,,,CYS,5,,No data,90.9
CRTAM,0.2669848832011469,2057,0.302521008149142,0.0711532760154165,0.0141198798038905,0.5,,,CYS,6,,Non-essential,73.5
CLEC12B,0.2669282961348536,2058,0.2605042014617612,0.0,0.0030112288470662,0.5,,,,0,,Non-essential,86.9
ADRB3,0.2669256257489162,2059,0.2605042014617612,0.0024903646605395,0.0775075122568401,0.5,,,TYR,9,,Non-essential,78.9
HEPACAM2,0.26686734320711225,2060,0.2689075627992374,0.051704713904536,0.0184975486319784,0.5,,,TYR,2,,Non-essential,78.6
CD46,0.2668202316962218,2061,0.2941176468116659,0.0227097539282537,0.0052443460382729,0.5,,,TYR,4,,Non-essential,82.1
OR7A2P,0.26679447240913334,2062,0.2605042014617612,0.040972428105544,0.047869682112921,0.5,,,TYR,4,,No data,84.2
GRIN2D,0.2667599943730218,2063,0.3277310921615705,0.0061073228579899,0.0860287838051557,0.5,,,SER,6,,Non-essential,63.2
SIGLEC5,0.26670511202575187,2064,0.2605042014617612,0.0668840794544915,0.0030112288470662,0.5,,,LYS,2,,Non-essential,77.7
SLC41A3,0.2666999979948629,2065,0.2689075627992374,0.006700266824785,0.0251652696504823,0.5,,,SER,3,,Non-essential,79.0
KCNMB4,0.2666845913465644,2066,0.2268907561118565,0.0123332345093388,0.0099762770836628,0.5,,,TYR,1,,Non-essential,87.2
PCDHGA3,0.2666793439290712,2067,0.2352941174493327,0.1093981618737029,0.0108809109599873,0.5,,,LYS,4,,Non-essential,74.7
PRTG,0.2666778837818511,2068,0.2605042014617612,0.0289356655796027,0.0518235015024513,0.5,,,TYR,8,,Non-essential,73.8
GPR45,0.2664822712577455,2069,0.2605042014617612,0.0029647198339756,0.0268163846275502,0.5,,,TYR,11,,Non-essential,83.3
TRHR,0.2664521379728879,2070,0.2605042014617612,0.0085383931218499,0.0460920449153882,0.5,,,TYR,13,,Non-essential,79.6
VSIG10,0.26640289279337304,2071,0.302521008149142,0.0039727245775274,0.01739047920291,0.5,,,SER,2,,Non-essential,77.1
TNFRSF4,0.2663000934849723,2072,0.3697478988489514,0.0,0.0018155938636723,0.5,,,CYS,3,,Non-essential,77.0
NMBR,0.26622388392092056,2073,0.2605042014617612,0.0221761043581381,0.033813063419263,0.5,,,TYR,7,,Non-essential,79.3
SLC10A1,0.2661163747439752,2074,0.252100840124285,0.0111473465757485,0.0168084769887711,0.5,,,CYS,4,,Non-essential,83.5
GPA33,0.26605497490985597,2075,0.2689075627992374,0.0262674177290246,0.0008730033212082,0.5,,,TYR,4,,Non-essential,85.0
OR2A1,0.2660266976946441,2076,0.2605042014617612,0.0152979543433145,0.0342052823027044,0.5,,,CYS,8,,No data,86.5
GP1BB,0.26600467235949865,2077,0.2773109241367135,0.0,0.0028847066266012,0.5,,,,0,,Non-essential,88.0
NUP210L,0.26583384996455794,2078,0.252100840124285,0.0049807293210791,0.0150624703463545,0.5,,,SER,3,,Non-essential,79.5
SSTR5,0.2658320303402133,2079,0.252100840124285,0.006818855618144,0.053215245927566,0.5,,,SER,9,,Non-essential,81.2
CXCR2,0.2657880461362484,2080,0.2605042014617612,0.0272754224725763,0.0205345563814644,0.5,,,LYS,7,,Non-essential,79.6
UPK3A,0.2657835464662055,2081,0.3109243694866181,0.0055736732878742,0.0026885971848805,0.5,,,SER,1,,Non-essential,78.6
ITLN1,0.2657209351082256,2082,0.2352941174493327,0.0076489771716572,0.0078380515578048,0.5,,,TYR,7,,Non-essential,92.5
ITGA1,0.2655714198401141,2083,0.2100840334369042,0.0139934776163652,0.0552585797880752,0.5,,,TYR,7,,Non-essential,83.6
PSCA,0.2655605993371234,2084,0.302521008149142,0.0360509931811443,0.0011007433180452,0.5,,,LYS,4,,Non-essential,81.3
SEMA4G,0.2655240694434202,2085,0.2773109241367135,0.0023717758671805,0.0351099161790289,0.5,,,CYS,4,,Non-essential,79.8
TMEM9,0.2655037468140883,2086,0.3697478988489514,0.0,0.0033338605092519,0.5,,,,0,,Non-essential,72.8
LGR6,0.2654763195672323,2087,0.2268907561118565,0.0228876371182923,0.0783805155780484,0.5,,,TYR,9,,Non-essential,77.4
GPR21,0.2653887504998538,2088,0.2605042014617612,0.0114438185591461,0.007869682112921,0.5,,,TYR,5,,Non-essential,83.1
OR52I2,0.2653676286598088,2089,0.2605042014617612,0.0163652534835458,0.0648426379882966,0.5,,,TYR,10,,No data,83.2
OR1B1,0.2653243875247454,2090,0.2605042014617612,0.0004150607767565,0.038576625019769,0.5,,,TYR,3,,No data,87.8
BRS3,0.2652548673296957,2091,0.2605042014617612,0.0043284909576045,0.0418155938636723,0.5,,,TYR,9,,Non-essential,78.9
OR4M2,0.26522411670042534,2092,0.2605042014617612,0.017551141417136,0.021439190257789,0.5,,,CYS,8,,No data,86.1
EREG,0.26515473024172453,2093,0.2352941174493327,0.1396975985769344,0.0209584058200221,0.5,,,CYS,5,,Non-essential,68.7
GLP2R,0.26512722246237597,2094,0.2436974787868088,0.0802253187073821,0.0312889451209868,0.5,,,LYS,4,,Non-essential,73.5
CD177,0.26508715331560107,2095,0.252100840124285,0.000118588793359,0.0106911276292898,0.5,,,SER,3,,Non-essential,85.2
GPR85,0.265022667041383,2096,0.2773109241367135,0.0022531870738215,0.0267214929622014,0.5,,,CYS,8,,Non-essential,82.6
NRXN2,0.2649357056865954,2097,0.2352941174493327,0.0149421879632374,0.0966186936580737,0.5,,,TYR,10,,Non-essential,74.4
ULBP1,0.26484191002150426,2098,0.3109243694866181,0.0,0.0060540882492487,0.5,,,,0,,Non-essential,80.7
OR2W6P,0.26479559974818734,2099,0.2605042014617612,0.004506374147643,0.040841372766092,0.5,,,TYR,4,,No data,86.8
IZUMO1R,0.2647458072527874,2100,0.2605042014617612,0.0010080047435517,0.0220907796931836,0.5,,,TYR,5,,Non-essential,87.3
LINGO3,0.2647342984751391,2101,0.252100840124285,0.0026682478505781,0.0053771943697611,0.5,,,SER,3,,Non-essential,85.9
ATP6V0A2,0.26470972474968335,2102,0.2436974787868088,0.0,0.0209267752649059,0.5,,,,0,,Non-essential,81.6
CD300LF,0.2645731348107111,2103,0.3949579828613799,0.0,0.0056681954768306,0.5,,,,0,,Non-essential,72.5
CHRNG,0.2645603179176437,2104,0.2605042014617612,0.0066409724281055,0.0160303653329115,0.5,,,SER,1,,Non-essential,81.3
CHRND,0.2645045643607602,2105,0.252100840124285,0.006700266824785,0.0126965048236596,0.5,,,SER,1,,Non-essential,83.7
NPFFR2,0.264395010269872,2106,0.2689075627992374,0.0224725763415357,0.0913680215087774,0.5,,,TYR,8,,Non-essential,69.4
PLXDC2,0.26432057422615707,2107,0.2941176468116659,0.0006522383634746,0.0938035742527281,0.5,,,TYR,4,,Non-essential,69.6
GP6,0.26429519413062696,2108,0.2605042014617612,0.1061962644530091,0.0051494543729242,0.5,,,LYS,4,,Non-essential,76.0
OR14I1,0.26421974296736483,2109,0.2605042014617612,0.0057515564779128,0.0097169065317096,0.5,,,CYS,4,,Non-essential,82.8
MRGPRX1,0.2641553339811925,2110,0.2605042014617612,0.0208716276311888,0.0077747904475723,0.5,,,TYR,5,,Non-essential,82.8
KCNMB1,0.26405432868870415,2111,0.2268907561118565,0.0012451823302697,0.0099130159734303,0.5,,,SER,3,,Non-essential,84.1
SLC17A6,0.2640219022427297,2112,0.2605042014617612,0.0117402905425437,0.0432389688439032,0.5,,,CYS,8,,Non-essential,78.2
OR2T1,0.26394266329470395,2113,0.2605042014617612,0.0372961755114141,0.0622868891349043,0.5,,,TYR,7,,No data,80.2
SLC7A2,0.26388583279343003,2114,0.1848739494244757,0.0726356359324043,0.0297010912541515,0.5,,,LYS,4,,Non-essential,81.4
NCR3,0.26386077974224265,2115,0.2941176468116659,0.0038541357841683,0.0023027044124624,0.5,,,SER,1,,Non-essential,83.6
LTB4R2,0.2638133733218173,2116,0.2100840334369042,0.0093685146753631,0.0700933101375929,0.5,,,TYR,12,,Non-essential,81.1
GPR22,0.2637753902744273,2117,0.2436974787868088,0.0854432256151793,0.0363118772734461,0.5,,,LYS,12,,Non-essential,72.3
SIGLEC7,0.26376158847610354,2118,0.3277310921615705,0.0,0.0031440771785544,0.5,,,CYS,1,,Non-essential,74.3
FCRL1,0.2637086212403196,2119,0.2605042014617612,0.0403794841387488,0.0630333702356476,0.5,,,TYR,13,,Non-essential,75.7
OR12D3,0.2636961266505934,2120,0.2605042014617612,0.0014823599169878,0.0113680215087774,0.5,,,SER,7,,Non-essential,81.9
SLC39A14,0.26368809394780646,2121,0.2605042014617612,0.0221761043581381,0.0641341135536928,0.5,,,TYR,7,,Non-essential,73.6
SELE,0.2636808278891406,2122,0.252100840124285,0.0008301215535131,0.0029479677368337,0.5,,,TYR,1,,Non-essential,83.0
MRGPRE,0.26366571414316065,2123,0.252100840124285,0.0039727245775274,0.0092297959829195,0.5,,,TYR,4,,Non-essential,85.2
OR4C16,0.26359281368050436,2124,0.2605042014617612,0.0045656685443225,0.0217681480309979,0.5,,,TYR,7,,No data,86.4
RXFP4,0.26356832104420214,2125,0.2689075627992374,0.002312481470501,0.0218946702514629,0.5,,,TYR,5,,Non-essential,81.3
GRM5,0.26354462042964877,2126,0.2941176468116659,0.0161280758968277,0.0429479677368337,0.5,,,LYS,11,,Non-essential,71.1
OR8D2,0.2634605523851117,2127,0.2605042014617612,0.0092499258820041,0.016422584216353,0.5,,,TYR,2,,No data,88.3
GLRA1,0.2634294664653929,2128,0.2605042014617612,0.0,0.0040170804997627,0.5,,,,0,,Non-essential,84.0
ITM2C,0.2633421741843347,2129,0.3277310921615705,0.0016602431070263,0.0118867626126838,0.5,,,TYR,1,,Non-essential,76.2
ITGAE,0.26333743471547955,2130,0.252100840124285,0.002193892677142,0.0263672307448995,0.5,,,CYS,5,,Non-essential,80.6
GLRA3,0.2632750144647602,2131,0.2605042014617612,0.0,0.0042448204965997,0.5,,,,0,,Non-essential,84.4
HEPH,0.26327281559686444,2132,0.1932773107619518,0.0116217017491847,0.039645737782698,0.5,,,TYR,3,,Non-essential,89.1
SEMA5B,0.26313170311234146,2133,0.2857142854741897,0.0058108508745923,0.0352048078443776,0.5,,,TYR,6,,Non-essential,74.9
PCDHB7,0.2630676496736746,2134,0.2436974787868088,0.0179662021938926,0.0062501976909694,0.5,,,TYR,4,,Non-essential,81.8
PRSS41,0.26306759415502745,2135,0.2605042014617612,0.0051586125111176,0.0165491064368179,0.5,,,SER,4,,Non-essential,82.7
GP1BA,0.26306406659792614,2136,0.2605042014617612,0.1797213163356062,0.0124687648268227,0.5,,,LYS,2,,Non-essential,64.3
GALR2,0.263024136008849,2137,0.2605042014617612,0.0047435517343611,0.0532468764826822,0.5,,,TYR,8,,Non-essential,77.9
ZP1,0.2630101440216287,2138,0.252100840124285,0.0554995552920248,0.0244251146607622,0.5,,,TYR,4,,Non-essential,73.0
FCAR,0.26293737612908974,2139,0.252100840124285,0.0344500444707975,0.0066107860192946,0.5,,,TYR,1,,Non-essential,83.6
TMEM95,0.2629228597867507,2140,0.2605042014617612,0.0042691965609249,0.000714850545627,0.5,,,SER,2,,Non-essential,81.7
OR11H7,0.2628061248271242,2141,0.2605042014617612,0.0017788319003854,0.0106215404080341,0.5,,,SER,7,,No data,90.6
OR52L2P,0.2627182644100538,2142,0.2605042014617612,0.0059294396679513,0.0400316305551162,0.5,,,TYR,7,,No data,86.2
PRND,0.2626536852869831,2143,0.3277310921615705,0.004624962941002,0.00297959829195,0.5,,,SER,1,,Non-essential,77.0
LYPD4,0.26261447358226775,2144,0.2605042014617612,0.0,0.0019421160841372,0.5,,,CYS,1,,Non-essential,84.7
OR1D4,0.2624114948945382,2145,0.2605042014617612,0.0601245182330269,0.0423027044124624,0.5,,,CYS,5,,No data,81.2
LRRC38,0.26239656865186234,2146,0.2436974787868088,0.0050400237177586,0.003820971058042,0.5,,,SER,6,,Non-essential,86.1
LRFN1,0.26229790944238207,2147,0.2941176468116659,0.0675956122146457,0.0132468764826822,0.5,,,TYR,6,,Non-essential,69.7
SLC31A1,0.2622738606845555,2148,0.3697478988489514,0.0158908983101096,0.0082935315514787,0.5,,,TYR,2,,Non-essential,70.3
TEX101,0.2622264972724564,2149,0.2605042014617612,0.0508152979543433,0.0061869365807369,0.5,,,LYS,5,,Non-essential,81.5
ITGA10,0.26220593153083827,2150,0.1848739494244757,0.0097835754521197,0.0496536454214771,0.5,,,TYR,11,,Non-essential,85.2
TAS2R14,0.26210883671628715,2151,0.2352941174493327,0.0189149125407648,0.0155116242290052,0.5,,,TYR,2,,Non-essential,81.7
OR10AD1,0.2621029856656697,2152,0.2605042014617612,0.0019567150904239,0.0184279614107227,0.5,,,TYR,5,,Non-essential,80.4
LRRC52,0.2620614165894558,2153,0.2605042014617612,0.0006522383634746,0.0015245927566028,0.5,,,TYR,1,,Non-essential,87.0
LHCGR,0.2620040329611696,2154,0.2436974787868088,0.0017788319003854,0.0416194844219516,0.5,,,TYR,5,,Non-essential,80.1
MPZL1,0.2617973488254631,2155,0.3277310921615705,0.013044767269493,0.0007781116558595,0.5,,,TYR,1,,Non-essential,76.4
CLDN19,0.2617649495520902,2156,0.252100840124285,0.0339163949006818,0.0052823027044124,0.5,,,TYR,2,,Non-essential,80.9
PTGDR,0.26175070800014677,2157,0.252100840124285,0.0093685146753631,0.0277589751700142,0.5,,,CYS,2,,Non-essential,79.4
SPPL2C,0.2617326321419362,2158,0.2605042014617612,0.030121553513193,0.0934113553692867,0.5,,,CYS,6,,Non-essential,67.1
CRHR1,0.26149520312777064,2159,0.252100840124285,0.0383041802549659,0.0235457852285307,0.5,,,TYR,4,,Non-essential,77.3
BTNL3,0.26148629708241655,2160,0.1932773107619518,0.013281944856211,0.0085529021034319,0.5,,,TYR,3,,Non-essential,89.5
INSRR,0.2614647745149936,2161,0.252100840124285,0.0026682478505781,0.0310295745690336,0.5,,,TYR,3,,Non-essential,78.0
OR2W3,0.2613840301469599,2162,0.2436974787868088,0.0246071746219982,0.0506911276292898,0.5,,,TYR,4,,Non-essential,77.3
GABRR1,0.2612984949708247,2163,0.2605042014617612,0.0055736732878742,0.0587885497390479,0.5,,,SER,5,,Non-essential,74.0
PCDH12,0.2611131829681467,2164,0.2941176468116659,0.0058701452712718,0.084048711054879,0.5,,,SER,7,,Non-essential,65.9
IGFLR1,0.26101603976872934,2165,0.3277310921615705,0.0047435517343611,0.0226727819073224,0.5,,,SER,7,,Non-essential,71.9
NKAIN1,0.2609646785218792,2166,0.3193277308240944,0.0139934776163652,0.0146702514629131,0.5,,,TYR,3,,Non-essential,75.5
SLITRK1,0.26096040338570803,2167,0.2100840334369042,0.0731099911058404,0.0300869840265696,0.5,,,LYS,7,,Non-essential,76.5
LRRC3B,0.26091944902072317,2168,0.2352941174493327,0.0,0.00297959829195,0.5,,,,0,,Non-essential,85.8
LILRA5,0.2607625425847423,2169,0.2857142854741897,0.0,0.0021698560809742,0.5,,,,0,,Non-essential,80.2
ENG,0.2607301517746292,2170,0.2100840334369042,0.0515861251111769,0.018459591965839,0.5,,,LYS,7,,Non-essential,80.0
CLEC7A,0.2605599418694866,2171,0.2857142854741897,0.0310702638600652,0.0175865886446307,0.5,,,TYR,5,,Non-essential,77.6
TM4SF20,0.2604304013981701,2172,0.2352941174493327,0.090720426919656,0.0453139332595287,0.5,,,LYS,6,,Non-essential,73.4
ESAM,0.2604228228774821,2173,0.2100840334369042,0.1462792766083605,0.0092297959829195,0.5,,,LYS,2,,Non-essential,77.6
ASIC4,0.2604006788891764,2174,0.2436974787868088,0.0087162763118885,0.0251652696504823,0.5,,,TYR,5,,Non-essential,79.7
NRG2,0.2603666874745487,2175,0.1932773107619518,0.3023421286688408,0.0218946702514629,0.5,,,LYS,7,,Non-essential,54.9
CEACAM8,0.2603009810258522,2176,0.252100840124285,0.0,0.0018788549739047,0.5,,,,0,,Non-essential,86.9
SIGLECL1,0.26029049606950116,2177,0.2605042014617612,0.0011265935369107,0.0011956349833939,0.5,,,SER,1,,Non-essential,83.2
F2RL3,0.2602124307207373,2178,0.2689075627992374,0.0004743551734361,0.0049533449312035,0.5,,,TYR,4,,Non-essential,80.2
DLL4,0.2601327509692196,2179,0.252100840124285,0.0462496294100207,0.0197880752807211,0.5,,,TYR,8,,Non-essential,74.9
ACKR2,0.2599520093856871,2180,0.2352941174493327,0.0458938630299436,0.0097485370868258,0.5,,,LYS,2,,Non-essential,80.4
ITM2B,0.25993299942247805,2181,0.302521008149142,0.0008301215535131,0.0131836153724497,0.5,,,TYR,2,,Non-essential,75.4
OR2AK2,0.2597813921289933,2182,0.2605042014617612,0.0042691965609249,0.0375075122568401,0.5,,,SER,7,,No data,87.1
LGR4,0.2596885554938527,2183,0.2689075627992374,0.0010672991402312,0.0122410248299857,0.5,,,SER,2,,Non-essential,78.8
CHRNA7,0.2596629853824669,2184,0.2605042014617612,0.0038541357841683,0.0103305393009647,0.5,,,TYR,2,,Non-essential,78.3
RAET1E,0.2595870024451493,2185,0.2605042014617612,0.0,0.0113047603985449,0.5,,,,0,,Non-essential,81.6
TMEM106A,0.25958329647821543,2186,0.302521008149142,0.0,0.0012652222046496,0.5,,,,0,,Non-essential,75.5
TEK,0.2595718221789364,2187,0.1932773107619518,0.006463089238067,0.0492993832041752,0.5,,,SER,5,,Non-essential,84.0
FCRL2,0.25956053191983397,2188,0.2773109241367135,0.0,0.0011640044282777,0.5,,,,0,,Non-essential,80.7
GRIN3B,0.2595011556784682,2189,0.252100840124285,0.0007115327601541,0.0456681954768306,0.5,,,SER,4,,Non-essential,75.1
OR4Q3,0.2594647781916405,2190,0.2605042014617612,0.0015416543136673,0.0131519848173335,0.5,,,CYS,6,,No data,87.8
NAGPA,0.2593949086913587,2191,0.2605042014617612,0.0040320189742069,0.0088122726553851,0.5,,,SER,1,,Non-essential,82.2
LHFPL4,0.25934212298919324,2192,0.2268907561118565,0.0215238659946635,0.0055733038114818,0.5,,,TYR,3,,Non-essential,82.8
AVPR1A,0.25925967932237337,2193,0.2436974787868088,0.0103172250222353,0.0963593231061205,0.5,,,TYR,9,,Non-essential,73.4
CDH13,0.2591998030822217,2194,0.2100840334369042,0.0195671509042395,0.0048268227107385,0.5,,,TYR,2,,Non-essential,85.1
ICAM5,0.259199105463644,2195,0.2436974787868088,0.0034390750074117,0.0044346038272971,0.5,,,SER,2,,Non-essential,80.1
GABRG2,0.2590629643053167,2196,0.1848739494244757,0.1388081826267417,0.0074142021192471,0.5,,,CYS,6,,Non-essential,77.2
GPR42,0.2590316086688853,2197,0.2605042014617612,0.0183812629706492,0.0246465285465759,0.5,,,TYR,7,,No data,87.0
PCDH11X,0.2589732104996869,2198,0.2436974787868088,0.129380373554699,0.0068638304602245,0.5,,,LYS,2,,Non-essential,64.0
MC1R,0.2589314498008618,2199,0.2268907561118565,0.0072932107915801,0.0187505930729084,0.5,,,CYS,3,,Non-essential,80.5
PTGER1,0.2588739311011987,2200,0.252100840124285,0.0295879039430773,0.0586557014075597,0.5,,,TYR,5,,Non-essential,74.8
CCKAR,0.2587600523213207,2201,0.2605042014617612,0.0072932107915801,0.0328767989878222,0.5,,,TYR,6,,Non-essential,77.7
OR4K3,0.2586980903238433,2202,0.2605042014617612,0.0014230655203083,0.0124371342717064,0.5,,,CYS,4,,No data,84.7
PODXL2,0.2585806376094081,2203,0.4453781508862369,0.0070560332048621,0.0311244662343824,0.5,,,SER,2,,Non-essential,54.4
ASTN1,0.2584652308311285,2204,0.2352941174493327,0.1553513193003261,0.0208571880436501,0.5,,,LYS,3,,Non-essential,64.4
LRP12,0.25836862041044306,2205,0.2857142854741897,0.0926178476134005,0.0130823975960778,0.5,,,CYS,2,,Non-essential,62.5
DRD3,0.2583625191388945,2206,0.2605042014617612,0.0123925289060183,0.0427898149612525,0.5,,,TYR,11,,Non-essential,75.4
SLC2A12,0.25834350743445356,2207,0.2436974787868088,0.0286984879928846,0.0298972006958722,0.5,,,CYS,2,,Non-essential,74.9
GLRB,0.2582998755559375,2208,0.2605042014617612,0.002193892677142,0.0041752332753439,0.5,,,SER,1,,Non-essential,78.0
TPBGL,0.25829500922491067,2209,0.2773109241367135,0.0,0.0113363909536612,0.5,,,,0,,Non-essential,80.3
IL5RA,0.2582510226887046,2210,0.2605042014617612,0.0,0.0036248616163213,0.5,,,,0,,Non-essential,83.8
TMEM114,0.25823818686783706,2211,0.2605042014617612,0.0009487103468722,0.0041119721651114,0.5,,,SER,2,,Non-essential,82.1
FFAR3,0.2581648097518638,2212,0.2605042014617612,0.0179069077972131,0.0222868891349043,0.5,,,TYR,5,,No data,86.4
CDHR1,0.2581103836983387,2213,0.252100840124285,0.0059887340646308,0.0124371342717064,0.5,,,TYR,1,,Non-essential,78.7
TMEM235,0.25806782330541134,2214,0.2605042014617612,0.0049807293210791,0.0127281353787758,0.5,,,SER,3,,Non-essential,80.9
CRLF2,0.25801516413803427,2215,0.2689075627992374,0.0114438185591461,0.0184975486319784,0.5,,,TYR,2,,Non-essential,77.2
RNFT1,0.2579919292828321,2216,0.2773109241367135,0.0206344500444707,0.033686541198798,0.5,,,TYR,4,,Non-essential,71.6
GPR152,0.2577451643451094,2217,0.2605042014617612,0.0368811147346575,0.0682144551636881,0.5,,,TYR,8,,Non-essential,70.8
PTTG1IP,0.2577333381410678,2218,0.3109243694866181,0.0,0.0030112288470662,0.5,,,,0,,Non-essential,77.2
DPEP3,0.2574673918432586,2219,0.2605042014617612,0.000355766380077,0.0073509410090147,0.5,,,TYR,3,,Non-essential,83.7
LILRB3,0.2574405030924577,2220,0.2184873947743803,0.0550844945152683,0.0615087774790447,0.5,,,LYS,7,,Non-essential,74.0
OR3A4P,0.25733683110984984,2221,0.2605042014617612,0.0273940112659353,0.0631598924561126,0.5,,,LYS,10,,No data,74.8
LTK,0.25728383296877444,2222,0.2352941174493327,0.0109101689890305,0.0688913490431757,0.5,,,TYR,11,,Non-essential,73.7
DRD1,0.2572396705071547,2223,0.252100840124285,0.0438778535428402,0.0436944488375771,0.5,,,LYS,9,,Non-essential,72.5
GABRB2,0.2572297768296131,2224,0.252100840124285,0.0480877557070856,0.0034350782856239,0.5,,,LYS,1,,Non-essential,76.5
TNFRSF10A,0.25721840352804737,2225,0.3445378148365229,0.0188556181440853,0.0115641309504981,0.5,,,TYR,1,,Non-essential,66.1
CD164L2,0.2570745423704138,2226,0.3949579828613799,0.0,0.0041752332753439,0.5,,,CYS,2,,Non-essential,65.7
GABRB3,0.2569947188967362,2227,0.2352941174493327,0.0435220871627631,0.0033338605092519,0.5,,,LYS,1,,Non-essential,80.1
TMEM132E,0.2569628488871971,2228,0.2605042014617612,0.0044470797509635,0.0742369128578206,0.5,,,SER,11,,Non-essential,71.6
IL22RA1,0.25691352915425303,2229,0.403361344198856,0.0,0.0023659655226949,0.5,,,,0,,Non-essential,61.7
PTCRA,0.2567052185973786,2230,0.3865546215239037,0.0048028461310406,0.0035299699509726,0.5,,,SER,2,,Non-essential,63.8
ROR1,0.2565931036190936,2231,0.2352941174493327,0.0166617254669433,0.101186145816859,0.5,,,TYR,13,,Non-essential,68.2
TMEM178B,0.2564801899622303,2232,0.2689075627992374,0.0265045953157426,0.0082619009963624,0.5,,,TYR,4,,Non-essential,75.4
HTR2C,0.2564725591018925,2233,0.2605042014617612,0.0095463978654017,0.061186145816859,0.5,,,TYR,10,,Non-essential,73.6
SLC17A7,0.25647065311223305,2234,0.2268907561118565,0.0099021642454788,0.0353376561758658,0.5,,,CYS,8,,Non-essential,80.0
OR4A15,0.25646380417122294,2235,0.2605042014617612,0.0028461310406166,0.0248426379882966,0.5,,,TYR,5,,No data,85.3
HTR6,0.2563690452126044,2236,0.2605042014617612,0.0037948413874888,0.0749201328483314,0.5,,,SER,9,,Non-essential,72.6
BEST4,0.25622936944906904,2237,0.252100840124285,0.0,0.0095207970899889,0.5,,,,0,,Non-essential,82.4
IL4R,0.25604503123728006,2238,0.2268907561118565,0.2717462199822116,0.0033654910643681,0.5,,,LYS,4,,Non-essential,54.8
NOTCH2,0.256017939917243,2239,0.252100840124285,0.1366142899495997,0.0773493594812589,0.5,,,LYS,21,,Non-essential,59.4
NCR1,0.255888972804609,2240,0.2605042014617612,0.0041506077675659,0.0011640044282777,0.5,,,SER,1,,Non-essential,83.9
KIR3DL3,0.25588766668680674,2241,0.2605042014617612,0.0,0.0043080816068321,0.5,,,,0,,Non-essential,80.3
OR12D2,0.2558795792143024,2242,0.2605042014617612,0.0048621405277201,0.0124055037165902,0.5,,,SER,5,,No data,85.5
MEGF10,0.2558456046584152,2243,0.2436974787868088,0.0332048621405277,0.0079013126680373,0.5,,,TYR,5,,Non-essential,70.8
ZP2,0.2557514415989752,2244,0.2605042014617612,0.0052772013044767,0.0498497548631978,0.5,,,SER,9,,Non-essential,71.6
LRTM1,0.2556390989728261,2245,0.2605042014617612,0.0065223836347465,0.0030428594021825,0.5,,,SER,2,,Non-essential,81.4
AMHR2,0.2556281052302648,2246,0.252100840124285,0.0065223836347465,0.0299920923612209,0.5,,,SER,1,,Non-essential,77.6
GPC2,0.25561005536604964,2247,0.252100840124285,0.0044470797509635,0.0214771469239285,0.5,,,SER,6,,Non-essential,79.0
OR2A7,0.2556008061326097,2248,0.2941176468116659,0.0071746219982211,0.0291823501502451,0.5,,,TYR,6,,No data,79.3
OXER1,0.2555478159867759,2249,0.2184873947743803,0.0040320189742069,0.0205978174916969,0.5,,,TYR,8,,Non-essential,81.7
BST1,0.25553530783707845,2250,0.2184873947743803,0.000355766380077,0.0077115293373398,0.5,,,SER,3,,Non-essential,89.7
LRRC37A,0.2554243317256313,2251,0.2268907561118565,0.3265935369107619,0.0864146765775739,0.5,,,LYS,8,,No data,42.0
CDHR4,0.25541880856123,2252,0.2436974787868088,0.0005929439667951,0.0143792503558437,0.5,,,SER,1,,Non-essential,78.6
OR6K6,0.2552927315235838,2253,0.2605042014617612,0.0013637711236288,0.0239696346670884,0.5,,,TYR,5,,No data,83.4
MEGF11,0.25523668979792,2254,0.2436974787868088,0.0,0.0035616005060888,0.5,,,CYS,3,,Non-essential,74.4
KCNK5,0.25503862491154783,2255,0.302521008149142,0.0260302401423065,0.0155116242290052,0.5,,,TYR,3,,Non-essential,69.0
PECAM1,0.2549867705030231,2256,0.2352941174493327,0.0066409724281055,0.0041752332753439,0.5,,,SER,3,,Non-essential,80.4
TSHR,0.25497746925559606,2257,0.2605042014617612,0.0035576638007708,0.0331994306500079,0.5,,,TYR,5,,Non-essential,74.0
FLRT1,0.2549421474793643,2258,0.2352941174493327,0.0173732582270975,0.0702198323580578,0.5,,,TYR,10,,Non-essential,72.6
PKD2,0.254915496454738,2259,0.1932773107619518,0.116454195078565,0.0505266487426854,0.5,,,CYS,10,,Non-essential,70.1
TMEM213,0.2548919270844293,2260,0.2857142854741897,0.1065520308330862,0.0022647477463229,0.5,,,CYS,3,,Non-essential,68.4
IL20RB,0.25483347452871774,2261,0.252100840124285,0.0037948413874888,0.0007464811007433,0.5,,,TYR,2,,Non-essential,83.7
CCR10,0.2547449644623544,2262,0.201680672099428,0.0062259116513489,0.0813980705361379,0.5,,,SER,8,,Non-essential,76.8
SLC10A6,0.25473760920867683,2263,0.252100840124285,0.0,0.0160619958880278,0.5,,,,0,,Non-essential,77.3
CDH19,0.254598603676516,2264,0.2100840334369042,0.0249629410020753,0.0379250355843745,0.5,,,TYR,6,,Non-essential,78.1
ADORA2A,0.2545968255732918,2265,0.2352941174493327,0.0085383931218499,0.0288280879329432,0.5,,,TYR,4,,Non-essential,80.4
VSIG1,0.2545895038510422,2266,0.3109243694866181,0.0031426030240142,0.0051494543729242,0.5,,,TYR,6,,Non-essential,75.6
LRFN4,0.2544153811257055,2267,0.2689075627992374,0.0013637711236288,0.0075786810058516,0.5,,,SER,1,,Non-essential,77.3
SIGLEC9,0.2540742975852849,2268,0.302521008149142,0.0,0.0027202277399968,0.5,,,CYS,2,,Non-essential,73.4
KLRK1,0.2540676578850163,2269,0.2605042014617612,0.0960569226208123,0.0016511149770678,0.5,,,LYS,2,,No data,79.2
HTR2B,0.25405610690551317,2270,0.2773109241367135,0.0006522383634746,0.0484896409931994,0.5,,,SER,4,,Non-essential,71.5
GRID2,0.2538818244754124,2271,0.2352941174493327,0.0,0.0392914755653961,0.5,,,CYS,1,,Non-essential,75.9
CD84,0.25388078285248405,2272,0.302521008149142,0.0065223836347465,0.0082302704412462,0.5,,,SER,4,,Non-essential,74.6
CD300E,0.2537208804582801,2273,0.2689075627992374,0.0214645715979839,0.0020053771943697,0.5,,,TYR,3,,Non-essential,77.8
TPRA1,0.25355452909532716,2274,0.2689075627992374,0.0012451823302697,0.0253930096473193,0.5,,,SER,1,,Non-essential,73.1
CHRM4,0.25343454038434965,2275,0.2605042014617612,0.0080640379484138,0.0454784121461331,0.5,,,TYR,13,,Non-essential,75.4
ERVW-1,0.2533000040093,2276,0.252100840124285,0.0584642751260005,0.0569096947651431,0.5,,,TYR,10,,Context-dependent,59.3
SLAMF1,0.2531630561153667,2277,0.2941176468116659,0.0027868366439371,0.009881385418314,0.5,,,SER,4,,Non-essential,74.9
BTC,0.2531316574723297,2278,0.2941176468116659,0.0,0.0030112288470662,0.5,,,,0,,Non-essential,71.9
CEACAM7,0.25296118008577817,2279,0.2436974787868088,0.0030833086273347,0.0011007433180452,0.5,,,SER,1,,Non-essential,84.1
SIT1,0.2529478931407325,2280,0.403361344198856,0.0876964126890008,0.000841372766092,0.5,,,CYS,3,,Non-essential,60.8
OR51J1,0.25287660109860477,2281,0.2605042014617612,0.0518825970945745,0.1668701565712478,0.5,,,TYR,13,,No data,65.1
LRP11,0.252853895860394,2282,0.3277310921615705,0.0070560332048621,0.0155495808951447,0.5,,,TYR,2,,Non-essential,67.7
MANSC4,0.252791914113331,2283,0.2605042014617612,0.1216128075896827,0.0372165111497706,0.5,,,CYS,6,,Non-essential,62.8
MUC22,0.2527729567438266,2284,0.2605042014617612,0.0036762525941298,0.0505582792978016,0.5,,,SER,10,,Non-essential,67.5
DRD4,0.2526890797873791,2285,0.2436974787868088,0.0019567150904239,0.0538668353629606,0.5,,,SER,9,,Non-essential,77.1
ASGR2,0.25252163790300164,2286,0.2605042014617612,0.0,0.0064779376878064,0.5,,,CYS,3,,Non-essential,78.7
CHRNA2,0.25237932931476115,2287,0.2436974787868088,0.0043284909576045,0.0064463071326901,0.5,,,TYR,3,,Non-essential,77.0
GGT7,0.252364564318184,2288,0.2100840334369042,0.0007115327601541,0.0135062470346354,0.5,,,SER,2,,Non-essential,85.1
GABRR3,0.25235453368032246,2289,0.2605042014617612,0.0,0.0066424165744108,0.5,,,,0,,Non-essential,75.8
KREMEN1,0.252273268163024,2290,0.252100840124285,0.0062852060480284,0.0279550846117349,0.5,,,SER,8,,Non-essential,78.9
LY6H,0.2522098815821354,2291,0.2689075627992374,0.030358731099911,0.0015562233117191,0.5,,,LYS,7,,Non-essential,75.8
KIR3DL1,0.25218289245634096,2292,0.2605042014617612,0.0184998517640083,0.014284358690495,0.5,,,TYR,4,,Non-essential,75.6
MICA,0.2519855003469387,2293,0.2184873947743803,0.0059294396679513,0.0208888185987664,0.5,,,TYR,4,,Non-essential,81.7
LSAMP,0.2518066997823528,2294,0.2268907561118565,0.0,0.0084200537719436,0.5,,,,0,,Non-essential,83.8
VSIG2,0.25174961665754636,2295,0.2605042014617612,0.0043284909576045,0.0037893405029258,0.5,,,SER,5,,Non-essential,80.2
GRAMD1B,0.25168645920295973,2296,0.2689075627992374,0.0194485621108805,0.0508492804048711,0.5,,,TYR,5,,Non-essential,67.5
TMEM217,0.2516691664953137,2297,0.2941176468116659,0.0004743551734361,0.0072244187885497,0.5,,,TYR,1,,Non-essential,71.7
AQP4,0.25162874719422035,2298,0.2352941174493327,0.0014823599169878,0.0145437292424482,0.5,,,SER,1,,Non-essential,81.0
CDH24,0.25153603891120324,2299,0.2605042014617612,0.0012451823302697,0.0113047603985449,0.5,,,SER,3,,Non-essential,76.2
GPR62,0.25138041221882157,2300,0.252100840124285,0.0016602431070263,0.0361157678317254,0.5,,,SER,7,,Non-essential,76.5
TPSG1,0.2513420174217986,2301,0.2352941174493327,0.0,0.0185924402973272,0.5,,,CYS,2,,Non-essential,82.4
AMIGO3,0.2510805778133398,2302,0.2605042014617612,0.0044470797509635,0.0208255574885339,0.5,,,SER,1,,Non-essential,73.5
CNR1,0.2508839830623859,2303,0.1848739494244757,0.1198932700859768,0.0319342084453582,0.5,,,LYS,6,,Non-essential,71.7
PCDHGA1,0.2508526557696702,2304,0.2605042014617612,0.0042691965609249,0.0068638304602245,0.5,,,SER,2,,Non-essential,74.8
LRRC24,0.2508257250964273,2305,0.2184873947743803,0.053780017788319,0.0157393642258421,0.5,,,TYR,5,,Non-essential,77.0
PCDHA13,0.2506426218317631,2306,0.2605042014617612,0.0051586125111176,0.0129242448204966,0.5,,,TYR,5,,Non-essential,73.3
GPM6A,0.25062349913522364,2307,0.1932773107619518,0.0015416543136673,0.030479202910011,0.5,,,TYR,1,,Non-essential,82.7
SIGIRR,0.25061615212634736,2308,0.2689075627992374,0.0,0.0064463071326901,0.5,,,,0,,Non-essential,75.2
PCDHA6,0.2503558451152089,2309,0.2605042014617612,0.0069374444115031,0.0077115293373398,0.5,,,SER,6,,Non-essential,73.7
OSMR,0.2503348209044426,2310,0.252100840124285,0.0004743551734361,0.0180736991934208,0.5,,,SER,2,,Non-essential,73.5
MAG,0.25023026463436326,2311,0.2184873947743803,0.0050400237177586,0.0090020559860825,0.5,,,SER,1,,Non-essential,80.8
CEACAM20,0.250187936892207,2312,0.2605042014617612,0.0068781500148235,0.0114312826190099,0.5,,,SER,1,,Non-essential,74.0
ZP4,0.2501069877748734,2313,0.2605042014617612,0.0055736732878742,0.0093310137592914,0.5,,,SER,2,,Non-essential,74.7
PTGER2,0.2500991166464003,2314,0.2436974787868088,0.0013637711236288,0.0190099636248616,0.5,,,SER,5,,Non-essential,77.6
MFRP,0.24995845500173133,2315,0.2605042014617612,0.0018381262970649,0.0243238968843903,0.5,,,SER,3,,Non-essential,72.5
GJC3,0.2498835647761398,2316,0.252100840124285,0.0044470797509635,0.0338446939743792,0.5,,,SER,6,,Non-essential,75.8
CDH4,0.24961621736357328,2317,0.2352941174493327,0.0026682478505781,0.0047951921556223,0.5,,,TYR,2,,Non-essential,78.7
KIR2DL3,0.2495357875312816,2318,0.2605042014617612,0.0139341832196857,0.0121145026095207,0.5,,,TYR,1,,Non-essential,76.9
CD40,0.2492234724751983,2319,0.2605042014617612,0.0,0.0004871105487901,0.5,,,CYS,2,,Non-essential,81.2
SIGLEC16,0.24919554819497744,2320,0.2605042014617612,0.000237177586718,0.0076103115609678,0.5,,,TYR,3,,No data,83.0
TP53I13,0.24904767072666537,2321,0.2605042014617612,0.1159798399051289,0.0631282619009963,0.5,,,LYS,4,,Non-essential,60.7
CD55,0.24903154949703518,2322,0.2689075627992374,0.0012451823302697,0.0007781116558595,0.5,,,SER,2,,Non-essential,78.3
TMEM225,0.24899980766230598,2323,0.2605042014617612,0.000118588793359,0.0062501976909694,0.5,,,SER,3,,Non-essential,76.0
CD33,0.24899266150593188,2324,0.2605042014617612,0.0135191224429291,0.0053139332595287,0.5,,,TYR,3,,Non-essential,77.4
RAMP2,0.2489416500478969,2325,0.2605042014617612,0.0060480284613104,0.0035299699509726,0.5,,,SER,3,,Non-essential,80.9
GIPR,0.24893221340728713,2326,0.2268907561118565,0.006463089238067,0.0085845326585481,0.5,,,TYR,4,,Non-essential,78.5
LRRTM2,0.24887282699913352,2327,0.2436974787868088,0.0047435517343611,0.0159987347777953,0.5,,,SER,2,,Non-essential,79.1
CEACAM4,0.24860387884607746,2328,0.252100840124285,0.0366439371479395,0.0212494069270915,0.5,,,TYR,5,,Non-essential,77.3
IL20RA,0.24833058994257864,2329,0.3445378148365229,0.0059294396679513,0.0120512414992883,0.5,,,SER,3,,Non-essential,63.0
PCDHA3,0.2482649969557237,2330,0.252100840124285,0.0037355469908093,0.0104633876324529,0.5,,,TYR,3,,Non-essential,73.7
GPR32P1,0.24818533830097173,2331,0.2605042014617612,0.0237177586718055,0.0075786810058516,0.5,,,CYS,3,,No data,79.0
GPR88,0.24810912605321336,2332,0.252100840124285,0.0029054254372961,0.0235141546734145,0.5,,,CYS,4,,Non-essential,75.8
CLDN18,0.24803013149285222,2333,0.2352941174493327,0.054017195375037,0.0200158152775581,0.5,,,TYR,3,,Non-essential,72.8
TNFRSF10C,0.24801221162757867,2334,0.3277310921615705,0.0011265935369107,0.0032705993990194,0.5,,,SER,4,,Non-essential,71.6
SIGLEC11,0.24792849700652667,2335,0.252100840124285,0.0055143788911947,0.0090020559860825,0.5,,,SER,3,,Non-essential,74.1
GPR137,0.24786168673048922,2336,0.2773109241367135,0.0112659353691076,0.0559038431124466,0.5,,,TYR,10,,Non-essential,66.2
PTPRN2,0.24780268121678387,2337,0.2436974787868088,0.0543136673584346,0.0625778902419737,0.5,,,TYR,6,,Non-essential,63.4
RGMB,0.24779255407922543,2338,0.2352941174493327,0.0071153276015416,0.0092297959829195,0.5,,,SER,2,,Non-essential,79.5
PCDHGC5,0.24764378328046424,2339,0.2436974787868088,0.0030833086273347,0.0110137592914755,0.5,,,SER,1,,Non-essential,74.4
TMEM132D,0.2474283217577967,2340,0.2436974787868088,0.0091313370886451,0.0483884232168274,0.5,,,TYR,5,,Non-essential,70.4
KIR2DL1,0.2473111017772832,2341,0.2605042014617612,0.013163356062852,0.0082619009963624,0.5,,,TYR,3,,Non-essential,75.2
GPC1,0.24730519520632635,2342,0.2184873947743803,0.0,0.0154167325636564,0.5,,,,0,,Non-essential,82.5
FAS,0.24710857984174558,2343,0.2436974787868088,0.004506374147643,0.0064146765775739,0.5,,,SER,1,,Non-essential,77.9
GPR150,0.24686048743603825,2344,0.2605042014617612,0.0020160094871034,0.0576561758658864,0.5,,,TYR,6,,Non-essential,70.8
KIT,0.24672102904892754,2345,0.1848739494244757,0.0226504595315742,0.0368622489324687,0.5,,,LYS,4,,Non-essential,78.2
SEZ6,0.24664941678267052,2346,0.2436974787868088,0.0037355469908093,0.0323896884390321,0.5,,,TYR,5,,Non-essential,69.8
IGSF1,0.2464091186999197,2347,0.2352941174493327,0.0051586125111176,0.0192693341768148,0.5,,,SER,4,,Non-essential,73.2
SLC39A5,0.24637790525521805,2348,0.2436974787868088,0.0036169581974503,0.0691507195951288,0.5,,,SER,2,,Non-essential,67.3
NTSR2,0.24630430436307074,2349,0.1932773107619518,0.0039727245775274,0.0474521587853866,0.5,,,TYR,13,,Non-essential,78.9
PTGER4,0.24605821509335654,2350,0.2352941174493327,0.0221168099614586,0.054056618693658,0.5,,,TYR,10,,Non-essential,70.9
CDHR5,0.2459757572879305,2351,0.2268907561118565,0.0576341535724873,0.0436311877273446,0.5,,,TYR,7,,Non-essential,68.3
TNFRSF1A,0.24589912976626357,2352,0.252100840124285,0.0429291431959679,0.0054404554799936,0.5,,,TYR,1,,Non-essential,71.4
MFAP3,0.2458617493920728,2353,0.2857142854741897,0.0851467536317817,0.0130191364858453,0.5,,,CYS,2,,Non-essential,61.4
SERINC1,0.24560080748192628,2354,0.2184873947743803,0.0037948413874888,0.0160999525541673,0.5,,,TYR,6,,Non-essential,77.5
KCNMB3,0.24503531660702385,2355,0.2436974787868088,0.0028461310406166,0.0272086035109916,0.5,,,SER,6,,Non-essential,72.1
ZNRF4,0.24498153302234502,2356,0.2605042014617612,0.0603024014230655,0.0259750118614581,0.5,,,CYS,10,,Non-essential,66.4
RAMP3,0.24493174268337106,2357,0.1932773107619518,0.0,0.0025620749644156,0.5,,,CYS,2,,Non-essential,87.6
CSF2RB,0.24460893099627382,2358,0.2689075627992374,0.0587607471093981,0.0051494543729242,0.5,,,TYR,4,,Non-essential,64.0
KLRC1,0.24451386233391573,2359,0.2689075627992374,0.0035576638007708,0.0053771943697611,0.5,,,SER,2,,Non-essential,75.6
PCDHGA9,0.2436569744725776,2360,0.2268907561118565,0.0033204862140527,0.0073509410090147,0.5,,,SER,3,,Non-essential,75.3
TMEM158,0.2435156426110164,2361,0.3445378148365229,0.006700266824785,0.0467056776846433,0.5,,,SER,7,,Non-essential,56.6
TTYH2,0.24307050998851723,2362,0.1848739494244757,0.0009487103468722,0.0373114028151194,0.5,,,TYR,3,,Non-essential,82.0
GPR173,0.2430490491176481,2363,0.201680672099428,0.0024903646605395,0.0221540408034161,0.5,,,CYS,6,,Non-essential,81.3
KIR2DS4,0.24268761218903886,2364,0.2605042014617612,0.0008894159501927,0.0119183931678,0.5,,,SER,1,,No data,81.8
DNER,0.24260077239445924,2365,0.201680672099428,0.0594129854728728,0.0209900363751383,0.5,,,TYR,5,,Non-essential,70.5
PODXL,0.24254629840510902,2366,0.2857142854741897,0.1596798102579306,0.0054088249248774,0.5,,,LYS,1,,Non-essential,52.9
PCDHGA12,0.24245332109593573,2367,0.2184873947743803,0.0,0.0151573620117033,0.5,,,CYS,1,,Non-essential,74.6
VIPR2,0.24176058846490953,2368,0.1932773107619518,0.0589386302994367,0.0227676735726711,0.5,,,CYS,4,,Non-essential,74.3
LYPD2,0.2416152935928829,2369,0.2352941174493327,0.0315446190335013,0.0074142021192471,0.5,,,LYS,5,,Non-essential,76.1
OR1E3,0.2413835938988321,2370,0.2605042014617612,0.0023717758671805,0.0304159417997785,0.5,,,SER,6,,No data,76.5
TMEM219,0.24133918301314064,2371,0.302521008149142,0.0033797806107322,0.0126648742685434,0.5,,,SER,2,,Non-essential,67.9
TREML2,0.2412867142964004,2372,0.2689075627992374,0.062674177290246,0.0301249406927091,0.5,,,LYS,5,,Non-essential,64.2
ZDHHC11,0.24086441247992793,2373,0.1932773107619518,0.0226504595315742,0.0420749644156255,0.5,,,CYS,4,,Non-essential,73.3
KCNK18,0.24084096554130333,2374,0.2605042014617612,0.0014230655203083,0.0141515103590067,0.5,,,TYR,2,,Non-essential,69.8
VSIG10L,0.2407864921069505,2375,0.2436974787868088,0.0,0.0123106120512415,0.5,,,,0,,Non-essential,70.0
OR10J3,0.24070538374563025,2376,0.2605042014617612,0.0013637711236288,0.0240328957773208,0.5,,,CYS,8,,No data,75.0
NPY6R,0.24067529388107406,2377,0.2268907561118565,0.0061073228579899,0.0186557014075597,0.5,,,TYR,6,,No data,81.5
FLT3LG,0.24049728756754732,2378,0.2184873947743803,0.0,0.0053771943697611,0.5,,,,0,,Non-essential,81.3
SPACA1,0.24033558533204372,2379,0.2605042014617612,0.0229469315149718,0.0011007433180452,0.5,,,TYR,1,,Non-essential,71.0
EFNB1,0.24032039582592427,2380,0.2773109241367135,0.0032018974206937,0.0092614265380357,0.5,,,TYR,5,,Non-essential,70.7
IMPG2,0.24028541686628177,2381,0.2605042014617612,0.1026386006522383,0.026658231851969,0.5,,,LYS,5,,Non-essential,53.6
GABRA4,0.24007352537388196,2382,0.2268907561118565,0.0336792173139638,0.0020749644156254,0.5,,,TYR,3,,Non-essential,73.0
PCDH19,0.24002537230934104,2383,0.2436974787868088,0.0256744737622294,0.0103305393009647,0.5,,,TYR,5,,Non-essential,68.6
IFNAR2,0.23991313046566545,2384,0.3277310921615705,0.0,0.006901787126364,0.5,,,,0,,Non-essential,64.4
CDH26,0.23977239856998775,2385,0.2352941174493327,0.0,0.0052443460382729,0.5,,,,0,,Non-essential,72.3
GINM1,0.23976863394441797,2386,0.252100840124285,0.0059294396679513,0.0072876798987822,0.5,,,SER,1,,Non-essential,70.1
LRP3,0.23927957644600392,2387,0.2352941174493327,0.0058701452712718,0.029410090147082,0.5,,,SER,7,,Non-essential,67.4
LYSMD3,0.23922142522560155,2388,0.2773109241367135,0.0758968277497776,0.0090716432073382,0.5,,,LYS,3,,Non-essential,63.3
GPR50,0.23911861373872975,2389,0.2605042014617612,0.0018974206937444,0.0355653961727028,0.5,,,TYR,5,,Non-essential,66.2
LRRC4B,0.23895213735887907,2390,0.201680672099428,0.0507560035576638,0.0159038431124466,0.5,,,TYR,3,,Non-essential,71.7
CD164,0.23886848181246043,2391,0.3193277308240944,0.0,0.001682745532184,0.5,,,CYS,1,,Non-essential,66.6
CD302,0.23872805106157222,2392,0.201680672099428,0.0045656685443225,0.0019737466392535,0.5,,,SER,1,,Non-essential,80.1
OR13C6P,0.23857742029997406,2393,0.2605042014617612,0.0348651052475541,0.0013917444251146,0.5,,,TYR,1,,No data,76.6
SELPLG,0.2383855258110726,2394,0.3949579828613799,0.0627334716869255,0.0069966787917127,0.5,,,CYS,1,,Non-essential,50.4
FNDC9,0.23822510767016866,2395,0.252100840124285,0.0579899199525644,0.0065095682429226,0.5,,,TYR,3,,Non-essential,66.8
NKAIN2,0.2379374518523569,2396,0.2436974787868088,0.0002964719833975,0.0067689387948758,0.5,,,TYR,2,,Non-essential,76.0
GFRA2,0.2376128222774865,2397,0.2184873947743803,0.0042691965609249,0.0221856713585323,0.5,,,TYR,2,,Non-essential,75.0
PTGIR,0.2370045551234345,2398,0.1848739494244757,0.0010672991402312,0.0218630396963466,0.5,,,SER,4,,Non-essential,76.2
IL9R,0.23677286174687148,2399,0.2941176468116659,0.0056922620812333,0.0140249881385418,0.5,,,SER,3,,Non-essential,63.1
GFRA4,0.236690794665505,2400,0.2605042014617612,0.0018974206937444,0.0219263008065791,0.5,,,SER,2,,Non-essential,68.6
EFNB3,0.23661193048068668,2401,0.2941176468116659,0.0026682478505781,0.0052443460382729,0.5,,,SER,2,,Non-essential,67.8
NCR2,0.2365319779905478,2402,0.2605042014617612,0.0022531870738215,0.0042764510517159,0.5,,,SER,1,,Non-essential,74.3
CHRNA4,0.2364839238883993,2403,0.2268907561118565,0.0007708271568336,0.0055353471453424,0.5,,,TYR,1,,Non-essential,71.9
LY6G6F,0.2364712400899267,2404,0.2605042014617612,0.0056922620812333,0.0090336865411987,0.5,,,SER,4,,No data,76.9
LILRB5,0.23595280189998077,2405,0.1932773107619518,0.006700266824785,0.0159671042226791,0.5,,,SER,1,,Non-essential,75.6
TMEM204,0.2356808059780245,2406,0.1848739494244757,0.0642158316039134,0.0115957615056144,0.5,,,TYR,3,,Non-essential,71.1
TNFRSF1B,0.235666225921455,2407,0.2773109241367135,0.0032611918173732,0.0114312826190099,0.5,,,TYR,1,,Non-essential,66.8
PCDH10,0.23517035070360762,2408,0.2184873947743803,0.0018974206937444,0.0063450893563182,0.5,,,SER,1,,Non-essential,73.2
MMP17,0.23503674252418674,2409,0.1932773107619518,0.0050400237177586,0.0075470504507354,0.5,,,TYR,3,,Non-essential,76.3
LRP10,0.23471987213278475,2410,0.2436974787868088,0.0019567150904239,0.0095207970899889,0.5,,,SER,3,,Non-essential,67.0
FNDC5,0.2346409274257403,2411,0.1932773107619518,0.075363178179662,0.0042448204965997,0.5,,,LYS,2,,Non-essential,71.9
ERVV-1,0.23434180253980855,2412,0.302521008149142,0.1151497183516157,0.0604080341609995,0.5,,,CYS,6,,Non-essential,42.2
ISLR2,0.23419662835482155,2413,0.252100840124285,0.0073525051882597,0.0170045864304918,0.5,,,SER,3,,Non-essential,66.6
SYP,0.23415684479225132,2414,0.1932773107619518,0.0006522383634746,0.0055353471453424,0.5,,,TYR,2,,Non-essential,76.7
DLL1,0.2339036705657054,2415,0.1932773107619518,0.0,0.0049217143760873,0.5,,,,0,,Non-essential,75.0
TNFRSF14,0.2335228191258146,2416,0.201680672099428,0.0048621405277201,0.0016511149770678,0.5,,,SER,6,,Non-essential,79.9
IL15RA,0.23351007564505216,2417,0.252100840124285,0.0857989919952564,0.0026253360746481,0.5,,,CYS,3,,Non-essential,64.5
CD19,0.2333407333169896,2418,0.2857142854741897,0.0,0.0185608097422109,0.5,,,,0,,Non-essential,62.2
EPGN,0.23261238904616294,2419,0.2605042014617612,0.0032018974206937,0.0092297959829195,0.5,,,SER,4,,Non-essential,67.0
TMEM255A,0.23244289180144792,2420,0.2436974787868088,0.0381262970649273,0.0309663134588012,0.5,,,TYR,5,,Non-essential,66.0
PRRT3,0.23230832305287838,2421,0.2689075627992374,0.0789208419804328,0.0554863197849122,0.5,,,CYS,3,,Non-essential,51.9
TMEM123,0.23117361871034,2422,0.3697478988489514,0.0,0.0006832199905108,0.5,,,,0,,Non-essential,59.6
LDLRAD4,0.23086479978755395,2423,0.252100840124285,0.1220871627631188,0.0066107860192946,0.5,,,CYS,4,,Non-essential,58.7
IGSF11,0.23019494690646872,2424,0.2184873947743803,0.0,0.0033654910643681,0.5,,,,0,,Non-essential,73.7
LDLRAD3,0.2301278502397551,2425,0.3109243694866181,0.0,0.0074837893405029,0.5,,,CYS,2,,Non-essential,61.4
FAM174B,0.22932062903188646,2426,0.3361344534990467,0.0,0.0034350782856239,0.5,,,,0,,Non-essential,63.6
NKAIN3,0.2280119320947118,2427,0.1848739494244757,0.0001778831900385,0.0037893405029258,0.5,,,TYR,1,,Non-essential,76.8
CD248,0.2273037526179744,2428,0.2352941174493327,0.0194485621108805,0.0199525541673256,0.5,,,TYR,6,,Non-essential,63.5
NRN1L,0.22713018546952665,2429,0.2268907561118565,0.0,0.0010374822078127,0.5,,,,0,,Non-essential,73.0
DLK1,0.22666628112489956,2430,0.1848739494244757,0.0,0.0032389688439032,0.5,,,CYS,1,,Non-essential,71.2
TMEM154,0.22664485803710552,2431,0.3361344534990467,0.0,0.0015562233117191,0.5,,,,0,,Non-essential,62.5
TMIGD2,0.22646993014266184,2432,0.2773109241367135,0.0013637711236288,0.0018472244187885,0.5,,,SER,1,,Non-essential,68.9
TNFRSF25,0.2255903146405345,2433,0.1848739494244757,0.0077675659650163,0.0070915704570615,0.5,,,SER,7,,Non-essential,72.3
CD44,0.22526358720272285,2434,0.3277310921615705,0.0034983694040913,0.0186557014075597,0.5,,,SER,3,,Non-essential,53.2
CLEC14A,0.22522285573117237,2435,0.201680672099428,0.0072932107915801,0.0027202277399968,0.5,,,SER,3,,Non-essential,68.5
EDA2R,0.22462811579282504,2436,0.2352941174493327,0.0,0.0050229321524592,0.5,,,,0,,Non-essential,68.8
HBEGF,0.22451541954776016,2437,0.2352941174493327,0.0035576638007708,0.006901787126364,0.5,,,SER,2,,Non-essential,66.5
ERVFRD-1,0.223895882936838,2438,0.2605042014617612,0.030358731099911,0.0334904317570773,0.5,,,TYR,6,,Non-essential,60.8
BTN2A3P,0.22344797596348948,2439,0.2184873947743803,0.019626445300919,0.0045041910485529,0.5,,,CYS,3,,No data,71.9
STIM1,0.22343009915173795,2440,0.201680672099428,0.0018381262970649,0.0077115293373398,0.5,,,TYR,1,,Non-essential,67.8
GJC2,0.22239847273404584,2441,0.2268907561118565,0.0022531870738215,0.015125731456587,0.5,,,SER,3,,Non-essential,67.1
PIK3IP1,0.22233728107672943,2442,0.2352941174493327,0.0030833086273347,0.0039854499446465,0.5,,,SER,1,,Non-essential,67.1
CFC1,0.2220014892393925,2443,0.2605042014617612,0.0,0.0053771943697611,0.5,,,,0,,Non-essential,64.1
SPN,0.22160451843492618,2444,0.3865546215239037,0.0030833086273347,0.0017460066424165,0.5,,,SER,1,,Non-essential,53.3
UPK3B,0.2214264469745652,2445,0.2436974787868088,0.0056922620812333,0.0498181243080816,0.5,,,TYR,4,,Non-essential,52.7
C3orf80,0.22128849774589537,2446,0.3193277308240944,0.004506374147643,0.0042764510517159,0.5,,,SER,4,,Non-essential,59.4
RELT,0.22048991458087847,2447,0.2689075627992374,0.0,0.0028151194053455,0.5,,,CYS,2,,Non-essential,62.8
AREG,0.21993846535832343,2448,0.2605042014617612,0.0,0.0025620749644156,0.5,,,CYS,1,,Non-essential,67.7
RPRML,0.21944244257284434,2449,0.2352941174493327,0.1131337088645123,0.0024608571880436,0.5,,,CYS,2,,Non-essential,58.6
EQTN,0.21855316306357025,2450,0.2605042014617612,0.0438778535428402,0.0037577099478095,0.5,,,TYR,2,,Non-essential,58.9
EPOR,0.21844803182974498,2451,0.2100840334369042,0.0059294396679513,0.0067056776846433,0.5,,,SER,4,,Non-essential,66.9
SCARF2,0.21747971679418027,2452,0.2184873947743803,0.0,0.0037893405029258,0.5,,,CYS,3,,Non-essential,64.5
FNDC4,0.21429181024627392,2453,0.1848739494244757,0.0006522383634746,0.0017143760873003,0.5,,,SER,1,,Non-essential,69.7
CSPG5,0.21338806201098187,2454,0.302521008149142,0.0053364957011562,0.0199525541673256,0.5,,,TYR,4,,Non-essential,51.9
LY6G6D,0.2117476880611098,2455,0.2605042014617612,0.0024903646605395,0.005117823817808,0.5,,,SER,2,,No data,66.2
CSF1,0.2099817789004056,2456,0.2352941174493327,0.0046842573376815,0.0146069903526806,0.5,,,SER,3,,Non-essential,57.4
RPRM,0.20944066031280278,2457,0.2268907561118565,0.0464275126000592,0.0046623438241341,0.5,,,TYR,2,,Non-essential,60.8
SHISA8,0.20840357906913753,2458,0.2605042014617612,0.0050400237177586,0.0143476198007275,0.5,,,SER,2,,Non-essential,56.9
SUSD5,0.2071710637374176,2459,0.2268907561118565,0.0230062259116513,0.010235647635616,0.5,,,TYR,6,,Non-essential,56.1
C11orf24,0.2069554974695852,2460,0.3193277308240944,0.0,0.005117823817808,0.5,,,,0,,Non-essential,51.5
SHISA9,0.20494352412248357,2461,0.252100840124285,0.0,0.0070915704570615,0.5,,,,0,,Non-essential,56.7
RELL1,0.20479006697987465,2462,0.2605042014617612,0.0044470797509635,0.0008730033212082,0.5,,,SER,1,,Non-essential,60.3
SDC2,0.2040969028089007,2463,0.2605042014617612,0.0,0.0003542622173019,0.5,,,,0,,Non-essential,60.9
SHISA7,0.20306113053404223,2464,0.2352941174493327,0.0387192410317225,0.0124687648268227,0.5,,,TYR,6,,Non-essential,54.0
HEG1,0.2022344662177597,2465,0.2689075627992374,0.0,0.0135378775897517,0.5,,,,0,,Non-essential,42.2
GFY,0.19731250497641423,2466,0.2605042014617612,0.0278090720426919,0.0071232010121777,0.5,,,TYR,1,,Non-essential,47.5
SPRN,0.1954067399115418,2467,0.2605042014617612,0.0,0.0034034477305076,0.5,,,,0,,Non-essential,53.8
OPALIN,0.19518721536040126,2468,0.2268907561118565,0.0,0.0003226316621856,0.5,,,,0,,Non-essential,62.5
ECSCR,0.18882754807666713,2469,0.201680672099428,0.002312481470501,0.0072244187885497,0.5,,,SER,1,,Non-essential,56.5
AJAP1,0.18600913958441373,2470,0.2436974787868088,0.0,0.0004238494385576,0.5,,,,0,,Non-essential,50.1
C1orf159,0.1853525292817696,2471,0.2184873947743803,0.004387785354284,0.0137656175865886,0.5,,,SER,4,,Non-essential,49.2
TMEM108,0.1828380952329642,2472,0.2352941174493327,0.0,0.0065728293531551,0.5,,,,0,,Non-essential,45.3
EMCN,0.1768693693533403,2473,0.201680672099428,0.0,0.0017460066424165,0.5,,,,0,,Non-essential,51.7
