gene,rank,final_score,tsi_norm,pocket_norm,ldt_norm,ldt_score,n_pockets,n_nucleophiles,top_res_type,uniprot_id,tumor_median_log2,tumor_positive_rate,depmap_score,depmap_label,mean_plddt,plddt_below_70,plddt_below_50,enhanced_score,enhanced_rank,composite_primary,rank_primary,pu_score_v2,pu_score_v2_rank,maxITSI,best_cancer_ind,FC_best,P_tumor_best,pu_score_v3,pu_score_fused,pu_rank_fused,known_target
ABCC5,2,0.5745035107311252,0.2100840334369042,0.7843808318835995,0.8505188259709457,0.014344,60,54,LYS,O15440,3.64,0.998,0.0734512172488873,Non-essential,78.0,19.5,14.1,0.5777543261665528,1,0.6019733677607328,1,0.7054362185517994,212,0.3672,Lung Squamous,2.077,1.0,0.4585130457658209,0.7783171521035599,549,0
MUC1,1,0.6306663642233262,0.4705882348986654,1.0,0.4747702342128668,0.008007,18,80,LYS,P15941,6.323,0.952,-0.1345589620294953,Non-essential,47.4,89.5,71.0,0.5588984407677495,2,0.5938984407677496,2,0.8706388096391147,24,1.1303,Cholangiocarcinoma,6.394,1.0,0.8805215926128023,0.9939320388349514,16,1
ILDR1,3,0.5422744550741839,0.999999999159664,0.0351731772892614,0.4390750074117995,0.007405,9,9,LYS,Q86SU0,2.183,0.742,0.0044900349168342,Non-essential,59.0,66.1,52.6,0.5174620458811476,3,0.5042207047456106,3,0.7154959412453158,195,1.8136,Uterine,8.12,0.921,0.5852176453267658,0.8580097087378641,352,0
CDH1,5,0.4627036659187187,0.8739495790975214,0.0122410248299857,0.3648384227690482,0.006153,23,5,LYS,P12830,6.32,0.912,-0.0778074377143686,Non-essential,79.2,24.6,16.2,0.490552214583891,4,0.4761642658253902,5,0.8747145720050061,20,1.5472,Esophageal,8.233,0.994,0.9574618346694664,0.9979773462783171,6,0
LY75,6,0.4610591282813983,0.3781512601864275,0.4270884074015499,0.6055736732878743,0.010213,93,66,LYS,O60449,2.115,0.796,0.0185996419073567,Non-essential,75.6,27.0,10.1,0.4785184612376056,5,0.4848728816076831,4,0.7664688857867081,112,1.3411,AML,7.467,1.0,0.6130669238028823,0.892799352750809,266,0
RHBDF2,4,0.4800755145176409,0.3277310921615705,0.1632769255100427,1.0,0.016865,24,20,LYS,Q6PJF5,4.288,0.998,-0.1918824563007465,Non-essential,67.4,43.5,34.9,0.4770251136340603,6,0.4701889599095624,7,0.5651510410603804,583,0.6223,Cholangiocarcinoma,3.52,1.0,0.7902787482225345,0.8713592233009708,319,0
ABCC4,7,0.4308771643021899,0.352941176173999,0.4492740787600822,0.5163949006818855,0.008709,71,43,LYS,O15439,2.022,0.877,0.1296438570640414,Non-essential,83.0,11.8,7.9,0.4681466565213916,7,0.4756103604593957,6,0.6454698642096045,351,0.8139,Cholangiocarcinoma,4.604,1.0,0.4789082788799151,0.7637540453074434,585,0
CLDN4,8,0.4155559482246479,0.8823529404349976,0.0055733038114818,0.2031426030240142,0.003426,5,3,LYS,O14493,7.182,0.847,0.0492802975086306,Non-essential,84.6,15.8,5.3,0.4602025058611231,8,0.4454811710516972,8,0.8445752090644691,35,1.4061,Cholangiocarcinoma,7.702,1.0,0.7768370695120512,0.973705501618123,66,0
EPCAM,11,0.4016498209774488,0.8067226883977121,0.0227044124624387,0.2404980729321078,0.004056,7,9,LYS,P16422,7.198,0.882,-0.134530407386485,Non-essential,87.2,13.4,3.5,0.4497535622878358,9,0.4358887829109578,11,0.8750727176736638,18,1.7471,Uterine,9.728,1.0,0.894904965177504,0.9963592233009708,10,0
SLC29A3,10,0.4117337107322673,0.352941176173999,0.1889609362644314,0.7128965312777942,0.012023,17,17,LYS,Q9BZD2,2.74,0.988,-0.0327084810632418,Non-essential,82.3,18.7,16.0,0.445293778546456,10,0.4397418253596776,9,0.4963501291288208,837,0.6196,Sarcoma,3.533,0.992,0.5263131136252166,0.6909385113268609,765,0
CLDN3,14,0.3903467979925806,0.9663865538097594,0.0064146765775739,0.0062259116513489,0.000105,3,3,SER,O15551,4.814,0.763,0.1019276301488046,Non-essential,81.5,22.3,8.6,0.4340954408906465,11,0.4194161747195252,15,0.9375109914511924,1,2.0858,Uterine,10.276,0.994,0.9126072786739204,0.9995954692556634,2,0
CACHD1,12,0.3993851246817579,0.201680672099428,0.5021034319152301,0.5602727542247258,0.009449,68,60,LYS,Q5VU97,1.47,0.795,-0.028652386156779,Non-essential,77.6,24.3,17.3,0.4268822817697887,12,0.4369874533655502,10,0.4918995121331215,864,0.3443,AML,4.87,0.387,0.5141143859481185,0.6751618122977346,804,0
UNC93A,17,0.3803528172695158,0.50420168024857,0.0888439032105013,0.5067299140231247,0.008546,22,11,LYS,Q86WB7,-4.293,0.182,0.0701394581118148,Non-essential,85.1,13.6,8.1,0.426764042395406,13,0.4162062375559311,16,0.6440128168530008,357,2.0237,Stomach,9.938,0.499,0.6910910886382602,0.8830906148867314,290,0
RAET1L,13,0.3934477037626713,0.6470588229856649,0.0042764510517159,0.4444707975096353,0.007496,9,4,LYS,Q5VY80,-3.047,0.245,-0.0632837516645214,Non-essential,82.1,29.7,11.8,0.4239574001853205,14,0.4091712227379063,19,0.8089683339807027,64,6.656,Head&Neck,13.824,0.963,0.4723273144845319,0.8191747572815534,448,0
ABCA12,9,0.4148063726117319,0.4873949575736176,0.3446275502135062,0.3882004150607767,0.006547,162,46,LYS,Q86UK0,-2.727,0.284,0.0147802767617644,Non-essential,68.1,45.2,17.7,0.4235952264693369,15,0.4258266039800122,12,0.8140619132411957,58,3.2902,Head&Neck,8.481,0.867,0.62495039341104,0.9089805825242718,226,0
ANO6,16,0.3805894701571873,0.2773109241367135,0.2599272497232326,0.6389564186184405,0.010776,51,24,LYS,Q4KMQ2,4.004,0.997,0.0050840549799989,Non-essential,81.6,15.3,6.6,0.421479740533268,16,0.4194761030194296,14,0.5594395161878275,596,0.5226,Glioblastoma,2.956,1.0,0.3995835977235188,0.6561488673139159,851,0
PRSS8,24,0.369818031611395,0.9159663857849024,0.0107860192946386,0.0006522383634746,1.1e-05,17,3,SER,Q16651,6.189,0.829,-0.0126334125130299,Non-essential,83.7,22.2,16.6,0.4162477994392441,17,0.401787100403976,24,0.8069490281121063,66,1.7214,Uterine,9.376,0.989,0.8465939966628968,0.9809870550161812,48,0
ATP13A3,19,0.3801884444160341,0.3109243694866181,0.3657441088091096,0.4869848799288466,0.008213,64,47,LYS,Q9H7F0,4.863,0.999,-0.0126439169984465,Non-essential,77.7,20.8,11.5,0.4162057765048054,18,0.4194929819452608,13,0.7443542083224929,146,0.3815,Esophageal,2.158,1.0,0.6365309389845425,0.9008899676375405,246,0
TSPAN1,26,0.3639910480148252,0.5882352936233318,0.0052127154831567,0.4237770530684849,0.007147,5,5,LYS,O60635,5.348,0.881,-0.0753725143693718,Non-essential,88.2,12.4,4.6,0.4157297949060765,19,0.4009904306802344,25,0.7995609528269114,74,1.2363,Pancreatic,6.922,0.994,0.8272277937882127,0.9765372168284789,59,0
MMEL1,27,0.3637289809212417,0.3277310921615705,0.2721050134429859,0.5033501334123924,0.008489,33,22,LYS,Q495T6,1.177,0.643,-0.0838671325343793,Non-essential,90.0,8.3,7.6,0.4152696689703942,20,0.4138749196425435,18,0.4679690774884431,951,0.6321,Pancreatic,3.605,0.96,0.4788890837748319,0.6298543689320388,916,0
CDCP1,22,0.3738348564666564,0.5714285709483794,0.0397406294480468,0.4444707975096353,0.007496,39,8,LYS,Q9H5V8,3.321,0.833,-0.0113930840770698,Non-essential,77.6,26.2,19.3,0.4098528565713533,21,0.3968398880437557,26,0.623293048920429,420,1.1167,Cholangiocarcinoma,6.185,0.972,0.5586204890403415,0.7997572815533981,496,0
ABCB11,29,0.3624807463391813,0.252100840124285,0.2486541198798038,0.6234805810850874,0.010515,73,23,LYS,O95342,-6.506,0.031,-0.0271240172479132,Non-essential,83.1,12.3,8.8,0.4089689692847226,22,0.4064016752787127,21,0.2961742118697831,1710,0.0143,Pancreatic,5.672,0.006,0.0576559230111291,0.2107605177993528,1952,0
ATP2B4,18,0.380244062531155,0.2268907561118565,0.457339870314724,0.5076193299733174,0.008561,53,27,LYS,P23634,4.777,0.999,-0.2054926707908701,Non-essential,72.7,27.8,21.3,0.4078515647111601,23,0.4157185582268963,17,0.7467313375281435,137,0.5386,Sarcoma,3.047,1.0,0.81785040450711,0.9627831715210355,93,0
CDH3,23,0.3725298964587701,0.6470588229856649,0.0162581053297485,0.3627631188852653,0.006118,19,2,LYS,P22223,4.475,0.827,0.0028607095450393,Non-essential,76.7,29.6,22.0,0.4066258940987362,24,0.3924387993652236,28,0.8408431587449803,38,1.3466,Head&Neck,6.997,1.0,0.8491366535831693,0.9866504854368932,34,0
SLC52A3,28,0.3634573019648616,0.4369747895487607,0.1486066740471295,0.4802846131040616,0.0081,12,14,LYS,Q9NQ40,2.151,0.753,0.1008092491024636,Non-essential,80.4,22.0,15.8,0.403163998129864,25,0.3955943318322205,27,0.8288529642916,46,1.2683,Cholangiocarcinoma,7.55,0.889,0.8678386887953013,0.9890776699029126,28,0
TACSTD2,30,0.3612506521015708,0.7226890750229503,0.0143159892456112,0.2262674177290246,0.003816,9,5,LYS,P09758,6.489,0.813,-0.0935735827287819,Non-essential,82.7,25.1,8.7,0.4029870280016915,26,0.3887028274639721,32,0.8766328131091434,17,1.3798,Cervical,7.682,1.0,0.9130383467625308,0.997168284789644,8,1
ABCA1,20,0.3788518232958155,0.252100840124285,0.4106658231851969,0.5160391343018085,0.008703,135,40,LYS,O95477,2.299,0.951,0.0108311025773815,Non-essential,73.2,33.0,8.7,0.4019115334152511,27,0.4074448245745109,20,0.5691906603833607,565,0.7581,AML,4.804,0.879,0.4634819059741545,0.7063106796116505,727,0
ABCA3,34,0.3555719054447123,0.2941176468116659,0.3623090305234857,0.4307737918766676,0.007265,81,33,LYS,Q99758,3.175,0.863,0.0086796291662919,Non-essential,80.8,14.6,5.0,0.4016118819841214,28,0.4047273335102956,22,0.7743627555804973,100,0.634,Cholangiocarcinoma,3.689,0.972,0.7757390303902449,0.9611650485436893,97,0
NETO1,15,0.387182366254034,0.252100840124285,0.0057630871421793,0.9487103468722206,0.016,14,4,LYS,Q8TDF5,-3.047,0.175,0.0773510524669213,Non-essential,71.7,40.7,37.1,0.4011536525470998,29,0.3864418069042087,33,0.2339465780720551,1898,0.3673,Lung Squamous,4.518,0.293,0.4524033354424358,0.4073624595469255,1466,0
SLCO4C1,25,0.3654881359548231,0.3109243694866181,0.3469239285149454,0.4568040320189742,0.007704,22,49,LYS,Q6ZQN7,-3.047,0.247,-0.0061806002177224,Non-essential,78.6,24.4,16.2,0.4003555194537962,30,0.4027017158795435,23,0.6385991559363265,372,0.7329,Kidney Papillary,2.613,0.972,0.7386011607233862,0.9016990291262136,244,0
PTK7,41,0.3493021151691047,0.4957983189110939,0.109739047920291,0.3935369107619329,0.006637,42,6,LYS,Q13308,5.455,0.984,-0.0599612825873093,Non-essential,82.7,14.2,9.4,0.4001484012894388,31,0.3906353536854534,29,0.8332745858429466,44,1.3233,Sarcoma,7.546,0.992,0.7349495793751886,0.9583333333333334,104,0
GJB1,32,0.3579473483403046,0.5378151255984748,0.0083567926617112,0.4677142010080046,0.007888,18,3,LYS,P08034,1.331,0.562,0.0755525561283461,Non-essential,80.2,22.3,10.2,0.3999530423768951,32,0.3853708820099806,34,0.8591020431490104,27,1.68,Melanoma,7.449,0.957,0.8822753630645649,0.9935275080906149,17,0
MET,33,0.3576284408978785,0.4369747895487607,0.1306594970741736,0.4788022531870738,0.008075,66,23,LYS,P08581,3.673,0.884,-0.0124543468205462,Non-essential,79.2,21.4,13.9,0.3989066139073781,33,0.3904395887610867,31,0.6639115181366746,309,0.729,Kidney Papillary,4.059,1.0,0.7376209435342106,0.9118122977346278,219,1
SLC2A1,92,0.3156896699391135,0.3949579828613799,0.087028309346829,0.4386599466350429,0.007398,24,7,LYS,P11166,6.279,0.992,-0.4051544621694808,Context-dependent,90.3,6.1,4.9,0.3985573579969509,34,0.3679087734642924,54,0.7809898224348256,96,0.9824,Pancreatic,5.557,1.0,0.8761003258265144,0.9805825242718447,49,0
CCR8,43,0.3450610082733876,0.6134453776357603,0.0576245453107702,0.2746516454195078,0.004632,10,14,LYS,P51685,-2.548,0.137,-0.0133776670090486,Non-essential,82.1,18.3,14.4,0.3944749298550856,35,0.3823561571206241,35,0.6720333863552083,286,3.2485,Head&Neck,9.207,0.353,0.5882348687465612,0.843042071197411,389,0
SLITRK4,21,0.3763819777991422,0.2352941174493327,0.2653993357583425,0.675481766973021,0.011392,19,32,LYS,Q8IW52,-1.831,0.278,0.0629940287228361,Non-essential,68.1,40.3,35.0,0.3922732167901073,36,0.3905431835780244,30,0.587693712233486,519,1.3051,AML,9.21,0.723,0.5100405072794049,0.7491909385113269,621,0
CNTNAP2,45,0.3410316205252715,0.4201680668738084,0.1204554799936738,0.45609249925882,0.007692,57,17,LYS,Q9UHC6,-0.512,0.46,0.0144102007103527,Non-essential,83.4,16.1,11.0,0.3900958182189563,37,0.3811185922186401,36,0.6944918863316887,239,2.0066,Thymoma,6.951,1.0,0.6544217949121106,0.8919902912621359,268,0
MPEG1,44,0.3449259409983737,0.3697478988489514,0.0442448204965997,0.6125111176993774,0.01033,40,8,LYS,Q2M385,2.418,0.924,-0.1512737823942658,Non-essential,82.7,19.0,10.2,0.3896007491461272,38,0.3768129901709572,38,0.6975142641796899,230,1.0537,AML,6.151,0.954,0.7877037688583161,0.9401294498381877,149,0
GPR160,36,0.3526820897506701,0.5378151255984748,0.0132785070377985,0.445241624666469,0.007509,27,3,LYS,Q9UJ42,3.492,0.912,0.0335262326763529,Non-essential,76.5,29.3,17.8,0.388565326885533,39,0.374229252237423,42,0.5457158861509668,644,0.7693,Uterine,4.452,0.977,0.4588455364205611,0.6856796116504854,778,0
CNTNAP5,49,0.3336654434607574,0.2605042014617612,0.107600822394433,0.6572783871924103,0.011085,65,16,LYS,Q8WYK1,-9.966,0.051,0.0192016917964126,Non-essential,84.0,13.5,9.3,0.3838962729083273,40,0.3742763140280489,41,0.3998926153986658,1268,3.9484,Kidney Chromophobe,6.721,0.831,0.1741783667337224,0.3588187702265372,1586,0
GJB2,64,0.325231179909707,0.6134453776357603,0.0084833148821761,0.2576934479691669,0.004346,12,4,LYS,P29033,3.354,0.842,-0.0494587003907636,Non-essential,86.2,12.8,2.7,0.3834500728853519,41,0.3688742386294606,50,0.8504583641051245,31,1.7248,Head&Neck,9.144,0.998,0.8521828369643836,0.9890776699029126,28,0
HLA-DPB1,51,0.3320077338773571,0.4117647055363322,0.0088439032105013,0.5488289356655796,0.009256,2,4,LYS,P04440,7.152,1.0,0.0426114636519852,Non-essential,87.4,15.5,1.9,0.3830358566567365,42,0.3684780518172615,53,0.7153281845122592,196,0.7855,Sarcoma,4.444,1.0,0.7501631165030495,0.9372977346278317,156,0
CYBB,81,0.3187846977659736,0.403361344198856,0.1020907796931836,0.4227097539282537,0.007129,31,11,LYS,P04839,3.032,0.935,0.0887897364578418,Non-essential,90.2,4.6,0.5,0.3827766038749589,43,0.3728811428596181,44,0.5382561796051741,671,0.7486,Testicular,4.293,0.986,0.6728457662069617,0.8110841423948221,468,0
EPHB3,50,0.3334084864915573,0.4285714282112846,0.1011545152617428,0.438778535428402,0.0074,41,13,LYS,P54753,3.354,0.868,-0.0063500836790701,Non-essential,82.1,17.3,12.3,0.3826832625464858,44,0.3727409883095729,45,0.7197449374222745,183,0.9181,Sarcoma,5.347,0.94,0.648116003411604,0.8996763754045307,249,0
SLC15A1,74,0.3213568308820455,0.3949579828613799,0.0912731298434287,0.4533056626148828,0.007645,24,17,LYS,P46059,-1.831,0.329,0.0815600857940355,Non-essential,87.0,6.9,2.7,0.3824799921160609,45,0.3720436486082323,47,0.580027435394316,541,0.6954,Esophageal,4.64,0.618,0.727888342257137,0.8580097087378641,352,0
CLCA4,63,0.3256578367056941,0.2184873947743803,0.1413189941483473,0.6528906018381262,0.011011,36,23,LYS,Q14CN2,-5.012,0.182,-0.0012736867377465,Non-essential,89.3,8.6,5.0,0.3814229871676515,46,0.3734889368750689,43,0.3599544636212787,1461,0.8264,Head&Neck,4.691,0.682,0.5115051555721973,0.5396440129449838,1139,0
GPR143,38,0.3515686422690766,0.4369747895487607,0.092019610944172,0.4972428105544025,0.008386,17,9,LYS,P51810,1.311,0.725,0.1074403908533944,Non-essential,73.5,33.9,23.8,0.3813567817167098,47,0.3709577622639184,48,0.7573228089651555,120,1.647,Uveal Melanoma,8.398,1.0,0.749147449595214,0.9526699029126213,118,0
SPPL2A,46,0.3394762057616052,0.2857142854741897,0.2160366914439348,0.5345982804624962,0.009016,21,17,LYS,Q8TCT8,4.932,1.0,0.0204405703331333,Non-essential,79.4,23.5,11.2,0.3791587428925742,48,0.3749605774647709,40,0.5923616834932652,501,0.5655,Glioblastoma,3.199,1.0,0.5949645747205462,0.8046116504854369,484,0
SLC19A1,40,0.3506409517666791,0.302521008149142,0.2553914281195635,0.5100504002371775,0.008602,19,30,LYS,P41440,3.217,0.992,-0.0226839682103804,Non-essential,72.1,34.3,31.5,0.3779428099413849,49,0.3757123813473632,39,0.442732540717893,1072,0.4236,Sarcoma,2.416,0.992,0.4326422010444637,0.5687702265372168,1067,0
NETO2,37,0.3526530835180188,0.453781512223713,0.0147018820180294,0.5557663800770827,0.009373,11,4,LYS,Q8NC67,2.919,0.916,0.0326953737376259,Non-essential,72.1,39.8,29.9,0.3766405948020775,50,0.362375688902979,67,0.5020955506022213,813,0.8463,Kidney Clear Cell,4.806,0.996,0.3018256682974432,0.5343851132686084,1152,0
ITGB4,39,0.351465423321957,0.403361344198856,0.3970330539300964,0.236703231544619,0.003992,85,38,LYS,P16144,5.797,0.994,-0.0569285429224851,Non-essential,68.4,38.4,24.0,0.3762105418382784,51,0.3810621945347832,37,0.935025707489204,2,1.1775,Cholangiocarcinoma,6.661,1.0,0.8889940781005587,0.9983818770226537,5,0
SLC33A1,61,0.3259097035927667,0.3361344534990467,0.1673888976751542,0.4707975096353393,0.00794,15,17,LYS,O00400,3.91,0.999,-0.1620634513854923,Non-essential,82.4,16.9,13.3,0.3752936605522897,52,0.3686631054360474,52,0.434263115692111,1115,0.4227,Kidney Clear Cell,2.391,1.0,0.5189456131347207,0.6213592233009708,937,0
ATP1B1,109,0.3121069192079195,0.3865546215239037,0.0124687648268227,0.5124814705010375,0.008643,13,5,LYS,P05026,6.861,0.998,-0.1254179681257649,Non-essential,89.6,6.6,0.3,0.3749316763653313,53,0.3605551146066725,73,0.5666430286904556,579,0.6096,AML,3.551,0.971,0.7073452736741385,0.8434466019417476,388,0
MST1R,55,0.3285047702159185,0.3781512601864275,0.1968622489324687,0.3939519715386895,0.006644,58,14,LYS,Q04912,2.79,0.748,-0.052916208613663,Non-essential,80.1,20.4,13.8,0.3746564961830392,54,0.3694996086296626,49,0.761830033933792,117,0.9199,Cholangiocarcinoma,5.352,0.972,0.672977091149678,0.9235436893203883,190,0
VTCN1,103,0.3127493586874238,0.6134453776357603,0.0031061205124149,0.2214645715979839,0.003735,6,4,LYS,Q7Z7D3,-0.492,0.462,-0.1553564314757152,Non-essential,88.5,11.7,7.8,0.3741485552001158,55,0.3593038612257365,75,0.6684500963857605,296,2.3578,Uterine,8.239,0.949,0.6416115492360018,0.8689320388349515,325,0
CPD,65,0.3251627486415298,0.352941176173999,0.0914376087300332,0.5218499851764008,0.008801,54,22,LYS,O75976,3.961,0.998,-0.1832010891097102,Non-essential,82.5,17.8,13.6,0.3740513101375082,56,0.3636231905740097,63,0.5348226951624742,684,0.4258,Kidney Papillary,2.409,1.0,0.7432816254428134,0.8385922330097088,400,0
SLC9A7,35,0.355350351964318,0.3865546215239037,0.1510991617902894,0.5179958493922324,0.008736,33,15,LYS,Q96T83,2.053,0.916,0.0153554697984122,Non-essential,67.1,43.9,26.3,0.3736678703289967,57,0.3662228284185112,56,0.6130320540870005,448,1.1021,AML,6.319,0.971,0.5038347667606501,0.758495145631068,598,0
OR2T33,336,0.2695665398819519,0.2605042014617612,0.0821382255258579,0.4690779721316335,0.007911,18,10,LYS,Q8NG76,-9.966,0.001,-0.6056867939587738,Essential,88.7,6.6,1.9,0.3723805199259892,58,0.3264874312022821,186,0.1405173303181554,2084,0.2235,AML,5.523,0.081,0.0627961203072013,0.15291262135922334,2095,0
CATSPERG,78,0.3193489705199096,0.2605042014617612,0.2936770520322632,0.4234805810850874,0.007142,71,35,LYS,Q6ZRH7,0.934,0.755,-0.1049606397546933,Non-essential,83.9,13.1,7.2,0.372365878790954,59,0.3720497313925672,46,0.5682750614994493,571,0.6236,AML,3.527,1.0,0.6659817114887505,0.8288834951456311,424,0
EFNA4,66,0.3250862165206689,0.4453781508862369,0.0127597659338921,0.4770234212866883,0.008045,7,5,LYS,P52798,3.842,0.978,-0.1592574236990451,Non-essential,82.7,21.4,11.4,0.371928149615328,60,0.3575661379120226,78,0.4924852928998089,858,0.7491,Sarcoma,4.237,1.0,0.538670385001075,0.6933656957928802,759,0
EPHA10,60,0.3266536166893555,0.3613445375114751,0.1918140123359165,0.415238659946635,0.007003,42,18,LYS,Q5JZY3,-0.357,0.455,-0.1017577756288418,Non-essential,79.2,22.0,12.8,0.3712337561996542,61,0.36582445681645,58,0.7928878357841931,81,1.4315,Cholangiocarcinoma,7.618,0.861,0.8077160880952475,0.9728964401294499,68,0
SVOPL,84,0.3180005325182108,0.3361344534990467,0.1781432864146765,0.4336792173139638,0.007314,22,14,LYS,Q8N434,-1.51,0.305,0.005448830475048,Non-essential,83.8,14.4,10.4,0.3712026846568264,62,0.3651098489775602,60,0.4539877748836579,1019,1.1677,AML,7.504,0.642,0.5392624263793743,0.6589805825242718,844,0
SLC22A14,69,0.3241218249205634,0.2605042014617612,0.2483947493278507,0.4846723984583457,0.008174,17,26,LYS,Q9Y267,-4.293,0.003,0.0437813258989124,Non-essential,81.2,19.4,12.5,0.3700432574581655,63,0.367462994924558,55,0.3721528330968414,1404,-0.0,AML,-1.094,0.0,0.3057375432011379,0.41302588996763756,1452,0
PLAUR,62,0.3257091683506955,0.4117647055363322,0.0294733512573145,0.5072042691965609,0.008554,16,4,LYS,Q03405,4.751,0.992,-0.0848302574872164,Non-essential,81.5,24.2,18.2,0.3690870520511851,64,0.3555607196140508,83,0.7209643621675591,180,1.032,Pancreatic,5.838,1.0,0.740912373436928,0.9356796116504854,160,1
SLC22A9,106,0.3126603712719629,0.2605042014617612,0.2180167641942116,0.4768455380966498,0.008042,33,11,LYS,Q8IVM8,-9.966,0.043,-0.1244239718895047,Non-essential,85.7,11.2,4.3,0.3686920460843317,65,0.3645928842940423,61,0.3572863756524356,1469,0.7142,Liver,1.069,0.945,0.1602804549165485,0.3046116504854369,1720,0
ATP1A1,406,0.2622945342612204,0.3361344534990467,0.0639063735568559,0.3622294693151496,0.006109,49,13,LYS,P05023,8.109,1.0,-1.249447818147238,Essential,88.7,5.7,2.9,0.3684810194426677,66,0.3216763381205105,230,0.6488258753589419,342,0.7706,Cholangiocarcinoma,4.359,1.0,0.8431623835908998,0.9316343042071198,170,0
DUOX2,91,0.3160297493865433,0.2689075627992374,0.221186145816859,0.4737029350726355,0.007989,78,22,LYS,Q9NRD8,-1.552,0.377,-0.1470485056814292,Non-essential,84.0,14.4,7.6,0.3684399172021067,67,0.3644992244929497,62,0.6542599820711682,334,1.4656,Pancreatic,8.165,0.915,0.6151236305995715,0.8466828478964401,380,0
OTOA,100,0.3133814515731918,0.2689075627992374,0.1561473983868417,0.5299140231248147,0.008937,62,18,LYS,Q7RTW8,-2.548,0.048,0.018269891818062,Non-essential,84.0,12.4,7.9,0.3682330023576472,68,0.3610403722769892,70,0.320872888764613,1625,0.5786,Kidney Papillary,4.576,0.335,0.2175872733317694,0.30258899676375406,1725,0
FCGR1A,280,0.2758439262306208,0.4789915962361415,0.0095524276451051,0.2712718648087756,0.004575,9,4,LYS,P12314,3.541,0.961,-0.7475102334035815,Essential,85.1,19.8,9.1,0.3680531317961196,69,0.3185307531783749,251,0.5007682291695027,818,1.1897,Sarcoma,6.838,0.984,0.5336730879883028,0.6978155339805825,748,0
NPC1L1,105,0.3127189928294593,0.2436974787868088,0.2787474300173968,0.4387192410317225,0.007399,68,36,LYS,Q9UHC9,-3.816,0.134,-0.2147768885786263,Non-essential,84.2,12.7,6.4,0.3669607853376629,70,0.3658981568385327,57,0.4617625710942132,990,0.9904,Pancreatic,5.374,0.864,0.5427555196019346,0.6670711974110033,824,0
PKDREJ,48,0.3378475484343457,0.2605042014617612,0.2886920765459433,0.4901274829528609,0.008266,129,33,LYS,Q9NTG1,-4.035,0.001,-0.0120674287279553,Non-essential,70.7,34.7,16.7,0.3661813603863175,71,0.3656159642136146,59,0.4234890818051212,1154,0.2131,AML,3.86,0.214,0.1746061822646014,0.38066343042071193,1532,0
TNFRSF21,42,0.3456417113816308,0.453781512223713,0.0303463545785228,0.5167506670619626,0.008715,24,7,LYS,O75509,4.871,0.994,0.1112581767834228,Non-essential,68.0,44.9,40.2,0.3656977846884209,72,0.352215102417347,91,0.6947990374135304,238,0.8612,Cholangiocarcinoma,4.872,1.0,0.6386733683368756,0.8802588996763754,297,0
LAMP1,110,0.3116659497985609,0.302521008149142,0.1268385260161315,0.5086866291135487,0.008579,13,18,LYS,P11279,7.212,1.0,0.1116357874083905,Non-essential,86.4,14.4,5.8,0.3653636416346197,73,0.3567055679354263,79,0.5771493385213461,546,0.4199,Sarcoma,2.376,1.0,0.5593113169252902,0.7738673139158576,560,0
ABCC11,93,0.3156755048451127,0.2773109241367135,0.3780863514154673,0.3044174325526237,0.005134,85,34,LYS,Q96J66,-2.466,0.17,0.0414063150005394,Non-essential,78.9,17.9,11.0,0.3647847694398725,74,0.3686890870106458,51,0.7937150643382883,79,2.5988,Uveal Melanoma,8.432,0.975,0.7056714455319164,0.9413430420711975,146,0
CSF1R,71,0.3232852447457871,0.3109243694866181,0.2562328008856555,0.406818855618144,0.006861,31,39,LYS,P07333,3.701,0.983,-0.0114940264641004,Non-essential,77.8,25.0,18.7,0.3645864434462662,75,0.362398083490549,66,0.7931243043261538,80,1.0449,AML,5.818,1.0,0.7031996969440003,0.9393203883495146,151,0
ATP13A5,87,0.3170750626678119,0.2436974787868088,0.232490906215404,0.499495997628224,0.008424,63,37,LYS,Q4VNC0,-4.293,0.13,0.0843678554412426,Non-essential,78.8,18.9,9.4,0.3643908435362901,76,0.3610153888470603,71,0.384812834197313,1349,0.2332,Cervical,4.929,0.15,0.4717645368258867,0.5368122977346279,1146,0
ABCC12,90,0.3162655287310325,0.2605042014617612,0.2370899889293057,0.4697895048917876,0.007923,75,20,LYS,Q96J65,-9.966,0.036,0.0478070161525295,Non-essential,77.8,18.6,10.9,0.3642963439668898,77,0.361150843413355,69,0.4774294093219172,916,0.3406,Uveal Melanoma,6.658,0.089,0.1216920816535691,0.40372168284789645,1475,0
PKD1L2,47,0.3386435577091001,0.2184873947743803,0.2323960145500553,0.6050993181144382,0.010205,122,31,LYS,Q7Z442,-1.831,0.212,0.3428210438771893,Non-essential,71.0,36.6,12.4,0.3642444213371565,78,0.3608642220646592,72,0.3325735204250117,1582,0.1545,Kidney Papillary,1.93,0.423,0.3477434183264776,0.4025080906148867,1478,0
ATP13A2,98,0.3139095041334894,0.3193277308240944,0.2208318835995572,0.3997628224132818,0.006742,65,30,LYS,Q9NQ11,4.824,1.0,-0.0371736732468807,Non-essential,79.6,17.7,10.3,0.3642133822916428,79,0.3602549764716206,74,0.6412387645179025,363,0.3808,Cholangiocarcinoma,2.154,1.0,0.4508537677009116,0.7406957928802589,642,0
CCR6,80,0.3188273559757369,0.3697478988489514,0.0945753597975644,0.4751852949896235,0.008014,9,19,LYS,P51684,-1.165,0.286,0.0517808793587361,Non-essential,79.6,23.3,15.2,0.3635519282939299,80,0.3532806962838081,89,0.7728246756127127,102,2.3519,Pancreatic,10.513,0.633,0.8587701338091771,0.9789644012944984,53,0
GPR39,56,0.3279374101806823,0.4873949575736176,0.1618535505298118,0.2814112066409724,0.004746,18,19,LYS,O43194,1.164,0.677,0.0470182572933783,Non-essential,76.1,32.9,22.1,0.3635044244434622,81,0.3565971019699528,80,0.7415255268711541,151,1.1093,Uterine,5.866,0.887,0.7387004397118327,0.941747572815534,145,0
NRP2,68,0.3242207000341607,0.302521008149142,0.1921682745532184,0.4852060480284612,0.008183,28,19,LYS,O60462,3.683,0.975,-0.0082061486580014,Non-essential,78.6,27.0,18.6,0.3632259334976196,82,0.3578343472252805,77,0.6963390708646889,233,0.9095,Pancreatic,5.093,0.994,0.7176143700306984,0.9178802588996764,204,0
SGCZ,104,0.3127392768003659,0.2605042014617612,0.1805092519373715,0.5146160687815,0.008679,5,10,LYS,Q96LD1,-9.966,0.013,0.1229343118500815,Non-essential,80.5,17.4,10.4,0.3625578006913343,83,0.3565832632882029,81,0.3558158932780559,1478,0.3693,Thymoma,5.931,0.153,0.3015224348170699,0.39522653721682843,1496,0
EGFR,59,0.3271376104720684,0.252100840124285,0.2977573936422584,0.4565668544322561,0.0077,49,35,LYS,P00533,3.552,0.932,-0.1302986571891825,Non-essential,75.9,29.3,22.8,0.3625163560621284,84,0.3624042257442412,65,0.6564372606214437,329,0.856,Glioblastoma,4.688,1.0,0.7128497901020594,0.8988673139158576,251,1
CD109,115,0.3095389465102891,0.2857142854741897,0.1288755337656175,0.5219685739697598,0.008803,65,34,LYS,Q6YHK3,1.556,0.758,0.0087860699252724,Non-essential,81.3,15.4,8.0,0.3623110268498107,85,0.3537548035380916,87,0.5411680121131066,651,0.815,Pancreatic,4.898,0.927,0.4377812530643453,0.669093851132686,819,0
ATP1A3,160,0.2957168245426622,0.2857142854741897,0.1487964573778269,0.455973910465461,0.00769,45,20,LYS,P13637,-1.355,0.299,-0.1100081294289266,Non-essential,88.8,4.6,2.1,0.3615925918767883,86,0.3540324147456797,86,0.7303063155615673,172,2.2805,Pheochromocytoma,10.511,0.994,0.6972810713882844,0.9207119741100324,197,0
SLC22A11,143,0.3003701451241418,0.2941176468116659,0.1898655701407559,0.4192113845241624,0.00707,24,12,LYS,Q9NSA0,-3.816,0.143,-0.0675258235313329,Non-essential,87.6,8.9,0.5,0.3613104150503126,87,0.3558036935573505,82,0.4045487940946894,1253,0.5651,Colorectal,3.702,0.432,0.5803250166331412,0.6338996763754046,906,0
TRPV4,57,0.3274833074337279,0.3949579828613799,0.0940249881385418,0.470975392825378,0.007943,43,16,LYS,Q9HBA0,1.112,0.692,-0.101548366970855,Non-essential,71.6,33.3,25.4,0.3611853892424629,88,0.3508866386493899,93,0.6010701371521363,475,0.8686,Sarcoma,5.763,0.798,0.6637700749466848,0.8450647249190939,384,0
FRRS1,146,0.2997253789032278,0.3109243694866181,0.0661078601929463,0.518410910168989,0.008743,20,11,LYS,Q6ZNA5,1.085,0.713,-0.0545623186473155,Non-essential,88.3,8.8,3.5,0.3611532219108002,89,0.3494586149204474,95,0.2335178856839234,1899,0.4313,Kidney Clear Cell,2.799,0.858,0.3275996632492015,0.3228155339805825,1675,0
ABCA4,85,0.3179520114598057,0.2689075627992374,0.3220496599715325,0.3792469611621701,0.006396,148,26,LYS,P78363,-1.994,0.201,-0.1424312693913456,Non-essential,75.7,23.3,8.0,0.3611418022631587,90,0.3622442852617353,68,0.4533923266870829,1025,0.2031,Ovarian,1.863,0.523,0.3743982730331779,0.5412621359223301,1135,0
IGF1R,82,0.3182889843370758,0.2857142854741897,0.1592282144551637,0.5207826860361695,0.008783,55,16,LYS,P08069,3.186,0.945,-0.1785887649551847,Non-essential,78.0,24.8,15.7,0.3602027250387997,91,0.3531641357615578,90,0.4926723403993721,857,0.5096,Cholangiocarcinoma,3.459,0.833,0.6278017296003429,0.7512135922330097,616,0
ICAM3,131,0.3025039942217187,0.3781512601864275,0.0013284833148821,0.5028164838422768,0.00848,6,3,LYS,P32942,4.039,0.995,-0.0558054541686475,Non-essential,87.1,13.2,10.2,0.3601891828545394,92,0.3452556070202834,104,0.5369633774601015,677,0.5638,Thymoma,3.19,1.0,0.6135423692253626,0.7766990291262136,553,0
SLC6A14,172,0.2923330638254246,0.5798319322858556,0.0353692867309821,0.165965016305959,0.002799,20,12,LYS,Q9UN76,-2.114,0.368,0.0880369915465942,Non-essential,89.5,8.1,6.2,0.3601747520592847,93,0.3469432163958338,102,0.7444272099594339,145,2.9819,Pancreatic,10.021,0.893,0.7598672727776816,0.9518608414239482,120,0
MFSD11,137,0.3010041943250917,0.2857142854741897,0.1265158943539459,0.4958790394307737,0.008363,18,14,LYS,O43934,4.037,1.0,-0.1548111950105668,Non-essential,87.7,10.5,4.7,0.3600987333621463,94,0.3514245280798436,92,0.2745567682767723,1777,0.2983,Pancreatic,1.688,1.0,0.2719106395943739,0.3058252427184466,1717,0
IGF2R,76,0.3206925046951804,0.302521008149142,0.2657915546417839,0.3998221168099614,0.006743,115,37,LYS,P11717,4.584,1.0,0.0966877480278787,Non-essential,73.1,27.5,9.7,0.359785770715136,95,0.3580753484472252,76,0.480116620885589,906,0.3111,Glioblastoma,1.76,1.0,0.2570478315029943,0.47734627831715215,1293,0
OR52R1,99,0.3136821511082014,0.2605042014617612,0.0692139807053613,0.6290542543729617,0.010609,13,9,LYS,Q8NGF1,-9.966,0.0,,No data,85.3,6.0,3.5,0.3597435292811971,96,0.3632042283164652,64,0.0465299519268336,2290,0.0362,Prostate,5.931,0.006,0.0503515098347549,0.10477346278317157,2214,0
ANO1,86,0.3177117768728038,0.3193277308240944,0.2038589277241815,0.4294100207530388,0.007242,54,23,LYS,Q5XXA6,3.448,0.889,-0.0725232594784543,Non-essential,76.6,25.8,14.6,0.3592819429077381,97,0.3544748892939471,84,0.654163772373749,335,0.9206,Pancreatic,5.042,1.0,0.6292097538896398,0.8547734627831716,360,0
TMEM37,136,0.3012107277290616,0.3613445375114751,0.0151573620117033,0.5070856804032019,0.008552,6,3,LYS,Q8WXS4,2.825,0.94,0.0999074653500664,Non-essential,87.4,13.2,7.4,0.3588313487327426,98,0.3445892168333277,106,0.3781617809694705,1376,0.6998,Glioblastoma,4.035,0.981,0.5190960116831023,0.5631067961165048,1081,0
IL2RG,54,0.3286775443556077,0.453781512223713,0.0042764510517159,0.4862733471686925,0.008201,10,4,LYS,P31785,3.899,0.958,0.0716864206472045,Non-essential,75.5,38.8,23.8,0.3576609788334017,99,0.3428748013859874,112,0.792529574136229,82,1.1075,Pancreatic,6.373,0.983,0.8000244383915432,0.9712783171521036,72,0
PAM,53,0.3300031241146537,0.2352941174493327,0.2441562549422742,0.5421286688407945,0.009143,24,29,LYS,P19021,6.236,1.0,0.0342517313618314,Non-essential,71.7,36.7,31.7,0.3572241720530336,100,0.3544319848001473,85,0.6912679167659479,244,0.4746,Cholangiocarcinoma,2.685,1.0,0.6816237501697169,0.9029126213592233,241,0
MEP1A,126,0.3038367662368282,0.302521008149142,0.1421287363593231,0.4672991402312481,0.007881,27,16,LYS,Q16819,-5.012,0.092,0.0523209413906479,Non-essential,84.5,16.2,12.1,0.3570393219998425,101,0.3491457588178086,96,0.5918140839307484,503,1.411,Stomach,6.388,0.494,0.569815890575941,0.7900485436893204,520,0
NOX4,154,0.2965791379859994,0.352941176173999,0.1545342400759133,0.3634746516454195,0.00613,35,22,LYS,Q9NPH5,1.293,0.742,-0.00758756394072,Non-essential,87.0,11.1,7.8,0.3569316345912329,102,0.3496583465950285,94,0.551839597692809,621,0.9247,Pancreatic,5.342,0.932,0.6372808777728349,0.8033980582524272,487,0
CHRNA5,125,0.3042193594060108,0.403361344198856,0.0216985608097422,0.4545508449451526,0.007666,26,3,LYS,P30532,1.158,0.675,-0.0580296617036663,Non-essential,81.2,18.4,13.2,0.3568388219083233,103,0.3429237499488103,111,0.5328314256142265,692,0.8153,Pheochromocytoma,4.491,0.994,0.633365947019834,0.787621359223301,526,0
TMEM63C,75,0.3210681956515177,0.3109243694866181,0.1339300964731931,0.5217313963830418,0.008799,44,14,LYS,Q9P1W3,-0.134,0.485,0.0103915688091007,Non-essential,74.3,31.9,18.6,0.355838902534375,104,0.3475354073580347,101,0.6641705005798396,308,0.7762,Pheochromocytoma,3.661,0.994,0.5623788151654646,0.8268608414239482,429,0
SLCO6A1,88,0.317000595636971,0.2605042014617612,0.1542748695239601,0.5550548473169284,0.009361,39,25,LYS,Q86UG4,-9.966,0.023,0.032372454683551,Non-essential,76.7,28.4,20.9,0.3551088997218385,105,0.3478226431980366,100,0.706526163352953,211,2.7691,Thymoma,9.627,0.407,0.3596731165800413,0.7087378640776699,721,0
SLAMF7,97,0.3139565005263027,0.5126050415860463,0.0061553060256207,0.3568929736139934,0.006019,6,2,LYS,Q9NQ25,1.832,0.76,-0.0102307540814108,Non-essential,78.2,30.4,17.3,0.3547738344650197,106,0.3400815997663007,121,0.6371889903272808,378,1.3571,Testicular,7.513,0.973,0.4673870660294186,0.7508090614886731,617,0
DUOX1,150,0.2978109738810089,0.2689075627992374,0.1705962359639411,0.4635635932404388,0.007818,76,21,LYS,Q9NRD9,1.368,0.725,-0.0249761163823576,Non-essential,85.6,13.3,7.9,0.3543576042808281,107,0.3478874160790251,99,0.4961735830981699,838,0.5653,Head&Neck,3.204,0.998,0.4592868751896425,0.6440129449838188,881,0
CD2,73,0.3227709745227219,0.4873949575736176,0.001910485529021,0.424132819448562,0.007153,8,4,LYS,P06729,2.404,0.84,0.0209231095935414,Non-essential,77.7,37.9,17.9,0.3541990613951619,108,0.3392945856716129,123,0.6648312793380348,307,1.1996,Thymoma,6.46,1.0,0.555613537216049,0.8224110032362459,440,0
PTGFRN,152,0.2973850112898037,0.3697478988489514,0.0280816068321999,0.4702045656685442,0.00793,22,7,LYS,Q9P2B2,5.035,0.997,-0.0437530247844814,Non-essential,84.1,15.0,3.4,0.353983307722319,109,0.340387388063929,120,0.6495468785983795,340,0.9836,Sarcoma,5.477,1.0,0.665256366253613,0.872168284789644,317,0
CCR1,149,0.298608942442827,0.3865546215239037,0.0203068163846275,0.4596501630595908,0.007752,18,6,LYS,P32246,1.656,0.822,0.0611141953520057,Non-essential,83.2,16.9,11.8,0.3533833623944208,110,0.3393987032136522,122,0.4951831973522131,842,0.7932,Testicular,4.572,0.966,0.6150035129620066,0.7419093851132685,639,0
PTPRC,102,0.3129809070396545,0.3277310921615705,0.1573177289261426,0.4489771716572783,0.007572,45,24,LYS,P08575,2.734,0.906,-0.1094829791827375,Non-essential,76.0,28.0,24.9,0.3532796074024049,111,0.346145493848712,103,0.6484036213670241,345,0.6162,Kidney Clear Cell,3.514,0.992,0.7114949058453636,0.8964401294498382,257,1
ABCA2,72,0.32301188529931,0.2436974787868088,0.3093215245927566,0.4424547880225318,0.007462,125,45,LYS,Q9BZC7,4.526,0.999,0.0098276950230525,Non-essential,70.8,35.2,16.3,0.3530381957292051,112,0.353504271958843,88,0.7817304660048627,94,0.4307,Pheochromocytoma,2.436,1.0,0.6819665751499852,0.9292071197411003,176,0
SLC6A11,159,0.2957224621948606,0.3277310921615705,0.0994338130634192,0.4493329380373554,0.007578,20,18,LYS,P48066,-3.171,0.321,0.045910703832038,Non-essential,86.6,13.9,11.4,0.3529975700317433,113,0.3429692606849143,110,0.443010609851585,1071,1.3767,Head&Neck,6.246,0.731,0.5443672585491816,0.6533171521035599,858,0
CLDN7,156,0.2963472804534642,0.6554621843231411,0.0045358216036691,0.1093388674770234,0.001844,5,4,LYS,O95471,6.468,0.93,-0.1334736815878591,Non-essential,82.6,19.9,10.9,0.3529804367832725,114,0.338207227863456,127,0.9074817584333164,5,1.1812,Cervical,6.682,1.0,0.9268526730057622,1.0,1,0
P2RY13,127,0.3037081687559489,0.3361344534990467,0.0829479677368337,0.4812333234509338,0.008116,15,23,LYS,Q9BPV8,0.19,0.545,0.0649774786639681,Non-essential,83.1,20.9,11.6,0.3527923815216082,115,0.3419397799084499,115,0.5396122574483373,663,1.0449,AML,6.49,0.867,0.6378111704661517,0.794093851132686,510,0
TECTA,118,0.3065414074234098,0.252100840124285,0.1350624703463545,0.550607767565965,0.009286,112,16,LYS,O75443,-2.548,0.058,0.1382054441176909,Non-essential,77.4,21.9,8.7,0.3527528535215796,116,0.3445059770388973,107,0.3489583486388435,1513,0.1467,Pheochromocytoma,1.199,0.67,0.3099158937473353,0.39441747572815533,1498,0
ADAM8,89,0.3163105393886067,0.3277310921615705,0.1448173335442037,0.4725763415357248,0.00797,45,28,LYS,P78325,2.446,0.927,0.1774288891962998,Non-essential,73.7,32.3,23.7,0.3517543010265318,117,0.3439951677037419,109,0.6924011966808127,242,0.6231,Pancreatic,3.565,0.989,0.5937235620807069,0.854368932038835,361,0
TMPRSS13,79,0.3191429386932858,0.4705882348986654,0.0267531235173177,0.4096056922620812,0.006908,22,6,LYS,Q9BYE2,0.888,0.573,-0.037527816455507,Non-essential,73.6,37.2,30.7,0.3515955861593826,118,0.3379332423352484,128,0.6182218316652341,431,1.1141,Head&Neck,5.693,0.979,0.5971689757362614,0.8216019417475728,442,0
ROS1,94,0.3156295109438388,0.2605042014617612,0.2421445516368812,0.4626148828935665,0.007802,94,45,LYS,P08922,-6.506,0.127,0.1070548439228934,Non-essential,72.2,31.2,14.4,0.3511663291442284,119,0.3482735567260724,98,0.4725834616753869,934,0.8757,Esophageal,7.5,0.202,0.3097439043149297,0.5109223300970873,1210,0
SLC12A5,139,0.3006552934403873,0.4201680668738084,0.0561315831092835,0.3858286391935961,0.006507,61,9,LYS,Q9H2X9,1.872,0.855,0.0147494704648359,Non-essential,78.5,21.9,16.5,0.3506488789815528,120,0.338455458137017,126,0.7202949379967827,181,0.8853,Ovarian,5.032,0.995,0.6735733607456031,0.9101941747572816,223,0
CD5,83,0.3182823008381841,0.3697478988489514,0.0142527281353787,0.5536910761932997,0.009338,15,3,LYS,P06127,0.264,0.552,-0.171085619747456,Non-essential,73.4,35.8,23.2,0.3505977156793026,121,0.3363103520860715,136,0.4906433897175003,867,0.944,Thymoma,5.17,0.966,0.569981231958354,0.712378640776699,712,0
NPC1,187,0.2888883150912125,0.252100840124285,0.27378775897517,0.353038837829825,0.005954,52,37,LYS,O15118,4.525,1.0,-0.0436259575767193,Non-essential,85.1,9.5,3.5,0.3504419432447485,122,0.349131331193507,97,0.4313684761431004,1120,0.3277,Pancreatic,1.854,1.0,0.3282554851687038,0.48341423948220064,1278,0
SLC9A2,58,0.3273507516859484,0.3613445375114751,0.1492519373715009,0.4601245182330269,0.00776,39,13,LYS,Q9UBY0,-1.43,0.338,-0.0038213780539391,Non-essential,66.2,44.1,32.6,0.3497147020301482,123,0.3421772988987233,114,0.6394322574258311,369,1.0945,Esophageal,6.798,0.624,0.5424168817183062,0.7989482200647249,498,0
LAMP2,162,0.2948064636339006,0.3613445375114751,0.022508303020718,0.4783871924103172,0.008068,8,10,LYS,P13473,6.508,1.0,0.2209144320549739,Non-essential,83.2,17.1,12.0,0.3495944619867751,124,0.335719877137811,140,0.6245148556100628,417,0.3583,Cholangiocarcinoma,2.027,1.0,0.7171684057693993,0.8798543689320388,298,0
SLC2A2,177,0.2911543538003245,0.2605042014617612,0.1571216194844219,0.4660539579009783,0.00786,19,14,LYS,P11168,-9.966,0.128,0.0015147909270762,Non-essential,86.6,12.4,9.2,0.3495703648579665,125,0.3424264458321875,113,0.4371753300769743,1102,0.5753,Kidney Clear Cell,1.602,0.88,0.5316981833242377,0.6338996763754046,906,0
SLC16A1,153,0.2968918123531855,0.352941176173999,0.1374916969792819,0.3815594426326711,0.006435,8,12,LYS,P53985,4.134,0.977,-0.1959170271807759,Non-essential,83.1,19.6,16.2,0.3486921965638879,126,0.340566781412852,119,0.6559678939814743,331,0.7017,Pancreatic,3.992,0.994,0.8724638241796132,0.938915857605178,152,0
ADAM28,117,0.3075287183398086,0.3277310921615705,0.1653518899256682,0.4227690483249333,0.00713,30,29,LYS,Q9UKQ2,1.975,0.833,0.1182256883302997,Non-essential,75.6,28.5,19.4,0.3482361168192001,127,0.3415037113154834,117,0.7123638488718435,200,1.455,AML,8.101,1.0,0.698140645553319,0.9162621359223301,208,0
PROKR2,129,0.303286681113834,0.2605042014617612,0.1750308397912383,0.4885858286391936,0.00824,18,23,LYS,Q8NFJ6,-9.966,0.011,-0.0539138036627119,Non-essential,78.3,24.0,18.5,0.3480806376192244,128,0.3418321796087863,116,0.2645907669870791,1809,0.0471,Thymoma,3.926,0.017,0.1676506814478281,0.23705501618122982,1887,0
PTPRK,178,0.2910465085569165,0.3361344534990467,0.0875850071168749,0.434390750074118,0.007326,60,14,LYS,Q15262,4.092,0.989,0.1201608271651917,Non-essential,82.3,15.1,10.8,0.3480409980224146,129,0.3374202483782583,129,0.4301265396363129,1126,0.4034,Esophageal,2.21,1.0,0.2782622741264705,0.44457928802589,1374,0
UGT8,225,0.2823278914543497,0.4117647055363322,0.1192598450102799,0.2728135191224429,0.004601,22,17,LYS,Q16880,0.919,0.577,0.0207467216710361,Non-essential,89.8,9.4,5.0,0.347735987970897,130,0.338698980221411,125,0.6175651554748934,433,0.9709,Esophageal,5.347,0.871,0.6093579789478841,0.8260517799352751,431,0
SLC12A8,77,0.319434528428929,0.4873949575736176,0.0372165111497706,0.3777053068485028,0.00637,35,10,LYS,A0AV02,3.007,0.907,-0.058899170716189,Non-essential,69.1,41.6,28.2,0.3477186896503345,131,0.334579515207823,144,0.656044081957191,330,0.8851,Mesothelioma,4.985,0.989,0.7071937769079332,0.8972491909385113,255,0
ITGB8,130,0.3027945206854736,0.352941176173999,0.0585608097422109,0.4801660243107025,0.008098,25,12,LYS,P26012,2.454,0.813,0.008708991721945,Non-essential,76.7,25.9,18.3,0.347311120174128,132,0.3352391606612385,143,0.7000459241398002,223,0.9758,Cholangiocarcinoma,5.633,0.917,0.8742129365292912,0.9575242718446602,106,0
OR13J1,167,0.2936751800076789,0.2605042014617612,0.0823343349675786,0.5492439964423361,0.009263,17,17,LYS,Q8NGT2,-5.574,0.001,-0.0286693023466513,Non-essential,82.4,17.0,2.9,0.3470710533640951,133,0.336187770112474,138,0.1188877162522776,2114,0.0,AML,0.0,0.0,0.1240341660931105,0.1711165048543689,2050,0
SEZ6L2,122,0.3058381985383353,0.5882352936233318,0.0817523327534398,0.1533946042099021,0.002587,27,8,LYS,Q6UXD5,4.42,0.939,0.0118847830825789,Non-essential,71.9,33.0,24.5,0.3466690870090016,134,0.3357567036466736,139,0.8958813485040984,7,1.4622,Cholangiocarcinoma,8.374,0.972,0.8780399954985264,0.9959546925566343,11,0
RHBDL2,195,0.2876364197175672,0.3865546215239037,0.0424924877431599,0.4008894159501927,0.006761,15,9,LYS,Q9NX52,1.164,0.718,0.0317708025950013,Non-essential,85.8,14.9,0.0,0.3462395934567044,135,0.3333642178438624,147,0.4828218599915366,892,0.9612,Pancreatic,5.52,0.938,0.508337697377297,0.665453074433657,828,0
OLR1,218,0.2835743500160725,0.50420168024857,0.0044346038272971,0.2685443225615179,0.004529,9,4,LYS,P78380,1.816,0.751,0.0571854068016431,Non-essential,87.4,13.6,11.7,0.3461153196842033,136,0.3313370498755681,157,0.5529744605067118,616,1.0021,Mesothelioma,5.128,0.977,0.52559707311127,0.7370550161812297,651,0
ANO9,188,0.2886870789130163,0.4201680668738084,0.1143697611893088,0.2876964126890008,0.004852,41,9,LYS,A1A5B4,2.772,0.821,0.0760115501148591,Non-essential,80.2,16.6,9.3,0.3459753668754103,137,0.3366938549348758,135,0.8486546683641579,33,0.7188,Cholangiocarcinoma,4.182,0.972,0.7919166041743411,0.9773462783171522,57,0
GJB6,171,0.2925069799081204,0.302521008149142,0.1086319784912225,0.4630299436703231,0.007809,7,15,LYS,O95452,-2.114,0.35,-0.0861271549969259,Non-essential,82.2,18.0,9.6,0.3457978333925861,138,0.3362294323171472,137,0.8593059292313631,26,2.6371,Head&Neck,10.458,0.977,0.900174824448023,0.9955501618122977,12,0
SCARB2,276,0.2764660273408608,0.3109243694866181,0.1343223153566345,0.3726652831307441,0.006285,14,18,LYS,Q14108,6.02,1.0,-0.0377594491415317,Non-essential,92.7,5.0,1.7,0.345570428942161,139,0.3372865447099927,130,0.4391057782206642,1087,0.3439,AML,1.945,1.0,0.3704234401495158,0.5186084142394822,1191,0
SLC2A9,200,0.287025190522699,0.302521008149142,0.1319247192788233,0.4214645715979839,0.007108,19,16,LYS,Q9NRM0,2.0,0.929,0.1207094942305736,Non-essential,82.7,14.1,12.0,0.3451296755714015,140,0.3367259115353427,134,0.3799194106293758,1371,0.6695,AML,3.923,0.965,0.3746681373699649,0.4607605177993528,1334,0
ERBB3,116,0.3079914989022281,0.453781512223713,0.1041341135536928,0.3174621998221168,0.005354,47,11,LYS,P21860,5.467,0.939,-0.1603036054361787,Non-essential,72.5,34.1,29.7,0.345122607622252,141,0.3353293132999366,142,0.7886283252720029,85,0.7394,Uterine,4.14,0.994,0.7882790671168928,0.968042071197411,80,1
LCT,196,0.2872614953898204,0.2605042014617612,0.1379788075280721,0.4722205751556478,0.007964,94,25,LYS,P09848,-6.506,0.014,-0.073743186833031,Non-essential,86.2,13.8,6.4,0.3449263161825464,142,0.33682525655895,133,0.2090221171749837,1958,0.6542,AML,5.601,0.202,0.0621434673845993,0.17233009708737868,2047,0
HM13,184,0.2896086756056847,0.3697478988489514,0.0318076862248932,0.4405573673287873,0.00743,15,4,LYS,Q8TCT9,7.385,1.0,-0.1026444320067095,Non-essential,82.4,17.8,12.5,0.3447030279855531,143,0.3312934122967977,158,0.7369565269956019,161,0.5316,Sarcoma,3.007,1.0,0.8342103957456098,0.962378640776699,94,0
ADCY3,141,0.3005444937294651,0.1932773107619518,0.2964984975486319,0.4476134005336495,0.007549,50,38,LYS,O60266,4.5,0.995,-0.1680375418481027,Non-essential,76.4,24.4,17.6,0.3442750332872535,144,0.3440999581646851,108,0.6485456125042325,343,0.4413,Cholangiocarcinoma,2.496,1.0,0.7491828778859454,0.9093851132686084,225,0
OR2S2,169,0.292801283191276,0.2605042014617612,0.0766345089356318,0.5520308330862733,0.00931,17,13,LYS,Q9NQN1,-9.966,0.0,-0.1402934120083661,Non-essential,83.5,19.4,6.6,0.3439428060170927,145,0.3327745314638742,149,0.0655245949043326,2219,0.0,AML,0.0,0.0,0.0812053976443096,0.1403721682847896,2126,0
DPP4,321,0.2708655057738554,0.3613445375114751,0.0113680215087774,0.4097242810554402,0.00691,47,4,LYS,P27487,2.064,0.755,0.0466623209945331,Non-essential,96.2,3.0,1.0,0.3437436637700707,146,0.3293120648455095,169,0.5359086216303637,680,0.8998,Thyroid,5.325,0.926,0.4566267150771671,0.676779935275081,800,0
CCR5,213,0.2846001557929313,0.4285714282112846,0.0316115767831725,0.3456270382448858,0.005829,9,9,LYS,P51681,0.701,0.645,-0.035052718896365,Non-essential,85.4,15.6,12.8,0.3437096536309642,147,0.3302902324701228,164,0.5084461865760889,791,1.0508,Testicular,5.967,0.898,0.6008872336084331,0.75,619,0
SLAMF8,157,0.2962397386564817,0.3865546215239037,0.0124687648268227,0.4595908686629113,0.007751,3,5,LYS,Q9P0V8,2.406,0.893,0.0087840497730625,Non-essential,81.3,25.3,15.1,0.3430090259057998,148,0.3286324641471409,173,0.5227628141662425,732,0.7389,Sarcoma,4.488,0.917,0.3985522977424529,0.6229773462783171,933,0
OR10H1,249,0.2798068804304058,0.2605042014617612,0.0342685434129369,0.551082122739401,0.009294,16,8,LYS,Q9Y4A9,-9.966,0.011,-0.1570208940097532,Non-essential,87.8,9.7,3.8,0.3428141370497009,149,0.3295275642203477,167,0.0868887208531496,2167,0.0345,Cervical,4.392,0.014,0.0778307035813281,0.14684466019417475,2110,0
SLITRK5,70,0.3233631891257855,0.252100840124285,0.341742843586905,0.3999999999999999,0.006746,22,35,LYS,O94991,-4.608,0.086,0.0074376186799987,Non-essential,65.5,45.9,40.9,0.342771004940226,150,0.3448581471195712,105,0.4205453305771756,1172,0.2728,AML,4.954,0.191,0.481209566025491,0.5821197411003236,1034,0
OR6C65,289,0.2749564483657441,0.2605042014617612,0.1010532974853708,0.4681292617847613,0.007895,14,11,LYS,A6NJZ3,-9.966,0.0,-0.0362125957362433,Non-essential,89.5,5.8,2.6,0.3426721103291494,151,0.332724775203418,150,0.0436598779762884,2316,0.0,AML,0.0,0.0,0.038017544795886,0.08656957928802589,2259,0
OR10H5,274,0.276636105112798,0.2605042014617612,0.0277906057251304,0.5469908093685146,0.009225,19,7,LYS,Q8NGA6,-9.966,0.001,-0.1452691256591834,Non-essential,88.1,7.3,2.5,0.3425718242850277,152,0.3289613545712841,171,0.039612574970008,2372,0.0,AML,0.0,0.006,0.0672045846205822,0.09870550161812297,2229,0
OR56A4,255,0.278237038631476,0.2605042014617612,0.0711940534556381,0.5089238067002668,0.008583,11,7,LYS,Q8NGH8,-9.966,0.0,-0.0087415818068206,Non-essential,86.4,9.3,1.9,0.3419059355505927,153,0.3304656382233745,162,0.0436100804622187,2317,0.0,AML,0.0,0.0,0.0291253663090564,0.054611650485436924,2338,0
NALCN,147,0.299241288081431,0.2352941174493327,0.2856428910327376,0.3981025793062555,0.006714,86,29,LYS,Q8IZF0,-1.994,0.236,0.0931342576047054,Non-essential,76.7,26.4,19.7,0.3418893086920147,154,0.3411714532436516,118,0.5399362926123211,657,0.7087,Pheochromocytoma,3.552,0.977,0.4456100127504862,0.6727346278317152,810,0
OR2B3,277,0.2762431506524981,0.2605042014617612,0.0539933575834255,0.5194782093092202,0.008761,16,12,LYS,O76000,-9.966,0.0,-0.0091692768972808,Non-essential,86.1,7.7,2.6,0.3418443622347778,155,0.3295440301139491,166,0.0411805361787588,2360,0.0,AML,0.0,0.0,0.0327397131605433,0.05622977346278313,2334,0
ABCC1,244,0.2804297439168543,0.2941176468116659,0.2090779693183615,0.333530981322265,0.005625,98,23,LYS,P33527,3.748,0.984,0.0188851987417957,Non-essential,82.6,11.8,7.4,0.3417934140442397,156,0.3372473125101577,131,0.4552037303585652,1009,0.6289,Cholangiocarcinoma,3.558,1.0,0.2373583731648035,0.4409385113268608,1383,0
PLXND1,186,0.2891446436964509,0.2773109241367135,0.1099288312509884,0.48413874888823,0.008165,101,12,LYS,Q9Y4D7,5.697,1.0,-0.0190500800499532,Non-essential,79.9,18.8,7.9,0.3417757184826543,157,0.3322721600452037,152,0.7709076965360674,108,0.7004,AML,3.962,1.0,0.7761200032274932,0.9599514563106796,100,0
RET,166,0.2938592342497098,0.2689075627992374,0.2450608888185987,0.3759264749481174,0.00634,47,29,LYS,P07949,-0.913,0.378,-0.1083696900480505,Non-essential,78.8,22.7,18.8,0.3416644879214121,158,0.338917532362342,124,0.7109827510298325,202,1.1324,Pheochromocytoma,6.576,0.943,0.7462509168649135,0.9352750809061489,161,0
OR10A5,306,0.2730817716634484,0.2605042014617612,0.0461236754705045,0.5168099614586421,0.008716,9,12,LYS,Q9H207,-9.966,0.0,0.062134887714103,Non-essential,89.1,5.4,1.9,0.341509879743903,159,0.3288160635174283,172,0.0600573852225534,2245,0.5884,AML,5.358,0.11,0.0570196170337801,0.12135922330097082,2173,0
OR13D1,179,0.2905017140767079,0.2605042014617612,0.096422584216353,0.5245775274236585,0.008847,20,19,LYS,Q8NGV5,-9.966,0.0,-0.0516124926992805,Non-essential,80.9,20.2,11.3,0.3412264984216193,160,0.3310476276324369,160,0.4344831756826218,1113,1.5092,AML,9.231,0.231,0.3004475464798227,0.4639967637540453,1326,0
SLC26A2,199,0.2871294675465541,0.2857142854741897,0.0635457852285307,0.5126000592943967,0.008645,27,10,LYS,P50443,1.828,0.934,0.1012785856760625,Non-essential,80.9,18.0,13.1,0.3410364610466982,161,0.3292137503081248,170,0.3845767425395553,1352,0.5245,AML,3.002,0.988,0.3634075518606165,0.4522653721682848,1355,0
SLC41A2,124,0.3048976899365817,0.3361344534990467,0.0877431598924561,0.4804032018974206,0.008102,26,9,LYS,Q96JW4,2.404,0.924,0.1113987320534546,Non-essential,72.8,33.7,27.4,0.3409836491721355,162,0.3303708071667584,163,0.4528862982680148,1027,0.812,Sarcoma,4.576,0.988,0.4027442557490456,0.5598705501618123,1089,0
SLC2A10,145,0.2999638390129189,0.3193277308240944,0.0993389213980705,0.4747702342128668,0.008007,19,17,LYS,O95528,2.905,0.918,0.0087650580933556,Non-essential,74.7,29.4,23.1,0.3408919946911674,163,0.3308589407610708,161,0.5094679571830926,788,0.8177,Sarcoma,4.626,0.984,0.4641675167728886,0.6573624595469256,848,0
APLP2,95,0.3150778308268706,0.3109243694866181,0.1634730349517634,0.4722205751556478,0.007964,27,18,LYS,Q06481,7.746,1.0,0.1065544074971838,Non-essential,68.4,41.9,33.9,0.3408469318471691,164,0.3340205835947573,145,0.786357113015691,88,0.4851,Sarcoma,2.744,1.0,0.7437443040323769,0.9546925566343042,113,0
SLC22A13,247,0.2799588602784801,0.252100840124285,0.1144646528546576,0.4825970945745627,0.008139,18,8,LYS,Q9Y226,-5.574,0.022,-0.0835624944058996,Non-essential,84.7,11.8,6.2,0.3407007309008048,165,0.3314239635435377,156,0.1169617877117414,2117,0.0,AML,1.816,0.0,0.054018150993743,0.14158576051779936,2123,0
TLR8,237,0.2811326092655224,0.3109243694866181,0.0487806421002688,0.4737622294693151,0.00799,58,8,LYS,Q9NR97,-1.214,0.277,0.168241271868772,Non-essential,86.1,13.9,4.8,0.3405592472127123,166,0.3279982793177257,177,0.2582221620118333,1824,0.6586,Kidney Clear Cell,4.461,0.677,0.2944616061248699,0.31634304207119746,1691,0
ATP13A1,198,0.2871600836852302,0.2605042014617612,0.1213348094259054,0.488526534242514,0.008239,69,14,LYS,Q9HD20,5.14,1.0,-0.2123816777156064,Non-essential,78.7,18.1,8.6,0.3405418064287213,167,0.3316085469000165,155,0.6060086719555359,464,0.2535,AML,1.434,1.0,0.7261788162517219,0.8737864077669903,313,0
TYRO3,135,0.3014751615261909,0.2436974787868088,0.155824766724656,0.5241624666469018,0.00884,19,21,LYS,Q06418,2.814,0.959,-0.2411788708937862,Non-essential,74.8,29.8,20.4,0.3404909259182725,168,0.3332821642545053,148,0.6384685005920074,373,0.741,Cholangiocarcinoma,4.192,1.0,0.8242284412290284,0.9247572815533981,187,0
DAGLA,67,0.3247281075477787,0.2605042014617612,0.1983552111339554,0.5367328787429587,0.009052,44,27,LYS,Q9Y4D2,0.888,0.738,-0.0533537374404667,Non-essential,63.0,49.5,38.5,0.3404484929808449,169,0.3353662535375427,141,0.4221059772596432,1164,0.575,Cholangiocarcinoma,3.601,0.889,0.321416141845903,0.47208737864077666,1306,0
GPR87,205,0.2862634229798314,0.4285714282112846,0.1397944013917444,0.2429884375926475,0.004098,10,18,LYS,Q9BY21,-2.114,0.367,-0.0607904258065559,Non-essential,81.9,20.7,8.9,0.3399957096200475,170,0.3319854296896348,154,0.8789574133502408,16,3.3727,Head&Neck,10.728,0.994,0.8778919177863636,0.9947411003236246,14,0
GPR183,241,0.2805504413053373,0.2857142854741897,0.0205661869365807,0.533649570115624,0.009,20,8,LYS,P32249,2.406,0.907,0.1276205310174629,Non-essential,86.5,13.6,5.0,0.3399539391790176,171,0.3259822485258465,190,0.2400098604979258,1884,0.7165,Pancreatic,4.296,0.944,0.2805053141727827,0.2892394822006472,1758,0
TLR10,226,0.2823113948620141,0.2857142854741897,0.0555495808951447,0.5045360213459827,0.008509,37,7,LYS,Q9BXR5,-1.781,0.182,0.1467851427918189,Non-essential,83.2,15.4,7.8,0.3396214004762483,172,0.3273988795210055,180,0.3136178838071199,1651,0.5386,AML,2.905,0.694,0.4209879113088929,0.4356796116504854,1396,0
SLC22A23,119,0.3063558345737224,0.2773109241367135,0.1305962359639411,0.520841980432849,0.008784,24,13,LYS,A1A5C7,3.009,0.953,-0.0117063533826294,Non-essential,72.2,35.4,26.8,0.3395183775470473,173,0.3310481893452442,159,0.3854414447726318,1348,0.2702,Head&Neck,1.535,0.996,0.289086967979713,0.41221682847896435,1454,0
SLC22A8,260,0.277642526171752,0.2605042014617612,0.159873477779535,0.4182626741772902,0.007054,24,16,LYS,Q8TCC7,-9.966,0.028,-0.0865670151463256,Non-essential,86.0,11.3,5.4,0.3394105085008227,174,0.3324041823897994,151,0.3248202397462559,1611,0.4954,Uveal Melanoma,6.15,0.114,0.0953601625769419,0.24716828478964403,1862,0
OR2C3,261,0.2774984500716185,0.2605042014617612,0.0600158152775581,0.5176400830121552,0.00873,15,10,LYS,Q8N628,-9.966,0.001,-0.1245100060246492,Non-essential,86.7,11.2,4.4,0.3393904450840447,175,0.3273912358479227,181,0.10619681973172,2140,0.1001,Melanoma,3.459,0.041,0.074491320377847,0.14927184466019416,2104,0
AMIGO2,140,0.300641003999763,0.302521008149142,0.0580104380831883,0.5407648977171656,0.00912,16,17,LYS,Q86SJ2,2.555,0.885,0.0783918796427669,Non-essential,75.1,31.2,26.8,0.3393761868022882,176,0.3272767087064475,182,0.5321238334345145,699,0.6442,Pancreatic,3.707,0.983,0.6299982202772926,0.7835760517799353,536,0
OR10G9,295,0.2741123159673486,0.2605042014617612,0.0789688439032105,0.4873999407056033,0.00822,11,8,LYS,Q8NGN4,-9.966,0.0,-0.0950235400617842,Non-essential,87.3,8.4,1.0,0.3393686666638199,177,0.3283171088589804,174,0.0378872759615443,2381,0.0,AML,0.0,0.0,0.0350303283681024,0.05744336569579289,2331,0
SLC52A2,235,0.2815220958002715,0.3613445375114751,0.1599051083346512,0.2967091609842869,0.005004,15,12,LYS,Q9HAB3,5.45,1.0,-0.1578746239821506,Non-essential,84.1,16.4,10.1,0.3392241554587508,178,0.3322194108754834,153,0.526460404533882,717,0.5189,Sarcoma,2.935,1.0,0.6729464955386796,0.801779935275081,491,0
ADAM17,133,0.3017404709345821,0.3193277308240944,0.0292456112604776,0.5507856507560035,0.009289,41,9,LYS,P78536,3.284,0.965,0.0371021614626857,Non-essential,72.7,32.8,23.1,0.3389725212925533,179,0.3254348018555771,195,0.3097160910897561,1661,0.4709,Cholangiocarcinoma,2.74,0.972,0.1847778873265634,0.2775080906148867,1787,0
SCNN1G,197,0.2871970898797255,0.3361344534990467,0.025361379092203,0.4837829825081529,0.008159,36,6,LYS,P51170,-1.47,0.378,0.0519826304438663,Non-essential,80.1,21.3,14.8,0.3386331491247553,180,0.3249012180793654,198,0.515442559430731,763,0.7192,Thymoma,4.038,0.797,0.5008659471296244,0.6868932038834952,775,0
ITGB1,290,0.2749068426374917,0.3193277308240944,0.0282081290526648,0.4623777053068484,0.007798,24,12,LYS,P05556,7.403,1.0,-0.1369669087580887,Non-essential,85.9,10.8,3.3,0.3386111643783113,181,0.3250215708309446,197,0.5704781436808917,562,0.5894,Pancreatic,3.334,1.0,0.7344323024773106,0.8559870550161812,357,0
TMEM161A,253,0.2789353415536764,0.302521008149142,0.016194844219516,0.510228283427216,0.008605,23,6,LYS,Q9NX61,4.594,1.0,-0.1098882956319395,Non-essential,85.1,14.0,6.1,0.3384881347638827,182,0.3242978769748585,205,0.2398464488202937,1885,0.2358,Glioblastoma,1.334,1.0,0.2292333444928612,0.25889967637540456,1833,0
OR8H1,320,0.2711012652941771,0.2605042014617612,0.0413601138699984,0.5149718351615772,0.008685,13,10,LYS,Q8NGG4,-9.966,0.0,-0.0156437255222912,Non-essential,89.7,6.8,2.6,0.3384594577695103,183,0.3255274634630102,194,0.0319244730670179,2424,0.0,AML,0.0,0.0,0.0284867095707978,0.028317152103559895,2403,0
SLC5A12,248,0.2798476735754992,0.2857142854741897,0.0894954926458959,0.4623777053068484,0.007798,23,15,LYS,Q1EHB4,-3.816,0.154,0.0563633711258059,Non-essential,85.0,14.6,8.6,0.3383682994041525,184,0.3278430740364473,178,0.33766130256797,1563,0.9277,Lung Squamous,5.391,0.455,0.4980064802730208,0.5024271844660194,1231,0
SLC35F4,108,0.3124480992073649,0.2605042014617612,0.0689546101534081,0.6252001185887933,0.010544,16,11,LYS,A4IF30,-5.574,0.021,-0.1561706717313202,Non-essential,66.9,41.7,30.5,0.3380151526971668,185,0.3264628832048372,187,0.2417710433515632,1876,0.3654,Sarcoma,6.424,0.171,0.2412077419665582,0.26577669902912626,1816,0
OR2A12,334,0.2696942331737845,0.2605042014617612,0.0108176498497548,0.5408241921138452,0.009121,22,6,LYS,Q8NGT7,-9.966,0.0,0.0284043933299013,Non-essential,86.6,6.1,1.6,0.3379869310025164,186,0.3235278134950041,213,0.0337998314148199,2415,0.0,AML,0.0,0.0,0.0268807417710461,0.023867313915857613,2414,0
SLCO1B3,203,0.2866803323064738,0.4705882348986654,0.1087015657124782,0.2194485621108804,0.003701,26,24,LYS,Q9NPD5,-5.574,0.19,0.0339624498338934,Non-essential,79.1,23.9,15.7,0.3378434141703725,187,0.3282784924559964,175,0.8047100127484126,68,1.7902,Head&Neck,7.13,0.561,0.6227138535752903,0.9049352750809061,236,0
SLC6A18,322,0.2707420335256216,0.2605042014617612,0.0755021350624703,0.479632374740587,0.008089,17,19,LYS,Q96N87,-9.966,0.038,0.0728275486385788,Non-essential,90.5,7.2,5.6,0.3377600979623807,188,0.3265352047155042,185,0.1185241012981917,2116,0.2166,Kidney Clear Cell,0.681,0.45,0.0767610956196149,0.1549352750809061,2090,0
OR10H3,304,0.2731690511773563,0.2605042014617612,0.0170045864304918,0.5462199822116809,0.009212,15,5,LYS,O60404,-9.966,0.0,0.0674241843158716,Non-essential,86.8,9.5,2.2,0.3374826126721596,189,0.3233328419936842,217,0.0263164960629968,2462,0.0,AML,0.0,0.0,0.0213751357179851,0.00364077669902918,2464,0
CCRL2,151,0.2976603263917283,0.3445378148365229,0.0339142811956349,0.4989030536614289,0.008414,14,12,LYS,O00421,1.043,0.759,-0.0030487564843494,Non-essential,77.8,31.4,12.2,0.337392568907049,190,0.3240882829668307,209,0.4410335838341661,1079,0.6245,Pancreatic,3.744,0.944,0.5946795195055624,0.6836569579288025,783,0
OR2T12,335,0.2696175338133021,0.2605042014617612,0.0785133639095366,0.4728728135191223,0.007975,13,12,LYS,Q8NG77,-9.966,0.0,-0.0831193122542004,Non-essential,88.9,6.9,1.6,0.3371230148687811,191,0.326048683064258,189,0.0373114996567774,2387,0.0,AML,0.0,0.0,0.0403289755588416,0.06957928802588997,2301,0
CD68,111,0.3116328778046715,0.4201680668738084,0.0170045864304918,0.4615475837533352,0.007784,5,8,LYS,P34810,6.386,0.999,-0.0614384754683987,Non-essential,73.2,44.9,28.2,0.3367968659517897,192,0.3226470952733142,226,0.8284949234561574,47,1.1629,Testicular,6.578,1.0,0.8841088843011449,0.9911003236245954,23,0
OPN5,228,0.2822605172620258,0.2605042014617612,0.0566186936580737,0.5369107619329974,0.009055,17,11,LYS,Q6U736,-9.966,0.001,-0.0168274127339159,Non-essential,84.0,17.8,12.7,0.3367588344093842,193,0.3245897690922878,202,0.1474981595705269,2074,0.0691,Uterine,3.459,0.028,0.0562429570187571,0.15048543689320393,2101,0
STT3B,214,0.2841089879074507,0.3193277308240944,0.0956444725604934,0.4256151793655499,0.007178,26,10,LYS,Q8TCJ2,5.604,1.0,-0.2153937552177332,Non-essential,79.8,20.5,15.1,0.3365796187699438,194,0.3263618423979685,188,0.6851818497637487,252,0.3148,AML,1.781,1.0,0.8348850252676117,0.9486245954692557,128,0
MRC1,238,0.2808367830286666,0.2436974787868088,0.1574126205914914,0.4537800177883189,0.007653,51,27,LYS,P22897,1.008,0.692,0.0300361035840676,Non-essential,82.1,16.6,8.4,0.3364922771703357,195,0.3293629081999102,168,0.4977346751019114,827,0.6332,Sarcoma,3.83,0.921,0.4226847957253283,0.618527508090615,944,0
OR2A25,293,0.2744058471437244,0.2605042014617612,0.0884263798829669,0.4789208419804328,0.008077,15,11,LYS,A4D2G3,-9.966,0.0,0.0333209638323445,Non-essential,84.8,11.9,2.6,0.3361132759774664,196,0.3255345949716147,193,0.0564577321828262,2256,0.0,AML,0.0,0.0,0.0339587473303757,0.09061488673139162,2249,0
OR10H2,308,0.2726337361502028,0.2605042014617612,0.0641973746639253,0.4972428105544025,0.008386,13,12,LYS,O60403,-9.966,0.0,-0.2148914562567236,Non-essential,88.0,10.5,3.2,0.3360365168161984,197,0.3242463855493946,207,0.0417954908999646,2349,0.0,AML,0.0,0.0,0.0655289172571982,0.10315533980582525,2218,0
CSF2RA,192,0.2879505731650833,0.3613445375114751,0.018333069745374,0.4597094574562703,0.007753,12,3,LYS,P15509,2.208,0.906,0.0955155311250769,Non-essential,82.0,25.0,16.5,0.3359812199294273,198,0.321897873416696,229,0.5070501956933574,799,0.9159,AML,5.099,1.0,0.4564169910660528,0.6508899676375405,864,0
GFRAL,173,0.2920932186328723,0.2605042014617612,0.0788992566819547,0.5474058701452713,0.009232,17,9,LYS,Q6UXV0,-9.966,0.001,0.1081826524814607,Non-essential,76.8,26.9,19.5,0.3358527522184229,199,0.3247977150525206,199,0.1380582843365486,2087,0.0,AML,0.0,0.0,0.0948216054890585,0.1670711974110033,2060,0
ITGB5,496,0.2540109190759061,0.2941176468116659,0.0913680215087774,0.3631781796620219,0.006125,27,22,LYS,P18084,6.201,1.0,-0.382415943207422,Context-dependent,82.2,15.8,6.3,0.3357777266767829,200,0.3053461277522217,392,0.7449284460480635,144,0.683,Pancreatic,3.864,1.0,0.8221637597868113,0.962378640776699,94,0
TMEM63B,144,0.3002797465338325,0.3109243694866181,0.1401170330539301,0.4462496294100207,0.007526,48,15,LYS,Q5T3F8,4.712,1.0,-0.0500861018967605,Non-essential,72.6,34.9,18.9,0.335515194936304,201,0.3275210465890005,179,0.5354134714179835,682,0.3638,Pancreatic,2.058,1.0,0.3841146632198226,0.6245954692556634,929,0
NUP210,282,0.2757700080776974,0.4117647055363322,0.0477115293373398,0.3225022235398754,0.005439,87,6,LYS,Q8TEM1,3.281,0.973,-0.0310343455754244,Non-essential,79.6,16.3,6.8,0.3353710851570201,202,0.322756661623887,224,0.7157794453234,192,0.7976,Cervical,4.512,1.0,0.6246315036720625,0.8843042071197411,287,0
OR2T8,351,0.2676169429324015,0.2605042014617612,0.0785449944646528,0.4661725466943373,0.007862,19,11,LYS,A6NH00,-9.966,0.003,-0.1074897673196462,Non-essential,88.7,7.1,1.3,0.3352558558013639,203,0.3241831055245966,208,0.1865587022020243,2012,0.678,AML,5.526,0.301,0.3438087360586354,0.3074433656957929,1713,0
GRIK4,193,0.2878862780938615,0.2605042014617612,0.0988518108492804,0.5134301808479098,0.008659,43,18,LYS,Q16099,-3.047,0.162,0.0549188207465864,Non-essential,78.4,24.0,13.7,0.335246968435914,204,0.325189558978378,196,0.4236972949051998,1153,0.5929,Low Grade Glioma,2.296,1.0,0.3873198728521397,0.5190129449838188,1190,0
GJB5,190,0.2885066937471949,0.3445378148365229,0.0520828720544045,0.4502223539875481,0.007593,13,12,LYS,O95377,-0.86,0.418,0.0586836627157998,Non-essential,78.3,26.0,15.4,0.3351645417032712,205,0.3227686853059914,223,0.7991562777199994,75,1.903,Head&Neck,8.544,0.996,0.7671795590363518,0.9644012944983819,89,0
OR5D14,362,0.2663846791472631,0.2605042014617612,0.0584279614107227,0.4821820337978061,0.008132,10,15,LYS,Q8NGL3,-9.966,0.0,0.1770803777445658,Non-essential,89.3,6.4,3.8,0.3349289693137486,206,0.3228503673842847,222,0.0281454585393071,2439,0.0,AML,0.0,0.0,0.026380861896181,0.019822006472491882,2424,0
CLCA2,294,0.2742347966872581,0.2689075627992374,0.0940249881385418,0.4615475837533352,0.007784,43,19,LYS,Q9UQC9,-3.458,0.258,0.0370760978600892,Non-essential,86.6,13.1,7.0,0.3349107899527024,207,0.3246120393596294,201,0.6982747783591422,227,3.2533,Head&Neck,11.336,0.994,0.6521883186599907,0.8923948220064725,267,0
SLC28A3,229,0.2822590174981643,0.3445378148365229,0.034755653961727,0.4467239845834568,0.007534,28,10,LYS,Q9HAS3,-1.47,0.365,0.0012038125342868,Non-essential,80.3,21.1,12.4,0.3348581448290789,208,0.3215959275271652,232,0.551936516569384,620,1.0506,Head&Neck,5.05,0.858,0.7072056703010147,0.8377831715210355,402,0
OR52A1,378,0.2646751555791001,0.2605042014617612,0.0628688913490431,0.4720426919656091,0.007961,10,10,LYS,Q9UKL2,-9.966,0.0,-0.0383222832314796,Non-essential,90.1,5.1,1.0,0.3348043663402795,209,0.3229478109077316,220,0.0363414033716494,2398,-0.0,AML,-2.337,0.0,0.0360083877132526,0.054611650485436924,2338,0
CD24,107,0.3126533829114638,0.7731092430478074,0.0039538193895302,0.0074117995849392,0.000125,2,1,SER,P25063,8.341,0.963,-0.0722126481598501,Non-essential,63.7,53.8,33.8,0.3346296398103499,210,0.3198273307798264,239,0.92058744044138,3,1.5171,Pheochromocytoma,8.631,0.994,0.8789484210699547,0.9967637540453075,9,0
OTOP1,310,0.2724837403630777,0.2605042014617612,0.0772165111497706,0.4837236881114734,0.008158,28,12,LYS,Q7RTM1,-9.966,0.005,-0.4018686842219857,Context-dependent,75.7,31.9,23.0,0.3345115203269274,211,0.303372345884416,416,0.1789566878465918,2025,0.1058,Ovarian,4.392,0.024,0.1570444337523968,0.19741100323624594,1985,0
PLXNC1,242,0.2805415716178836,0.3193277308240944,0.0479392693341768,0.4614289949599762,0.007782,78,9,LYS,O60486,1.997,0.879,-0.0314940093674142,Non-essential,79.1,19.9,9.0,0.3342067718619713,212,0.3216037353286801,231,0.444515965699559,1066,0.7234,Uveal Melanoma,4.092,1.0,0.385460008783221,0.5416666666666667,1134,0
SLC6A6,279,0.2758763494942365,0.2605042014617612,0.0920828720544045,0.4801660243107025,0.008098,24,16,LYS,P31641,3.235,0.958,-0.2116801130509406,Non-essential,86.8,15.2,7.6,0.3340386946028931,213,0.3236428382056134,212,0.4470354645540307,1054,0.7483,Pancreatic,4.281,0.989,0.6204166871836452,0.6994336569579288,744,0
CORIN,142,0.3003897520871181,0.252100840124285,0.0917286098371026,0.5734361102875778,0.009671,38,14,LYS,Q9Y5Q5,-1.43,0.27,0.0526605042783492,Non-essential,69.8,35.9,16.3,0.3336264740746699,214,0.3232129045665249,218,0.4184876972505193,1181,0.6253,Pancreatic,4.067,0.814,0.4937270825883281,0.5877831715210355,1020,0
GPR107,132,0.3018463420998838,0.2941176468116659,0.1681037482207812,0.4458938630299436,0.00752,36,23,LYS,Q5VW38,4.372,1.0,0.0488957098895296,Non-essential,70.5,38.0,24.0,0.3334405791967643,215,0.3268457666078033,183,0.421842570593178,1167,0.3156,Pancreatic,1.785,1.0,0.3503733920089023,0.4870550161812298,1269,0
OR6C2,382,0.2642238105326462,0.2605042014617612,0.092019610944172,0.4413874888823006,0.007444,12,13,LYS,Q9NZP2,-9.966,0.001,-0.0520787036516657,Non-essential,90.2,6.1,1.0,0.3334282454682346,216,0.3230292260154431,219,0.0611713264382026,2240,0.0,AML,0.0,0.017,0.0370081943848256,0.09951456310679607,2227,0
SLC19A3,234,0.2817369808455981,0.2268907561118565,0.1210374822078127,0.5155647791283723,0.008695,10,17,LYS,Q9BZV2,-0.808,0.392,-0.178956432995112,Non-essential,81.6,20.2,16.5,0.333362329973196,217,0.3244142040835867,203,0.5080200554333545,792,0.3425,Stomach,2.887,0.628,0.7970015997717326,0.8341423948220065,411,0
EPHB2,251,0.2792436294568687,0.403361344198856,0.1456207496441562,0.2473762229469315,0.004172,37,15,LYS,P29323,2.033,0.822,0.0076650183327542,Non-essential,80.0,21.1,15.0,0.3333257136173715,218,0.3256067510995793,192,0.7324111427785042,169,1.1192,Sarcoma,6.633,0.909,0.6312189573284329,0.8944174757281553,262,0
MRC2,201,0.2870143649138531,0.2773109241367135,0.1688818598766408,0.4180847909872516,0.007051,78,22,LYS,Q9UBG0,4.387,0.982,-0.0103365614268526,Non-essential,77.0,25.5,13.3,0.3333004861638228,219,0.3267445791576548,184,0.7292409461410149,177,0.8677,Sarcoma,4.908,1.0,0.7207076387641429,0.9283980582524272,178,0
RPN1,918,0.2204233266915958,0.403361344198856,0.0179788075280721,0.1789504891787725,0.003018,25,2,LYS,P04843,7.532,1.0,-1.04928037483596,Essential,90.1,7.2,4.4,0.3332087946463107,220,0.2841077350227143,679,0.6708365365269816,289,0.4134,Glioblastoma,2.339,1.0,0.8416560931116859,0.9425566343042071,143,0
SEMA5A,204,0.2864100256949515,0.2773109241367135,0.0887173809900363,0.4962348058108508,0.008369,34,11,LYS,Q13591,1.183,0.717,0.1447718200397361,Non-essential,77.6,25.4,13.6,0.3328968701480715,221,0.3223327391975733,227,0.4404588561789516,1081,0.5408,Sarcoma,3.867,0.766,0.3818924049193581,0.5311488673139159,1160,0
KDR,158,0.2959632180828775,0.2605042014617612,0.1184817333544203,0.52072339163949,0.008782,56,13,LYS,P35968,2.269,0.922,-0.1047849798970356,Non-essential,71.1,33.1,25.5,0.332877751760094,222,0.323801838427815,211,0.4467635914226647,1057,0.4743,Kidney Clear Cell,2.603,0.998,0.401214924754898,0.5542071197411003,1103,0
OR2V1,343,0.2684769410597001,0.2605042014617612,0.060243555274395,0.4873406463089238,0.008219,10,7,LYS,Q8NHB1,-9.966,0.002,-0.1090614594497515,Non-essential,86.1,10.2,3.2,0.3328725209074461,223,0.3208846986711658,233,0.1307317262413322,2096,0.5811,Thymoma,7.459,0.11,0.100738574018546,0.1670711974110033,2060,0
SLC6A13,337,0.2693764914029301,0.2352941174493327,0.1021919974695556,0.4820041506077676,0.008129,24,16,LYS,Q9NSD5,-2.388,0.276,0.0141576926260512,Non-essential,88.8,10.6,7.8,0.3328019781265973,224,0.322911578000075,221,0.2883325007204669,1736,0.3165,Uterine Carcinosarcoma,2.884,0.526,0.4922758665672275,0.4615695792880259,1332,0
PROKR1,189,0.2886685473446354,0.252100840124285,0.1625304444092993,0.4635635932404388,0.007818,17,19,LYS,Q8TCW9,-6.506,0.025,-0.0378703262009675,Non-essential,77.2,27.0,18.8,0.3327588034559343,225,0.3258853256763992,191,0.582379231497035,532,2.7614,Pheochromocytoma,7.884,0.858,0.4146927831346446,0.6824433656957929,786,0
VN1R4,231,0.2819615896672547,0.2605042014617612,0.1316969792819864,0.4608360509931811,0.007772,16,14,LYS,Q7Z5H5,-9.966,0.0,-0.1278235977487928,Non-essential,77.9,21.6,7.6,0.3327097280804083,226,0.3242945770445076,206,0.1979641680015411,1985,0.0,AML,0.0,0.0,0.129526598493496,0.1933656957928802,1995,0
DDR1,191,0.2881442186902961,0.4201680668738084,0.1186082555748853,0.2816483842276904,0.00475,39,10,LYS,Q08345,6.816,0.994,0.0215694538102573,Non-essential,76.2,29.6,25.2,0.3325229833564769,227,0.3234533961352211,216,0.8750444121456197,19,1.0199,Cholangiocarcinoma,5.77,1.0,0.833646619828075,0.9866504854368932,34,0
ROR2,128,0.3034813984991059,0.2857142854741897,0.2156507986715166,0.4150014823599169,0.006999,33,27,LYS,Q01974,1.496,0.7,-0.0420089231219036,Non-essential,68.3,40.2,32.4,0.3324630701738248,228,0.3282456101074006,176,0.581564733837142,537,1.1178,Sarcoma,7.013,0.873,0.5245788283525128,0.7548543689320388,607,0
SORCS1,210,0.2851399449303208,0.201680672099428,0.3921429701091254,0.2894159501927068,0.004881,45,41,LYS,Q8WY21,-3.308,0.185,0.0205947952601057,Non-essential,76.7,23.6,18.8,0.3323779653102579,229,0.3369851138157141,132,0.6581920703047328,325,0.9119,Pheochromocytoma,4.995,0.966,0.5092330973139761,0.7880258899676376,525,0
OR2L5,427,0.2601768275769954,0.2605042014617612,0.0153218408983077,0.5045953157426623,0.00851,12,6,LYS,Q8NG80,-9.966,0.0,-0.1298784902322432,Non-essential,90.7,3.8,2.2,0.3323557596718589,230,0.3181218517167743,254,0.2270815643220895,1915,3.1055,AML,9.106,0.341,0.1938380166603526,0.23300970873786409,1897,0
TLR7,366,0.2657987055171113,0.3949579828613799,0.0514692392851494,0.307915801956715,0.005193,54,14,LYS,Q9NYK1,-0.452,0.413,0.0642655768472287,Non-essential,87.6,11.2,4.9,0.331881554311949,231,0.3194550162762065,244,0.4511267811216071,1038,1.0079,Kidney Clear Cell,5.072,0.795,0.5470377207581051,0.662621359223301,835,0
GABRA3,183,0.2897294935437285,0.352941176173999,0.0606674047129527,0.434509338867477,0.007328,18,6,LYS,P34903,-4.608,0.266,0.2777904124169015,Non-essential,76.4,30.7,25.2,0.3316235975560071,232,0.3196569677916547,241,0.7346850817589105,163,3.3034,Lung Squamous,11.181,0.782,0.6035617363186105,0.8762135922330097,307,0
SLC43A2,230,0.2821466717339463,0.3109243694866181,0.1489293057093151,0.3769937740883486,0.006358,18,16,LYS,Q8N370,3.854,0.996,0.0601722457162973,Non-essential,78.9,23.7,18.8,0.3316042992697322,233,0.324050764555198,210,0.4966418011966869,834,0.5553,Cholangiocarcinoma,3.141,1.0,0.4645181362578941,0.6480582524271845,871,0
OR13C4,309,0.2725661169065032,0.2605042014617612,0.0783805155780484,0.4828342721612806,0.008143,19,14,LYS,Q8NGS5,-9.966,0.0,-0.0863545765700636,Non-essential,84.0,15.1,5.7,0.3313801674464487,234,0.320299193225351,235,0.0433913464098969,2322,0.0,AML,0.0,0.017,0.0420972210792331,0.09304207119741104,2243,0
BMPR1A,250,0.2793458298750892,0.2773109241367135,0.0690241973746639,0.4923806700266824,0.008304,22,10,LYS,P36894,2.406,0.967,-0.2504372389847656,Non-essential,82.6,21.2,10.0,0.3312100402981863,235,0.3196612501669195,240,0.2846009015225775,1747,0.3463,Cholangiocarcinoma,1.983,0.972,0.4913526632517396,0.45914239482200647,1338,0
SUSD1,252,0.2789618496076076,0.3193277308240944,0.024292266329274,0.4798102579306255,0.008092,26,6,LYS,Q6UWL2,2.549,0.977,0.0545518949621184,Non-essential,77.8,21.6,9.8,0.3311903368534079,236,0.3174049501698716,262,0.3455675015420454,1526,0.5404,Sarcoma,3.132,0.976,0.1974475348285427,0.3151294498381877,1694,0
FAM171A2,52,0.331505361851298,0.3361344534990467,0.1699130159734303,0.4869255855321672,0.008212,20,19,LYS,A8MVW0,0.557,0.603,-0.1647248466193211,Non-essential,58.8,65.7,54.1,0.3311567091010657,237,0.3246523598997372,200,0.5249195952836486,724,0.853,Pheochromocytoma,4.592,0.983,0.6159474279101507,0.7686084142394822,573,0
GRM4,317,0.2712578144552534,0.2857142854741897,0.0640645263324371,0.4591758078861547,0.007744,31,14,LYS,Q14833,-3.171,0.173,0.0232920308505582,Non-essential,83.7,14.7,9.4,0.3311100834706143,238,0.3193133097872362,245,0.2347498488094245,1894,0.4828,Thyroid,3.235,0.495,0.3314118522215818,0.3268608414239482,1665,0
CDH16,298,0.2738296175728077,0.2941176468116659,0.0280499762770836,0.492558553216721,0.008307,25,6,LYS,O75309,-4.293,0.23,0.0249471024746867,Non-essential,81.8,17.2,9.4,0.3308933087575342,239,0.3172958075713884,264,0.6315076722374556,397,0.7868,Uterine,4.863,0.458,0.805181984968535,0.9146440129449838,212,0
IL1RL2,245,0.2802588540965113,0.3193277308240944,0.0988201802941641,0.4096056922620812,0.006908,23,11,LYS,Q9HB29,-0.233,0.457,-0.1022701998095134,Non-essential,77.2,23.0,14.1,0.3308711739274944,240,0.3208121829422026,234,0.4824630734334066,896,0.4171,Esophageal,2.613,0.86,0.6717525676997234,0.764967637540453,582,0
SUSD3,114,0.31003610455608,0.3865546215239037,0.0012968527597659,0.5167506670619626,0.008715,3,1,LYS,Q96L08,2.42,0.903,0.0551221571068697,Non-essential,69.1,49.0,30.6,0.3308059974887984,241,0.3158708401267867,273,0.5775864696731162,545,0.6613,Sarcoma,4.426,0.845,0.5900369613692973,0.7916666666666666,516,0
TMEM184A,185,0.2894257677600393,0.4789915962361415,0.0620591491380673,0.2640379484138749,0.004453,18,10,LYS,Q6ZMB5,2.675,0.802,-0.0348487883970951,Non-essential,72.2,33.4,20.6,0.330771333070635,242,0.3188742905275384,247,0.74930429949617,131,0.7551,Esophageal,4.301,0.978,0.7299548971450917,0.9429611650485437,142,0
SORT1,266,0.2771982693073884,0.2352941174493327,0.2897232326427328,0.3205455084494515,0.005406,29,26,LYS,Q99523,4.314,0.997,-0.1331142695908508,Non-essential,82.9,19.3,16.6,0.3306201263803125,243,0.3301062880124491,165,0.5506186046743499,627,0.5324,Cholangiocarcinoma,3.012,1.0,0.5359466498831245,0.7411003236245954,641,0
SERINC4,292,0.2744405662964193,0.2605042014617612,0.0716432073382887,0.4958197450340942,0.008362,31,21,LYS,A6NH21,-2.635,0.025,-0.3033754709361801,Context-dependent,71.4,37.5,24.9,0.3305422086047121,244,0.2991243689716266,471,0.2192610806126023,1936,0.0099,Low Grade Glioma,0.529,0.103,0.2894577695506767,0.2860032362459547,1766,0
SLC17A5,324,0.2706021489143482,0.3109243694866181,0.0740408034160999,0.4134005336495701,0.006972,21,14,LYS,Q9NRA2,3.25,0.992,-0.0301909528918324,Non-essential,84.2,15.2,8.5,0.3304838635867338,245,0.3191859037575388,246,0.2485731188035614,1854,0.3418,Pancreatic,1.933,1.0,0.1755343951416292,0.23503236245954695,1892,0
SLC15A4,301,0.2734522403446379,0.252100840124285,0.0470599399019452,0.5283130744144677,0.00891,26,8,LYS,Q8N697,3.912,1.0,0.0225738542523123,Non-essential,84.8,16.8,7.5,0.330278547622603,246,0.3176315446177002,260,0.2272523772821936,1914,0.4332,Kidney Clear Cell,2.45,1.0,0.1838484628530923,0.22815533980582525,1909,0
GPR148,208,0.2855215434714525,0.2605042014617612,0.1668068954610153,0.4375926474948117,0.00738,19,16,LYS,Q8TDV2,-9.966,0.001,0.0073885714759483,Non-essential,72.8,27.1,17.9,0.3301763562505732,247,0.3235167010236239,214,0.1821645842300359,2021,0.0,AML,0.0,0.0,0.0877037600635416,0.17597087378640774,2038,0
SLC22A2,352,0.2675891853611374,0.2689075627992374,0.0883567926617112,0.4450637414764304,0.007506,30,16,LYS,O15244,-5.012,0.093,-0.0120765933002646,Non-essential,83.0,12.3,5.4,0.3301727805142685,248,0.319590620147354,242,0.5323903178596925,697,0.9275,Kidney Clear Cell,2.472,0.919,0.5595087337172296,0.7419093851132685,639,0
ULBP2,194,0.28765073885103,0.3781512601864275,0.0048268227107385,0.4498072932107915,0.007586,8,4,LYS,Q9BZM5,0.423,0.572,-0.1059621246077233,Non-essential,81.8,30.9,10.6,0.3301114700456321,249,0.315352811181169,280,0.5019700920032865,814,1.1149,Head&Neck,5.804,0.998,0.5237191463992573,0.6925566343042071,761,0
SLC45A4,121,0.3060264275652955,0.302521008149142,0.1572544678159101,0.4594722798695523,0.007749,14,18,LYS,Q5BKX6,2.762,0.966,0.047448948254666,Non-essential,65.8,45.2,41.1,0.3298640397735653,250,0.3227267631643608,225,0.4589540244564258,997,0.6558,Cholangiocarcinoma,3.71,1.0,0.294529904716903,0.48665048543689315,1270,0
OR4C46,787,0.2331363793364884,0.2605042014617612,0.021540408034161,0.4082419211384523,0.006885,17,7,LYS,A6NHA9,-9.966,0.0,-0.4722264773669827,Context-dependent,88.4,3.9,1.6,0.3297220528047697,251,0.2957990732064778,517,0.0258418077282215,2465,0.0,AML,0.0,0.0,0.0681848965373894,0.07686084142394822,2283,0
GRM8,344,0.2683411874570658,0.3109243694866181,0.0784817333544203,0.4014230655203083,0.00677,33,12,LYS,O00222,-1.355,0.275,-0.0106035707013517,Non-essential,84.1,14.1,7.7,0.3296997290389984,252,0.3186238157067195,250,0.3900855267535061,1327,1.159,Pheochromocytoma,5.774,0.875,0.3591143970609079,0.4579288025889967,1341,0
CD6,113,0.3111720963465151,0.3613445375114751,0.0501407559702672,0.5053068485028165,0.008522,15,11,LYS,P30203,1.022,0.711,-0.0550079484848786,Non-essential,66.2,50.7,45.2,0.3296324892472873,253,0.3171395270458006,266,0.5402231972340019,654,1.1311,AML,6.304,0.983,0.6320623180790595,0.7928802588996764,513,0
OR11G2,182,0.2899086127542309,0.2605042014617612,0.0867373082397596,0.5322857989919952,0.008977,14,16,LYS,Q8NGC1,-9.966,0.0,,No data,81.6,16.5,13.0,0.3294322473195551,254,0.3337691127315431,146,0.1598931284736574,2054,0.0,AML,0.0,0.0,0.1062417089946466,0.17677993527508096,2036,0
ITGA4,346,0.2679810593800437,0.3109243694866181,0.0734271706468448,0.4052772013044767,0.006835,55,15,LYS,P13612,0.972,0.688,-0.1330791225715834,Non-essential,84.4,14.2,5.9,0.3292996223081467,255,0.3179709808404889,257,0.4527662373588534,1028,1.2675,AML,7.17,1.0,0.6092800083564422,0.6986245954692556,746,0
OR51I2,471,0.2556018840499147,0.2605042014617612,0.0403922188834414,0.4642751260005929,0.00783,9,8,LYS,Q9H344,-9.966,0.0,-0.250332774431877,Non-essential,90.9,3.2,1.3,0.329143306732625,256,0.316162917676797,272,0.0507726295678382,2274,0.0,Adrenocortical,0.0,0.0,0.0636732385496676,0.11852750809061485,2180,0
OR52E5,384,0.2641499728324661,0.2605042014617612,0.0726806895461015,0.460480284613104,0.007766,14,8,LYS,Q8NH55,-9.966,0.0,0.3429329930280976,Non-essential,83.3,10.4,5.8,0.3290667140514178,257,0.3177007485287229,259,0.0817796174244763,2176,0.0,AML,0.0,0.0,0.0417259694942602,0.1258090614886731,2162,0
FOLR1,470,0.2556276658345994,0.50420168024857,0.0218630396963466,0.1579602727542247,0.002664,8,6,LYS,P15328,1.604,0.634,0.0133534226805333,Non-essential,91.2,7.4,0.0,0.3290264161996423,258,0.3151195681844597,282,0.8342971543286677,43,1.7864,Ovarian,8.772,0.998,0.8469855548829819,0.9838187702265372,41,0
P2RY11,311,0.2724467117970879,0.2436974787868088,0.0823659655226949,0.5008597687518529,0.008447,9,15,LYS,Q96G91,2.766,0.993,-0.0272490034569568,Non-essential,80.7,17.1,15.0,0.32900055114402,259,0.3181188494201548,255,0.3492671343716545,1511,0.3646,AML,2.062,1.0,0.3496622567269316,0.4170711974110033,1442,0
EPHA2,331,0.2699353079316575,0.3361344534990467,0.1017681480309979,0.3498369404091313,0.0059,40,9,LYS,P29317,3.672,0.96,0.0366665225522534,Non-essential,82.2,16.8,9.1,0.3287483308346987,260,0.3188367382362485,248,0.6126917527494746,450,0.6631,Pancreatic,3.713,0.994,0.5357543426671002,0.7787216828478964,548,0
TREM1,123,0.3056367425379682,0.4117647055363322,0.0281448679424323,0.4416246664690186,0.007448,8,6,LYS,Q9NP99,1.647,0.732,0.00259017963411,Non-essential,71.6,47.9,24.8,0.328660030540579,261,0.3150672739377006,284,0.7373658077206905,160,0.9591,Pancreatic,5.82,0.932,0.7643833684560922,0.9502427184466019,124,0
CHRNA6,269,0.2770574491399399,0.3109243694866181,0.009166534872687,0.4997924696116217,0.008429,25,2,LYS,Q15825,-3.816,0.033,0.0259496002734164,Non-essential,79.5,22.5,19.4,0.3285632804413935,262,0.3140216071850278,295,0.3264676097173634,1605,1.3898,Melanoma,8.082,0.243,0.225568058793382,0.3131067961165048,1699,0
PTPRF,369,0.2654045700452161,0.3949579828613799,0.0741103906373556,0.2839608656981915,0.004789,71,7,LYS,P10586,6.344,0.998,-0.1049021925936162,Non-essential,82.0,14.2,6.7,0.3285531080853697,263,0.3172586276172375,265,0.7395013402466054,153,0.6233,Sarcoma,3.687,0.956,0.8112684236416899,0.9587378640776699,103,0
SERINC2,262,0.2774477067669132,0.6134453776357603,0.0191428119563498,0.0877557070856804,0.00148,25,7,CYS,Q96SA4,6.529,0.98,-0.0454388567854801,Non-essential,78.5,27.9,13.0,0.3285305119330237,264,0.3144876525308411,290,0.8881329893172216,11,1.1217,Uterine,6.345,1.0,0.8545094547545855,0.9927184466019418,19,0
SEMA4A,318,0.2711264187525015,0.3277310921615705,0.0155495808951447,0.4512303587310998,0.00761,36,1,LYS,Q9H3S1,3.54,0.949,-0.0644087567346246,Non-essential,84.3,17.9,11.2,0.3285008671631108,265,0.314278346207868,293,0.3090665391406059,1663,0.4137,Cholangiocarcinoma,2.553,0.917,0.3066415303038817,0.3628640776699029,1576,0
ANO7,287,0.2752008911763018,0.302521008149142,0.1275533765617586,0.3864215831603913,0.006517,42,15,LYS,Q6IWH7,0.357,0.61,0.0688738338969687,Non-essential,77.7,20.9,15.8,0.3284760927827372,266,0.3198537616108251,238,0.6588750946407745,321,0.3938,AML,2.831,0.775,0.6670929124893359,0.877831715210356,303,0
BACE2,264,0.2772779794213351,0.3361344534990467,0.0564542147714692,0.419626445300919,0.007077,21,14,LYS,Q9Y5Z0,5.183,0.992,0.0601340090371402,Non-essential,82.7,23.2,18.9,0.3284672237427634,267,0.3162899344813369,270,0.6619978433306558,312,0.9974,Cholangiocarcinoma,5.553,1.0,0.7501501287063422,0.9166666666666666,207,0
CCR4,284,0.2756887080405029,0.3361344534990467,0.0936707259212399,0.3771123628817076,0.00636,15,19,LYS,P51679,-1.639,0.24,-0.0570852981876836,Non-essential,80.7,21.9,15.8,0.3284428309254032,268,0.3181263672214652,253,0.4994871937943773,822,0.7476,Pancreatic,5.931,0.418,0.7253570494172074,0.8029935275080906,488,0
ITGA6,303,0.2732082657903898,0.3361344534990467,0.100344773050767,0.3621701749184701,0.006108,57,16,LYS,P23229,4.673,0.995,-0.0980383326903611,Non-essential,80.4,19.9,12.3,0.3283757957169756,269,0.3183930343695139,252,0.7820612311632216,93,1.2006,AML,6.723,0.994,0.7471271108402215,0.9567152103559871,108,0
OR13C9,297,0.2738556831041771,0.2605042014617612,0.0934113553692867,0.4721019863622887,0.007962,16,13,LYS,Q8NGT0,-9.966,0.0,0.0874295889343941,Non-essential,82.9,19.2,5.7,0.3283548059445103,270,0.3180253737129745,256,0.1483205682658406,2073,0.0656,AML,5.672,0.012,0.0945413409603883,0.16990291262135926,2053,0
CHRNA1,345,0.2681540298895385,0.352941176173999,0.0113996520638937,0.4118588793359027,0.006946,22,4,LYS,P02708,-1.831,0.226,-0.0163004385610806,Non-essential,84.0,16.0,9.0,0.3283440445108487,271,0.3139140271140434,298,0.6782497501535073,265,3.5146,Uterine Carcinosarcoma,12.268,0.702,0.6630555615315538,0.889967637540453,273,0
DAGLB,165,0.2942649501330438,0.2773109241367135,0.1080816068321999,0.5030536614289949,0.008484,34,12,LYS,Q8NCG7,3.462,1.0,-0.1057557759141638,Non-essential,72.5,36.6,20.2,0.3282426405131484,272,0.3186467208547584,249,0.3974002420280959,1285,0.4304,AML,2.434,1.0,0.3990363990549742,0.49595469255663427,1247,0
SLC13A2,338,0.2693027635516219,0.3277310921615705,0.0337814328641467,0.4269196560924992,0.0072,22,5,LYS,Q13183,-4.608,0.157,-0.1276006212786238,Non-essential,83.2,16.7,7.8,0.3281811544957111,273,0.3148702261389184,285,0.4222513185731855,1163,0.4351,Pancreatic,4.359,0.299,0.6622426414805568,0.7014563106796117,739,0
SLC39A12,163,0.29468589313595,0.252100840124285,0.1357456903368654,0.5104061666172546,0.008608,33,21,LYS,Q504Y0,-6.506,0.063,0.1283872821235427,Non-essential,69.4,36.6,26.0,0.3281732582820297,274,0.319960542798873,236,0.2541712465792361,1834,0.0213,Uveal Melanoma,0.562,0.076,0.2809558522745349,0.29935275080906154,1733,0
OR56B4,275,0.2765371060702951,0.2605042014617612,0.0735916495334493,0.5008597687518529,0.008447,11,8,LYS,Q8NH76,-5.574,0.001,0.0630381032206219,Non-essential,80.9,21.9,6.3,0.327889325082942,275,0.3165689075596144,269,0.20455514933561,1967,0.0767,Lung Squamous,6.15,0.012,0.2076648740060633,0.22896440129449835,1907,0
CNTNAP3,307,0.2728557571929891,0.201680672099428,0.1368464336549106,0.5037651941891491,0.008496,62,19,LYS,Q9BZ76,-0.711,0.369,-0.1296032518072491,Non-essential,82.9,18.1,9.1,0.3276411421958147,276,0.3194834638785602,243,0.2393919832677709,1887,0.1264,Pancreatic,1.888,0.373,0.305335380565416,0.30865695792880254,1710,0
OR52A5,466,0.2560032603213438,0.2605042014617612,0.0414929622014866,0.464512303587311,0.007834,8,10,LYS,Q9H2C5,-9.966,0.0,-0.0253493126721044,Non-essential,89.5,5.1,2.2,0.3275777869588158,277,0.3146524350688901,287,0.0510298676769171,2272,0.0,Adrenocortical,0.0,0.0,0.0282405599165781,0.06351132686084138,2316,0
SLC17A1,394,0.2633950453513513,0.2605042014617612,0.0982698086351415,0.4323747405870144,0.007292,15,13,LYS,Q14916,-9.966,0.12,0.0239868706087585,Non-essential,86.7,11.3,4.3,0.3275376078171554,278,0.3174510982489125,261,0.3114407774214502,1656,0.2753,Kidney Papillary,0.653,0.943,0.2849919632107998,0.345873786407767,1618,0
KCNV2,219,0.283535861806967,0.2605042014617612,0.1481511940534556,0.449629410020753,0.007583,17,16,LYS,Q8TDN2,-5.574,0.012,0.0765803577199415,Non-essential,75.4,28.1,20.6,0.3275216215301686,279,0.3199291812328413,237,0.4077935996424047,1235,0.2515,AML,5.608,0.11,0.3383122495169788,0.4656148867313916,1322,0
OR10G2,412,0.2617361454879403,0.2605042014617612,0.0679550846117349,0.4571597983990512,0.00771,13,11,LYS,Q8NGC3,-9.966,0.0,-0.0385170206405129,Non-essential,87.3,10.0,2.6,0.3274551912643129,280,0.3158529454948997,274,0.0637816939235143,2230,0.0089,Prostate,4.392,0.002,0.0485824152278215,0.11852750809061485,2180,0
CD4,359,0.2669561604605671,0.3949579828613799,0.0046307132690178,0.3586125111176994,0.006048,12,4,LYS,P01730,4.084,0.995,0.0203211814081461,Non-essential,85.2,16.6,8.7,0.3274461000981622,281,0.3126776357616131,308,0.5939501574331676,494,0.9544,Sarcoma,5.42,0.996,0.5440481757701182,0.7746763754045307,558,0
NIPAL3,221,0.2830395024337211,0.3109243694866181,0.0594654436185355,0.4694337385117106,0.007917,14,10,LYS,Q6P499,3.473,0.991,0.0806918538222472,Non-essential,75.1,28.8,23.9,0.3272483248528778,282,0.3152215970338046,281,0.326563106346359,1604,0.3964,Cholangiocarcinoma,2.242,1.0,0.3554858171413738,0.4025080906148867,1478,0
TLR9,387,0.2640986705665021,0.2605042014617612,0.0461236754705045,0.4868662911354876,0.008211,54,4,LYS,Q9NR96,-3.458,0.014,-0.110994529630587,Non-essential,86.7,12.2,6.2,0.3272239621631144,283,0.3145301459366396,288,0.215138439786744,1943,0.8035,AML,5.472,0.763,0.1468367159071904,0.2071197411003236,1961,0
SLC10A2,325,0.2705252045230002,0.2605042014617612,0.034755653961727,0.5196560924992587,0.008764,19,8,LYS,Q12908,-9.966,0.051,0.0822145471121943,Non-essential,82.7,17.8,8.6,0.3269794071268628,284,0.3137171898249491,302,0.4889184498796081,876,1.1466,Kidney Clear Cell,2.902,0.684,0.386047907902657,0.5837378640776699,1030,0
QSOX1,207,0.2856083918471499,0.302521008149142,0.0716432073382887,0.4770234212866883,0.008045,24,8,LYS,O00391,6.196,1.0,-0.0637499711102651,Non-essential,77.7,31.1,27.3,0.3269490100084439,285,0.3155311703753584,277,0.7194995861721243,184,0.4271,Pancreatic,2.416,1.0,0.8171859237134773,0.955906148867314,110,0
SPINT2,254,0.2786127010031919,0.5630252096109033,0.002853076071485,0.1751556477912837,0.002954,4,3,LYS,O43291,8.748,0.996,-0.1036752153022064,Non-essential,81.1,29.8,6.7,0.3267610043295083,286,0.3119036581330826,317,0.8889469836302193,10,1.1182,Cholangiocarcinoma,6.325,1.0,0.921354255694532,0.9987864077669902,4,0
TCTN3,175,0.2919646883874852,0.3109243694866181,0.0151573620117033,0.5434924399644233,0.009166,23,5,LYS,Q6NUS6,4.639,1.0,-0.0451569246310591,Non-essential,71.2,36.9,22.6,0.326585979814348,287,0.3123438479149331,310,0.3147846634424802,1646,0.4318,Sarcoma,2.443,1.0,0.2160420368408195,0.2953074433656958,1743,0
OR10G8,455,0.2573940795550656,0.2605042014617612,0.0598260319468606,0.4508152979543433,0.007603,12,8,LYS,Q8NGN5,-9.966,0.0,-0.0365377087116808,Non-essential,88.2,7.4,1.3,0.3264368029869174,288,0.3144281045842604,291,0.0277210954840903,2441,0.0,AML,0.0,0.0,0.0272191058591476,0.021844660194174748,2419,0
OR7G1,489,0.2542433617416757,0.2605042014617612,0.0590479202910011,0.441091016898903,0.007439,14,11,LYS,Q8NGA0,-9.966,0.0,-0.1975860956061401,Non-essential,89.4,4.8,1.6,0.3264112048090924,289,0.3143636008236425,292,0.027191430386396,2446,0.0,AML,0.0,0.0,0.0563166162842427,0.07079288025889963,2298,0
FLVCR1,236,0.2812894027601285,0.3277310921615705,0.0907543887395223,0.4099021642454787,0.006913,14,22,LYS,Q9Y5Y0,2.111,0.973,0.0071237650925438,Non-essential,77.6,28.6,22.9,0.3262700205027999,290,0.315807739939776,275,0.422739569999514,1159,0.4332,Cholangiocarcinoma,2.45,1.0,0.5742312089676084,0.6545307443365695,855,0
SLC44A4,420,0.2605390986289437,0.6050420162982841,0.0422331171912067,0.01950785650756,0.000329,43,8,TYR,Q53GD3,2.868,0.668,-0.061387200089668,Non-essential,83.5,16.3,4.9,0.3258999491290911,291,0.3130116049886514,304,0.8642649378084215,25,0.9796,Pancreatic,5.149,0.989,0.8275254140962444,0.9830097087378641,43,0
ABCA9,263,0.277278484840182,0.1932773107619518,0.2517349359481259,0.4148235991698784,0.006996,89,36,LYS,Q8IUA7,-1.685,0.167,0.0786626386963116,Non-essential,77.2,23.4,6.7,0.3258866925461842,292,0.3234734393435904,215,0.4671682248303842,957,0.1419,AML,3.126,0.249,0.4393168696694727,0.5983009708737864,994,0
OR56A5,521,0.2516895808658394,0.2605042014617612,0.0649438557646686,0.4266824785057811,0.007196,9,5,LYS,P0C7T3,-9.966,0.001,0.1193801753890426,Non-essential,87.7,3.5,2.6,0.3255830540792288,293,0.3138302468674623,300,0.0446645838212855,2301,0.0,AML,0.0,0.0,0.0218860193700391,0.032362459546925515,2393,0
ELFN2,96,0.3148841746078059,0.2857142854741897,0.1354863197849122,0.5331752149421879,0.008992,13,16,LYS,Q5R3F8,-6.506,0.03,-0.0183634730322967,Non-essential,61.0,56.6,46.0,0.3255653835977414,294,0.317339699586987,263,0.3148309303697413,1645,0.1542,Low Grade Glioma,0.553,0.483,0.0830602607662759,0.2362459546925566,1889,0
HLA-DMB,408,0.262201893907408,0.4285714282112846,0.0073509410090147,0.2952268010672991,0.004979,4,4,LYS,P28068,5.524,0.998,0.0702640753870508,Non-essential,89.2,15.2,2.3,0.325444435393028,295,0.3108119824434788,323,0.6628885215845735,310,0.9536,AML,5.372,0.988,0.5506959778229997,0.8187702265372168,449,0
SLC39A8,211,0.2850441313403476,0.352941176173999,0.0691823501502451,0.4103765194189149,0.006921,20,10,LYS,Q9C0K1,3.315,0.988,-0.0288835635188183,Non-essential,73.1,33.0,19.8,0.3254191290531896,296,0.3138782465607019,299,0.6353464535408949,384,0.8232,Sarcoma,4.694,0.992,0.7823926023163635,0.9110032362459547,221,0
ADAM18,271,0.27696542223462,0.2605042014617612,0.1059117507512256,0.4699673880818262,0.007926,36,22,LYS,Q9Y3Q7,-9.966,0.026,0.1872692958715173,Non-essential,78.4,24.9,14.2,0.3252462552198794,297,0.3155418427574406,276,0.6266351321428696,408,2.075,Kidney Clear Cell,8.752,0.335,0.3302363696652625,0.6488673139158576,869,0
SLC28A2,348,0.2678609797929337,0.252100840124285,0.035597026727819,0.5211384524162466,0.008789,38,8,LYS,O43868,-5.012,0.061,-0.0418838921883748,Non-essential,82.1,17.2,9.3,0.3252191638295162,298,0.3119990151659071,314,0.196437129450283,1988,0.0643,Esophageal,0.977,0.174,0.3720365515260964,0.33697411003236244,1640,0
ADCY9,168,0.2929203318642535,0.2268907561118565,0.2839601455005535,0.3899199525644826,0.006576,67,45,LYS,O60503,2.446,0.957,0.0857985557980745,Non-essential,70.2,37.7,28.5,0.3251817891554088,299,0.3243797964304364,204,0.4821137964290282,898,0.8297,AML,5.172,0.908,0.2860018155829204,0.4983818770226537,1241,0
FOLH1,532,0.2513078648543636,0.3613445375114751,0.0408097422109758,0.3150904239549362,0.005314,37,12,LYS,Q04609,1.061,0.728,-0.1559645983670048,Non-essential,93.8,5.3,3.9,0.3251456296704943,300,0.3121861167810431,311,0.5828941415280886,530,0.7189,Uterine,3.984,0.955,0.7588226235304351,0.875,310,1
RHO,442,0.2586143194155761,0.2605042014617612,0.0774126205914913,0.4372961755114141,0.007375,11,13,LYS,P08100,-6.506,0.001,-0.0451410340865922,Non-essential,88.7,9.8,4.9,0.3250536695373427,301,0.3139243005669173,297,0.0671284424523013,2212,0.0945,Uveal Melanoma,0.933,0.101,0.0317356295757752,0.09344660194174759,2242,0
SLCO2B1,257,0.2781527878862284,0.2605042014617612,0.1358405820022141,0.4439964423361991,0.007488,28,17,LYS,O94956,3.674,0.975,0.1055692935352604,Non-essential,78.3,26.1,16.9,0.3250357265962197,302,0.3168277556963304,267,0.6243785036630239,418,0.5756,Sarcoma,3.309,0.984,0.4714696180262267,0.7431229773462783,636,0
OR5P3,459,0.2567565763602436,0.2605042014617612,0.0421065949707417,0.4664097242810553,0.007866,15,12,LYS,Q8WZ94,-9.966,0.0,0.0666848434511739,Non-essential,87.1,8.4,3.2,0.3249055503245657,303,0.3120108800731027,313,0.0450684800793803,2297,0.0,AML,0.0,0.006,0.0289197942564964,0.06027508090614886,2324,0
CD86,243,0.2804831782082025,0.4201680668738084,0.0063830460224576,0.3683367921731396,0.006212,7,3,LYS,P42081,2.098,0.886,-0.0219579420069468,Non-essential,80.1,31.0,17.6,0.3247387829547322,304,0.3100579352558551,328,0.5400944960618665,655,0.8884,Sarcoma,5.35,0.925,0.4342920046282414,0.6662621359223301,826,0
OR10A7,503,0.253221801340655,0.2605042014617612,0.0475786810058516,0.4491550548473169,0.007575,17,13,LYS,Q8NGE5,-9.966,0.0,-0.1332831363900876,Non-essential,90.1,5.7,0.6,0.3246599044749085,305,0.3120388385252011,312,0.0424916682723,2336,0.0,AML,0.0,0.0,0.0315829302987648,0.05744336569579289,2331,0
EPHB4,365,0.2658326174090904,0.3193277308240944,0.0638367863356001,0.3965016305959086,0.006687,42,7,LYS,P54760,4.788,0.999,0.0431262575413304,Non-essential,82.0,17.2,10.1,0.3246493100213102,306,0.3128411493380902,305,0.5386474861257685,669,0.6087,Sarcoma,3.457,0.996,0.3935547923248829,0.6363268608414239,900,0
CD200R1L,323,0.2707047199734667,0.2605042014617612,0.037962992250514,0.5170471390453601,0.00872,8,9,LYS,Q6Q8B3,-9.966,0.0,-0.0555353356796449,Non-essential,83.1,20.3,10.0,0.324629003335585,307,0.3115271529481106,319,0.1232980866418526,2108,0.0,Adrenocortical,0.0,0.0,0.0530943772380923,0.14320388349514568,2119,0
CRB3,134,0.3016078685801487,0.7478991590353788,0.0081606832199905,0.0,0.0,2,0,,Q9BUF7,4.601,0.842,0.0198179758563213,Non-essential,69.4,54.2,17.5,0.3246048764673802,308,0.3100129106283797,329,0.6143737616977161,441,1.2086,Uterine,6.468,0.989,0.3591532545495929,0.6581715210355987,846,0
TACR2,291,0.2747526490342081,0.2436974787868088,0.1129400600980547,0.4779721316335606,0.008061,11,14,LYS,P21452,-1.056,0.247,-0.0093469511684017,Non-essential,79.8,23.6,17.6,0.3244221655082869,309,0.3150691685131896,283,0.612703005638751,449,0.4224,AML,4.028,0.555,0.8891907845104269,0.9211165048543689,196,0
TGFA,120,0.3062193151916068,0.3949579828613799,0.0201802941641625,0.4739401126593536,0.007993,4,8,LYS,P01135,2.354,0.794,0.0162143283833545,Non-essential,66.5,52.5,22.5,0.3242653957073619,310,0.3102744104155701,325,0.5162813310286883,757,0.9176,Esophageal,4.969,0.994,0.3764442672065316,0.5954692556634305,1001,0
VCAM1,424,0.2603601768028023,0.3697478988489514,0.0064146765775739,0.3684553809664986,0.006214,17,1,LYS,P19320,3.084,0.937,-0.0173947393469422,Non-essential,84.3,13.9,6.4,0.3242292789831511,311,0.3095500128120298,332,0.611765974786258,454,0.8169,Glioblastoma,4.577,0.994,0.7099526165186864,0.8673139158576052,329,0
CTLA4,227,0.2822655707340156,0.3445378148365229,0.0006832199905108,0.4808182626741772,0.008109,3,3,LYS,P16410,-0.472,0.414,-0.006255071902417,Non-essential,80.1,31.8,9.0,0.324163605858955,312,0.3091977668584805,335,0.3615106587818594,1455,0.5507,Pancreatic,4.824,0.559,0.4492130188361536,0.491504854368932,1258,0
OR2A14,371,0.2653199327700659,0.2605042014617612,0.0539300964731931,0.4831307441446783,0.008148,17,13,LYS,Q96R47,-9.966,0.0,-0.1149157865088963,Non-essential,83.9,16.5,2.9,0.3239416806660843,313,0.3116381854897439,318,0.0501987370701575,2276,0.0,AML,0.0,0.0,0.0353851683091351,0.08940129449838186,2252,0
CXCR6,347,0.2679092372426227,0.3697478988489514,0.0963276925510042,0.3037058997924696,0.005122,13,14,LYS,O00574,0.736,0.64,0.1445709062986649,Non-essential,82.1,20.5,11.4,0.3239201626830014,314,0.3137365473105516,301,0.6173601810921681,434,0.7419,Kidney Clear Cell,4.603,0.897,0.7710393909906923,0.9000809061488673,248,0
SLC14A2,326,0.2705071732788117,0.252100840124285,0.0683726079392693,0.497183516157723,0.008385,33,13,LYS,Q15849,-4.293,0.07,-0.0633496344893048,Non-essential,82.4,21.1,19.6,0.3235243250677478,315,0.3119429554647113,316,0.2688197319419786,1793,0.3088,Low Grade Glioma,3.581,0.286,0.4134422696405205,0.40533980582524276,1471,0
OR56B1,386,0.2641138341027081,0.2605042014617612,0.0786082555748853,0.4544322561517936,0.007664,11,8,LYS,Q8NGI3,-9.966,0.0,0.0679332836955449,Non-essential,83.5,16.4,4.0,0.3230365984432861,316,0.3119670112220304,315,0.1954368090715428,1994,0.6515,AML,8.134,0.139,0.0797357581838491,0.17758899676375406,2034,0
FLT1,220,0.2831710731254111,0.2352941174493327,0.1218472244187885,0.5083308627334717,0.008573,53,19,LYS,P17948,2.786,0.966,0.0223068127479687,Non-essential,72.6,31.9,23.6,0.3229974628953315,317,0.3140898241162709,294,0.5343490327039605,685,0.5604,Kidney Clear Cell,3.17,1.0,0.4964701232829465,0.7014563106796117,739,0
GPC5,240,0.2805898362610716,0.2436974787868088,0.1203605883283251,0.4900088941595019,0.008264,29,8,LYS,P78333,-3.816,0.127,0.107422015016635,Non-essential,77.9,29.9,25.0,0.3229864881973398,318,0.3140045176137561,296,0.4463153922540702,1058,0.4253,Pheochromocytoma,3.458,0.46,0.6098433094049672,0.6937702265372168,758,0
OR4F5,575,0.2482552784806395,0.2605042014617612,0.0144804681322157,0.4656981915209012,0.007854,14,3,LYS,Q8NH21,-9.966,0.0,-0.0466652303483056,Non-essential,90.4,3.3,0.7,0.3229211354248956,319,0.3086451588315064,345,0.0394019993635926,2374,0.0,Adrenocortical,0.0,0.0,0.0217430980389018,0.01820388349514568,2428,0
EDNRA,239,0.2806125349997466,0.302521008149142,0.0251652696504823,0.5068485028164837,0.008548,24,7,LYS,P25101,2.118,0.856,0.1279991043672003,Non-essential,74.4,31.1,25.1,0.3227857959689412,320,0.3090440594514653,338,0.4375650129812706,1098,0.884,Pancreatic,5.071,0.955,0.4399901105739408,0.5699838187702265,1064,0
SEMA7A,417,0.2607302914396897,0.302521008149142,0.1069492329590384,0.3587903943077379,0.006051,29,18,LYS,O75326,2.011,0.872,-0.0311142371931029,Non-essential,89.1,14.6,8.1,0.3227172596688937,321,0.3130647213168457,303,0.5298144024961116,709,0.9814,Pancreatic,5.78,0.96,0.5286871655898489,0.7192556634304207,695,0
OR2Y1,516,0.2521582989923465,0.2605042014617612,0.0221540408034161,0.4710346872220574,0.007944,11,7,LYS,Q8NGV0,-9.966,0.0,0.0354959425398834,Non-essential,89.5,6.8,2.9,0.3226736525179848,322,0.3087813545581556,343,0.0262144201540781,2463,0.0,AML,0.0,0.0,0.0255641274392361,0.012135922330097082,2443,0
SLC12A7,372,0.2652300485839822,0.302521008149142,0.0491349043175707,0.4316039134301808,0.007279,59,4,LYS,Q9Y666,4.34,0.996,0.0003754857198754,Non-essential,80.8,18.4,12.0,0.3226670572891376,323,0.3101238025050161,327,0.5157032075663706,761,0.6261,AML,3.562,0.994,0.4626134609494097,0.6638349514563107,832,0
ADAM23,246,0.2802222489365068,0.2184873947743803,0.1566028783805155,0.4861547583753334,0.008199,36,24,LYS,O75077,-0.216,0.468,0.0509757172821998,Non-essential,76.1,29.6,19.8,0.3225599973599953,324,0.3153901412790211,279,0.4509982173227569,1039,0.6879,Lung Squamous,4.378,0.846,0.4307714777400322,0.5756472491909386,1050,0
GABRA6,341,0.2688747984904822,0.2605042014617612,0.0037577099478095,0.5451526830714497,0.009194,17,2,LYS,Q16445,-9.966,0.001,0.037854216236374,Non-essential,82.1,21.0,15.0,0.3224040687664312,325,0.3075919542638217,362,0.1738313294682449,2035,0.0074,Thyroid,6.34,0.002,0.0809253724423213,0.1703074433656958,2052,0
OR2L2,554,0.2496778927521153,0.2605042014617612,0.0148347303495176,0.4700859768751852,0.007928,13,6,LYS,Q8NH16,-9.966,0.002,-0.0122297102164478,Non-essential,90.2,5.1,2.6,0.3223066473177921,326,0.308048383835268,353,0.3343411274061003,1575,2.6861,AML,9.815,0.474,0.1128301323646398,0.26334951456310685,1822,0
OR7A17,751,0.235861274669875,0.2605042014617612,0.0209584058200221,0.4179069077972131,0.007048,15,8,LYS,O14581,-9.966,0.0,-0.3939782371116585,Context-dependent,85.4,13.6,3.6,0.3222927989159251,327,0.2883407192069263,623,0.0261832883011998,2464,0.0,AML,0.0,0.0,0.0591649096354393,0.06796116504854366,2305,0
TLR5,481,0.2546905195106317,0.2941176468116659,0.0126965048236596,0.4441150311295582,0.00749,31,6,LYS,O60602,1.258,0.774,0.0224382285656892,Non-essential,88.8,9.9,4.4,0.3222440603723875,328,0.3078788856135705,357,0.2058306970090203,1962,0.4184,Cholangiocarcinoma,3.043,0.778,0.1508617019240343,0.20671521035598706,1962,0
TM4SF5,454,0.2574218414860468,0.2605042014617612,0.0091032737624545,0.5016305959086866,0.00846,6,5,LYS,O14894,-9.966,0.252,0.059550521542486,Non-essential,86.0,11.7,3.6,0.3221599379294017,329,0.3076151016175244,361,0.5132470780518004,774,2.4998,Pancreatic,6.927,0.955,0.524109646277288,0.7018608414239482,738,0
CNTN5,428,0.2598177840146292,0.2773109241367135,0.0103938004111972,0.4859175807886153,0.008195,37,3,LYS,O94779,-4.293,0.066,0.0734167852742717,Non-essential,82.6,14.1,11.5,0.3220366687478029,330,0.3075563587683627,364,0.1950253606914779,1995,0.2518,Lung Squamous,3.325,0.214,0.2091217456218961,0.22532362459546929,1916,0
ICOSLG,333,0.2698730589446324,0.3193277308240944,0.0075154198956191,0.4662911354876963,0.007864,7,2,LYS,O75144,1.444,0.877,0.0335326410813979,Non-essential,82.6,23.2,15.9,0.3220163446342619,331,0.3073921156290428,366,0.2733265271044522,1781,0.5497,Pancreatic,3.296,0.944,0.2356692925531454,0.2783171521035599,1785,0
SORCS2,327,0.2704939227675815,0.252100840124285,0.1924909062154041,0.3730210495108211,0.006291,67,27,LYS,Q96PQ0,0.6,0.596,0.053550298711824,Non-essential,77.9,22.6,17.7,0.3220132829750561,332,0.3166378282858262,268,0.5071087137537765,798,0.4766,Pancreatic,3.277,0.797,0.5384434626077026,0.7071197411003236,725,0
OR10K1,513,0.2522654351428498,0.2605042014617612,0.0392914755653961,0.4542543729617551,0.007661,17,11,LYS,Q8NGX5,-9.966,0.0,-0.1345181455637542,Non-essential,88.2,7.7,1.9,0.3218629326434042,333,0.308827506421674,342,0.0266719349887893,2452,0.0,AML,0.0,0.0,0.029788923145969,0.025485436893203928,2410,0
OR2L13,564,0.2489975389231419,0.2605042014617612,0.0237735252253677,0.4588793359027571,0.007739,9,6,LYS,Q8N349,-9.966,0.047,0.0272409494357514,Non-essential,90.2,5.1,3.2,0.3217396857936476,334,0.3079283620549159,356,0.339831692264283,1552,2.1717,Pheochromocytoma,9.938,0.489,0.2084626465016318,0.31391585760517804,1697,0
CDON,138,0.3009280142980433,0.252100840124285,0.224266961885181,0.4426919656092499,0.007466,27,25,LYS,Q4KMG0,1.098,0.747,-0.007569024153888,Non-essential,62.0,48.4,36.7,0.3215750259171075,335,0.3177883740113665,258,0.4653188345147974,972,0.5693,Mesothelioma,3.207,0.989,0.2707191289496261,0.47289644012944987,1304,0
SLCO5A1,180,0.2900763391865743,0.2773109241367135,0.0926965048236596,0.5044767269493032,0.008508,31,21,LYS,Q9H2Y9,-2.548,0.156,0.0658377815520717,Non-essential,70.4,40.0,32.1,0.3213521313910904,336,0.3109869566322734,322,0.5256848594829813,718,1.5543,Thymoma,6.239,0.898,0.4900361124167164,0.6893203883495146,769,0
ATP2B2,273,0.2767983770386609,0.2184873947743803,0.1278760082239443,0.5034687222057516,0.008491,61,12,LYS,Q01814,-4.035,0.231,-0.0591183053271417,Non-essential,73.4,28.0,21.0,0.3213067707784571,337,0.3127005711896543,307,0.5206204613716932,743,1.2929,Kidney Chromophobe,6.465,0.8,0.5044841154090021,0.69457928802589,756,0
HCAR3,349,0.2677750368594367,0.302521008149142,0.0975233275343982,0.391698784464868,0.006606,15,14,LYS,P49019,-1.283,0.333,0.0497915699587065,Non-essential,79.2,22.0,19.1,0.3211878808520162,338,0.3110640472287361,321,0.6310545675726165,398,1.1351,Head&Neck,5.513,0.943,0.682362473520961,0.8681229773462783,327,0
OR6V1,519,0.2517390353747384,0.2605042014617612,0.0595350308397912,0.4322561517936554,0.00729,12,8,LYS,Q8N148,-9.966,0.0,0.0012714473992366,Non-essential,87.0,8.0,0.3,0.3211242661699781,339,0.3091010177119676,337,0.0432522927426435,2326,0.0,AML,0.0,0.0,0.0291482104080435,0.05177993527508096,2345,0
OR6N2,518,0.2517474425568531,0.2605042014617612,0.0175233275343982,0.4742958790394306,0.007999,16,9,LYS,Q8NGY6,-9.966,0.0,0.0419123189475744,Non-essential,89.3,8.2,4.1,0.3209312721550736,340,0.3068074385317935,373,0.0264659435000102,2457,0.0,AML,0.0,0.0,0.0257919892307212,0.01496763754045305,2436,0
OR1L6,474,0.255216924346051,0.2605042014617612,0.0473509410090147,0.4560332048621405,0.007691,17,7,LYS,Q8NGR2,-9.966,0.0,-0.0768874557181271,Non-essential,85.6,11.2,3.5,0.3208225069794052,341,0.3081900540298559,348,0.0451215128988996,2296,0.0,AML,5.931,0.0,0.0402556957701966,0.09385113268608414,2241,0
ADAM22,223,0.2827615127626297,0.252100840124285,0.1351320575676103,0.4712718648087755,0.007948,35,28,LYS,Q9P0K1,-0.233,0.456,-0.0259929577163799,Non-essential,73.2,34.1,28.4,0.3207362746375962,342,0.3124928775159767,309,0.4297393892920058,1129,0.4567,Pancreatic,3.185,0.785,0.4321057612335641,0.5574433656957929,1095,0
SELL,411,0.2617665475212331,0.3865546215239037,0.0030428594021825,0.3541061369700563,0.005972,3,2,LYS,P14151,1.938,0.844,0.0419416730347296,Non-essential,85.3,19.1,9.7,0.320481366626426,343,0.3056335095965351,388,0.7567972936765329,121,0.9668,AML,5.383,1.0,0.8081265660013754,0.9660194174757282,85,0
EPHB1,433,0.2592689194305569,0.2268907561118565,0.0957140597817491,0.4659946635042988,0.007859,33,11,LYS,P54762,-0.512,0.402,0.0384881634752415,Non-essential,83.6,14.4,7.8,0.3204389454606617,344,0.3102246484497492,326,0.3005156098592978,1686,0.3994,Low Grade Glioma,2.214,0.988,0.2639893679692499,0.3207928802588996,1680,0
SLC18A1,300,0.2737465067619657,0.3277310921615705,0.055353471453424,0.4201600948710347,0.007086,23,7,LYS,P54219,-5.012,0.051,0.1054405276328052,Non-essential,77.2,28.2,19.0,0.3203842738376643,345,0.3081519474103355,349,0.754564094777754,126,4.4298,Pheochromocytoma,10.975,0.989,0.6523645546802209,0.9110032362459547,221,0
SLC26A4,409,0.2621730794086455,0.252100840124285,0.0406515894353945,0.4971242217610436,0.008384,43,7,LYS,O43511,-2.548,0.148,-0.0412460930982591,Non-essential,82.7,17.4,10.5,0.3202792468426093,346,0.307311826314379,367,0.3565433265913252,1473,0.1574,Prostate,1.113,0.721,0.4104241998768538,0.4656148867313916,1322,0
OR4A47,905,0.2213232942550309,0.2605042014617612,0.0218314091412304,0.3685739697598577,0.006216,17,9,LYS,Q6IF82,-9.966,0.001,-0.4668210792128485,Context-dependent,91.8,3.6,1.0,0.3201778152368884,347,0.2862693856939499,651,0.0321105575168607,2423,0.0,AML,0.0,0.0,0.0643964478953893,0.08576051779935279,2261,0
TRIL,212,0.2847661246481059,0.302521008149142,0.1872465601771311,0.3586125111176994,0.006048,20,21,LYS,Q7L0X0,1.043,0.679,0.1113825800527119,Non-essential,71.6,37.2,30.2,0.3201471206759073,348,0.3145094486847638,289,0.5322990919767592,698,0.8202,Sarcoma,4.969,0.889,0.5572180703118026,0.7402912621359223,643,0
OR7D4,531,0.2514046093509219,0.2605042014617612,0.0667214929622014,0.4239549362585235,0.00715,12,12,LYS,Q8NG98,-9.966,0.0,-0.1449988792264855,Non-essential,87.8,8.7,2.2,0.3201455778167976,349,0.3084816524649077,346,0.0520306020434808,2269,0.0,AML,0.0,0.0,0.0402078294114376,0.09830097087378642,2230,0
MAS1,393,0.2634189806697262,0.2605042014617612,0.0470599399019452,0.4836643937147938,0.008157,17,12,LYS,P04201,-9.966,0.004,0.0794265937282628,Non-essential,83.5,18.8,11.1,0.3200575539158011,350,0.3074105509108984,365,0.1225638343617961,2111,0.1935,Low Grade Glioma,4.954,0.055,0.0647026794705265,0.14765372168284785,2108,0
OR3A1,506,0.2530226256199803,0.2605042014617612,0.0593072908429542,0.4367625259412985,0.007366,15,11,LYS,P47881,-9.966,0.003,-0.0318365557860273,Non-essential,86.8,10.2,4.8,0.3199939247076796,351,0.3079592892498273,355,0.0574945396816472,2252,0.0,AML,0.0,0.075,0.0276653097885396,0.06512944983818769,2312,0
LINGO2,416,0.2609418857921847,0.252100840124285,0.0296694606990352,0.5040023717758672,0.0085,20,8,LYS,Q7L985,-5.012,0.073,0.0842292763907763,Non-essential,84.8,16.7,14.2,0.3199532521622253,352,0.3064367251971771,377,0.2866948277173423,1742,1.2129,Pheochromocytoma,6.43,0.653,0.4817554846679808,0.45145631067961167,1357,0
CYSLTR1,407,0.2622828476530355,0.2857142854741897,0.0905962359639411,0.4027275422472576,0.006792,10,14,LYS,Q9Y271,-0.134,0.464,0.0433335315521034,Non-essential,85.7,18.4,7.1,0.3199309444687661,353,0.3094607562669631,333,0.3314657502253271,1585,1.0664,AML,5.643,1.0,0.4279577902588758,0.4502427184466019,1360,0
DISP1,164,0.2943340049911662,0.2605042014617612,0.2269555590700616,0.406818855618144,0.006861,57,22,LYS,Q96F81,1.351,0.853,0.0215419790168817,Non-essential,64.9,44.7,38.9,0.3199200741836678,354,0.3162678521371709,271,0.4653776510627651,971,0.8201,AML,4.906,0.931,0.3019189247683888,0.4967637540453075,1245,0
OR52D1,539,0.2507575359673308,0.2605042014617612,0.0804554799936738,0.4080640379484138,0.006882,10,8,LYS,Q9H346,-9.966,0.0,-0.0106149419524536,Non-essential,88.3,8.5,2.5,0.3198063499971383,355,0.308829123996822,341,0.1099392324263528,2130,0.0015,AML,0.436,0.006,0.0352862907975682,0.12176375404530748,2172,0
ITGB2,555,0.2496023386592913,0.4117647055363322,0.0315799462280563,0.2514082419211384,0.00424,27,16,LYS,P05107,4.918,0.997,0.0211139749640581,Non-essential,85.8,10.1,4.2,0.3197646939750149,356,0.3063436912864177,379,0.6976878592297646,229,0.8923,Sarcoma,5.068,0.996,0.778721536878263,0.9381067961165048,154,0
OR13C3,285,0.2754098409115766,0.2605042014617612,0.0887490115451526,0.481944856211088,0.008128,16,14,LYS,Q8NGS6,-9.966,0.0,-0.0141535624117006,Non-essential,77.8,29.1,15.0,0.3197499374506766,357,0.3091873880279342,336,0.2026074614203362,1973,0.0686,AML,5.931,0.012,0.1546313182969189,0.2055016181229773,1965,0
MDGA1,440,0.2587715184493264,0.2184873947743803,0.0488122726553851,0.5224429291431959,0.008811,32,11,LYS,Q8NFP4,0.723,0.659,0.0089191664648978,Non-essential,84.6,14.6,8.5,0.3196843886206784,358,0.3071250022534476,368,0.1909200243182972,2002,0.568,Sarcoma,3.49,0.921,0.2425010886401837,0.23826860841423947,1884,0
GPR84,354,0.267426797386949,0.3193277308240944,0.0691507195951288,0.3965016305959086,0.006687,14,8,LYS,Q9NQS5,-0.357,0.422,-0.0908149748494233,Non-essential,80.7,23.5,19.7,0.3196777933361924,359,0.3081353293159488,350,0.4643690106587723,981,0.5377,Glioblastoma,3.569,0.811,0.654120588935399,0.7362459546925566,653,0
KIRREL2,258,0.2781089438840164,0.2773109241367135,0.0325857978807528,0.5246961162170174,0.008849,12,9,LYS,Q6UWL6,-4.293,0.137,0.0263852028708976,Non-essential,75.4,31.8,26.6,0.3195793019722923,360,0.3062085918663298,381,0.4842964621954777,889,1.48,Pheochromocytoma,6.323,0.619,0.6311025080378851,0.7439320388349515,634,0
GPR78,446,0.2583731516713715,0.2605042014617612,0.1071453424007591,0.4067595612214645,0.00686,16,9,LYS,Q96P69,-4.035,0.071,0.0667259561527374,Non-essential,84.6,15.2,10.5,0.3194526964171723,361,0.3098099635372102,331,0.2414500514220128,1877,0.1657,Head&Neck,2.271,0.283,0.3305452718740784,0.33171521035598706,1653,0
CPM,495,0.2540325158644754,0.2689075627992374,0.0290558279297801,0.4591758078861547,0.007744,21,7,LYS,P14384,2.783,0.952,-0.1010550340409765,Non-essential,90.3,12.0,7.9,0.3191755559337168,362,0.3056283473302058,389,0.2529744555067986,1840,0.4009,Pancreatic,2.245,0.994,0.3918301665762316,0.37985436893203883,1534,0
SLC36A3,456,0.25706409006123,0.2605042014617612,0.0804871105487901,0.4290542543729617,0.007236,18,11,LYS,Q495N2,-9.966,0.0,0.0638662410376519,Non-essential,84.2,14.5,11.3,0.3190618117420544,363,0.3080861672694939,352,0.1825747621046964,2019,0.0,AML,4.954,0.0,0.0619191954459661,0.16140776699029125,2074,0
PTPRR,215,0.2840958722951778,0.2941176468116659,0.0974916969792819,0.4573376815890898,0.007713,18,12,LYS,Q15256,-0.997,0.331,-0.0224646355653519,Non-essential,72.2,37.6,30.9,0.319048521026176,364,0.3089231058751401,339,0.5453164519498906,645,1.0415,Pancreatic,5.521,0.864,0.5261472566655471,0.7313915857605178,665,0
LINGO1,421,0.260473954532735,0.302521008149142,0.0313838367863356,0.4335013341239252,0.007311,16,4,LYS,Q96FE5,1.305,0.743,-0.0521067764358561,Non-essential,86.1,18.2,15.6,0.3189036455797649,365,0.3054728374190817,391,0.2824768470983526,1753,0.799,Pheochromocytoma,4.526,0.983,0.3170505623191288,0.3519417475728155,1603,0
NTNG2,434,0.2592394771304871,0.2436974787868088,0.0459908271390162,0.4932107915801956,0.008318,22,13,LYS,Q96CW9,-1.117,0.273,-0.0071540041623673,Non-essential,84.5,16.2,6.8,0.318894522255186,366,0.3061940636121368,382,0.2477610049010365,1856,0.6674,AML,3.896,0.954,0.3211930008258324,0.33171521035598706,1653,0
SLC7A1,437,0.2588585952558754,0.3277310921615705,0.0511466076229637,0.3747405870145271,0.00632,27,5,LYS,P30825,3.457,0.968,-0.1682994993098928,Non-essential,82.2,17.3,7.8,0.3188776809159224,367,0.3064350112970705,378,0.3815690277111212,1367,0.7453,Cholangiocarcinoma,4.216,1.0,0.4987704992870188,0.5509708737864077,1111,0
ADAM2,403,0.2625704713827167,0.2605042014617612,0.063324371342717,0.4645715979839904,0.007835,29,8,LYS,Q99965,-9.966,0.044,0.0055393717067668,Non-essential,81.4,19.3,12.0,0.3188504628432932,368,0.3070166814104291,369,0.7479340674187557,134,4.8838,Kidney Chromophobe,10.689,0.646,0.3247884975872867,0.7055016181229774,729,0
OR13C2,444,0.2585089111767495,0.2605042014617612,0.101312668037324,0.413044767269493,0.006966,11,12,LYS,Q8NGS9,-9.966,0.0,0.1150895369663499,Non-essential,83.8,16.0,5.0,0.3187658293383207,369,0.3088314627401868,340,0.1474694482998511,2075,0.0242,AML,5.931,0.006,0.0700897651908591,0.1565533980582524,2086,0
MFSD6L,265,0.2772057281201215,0.3865546215239037,0.2228435869049501,0.1857693447969166,0.003133,22,22,LYS,Q8IWD5,-1.552,0.359,0.0038622963611127,Non-essential,74.2,33.8,23.9,0.3186473504588329,370,0.3147895298040805,286,0.8022043742471483,73,1.2044,Ovarian,5.615,0.884,0.780261777042225,0.9688511326860841,78,0
CD96,161,0.2952171595713705,0.3697478988489514,0.0127913964890083,0.4782686036169581,0.008066,23,3,LYS,P40200,1.008,0.694,-0.0438815110265085,Non-essential,64.9,48.7,32.0,0.3184767646236246,371,0.304116334448075,407,0.4565707611659262,1005,0.7793,Thymoma,4.305,0.992,0.3191639080317922,0.5040453074433657,1227,0
OR2K2,556,0.2495601758855321,0.2605042014617612,0.0718393167800094,0.4126890008894159,0.00696,16,18,LYS,Q8NGT1,-9.966,0.0,-0.0175889396366434,Non-essential,87.1,8.9,3.2,0.3184085499289728,372,0.3070005157679732,370,0.0592390739976751,2246,0.0,AML,0.0,0.0,0.0370528434303651,0.09708737864077666,2233,0
SLC46A2,368,0.265515060192299,0.2605042014617612,0.0528609837102641,0.4848502816483842,0.008177,20,6,LYS,Q9BY10,-3.308,0.084,-0.0721638909913215,Non-essential,80.6,22.5,17.5,0.3181042868512785,373,0.3057473360367917,387,0.619222819914321,430,1.866,Thymoma,7.7,0.907,0.5923084515014594,0.8203883495145631,445,0
TGFBR1,432,0.2592851195074396,0.3193277308240944,0.0315166851178238,0.4069967388081826,0.006864,25,8,LYS,P36897,3.588,0.998,-0.1159831775025174,Non-essential,84.2,18.3,11.5,0.3180930617699346,374,0.3046688960258258,399,0.2406855004621284,1882,0.4982,Pancreatic,2.818,1.0,0.3343041029102607,0.33414239482200647,1647,0
OR2H2,614,0.2448872562216562,0.2605042014617612,0.0202119247192788,0.4487399940705603,0.007568,18,9,LYS,O95918,-6.506,0.006,0.0442802163518126,Non-essential,89.1,5.4,3.5,0.3180144502090762,375,0.3040250464450401,409,0.112893809799488,2127,0.0195,Cholangiocarcinoma,2.334,0.028,0.1182833968748696,0.1678802588996764,2058,0
OR5H14,594,0.2460859171604385,0.2605042014617612,0.0233180452316938,0.449629410020753,0.007583,17,9,LYS,A6NHG9,-9.966,0.0,0.0961149368971855,Non-essential,89.4,6.5,1.9,0.3179133343247281,376,0.3040792365863128,408,0.0423844360593103,2341,0.0,AML,0.0,0.0,0.0354884497265569,0.07038834951456308,2299,0
IL31RA,278,0.2761357801547262,0.2773109241367135,0.0494891665348726,0.5012155351319301,0.008453,30,8,LYS,Q8NI17,-4.293,0.093,-0.0655248520798688,Non-essential,74.0,32.1,24.7,0.3176349988645504,377,0.305109457191294,396,0.3668088426680163,1429,1.2199,Head&Neck,5.531,0.493,0.4160112559679904,0.48058252427184467,1285,0
OR10G7,552,0.2499298769645954,0.2605042014617612,0.0818472244187885,0.4039134301808479,0.006812,9,6,LYS,Q8NGN6,-9.966,0.0,0.1002172409217703,Non-essential,87.1,10.0,2.9,0.3176166341615255,378,0.3067089953824649,375,0.0372594329397547,2389,0.0,AML,0.0,0.0,0.0208954940845487,0.014563106796116498,2437,0
CHPT1,558,0.2495229644568607,0.2436974787868088,0.1105487901312668,0.3962644530091905,0.006683,13,15,LYS,Q8WUD6,5.0,0.998,0.0340939156071464,Non-essential,90.9,9.4,6.7,0.3175974283604974,379,0.3081248678670607,351,0.3419743279119853,1543,0.3016,Pancreatic,1.706,1.0,0.2888645886431258,0.3713592233009708,1555,0
OR2AP1,609,0.2451279603386313,0.2605042014617612,0.0706436817966155,0.3991105840498072,0.006731,17,10,LYS,Q8NGE2,-9.966,0.0,-0.1036701819763122,Non-essential,89.3,6.1,1.0,0.3175150369732221,380,0.3060472210630529,386,0.0298495438288558,2428,0.0,AML,0.0,0.0,0.0382544675991305,0.05299352750809061,2342,0
PTPRQ,370,0.2653620264959431,0.2352941174493327,0.1640550371659022,0.4067595612214645,0.00686,73,13,LYS,Q9UMZ3,-5.574,0.051,-0.2456055458915633,Non-essential,74.9,22.6,9.6,0.3174565907041081,381,0.3106593425624032,324,0.5216110743365453,737,0.9082,Mesothelioma,4.654,0.805,0.2976152816514483,0.5493527508090614,1115,0
ATG9A,256,0.2782021665783011,0.252100840124285,0.0866107860192946,0.5045953157426623,0.00851,40,7,LYS,Q7Z3C6,4.831,1.0,-0.1733041895217142,Non-essential,73.7,33.6,27.7,0.317436819483989,382,0.3067673587849537,374,0.4611262373781587,993,0.2238,Pancreatic,1.266,1.0,0.507639049102318,0.6427993527508091,884,0
OR6C68,553,0.2498815016268445,0.2605042014617612,0.0928926142653803,0.3927067892084198,0.006623,14,13,LYS,A6NDL8,-9.966,0.0,0.1095788459513656,Non-essential,86.8,10.3,1.9,0.3172763213800664,383,0.3069209520933355,371,0.0409945177429735,2361,0.0,AML,0.0,0.0,0.0317371050477206,0.04854368932038833,2353,0
OR5M3,691,0.2402685089238626,0.2605042014617612,0.0173272180926775,0.4362288763711828,0.007357,18,9,LYS,Q8NGP4,-9.966,0.0,-0.0299711377188169,Non-essential,92.3,2.3,1.0,0.3172654941275815,384,0.3031318550322154,421,0.0366505925939394,2394,0.0,AML,0.0,0.0,0.0279194167551065,0.032362459546925515,2393,0
OR2W1,637,0.2436875639373501,0.2605042014617612,0.0303843112446623,0.4345686332641564,0.007329,15,6,LYS,Q9Y3N9,-9.966,0.0,-0.0358573931872929,Non-essential,88.5,5.3,2.5,0.3171147066388211,385,0.3036339222010542,413,0.0496366658463523,2280,0.0,AML,0.0,0.0,0.0253418745339889,0.046925566343042124,2357,0
RRH,490,0.2542311251336828,0.2605042014617612,0.0641657441088091,0.4359324043877853,0.007352,14,14,LYS,O14718,-3.816,0.004,-0.0184440690672949,Non-essential,85.7,14.2,11.0,0.317001007635765,386,0.3052092948412054,394,0.0999369160242967,2148,0.0075,AML,4.664,0.006,0.1224884555796628,0.16383495145631066,2068,0
ADAM30,381,0.2644223825251448,0.2605042014617612,0.027398386841689,0.5066706196264453,0.008545,42,7,LYS,Q9UKF2,-9.966,0.0,-0.1030710312686226,Non-essential,79.6,22.7,15.7,0.31699372212865,387,0.3033636414707344,417,0.2288971489831908,1912,0.0,AML,0.0,0.0,0.0839100234412437,0.19134304207119746,2000,0
SLC22A4,543,0.2504333907647965,0.2605042014617612,0.0925383520480784,0.3949006818855617,0.00666,21,12,LYS,Q9H015,0.363,0.595,-0.0414727933349034,Non-essential,85.2,11.1,5.4,0.3169362289950265,388,0.3065631465974303,376,0.2298335530196464,1910,0.426,Pancreatic,3.281,0.734,0.2430515756989865,0.26173139158576053,1826,0
SLC19A2,391,0.2636303116999599,0.2100840334369042,0.1221065949707417,0.4765490661132523,0.008037,12,13,LYS,O60779,2.637,0.985,-0.0932118398842064,Non-essential,80.8,21.3,17.1,0.316893326973915,389,0.3079986567224521,354,0.4564314274538236,1006,0.3108,Kidney Chromophobe,1.758,1.0,0.4923801199226282,0.627831715210356,921,0
SEMA4F,435,0.2591540787049357,0.302521008149142,0.0571058042068638,0.4033797806107322,0.006803,36,3,LYS,O95754,1.828,0.942,-0.0609656115625265,Non-essential,82.9,19.2,14.0,0.3168037490565987,390,0.3046590392669419,401,0.2773027267826679,1766,0.5258,Cholangiocarcinoma,3.059,0.972,0.1861887606088088,0.26173139158576053,1826,0
GPR108,329,0.2703691863627454,0.2773109241367135,0.1971216194844219,0.3343611028757782,0.005639,20,31,LYS,Q9NPR9,5.845,1.0,-0.0420055919342683,Non-essential,75.3,28.5,19.0,0.3164295040378997,391,0.3112855850121208,320,0.6782256613852137,267,0.3728,Sarcoma,2.109,1.0,0.6205049110567268,0.8612459546925566,344,0
OR4M1,684,0.2406688060241434,0.2605042014617612,0.0127913964890083,0.4420990216424547,0.007456,16,5,LYS,Q8NGD0,-9.966,0.0,-0.0265642515315856,Non-essential,89.7,3.5,1.0,0.3163990750444821,392,0.3020386448689326,429,0.0586318163725728,2248,0.0,AML,0.0,0.0,0.0245480377099071,0.05016181229773464,2349,0
OR6X1,572,0.2483288145980587,0.2605042014617612,0.0510137592914755,0.4294100207530388,0.007242,17,7,LYS,Q8NH79,-9.966,0.0,-0.0061786157231554,Non-essential,86.5,9.9,2.9,0.316382415522745,393,0.3039331034873188,411,0.0414303273877255,2357,0.0,AML,0.0,0.0,0.0266048566997793,0.036407766990291246,2383,0
GUCY2C,415,0.2613322344584182,0.2605042014617612,0.0643555274395065,0.4594129854728727,0.007748,56,10,LYS,P25092,-4.608,0.105,0.0252719886703755,Non-essential,80.0,21.1,8.4,0.3160185987397112,394,0.3042363751116865,405,0.5888603200191104,513,1.9107,Stomach,7.072,0.662,0.5245497889505961,0.761326860841424,591,0
OR2B11,639,0.243483638288191,0.2605042014617612,0.0129242448204966,0.4513489475244588,0.007612,21,6,LYS,Q5JQS5,-9.966,0.0,-0.077843763836731,Non-essential,88.5,6.3,2.8,0.3159447685978552,395,0.3015909808388801,435,0.1311313182031802,2095,1.1613,AML,8.371,0.139,0.0522661748099579,0.1464401294498382,2111,0
OR6Q1,545,0.2502248400964311,0.2605042014617612,0.0223501502451368,0.464393714793952,0.007832,11,8,LYS,Q8NGQ2,-9.966,0.0,0.0387899783552766,Non-essential,86.7,12.0,4.1,0.3158624367713886,396,0.3019799442836454,431,0.0267257748621404,2451,0.0,AML,0.0,0.0,0.0243137769105207,0.008090614886731351,2453,0
TMPRSS11E,660,0.2420001045752118,0.3109243694866181,0.0254246402024355,0.3666765490661132,0.006184,20,7,LYS,Q9UL52,-4.035,0.25,-0.0903481998206799,Non-essential,90.0,6.1,3.5,0.3157488266374535,397,0.3020200586475753,430,0.6101893613417496,459,2.505,Head&Neck,8.644,0.869,0.695498258040144,0.8596278317152104,348,0
MMP14,395,0.2633292547276302,0.3277310921615705,0.0381211450260952,0.4026682478505781,0.006791,24,7,LYS,P50281,6.399,0.999,0.0772002473493952,Non-essential,80.8,24.2,18.0,0.315703230475718,398,0.3026092877270228,425,0.7920474819673433,83,1.0312,Sarcoma,5.833,1.0,0.8188368914796236,0.9745145631067961,64,0
SCN3B,525,0.2515287636914856,0.2184873947743803,0.0042131899414834,0.5428994959976281,0.009156,5,5,LYS,Q9NY72,-1.938,0.192,-0.0244804114137953,Non-essential,86.2,12.6,3.7,0.3156487596558109,399,0.3008594191528851,442,0.3065667648146112,1671,0.9968,Pheochromocytoma,5.399,0.994,0.2657646317315004,0.32564724919093846,1668,0
ADAM12,296,0.2740817491870685,0.4285714282112846,0.0853139332595287,0.2568633264156537,0.004332,33,15,LYS,O43184,0.88,0.605,-0.0274624040048957,Non-essential,72.3,35.1,26.2,0.3154443147927452,400,0.3047100114557216,398,0.7392925130169001,155,1.5665,Sarcoma,8.557,0.897,0.6681614295666526,0.9138349514563107,214,0
SLC10A3,399,0.2629385753655431,0.2773109241367135,0.0905266487426854,0.4161873702935072,0.007019,19,10,LYS,P09131,4.482,1.0,0.0865439911546378,Non-essential,76.8,23.3,16.6,0.3154373282068979,401,0.3049636606440321,397,0.4146734966765569,1203,0.5005,Cholangiocarcinoma,2.831,1.0,0.437219454692914,0.5461165048543689,1123,0
OR6C76,634,0.2438028473236331,0.2605042014617612,0.0815245927566028,0.3838126297064926,0.006473,14,13,LYS,A6NM76,-9.966,0.0,-0.0425893200688076,Non-essential,90.0,7.1,1.0,0.3154107761273903,402,0.3044870057652203,403,0.0370767768940544,2392,0.0,AML,0.0,0.0,0.0367615876516684,0.05946601941747576,2326,0
GRIK1,443,0.2585545507506851,0.2352941174493327,0.0585291791870947,0.4895938333827453,0.008257,52,13,LYS,P39086,-5.574,0.094,0.0073310790554076,Non-essential,81.1,19.0,10.2,0.3153836942497264,403,0.3033101532090811,419,0.3646193656405402,1438,0.6211,Pheochromocytoma,4.217,0.551,0.4886747355701342,0.5246763754045307,1176,0
SGCD,479,0.2547520104709104,0.2184873947743803,0.0079013126680373,0.5499555292024904,0.009275,7,2,LYS,Q92629,0.346,0.565,0.0366503281760435,Non-essential,81.3,15.6,8.3,0.315334798638665,404,0.3007298642720669,447,0.3035910738248812,1677,0.6722,Pancreatic,4.48,0.808,0.3655771519687671,0.39239482200647247,1503,0
RECK,460,0.2565618164996915,0.1848739494244757,0.1157931361695397,0.492914319596798,0.008313,43,19,LYS,O95980,1.588,0.88,0.0024642841671279,Non-essential,81.1,16.6,10.0,0.3152827462401509,405,0.3060724030486279,385,0.3909783886855054,1322,0.5935,AML,3.846,0.873,0.3930374146225343,0.4846278317152104,1275,0
CHRM5,209,0.2854770667660717,0.2605042014617612,0.1503526806895461,0.453898606581678,0.007655,16,17,LYS,P08912,-4.608,0.017,-0.0454519921652729,Non-essential,68.6,42.1,38.0,0.3151392923294224,406,0.3076569263638997,360,0.3654386541112344,1435,0.454,AML,4.692,0.335,0.2877437590093956,0.3911812297734628,1506,0
VN1R2,176,0.2916884309877877,0.2605042014617612,0.090950498181243,0.5340053364957011,0.009006,23,19,LYS,Q8NFZ6,-9.966,0.0,0.0838469430084388,Non-essential,66.8,47.3,26.8,0.3151154291808525,407,0.3046629540899146,400,0.1904884610547985,2003,0.0,AML,0.0,0.0,0.10858151114408,0.18608414239482196,2013,0
LAG3,356,0.2674064855629401,0.3193277308240944,0.0122789814961252,0.4533056626148828,0.007645,18,5,LYS,P18627,0.979,0.716,-0.0034756742591656,Non-essential,78.3,28.2,17.3,0.314960866816185,408,0.3005748158909913,450,0.3910355486316259,1321,0.6665,Sarcoma,4.517,0.821,0.3753268287314443,0.4724919093851133,1305,0
CD3G,270,0.2770519812541803,0.4117647055363322,0.0008730033212082,0.3736139934776163,0.006301,6,3,LYS,P09693,0.099,0.522,0.0086455052863169,Non-essential,75.3,37.9,4.4,0.3148393961374224,409,0.2998830463034828,458,0.5675938951701038,574,1.3008,Thymoma,6.732,0.966,0.483250555112645,0.7164239482200647,702,0
CLSTN1,379,0.2646723237326448,0.3277310921615705,0.0370836628182824,0.4081826267417729,0.006884,32,3,LYS,O94985,6.576,1.0,-0.0210487368161393,Non-essential,77.2,26.3,18.8,0.3147224546465635,410,0.3015766377874776,436,0.6844407624180113,255,0.5382,Sarcoma,3.045,1.0,0.7169660750615808,0.9142394822006472,213,0
OR10J5,636,0.2437048261744855,0.2605042014617612,0.0223185196900205,0.4426919656092499,0.007466,17,10,LYS,Q8NHC4,-9.966,0.0,-0.0044794342545383,Non-essential,86.2,7.8,2.3,0.314629091836434,411,0.300745017820935,446,0.0264021701080504,2459,0.0,AML,0.0,0.0,0.0298116030335165,0.024676375404530715,2412,0
OR2AG1,653,0.2430022593122699,0.2605042014617612,0.0506911276292898,0.4119774681292618,0.006948,14,9,LYS,Q9H205,-9.966,0.0,0.0326535074201806,Non-essential,85.5,7.3,4.7,0.3145436194512543,412,0.3020781758327188,428,0.0272361424507498,2445,0.0,AML,0.0,0.012,0.0243883900421549,0.009304207119741115,2450,0
OR1L4,662,0.2419221406540825,0.2605042014617612,0.0323264273287996,0.4267417729024607,0.007197,12,6,LYS,Q8NGR5,-9.966,0.0,-0.0573317722527172,Non-essential,88.8,6.4,2.6,0.3145435205694315,413,0.3011598419358715,439,0.0446081334249008,2303,0.0,AML,6.15,0.0,0.0239844009582926,0.03802588996763756,2379,0
OR51I1,590,0.246440364678591,0.2605042014617612,0.035824766724656,0.4383041802549658,0.007392,16,6,LYS,Q9H343,-9.966,0.001,0.036650688123521,Non-essential,88.7,10.2,2.5,0.3145087072565218,414,0.3012999455927546,438,0.0875095505681938,2164,0.0011,AML,0.382,0.006,0.0227121553583441,0.06998381877022652,2300,0
PANX1,332,0.2698785746457615,0.3193277308240944,0.0266266012968527,0.4471983397568929,0.007542,20,5,LYS,Q96RD7,3.067,0.996,0.037989455783201,Non-essential,74.3,30.8,17.6,0.3144209410518694,415,0.300752271116712,445,0.3043814797964719,1674,0.4414,Pancreatic,2.511,0.994,0.3058747430854017,0.3596278317152104,1584,0
ERVMER34-1,31,0.3593766988655047,0.3949579828613799,0.1577036216985608,0.5136080640379483,0.008662,18,18,LYS,Q9H9K5,-0.32,0.443,,No data,44.3,91.7,73.2,0.3143632154356102,416,0.3222483965205382,228,0.5887125214950624,515,0.8388,Esophageal,4.62,0.871,0.5970489595795982,0.8025889967637541,489,0
OR56A3,599,0.2457296843398599,0.2605042014617612,0.0670757551795034,0.4046842573376816,0.006825,13,6,LYS,Q8NH54,-9.966,0.015,0.0654255976502758,Non-essential,85.0,9.8,3.8,0.3143164736409127,417,0.3026702613998878,424,0.0524425321705219,2266,0.0,AML,0.0,0.0,0.0245745638529353,0.04652103559870546,2358,0
GPR15,425,0.2602260339553021,0.2605042014617612,0.1188359955717222,0.4012451823302697,0.006767,15,24,LYS,P49685,-4.293,0.091,0.0368033698002069,Non-essential,81.8,21.9,12.5,0.3142967649871144,418,0.3052385647657005,393,0.3960044088081749,1291,0.2321,AML,3.577,0.243,0.6198780447453841,0.6496763754045307,867,0
GABRP,375,0.2649058964846587,0.3445378148365229,0.0053139332595287,0.4183219685739697,0.007055,18,4,LYS,O00591,-1.086,0.415,0.033904102735785,Non-essential,79.2,27.3,16.8,0.3141972106511576,419,0.299462907314134,466,0.6348340368223304,388,1.6178,Pancreatic,7.856,0.921,0.5487120562195535,0.8009708737864077,493,0
PLXNA1,578,0.2478679183515673,0.2689075627992374,0.1400221413885813,0.3276608360509931,0.005526,109,19,LYS,Q9UIW2,3.504,0.989,-0.0208752713472069,Non-essential,84.8,11.9,5.6,0.3141383913396267,420,0.3061394984090557,383,0.2982076779766542,1699,0.4822,Cholangiocarcinoma,2.728,1.0,0.173110255033572,0.26496763754045305,1818,0
PLXNB3,494,0.2541375208284486,0.1932773107619518,0.1023185196900205,0.4871034687222057,0.008215,95,17,LYS,Q9ULL4,2.245,0.733,-0.0053213615793244,Non-essential,81.0,16.1,8.1,0.3139025558697397,421,0.3040184818542407,410,0.6216876412931025,425,0.6925,Cholangiocarcinoma,4.029,0.972,0.67451494412626,0.8588187702265372,350,0
CCR2,364,0.2662578398198804,0.302521008149142,0.0143159892456112,0.4698487992884672,0.007924,9,4,LYS,P41597,-0.233,0.46,-0.072666809139286,Non-essential,77.7,28.1,20.6,0.3138235499857193,422,0.2995393494479998,465,0.4790157744565546,910,1.2399,AML,7.405,0.902,0.4267489892670852,0.5995145631067962,991,0
OR2T5,688,0.2405520248518351,0.2605042014617612,0.0186873319626759,0.4358138155944263,0.00735,14,9,LYS,Q6IEZ7,-9.966,0.003,-0.127616290874213,Non-essential,89.7,6.0,4.4,0.313801757400892,423,0.2997361239990257,460,0.0560745100864386,2258,0.0546,Kidney Clear Cell,3.459,0.016,0.0436301435133524,0.10517799352750812,2213,0
ESYT3,281,0.2757815917440545,0.2268907561118565,0.1340945753597975,0.4826563889712421,0.00814,36,15,LYS,A0FGR9,-0.969,0.327,0.0276470307106116,Non-essential,71.1,34.8,25.5,0.3137995057219097,424,0.3055042344898995,390,0.3905055311278104,1326,0.4663,AML,6.186,0.399,0.3837197101410134,0.47734627831715215,1293,0
TNFSF13B,315,0.2717186243257479,0.3613445375114751,0.0039538193895302,0.4199822116809961,0.007083,2,2,LYS,Q9Y275,1.816,0.846,0.0046502018532283,Non-essential,78.4,34.0,27.7,0.3134545958966478,425,0.2986522868661244,476,0.492292760743976,863,0.6097,AML,3.449,1.0,0.2995838859385226,0.5198220064724919,1188,0
EPHA7,482,0.2546251771946262,0.2352941174493327,0.0540882492487743,0.4809368514675363,0.008111,42,6,LYS,Q15375,-2.548,0.28,0.0340238414882527,Non-essential,81.9,17.7,11.2,0.3134092162863441,426,0.3011136287487828,441,0.3477454542455877,1520,0.5322,Kidney Clear Cell,2.984,0.874,0.3000826792253934,0.3843042071197411,1523,0
ACE,728,0.2376743008976591,0.352941176173999,0.1017365174758817,0.2199229172843166,0.003709,47,18,LYS,P12821,3.22,0.975,-0.1026896548475201,Non-essential,90.9,5.7,3.9,0.3132442703509492,427,0.3033310962247433,418,0.6455760185975291,350,0.6831,Cholangiocarcinoma,3.975,0.972,0.8151672682089014,0.9255663430420712,185,0
TM4SF1,475,0.2550667987170216,0.352941176173999,0.0294417207021983,0.3501927067892084,0.005906,5,10,LYS,P30408,6.601,0.999,-0.0222746145858824,Non-essential,80.6,20.3,8.9,0.3131380185337513,428,0.2996101045688612,462,0.8215127285374705,50,0.9552,Cholangiocarcinoma,5.403,1.0,0.8584043321841823,0.9878640776699029,31,0
SCN2A,259,0.2778447555593991,0.252100840124285,0.1632136643998102,0.4268010672991402,0.007198,110,21,LYS,Q99250,-3.626,0.155,-0.0276460624388938,Non-essential,68.8,37.8,25.7,0.3129389769682374,429,0.3060996601882279,384,0.5096736057343308,786,0.8845,Pheochromocytoma,3.776,0.966,0.3709877068494361,0.5877831715210355,1020,0
NPHS1,439,0.2587782316137101,0.2773109241367135,0.0030744899572987,0.4897717165727838,0.00826,30,2,LYS,O60500,-5.012,0.045,-0.1380919260419696,Non-essential,77.2,22.5,18.4,0.3127703750803703,430,0.2979240995782353,484,0.4271961051400946,1140,0.9684,Mesothelioma,8.574,0.299,0.2919551147390904,0.4494336569579288,1362,0
SLC46A1,561,0.2491902930656777,0.2941176468116659,0.2005883283251621,0.2378891194782093,0.004012,23,21,LYS,Q96NT5,3.294,0.992,0.0038137260028595,Non-essential,83.1,14.8,6.5,0.3127605383349259,431,0.307789954751184,359,0.4230274494732772,1156,0.5199,Sarcoma,2.941,1.0,0.2873062377583969,0.44457928802589,1374,0
OR1L3,682,0.2407137908064517,0.2605042014617612,0.0443080816068322,0.4107322857989919,0.006927,17,10,LYS,Q8NH93,-9.966,0.0,0.0386615738888772,Non-essential,88.7,7.4,1.9,0.3125365623630725,432,0.299751966443414,459,0.0412617727720609,2359,0.0,AML,0.0,0.0,0.0278013938167515,0.040048543689320426,2374,0
OR2T29,710,0.2390130986618245,0.2605042014617612,0.0168780642100268,0.4324933293803735,0.007294,14,9,LYS,Q8NH02,-9.966,0.001,-0.1279183112906765,Non-essential,89.7,6.0,4.4,0.3125193189092164,433,0.2983632221197178,479,0.029324096773636,2434,0.0,AML,0.0,0.0,0.0608397044339649,0.07847896440129454,2279,0
OXTR,373,0.2650922788559345,0.2941176468116659,0.1378522853076071,0.3536317817966202,0.005964,12,9,LYS,P30559,-0.886,0.32,0.0947274331075392,Non-essential,78.6,28.3,17.0,0.3125121931601399,434,0.3044048074255202,404,0.5887727513953699,514,0.7984,Cholangiocarcinoma,5.428,0.75,0.7253900996305854,0.8624595469255664,341,0
NTM,465,0.2560878433088897,0.3109243694866181,0.0124371342717064,0.4266231841091016,0.007195,7,6,LYS,Q9P121,1.786,0.744,0.0678226501241719,Non-essential,82.4,21.2,19.5,0.3123886089155183,435,0.2980104656291036,482,0.4671345357646326,958,1.1928,Pancreatic,6.649,0.966,0.5522997580644239,0.6824433656957929,786,0
GJD2,305,0.2731468915962825,0.2605042014617612,0.1281670093310137,0.4349836940409131,0.007336,7,13,LYS,Q9UKL4,-9.966,0.05,0.0638251719344788,Non-essential,72.4,34.6,24.0,0.3123641463545981,436,0.3037724968211487,412,0.7179426670021383,186,4.1908,Pheochromocytoma,9.396,0.892,0.3644346130207681,0.7184466019417476,697,0
CACNA1G,148,0.2987430152654912,0.2436974787868088,0.3616005060888818,0.3092795730803439,0.005216,99,32,LYS,O43497,-3.458,0.119,-0.2018118161735324,Non-essential,58.2,55.7,46.3,0.3123141373676895,437,0.3153941626721336,278,0.5364895135296435,678,0.3573,Sarcoma,4.152,0.385,0.575185411901675,0.7597087378640777,595,0
SLC20A2,299,0.273791767251769,0.2605042014617612,0.1934651273129843,0.3718351615772309,0.006271,23,20,LYS,Q08357,4.63,1.0,-0.0845492986517356,Non-essential,72.6,35.3,31.0,0.3122015427341702,438,0.3068747990998194,372,0.5682277252589718,572,0.4331,AML,2.45,1.0,0.533567285541906,0.7532362459546925,611,0
SLC38A5,484,0.2543434399553267,0.2605042014617612,0.0188834414043966,0.4815890898310109,0.008122,24,5,LYS,Q8WUX1,3.261,0.884,0.0099812626941632,Non-essential,80.0,19.3,14.6,0.3119946033204683,439,0.2979387753906881,483,0.5987582963202349,479,0.667,Sarcoma,4.226,0.893,0.7802420082651199,0.8932038834951457,265,0
OR5M9,766,0.2345935000772943,0.2605042014617612,0.0127597659338921,0.4218796323747405,0.007115,15,9,LYS,Q8NGP3,-9.966,0.0,-0.0243305179123411,Non-essential,89.9,2.9,1.6,0.3119363200887746,440,0.2975743083854691,488,0.0243646246615582,2473,0.0,AML,0.0,0.0,0.0259989776008834,0.01092233009708743,2446,0
OR51B4,733,0.2373272324607607,0.2605042014617612,0.0531203542622173,0.3906314853246368,0.006588,15,7,LYS,Q9Y5P0,-9.966,0.007,0.0789585872124959,Non-essential,88.3,5.2,1.9,0.3119144304083299,441,0.2995704481214408,463,0.108592748694607,2133,-0.0,Adrenocortical,-5.358,0.0,0.0310007157500922,0.10922330097087374,2203,0
SLC12A1,463,0.256226972558334,0.2436974787868088,0.0733639095366123,0.4557960272754224,0.007687,45,13,LYS,Q13621,-6.506,0.049,-0.0898995160007952,Non-essential,78.2,20.7,16.6,0.3118841017783917,442,0.3005522972552223,451,0.2855519526983178,1744,0.0412,Ovarian,0.872,0.116,0.1615396521335793,0.2491909385113269,1857,0
NPY2R,491,0.2542293852681637,0.2352941174493327,0.1204238494385576,0.413281944856211,0.00697,18,15,LYS,P49146,-9.966,0.029,0.1556438150440313,Non-essential,82.5,18.9,12.3,0.3118793896809586,443,0.3029005821528865,423,0.2436427808016659,1871,0.4501,Pheochromocytoma,5.515,0.216,0.3355083561618783,0.33859223300970875,1636,0
P2RY10,544,0.250424424297367,0.3277310921615705,0.0381527755812114,0.3596205158612511,0.006065,13,15,LYS,O00398,-0.86,0.363,-0.0025115738734261,Non-essential,83.8,17.4,5.3,0.3117492051171653,444,0.2986568438962259,475,0.4061341721620031,1248,1.1472,AML,6.084,0.884,0.475699312207447,0.5610841423948221,1086,0
PLXNA4,562,0.24911407450193,0.2100840334369042,0.2236153724497865,0.3266528313074414,0.005509,109,27,LYS,Q9HCM2,-1.552,0.277,0.0325771733619264,Non-essential,83.1,14.4,6.1,0.3116964626422234,445,0.3078772312647128,358,0.3949856454869369,1296,0.4183,Sarcoma,3.525,0.639,0.308457568183189,0.4348705501618123,1398,0
TLR2,626,0.2441032396459194,0.2857142854741897,0.0696061995888027,0.3631188852653424,0.006124,35,7,LYS,O60603,1.89,0.868,0.0118085519071511,Non-essential,87.9,11.5,2.8,0.3116812711295027,446,0.3001615811089428,453,0.3565249968863863,1474,0.8494,AML,4.813,0.983,0.410829977194089,0.4656148867313916,1322,0
CCR3,547,0.2501441958243994,0.2689075627992374,0.021312668037324,0.4539579009783575,0.007656,12,5,LYS,P51677,-3.626,0.029,-0.0651554573979394,Non-essential,83.4,16.3,13.2,0.3116352892336534,447,0.2977009226355196,486,0.2058122597062547,1963,0.4085,AML,4.065,0.266,0.1636893654589361,0.21035598705501624,1953,0
GPR161,206,0.285863509765046,0.2857142854741897,0.0868385260161315,0.4850874592351022,0.008181,22,15,LYS,Q8N6U8,1.532,0.821,-0.0195890696473995,Non-essential,68.6,46.5,29.9,0.3114814962287748,448,0.3008234225295814,443,0.4268808346676544,1142,0.7971,Sarcoma,4.51,0.984,0.4645965187869871,0.5760517799352751,1049,0
OR14C36,674,0.2413218401684977,0.2605042014617612,0.0577194369761189,0.3993477616365253,0.006735,12,14,LYS,Q8NHC7,-9.966,0.0,0.045290366251144,Non-essential,86.8,9.0,1.3,0.3114432701647775,449,0.2993292420135834,468,0.0273964163234282,2443,0.0,AML,0.0,0.0,0.0253846552906962,0.016585760517799364,2432,0
NIPAL1,451,0.2578597442873818,0.352941176173999,0.0721935789973114,0.3167506670619626,0.005342,16,15,LYS,Q6NVV3,0.486,0.589,0.0222890409341527,Non-essential,81.1,24.4,6.6,0.3113654731757181,450,0.2999751521255837,456,0.588942236786038,512,0.7577,Esophageal,4.197,0.989,0.6543572154385696,0.8353559870550162,408,0
OR4L1,663,0.2419006545703311,0.2605042014617612,0.0192693341768148,0.4397272457752741,0.007416,14,7,LYS,Q8NH43,-9.966,0.0,0.0651828236117492,Non-essential,85.5,9.6,2.2,0.3113256154996386,451,0.2972890822084794,496,0.0266293376643304,2454,0.0,AML,0.0,0.0,0.0244614330251122,0.008090614886731351,2453,0
SLC13A3,520,0.2517264465450882,0.2605042014617612,0.0265253835204807,0.4652238363474651,0.007846,36,5,LYS,Q8WWT9,0.576,0.624,0.0027338632274077,Non-essential,81.7,17.8,13.1,0.3113137754786028,452,0.2976400446546269,487,0.4199666064680578,1174,0.2893,Mesothelioma,1.688,0.954,0.6362304765159253,0.6852750809061489,779,0
OR52L1,611,0.2449574169753017,0.2605042014617612,0.0559038431124466,0.413281944856211,0.00697,14,8,LYS,Q8NGH7,-9.966,0.0,-0.0513726268183706,Non-essential,85.3,12.2,5.5,0.3112729175037808,453,0.2990681096594031,473,0.0466292986472929,2289,0.0,AML,0.0,0.0,0.0239878599877691,0.04166666666666663,2370,0
ITGB3,627,0.2440659038774613,0.201680672099428,0.1578681005851652,0.3867773495404684,0.006523,26,31,LYS,P05106,0.486,0.596,-0.0893808954320178,Non-essential,87.0,10.5,4.2,0.3112495977662082,454,0.3041430027954664,406,0.3144783138155416,1647,0.6166,Sarcoma,3.821,0.913,0.4485890926259775,0.4494336569579288,1362,0
CD101,550,0.2501222804285006,0.3361344534990467,0.0738510200854025,0.3117106433442039,0.005257,42,9,LYS,Q93033,0.857,0.745,-0.1736458415043463,Non-essential,81.5,17.8,6.5,0.3112374745820679,455,0.2999300255863381,457,0.5015152581153274,815,0.7404,Sarcoma,5.246,0.786,0.6433758871807027,0.7673948220064725,576,0
ABCB9,693,0.2399429843723461,0.2773109241367135,0.0244883757709947,0.4055736732878742,0.00684,36,5,LYS,Q9NP78,1.779,0.946,-0.0513231717797225,Non-essential,85.4,8.4,6.0,0.311174335712567,456,0.2973987545011167,491,0.2295133055211093,1911,0.47,Sarcoma,2.827,0.94,0.2140665762564022,0.24110032362459544,1877,0
XKR3,392,0.2634244333535619,0.2605042014617612,0.0906594970741736,0.4400830121553513,0.007422,25,11,LYS,Q5GH77,-9.966,0.008,0.0169045922540282,Non-essential,76.9,27.7,18.1,0.3111620978189977,457,0.3006950726727063,449,0.374293045906638,1396,0.3517,Kidney Papillary,6.34,0.096,0.1882443229474116,0.3414239482200647,1629,0
TM4SF18,441,0.2586667588026736,0.2941176468116659,0.0302198323580578,0.4398458345686332,0.007418,5,10,LYS,Q96CE8,1.501,0.828,-0.0486210862797275,Non-essential,79.5,24.4,6.5,0.3110575931157558,458,0.2975685847336587,489,0.4095071038218834,1228,0.5717,Kidney Clear Cell,3.144,0.996,0.4349351011734837,0.537621359223301,1144,0
SLC29A4,374,0.2650156288675216,0.302521008149142,0.1471453424007591,0.3328787429587904,0.005614,19,10,LYS,Q7RTT9,1.795,0.8,-0.0955064548571174,Non-essential,74.4,30.0,27.2,0.3108883741920871,459,0.303245641312125,420,0.6264176452635083,409,1.0639,Pheochromocytoma,5.992,0.989,0.7235094073027465,0.8871359223300971,280,0
SCN8A,286,0.2753251096560493,0.2941176468116659,0.1457535979756444,0.3798399051289653,0.006406,115,18,LYS,Q9UQD0,-1.026,0.295,-0.1269075096030082,Non-essential,68.4,38.6,25.5,0.3107395521602355,460,0.3030272320590177,422,0.4924373953765579,862,0.5556,Pheochromocytoma,3.117,0.926,0.4689988107769576,0.6452265372168284,878,0
ITGAL,585,0.247243202030491,0.3697478988489514,0.0702514629131741,0.2608953453898606,0.0044,57,8,LYS,P20701,2.043,0.865,0.0142324269677261,Non-essential,82.6,16.5,7.9,0.3106984666728916,461,0.2992110398185503,469,0.8044537764858982,69,0.9525,AML,5.388,1.0,0.8427913563964101,0.9801779935275081,50,0
OR5T3,635,0.2437726969247041,0.2605042014617612,0.0229005219041594,0.4423361992291728,0.00746,21,8,LYS,Q8NGG3,-9.966,0.0,0.083015949816623,Non-essential,85.7,11.8,2.1,0.3106856507949495,462,0.2968306768901574,504,0.0264560214407766,2458,0.0,AML,0.0,0.0,0.0279866719731996,0.020631067961165095,2422,0
C5AR1,512,0.2523247373672394,0.2857142854741897,0.1019326269176024,0.3581974503409427,0.006041,17,15,LYS,P21730,2.311,0.931,0.0389235121035329,Non-essential,85.7,19.4,9.1,0.3106325192306027,463,0.3007291505764828,448,0.4364965512705901,1106,0.6818,Glioblastoma,3.857,1.0,0.6051164367662274,0.6816343042071198,788,0
MCAM,449,0.257996284912265,0.2100840334369042,0.0295049818124308,0.5503705899792469,0.009282,21,6,LYS,P43121,5.016,1.0,0.0529814894277269,Non-essential,80.2,22.9,19.2,0.3105983046508359,464,0.2970735537414574,498,0.6428332939666251,359,0.6577,Cholangiocarcinoma,3.72,1.0,0.794237398288532,0.9182847896440129,203,0
SCARB1,576,0.2480342996153289,0.3109243694866181,0.126060414360272,0.2861547583753335,0.004826,19,15,LYS,Q8WTV0,5.105,1.0,-0.1581584599859435,Non-essential,83.4,16.3,13.2,0.3105773225042177,465,0.3018803432222313,433,0.7510769542770375,129,0.6876,Kidney Clear Cell,3.89,1.0,0.8677803696784451,0.9757281553398058,61,0
SLC30A1,216,0.2839228538117038,0.3277310921615705,0.262710738573462,0.2467239845834568,0.004161,10,6,LYS,Q9Y6M5,3.332,0.995,0.0912276109415139,Non-essential,67.4,46.5,34.1,0.3105645630457794,466,0.3087000999744524,344,0.5171302279876437,753,0.6029,Sarcoma,3.424,0.996,0.2494894092868049,0.5036407766990292,1228,0
OR2T6,770,0.2344749758016403,0.2605042014617612,0.0210216669302546,0.4132226504595315,0.006969,18,6,LYS,Q8NHC8,-9.966,0.0,-0.0100181425351898,Non-essential,88.3,4.2,2.6,0.3105375498590629,467,0.2965886332055756,509,0.0257914396298043,2466,0.0,AML,0.0,0.0,0.0265953064070469,0.016181229773462813,2433,0
OR8B12,715,0.2386142790920104,0.2605042014617612,0.0222489324687648,0.4257930625555884,0.007181,13,9,LYS,Q8NGG6,-9.966,0.0,-0.1306074568121153,Non-essential,88.8,7.7,1.9,0.3104869692677047,468,0.2965994158911429,508,0.0489238566269421,2282,-0.0,AML,-2.679,0.0,0.0329678503043381,0.08050161812297729,2274,0
SLC7A9,723,0.2379387760481779,0.252100840124285,0.0229005219041594,0.4340942780907204,0.007321,23,5,LYS,P82251,-1.781,0.206,-0.0706405466068148,Non-essential,85.5,7.0,3.5,0.3104839940422197,469,0.2966290201374276,506,0.2467870750802206,1860,0.1298,Stomach,1.65,0.416,0.4089796869177439,0.3879449838187702,1514,0
PIGO,523,0.2515979717194509,0.3277310921615705,0.1253139332595287,0.2763711829232137,0.004661,59,16,LYS,Q8TEQ8,4.102,1.0,-0.2290177753584968,Non-essential,82.5,19.9,7.8,0.3102271613022352,470,0.3014928579652117,437,0.4251896991473737,1148,0.3522,Sarcoma,1.992,1.0,0.5468389719042628,0.6359223300970873,901,0
OR4K14,598,0.2459040515025236,0.2605042014617612,0.0458959354736675,0.4264453009190631,0.007192,15,12,LYS,Q8NGD5,-9.966,0.0,0.0168701090915429,Non-essential,85.9,14.2,2.3,0.3100617796097991,471,0.2973565763834824,494,0.0271628809566049,2447,0.0,AML,0.0,0.0,0.0245775487811619,0.010517799352750767,2447,0
PKD1L3,217,0.2837021571295413,0.2605042014617612,0.188669935157362,0.4096649866587607,0.006909,87,24,LYS,Q7Z443,-6.506,0.002,-0.1544434132690902,Non-essential,64.8,45.7,27.1,0.3100602009656471,472,0.3044936977235152,402,0.2313582756085047,1904,0.0127,AML,4.929,0.006,0.0575379772101823,0.18042071197411003,2027,0
SLC6A17,509,0.2527950496386115,0.2436974787868088,0.1357456903368654,0.3819745034094278,0.006442,28,18,LYS,Q9H1V8,-3.171,0.167,-0.1617023699302144,Non-essential,81.0,19.7,17.1,0.3100241660119563,473,0.3018114505287996,434,0.7759460483017676,97,2.5446,Uveal Melanoma,9.521,1.0,0.789766415537742,0.9664239482200647,84,0
OR51F1,734,0.2369821154406009,0.2605042014617612,0.0273034951763403,0.4152979543433145,0.007004,13,5,LYS,A6NGY5,-9.966,0.0,0.0768501733809616,Non-essential,86.6,6.9,4.7,0.3099268328915301,474,0.2962920076503471,512,0.0267705095673177,2450,0.0,AML,0.0,0.0,0.0185396493459416,0.0016181229773463146,2469,0
OR2T2,976,0.2149756326303259,0.2605042014617612,0.0460920449153882,0.3231544619033501,0.00545,11,11,LYS,Q6IF00,-9.966,0.0,-0.3042296812071509,Context-dependent,88.1,8.6,4.0,0.309888097216301,475,0.2771926994620703,773,0.0298238079439391,2429,0.0,AML,0.0,0.0,0.0607644043452873,0.08050161812297729,2274,0
TMEM171,112,0.3112832750205613,0.4369747895487607,0.1059117507512256,0.3490661132522976,0.005887,9,7,LYS,Q8WVE6,0.455,0.544,0.0502797573713828,Non-essential,55.6,71.9,44.1,0.309785642342947,476,0.3000812298805083,454,0.7077383523608782,206,1.2026,Cervical,5.967,0.901,0.561393333790597,0.8438511326860841,387,0
OR4C15,781,0.2337288617391203,0.2605042014617612,0.0217365174758817,0.4100207530388378,0.006915,16,8,LYS,Q8NGM1,-9.966,0.0,-0.023923907478395,Non-essential,90.2,4.4,0.6,0.3097157881402963,477,0.2958026140140903,516,0.0256688370495128,2468,0.0,AML,0.0,0.0,0.0254794294294478,0.010517799352750767,2447,0
OR11H4,692,0.2402663325766253,0.2605042014617612,0.0130507670409615,0.4404980729321078,0.007429,21,5,LYS,Q8NGC9,-9.966,0.002,-0.0747786823541614,Non-essential,87.6,9.9,4.6,0.3096636805048837,478,0.2953162188569318,528,0.0377774133278965,2382,0.0,AML,0.0,0.0,0.0193608114987857,0.011731391585760531,2444,0
TMEM67,656,0.2424321680212902,0.2773109241367135,0.0209267752649059,0.417432552623777,0.00704,52,8,LYS,Q5HYA8,2.202,0.959,0.0249171990172821,Non-essential,84.7,12.0,3.3,0.3096486554200204,479,0.2956949941832657,518,0.1993863122462312,1979,0.4674,AML,2.69,0.983,0.1290520572551519,0.19457928802588997,1992,0
LMAN2,535,0.2512253458178556,0.3697478988489514,0.0183014391902577,0.3261191817373258,0.0055,15,3,LYS,Q12907,7.281,1.0,-0.1121685128957456,Non-essential,84.1,21.1,14.9,0.3094169198290288,480,0.2953319917885417,526,0.6610534512921552,316,0.4808,Sarcoma,2.72,1.0,0.775404725022245,0.9231391585760518,191,0
LRIT1,355,0.2674163088115099,0.2605042014617612,0.0570045864304918,0.4870441743255262,0.008214,31,9,LYS,Q9P2V4,-9.966,0.0,-0.0661451341668413,Non-essential,73.4,32.9,26.5,0.3092886607006209,481,0.2971388900221455,497,0.173039178211546,2036,0.0,AML,0.0,0.0,0.0917587502236173,0.1747572815533981,2041,0
OR6N1,784,0.2333299763387408,0.2605042014617612,0.0151889925668195,0.415238659946635,0.007003,14,3,LYS,Q8NGY5,-9.966,0.0,-0.0347857945017142,Non-essential,91.3,4.5,1.6,0.3092833836399801,482,0.295042833268321,532,0.025647714964743,2470,0.0,AML,0.0,0.0,0.0205604744551893,0.0004045307443365509,2472,0
SLC2A7,711,0.2389072239824965,0.2605042014617612,0.0845358216036691,0.3644826563889712,0.006147,22,13,LYS,Q6PXP3,-9.966,0.0,-0.0222048090871905,Non-essential,87.9,9.2,7.0,0.3092310900097765,483,0.2984578810899599,478,0.0705899887743793,2202,0.0,AML,0.0,0.0,0.0366149635015185,0.10639158576051777,2210,0
FLVCR2,502,0.2533909303289111,0.2857142854741897,0.1067910801834572,0.3568929736139934,0.006019,12,19,LYS,Q9UPI3,1.59,0.872,-0.0235033439998385,Non-essential,80.6,21.7,16.9,0.309221013365329,484,0.2995605673745019,464,0.5034764548462767,808,0.6035,Glioblastoma,3.382,0.994,0.6027175367550612,0.7451456310679612,631,0
OR2B2,488,0.2542460883649207,0.2605042014617612,0.0244883757709947,0.4756596501630595,0.008022,21,7,LYS,Q9GZK3,-9.966,0.0,-0.1447786101018248,Non-essential,79.8,22.1,6.2,0.30911347699513,485,0.2953378957836797,525,0.1662296144720559,2046,0.0494,Esophageal,4.392,0.011,0.1754052102033972,0.20347896440129454,1970,0
CXCL16,170,0.2925248478307585,0.4201680668738084,0.0161632136643998,0.3986955232730506,0.006724,9,3,LYS,Q9H2A7,5.577,1.0,-0.0196206489049381,Non-essential,64.6,56.7,36.6,0.3090735076401955,486,0.2948816683234155,534,0.7450080647884763,143,0.8779,Sarcoma,4.966,1.0,0.7533281702001495,0.9510517799352751,122,0
OR1A2,788,0.2330602094338009,0.2605042014617612,0.0209900363751383,0.40853839312185,0.00689,13,8,LYS,Q9Y585,-9.966,0.0,-0.0533571860078267,Non-essential,88.5,4.5,2.9,0.3090585778858635,487,0.2951080797046204,530,0.0257395613914159,2467,0.0,AML,0.0,0.0,0.0285511117182423,0.021844660194174748,2419,0
SLC36A2,602,0.2456590589751943,0.252100840124285,0.0761473983868416,0.406581678031426,0.006857,21,11,LYS,Q495M3,-9.966,0.012,0.0885881739843709,Non-essential,84.1,14.9,12.8,0.3090175631480666,488,0.2978249330674087,485,0.1373426553697487,2088,-0.0,AML,-2.477,0.0,0.0369340859777995,0.13511326860841422,2139,0
P2RX3,716,0.2385703938745087,0.2857142854741897,0.0082935315514787,0.4059887340646308,0.006847,16,6,LYS,P56373,-5.574,0.024,-0.1049871754228942,Non-essential,88.4,9.6,6.3,0.3089705663199937,489,0.2943852428975677,543,0.1612015046949762,2053,0.1704,Esophageal,4.954,0.084,0.1300729535430193,0.18527508090614886,2015,0
CLDN6,477,0.2548722184813246,0.302521008149142,0.0156761031156096,0.4305366142899495,0.007261,5,7,LYS,P56747,-3.626,0.153,-0.29350978188237,Non-essential,80.2,23.6,12.7,0.3088355322035895,490,0.2946193373593699,537,0.4789586976239832,912,5.5406,Ovarian,14.979,0.906,0.5610092673912815,0.6974110032362459,749,1
ULBP3,419,0.2606014492007261,0.3697478988489514,0.0110137592914755,0.3646605395790097,0.00615,8,1,LYS,Q9BZM4,-0.013,0.499,-0.0342642248037413,Non-essential,81.6,29.5,13.9,0.3088303393147543,491,0.294381027279328,544,0.5112936468858758,781,0.789,Esophageal,4.344,0.944,0.4830216096457881,0.6703074433656958,816,0
OR8G1,772,0.2343444005939469,0.2605042014617612,0.0372481417048869,0.3965609249925881,0.006688,12,8,LYS,Q15617,-9.966,0.0,0.3269180873318131,Non-essential,90.5,5.8,1.9,0.3088287371859852,492,0.2956911442712295,519,0.043923935111956,2313,-0.0,AML,-3.91,0.0,0.0248933364609417,0.040048543689320426,2374,0
OR4K17,707,0.2391292997374416,0.2605042014617612,0.0239063735568559,0.425852356952268,0.007182,15,5,LYS,Q8NGC6,-9.966,0.0,0.0544886634188907,Non-essential,86.6,9.9,1.9,0.3087161531388974,493,0.2949114718167401,533,0.0264732399849625,2456,0.0,AML,0.0,0.0,0.0193836825180832,0.0016181229773463146,2469,0
SLCO1C1,461,0.2565464169248354,0.2352941174493327,0.1647319310453898,0.376697302104951,0.006353,29,29,LYS,Q9NYB5,-2.315,0.205,0.1133807000807602,Non-essential,78.5,24.0,16.4,0.3087102493948517,494,0.3019468459471212,432,0.4998894129686194,821,0.5792,Kidney Clear Cell,3.867,0.686,0.6604714382198309,0.7734627831715211,561,0
TMPRSS15,629,0.2440258413305666,0.2605042014617612,0.0640645263324371,0.4020160094871034,0.00678,45,11,LYS,P98073,-9.966,0.017,0.1008443722748337,Non-essential,81.5,14.0,5.7,0.3086966044665015,495,0.2968998307831234,501,0.2884043738255942,1735,0.3341,Stomach,4.954,0.117,0.1134815191585603,0.23098705501618122,1902,0
GPNMB,385,0.2641348980507195,0.302521008149142,0.0221224102482998,0.4549659057219092,0.007673,24,4,LYS,Q14956,5.966,0.996,0.0213647831903846,Non-essential,76.7,31.5,18.5,0.3086544318447519,496,0.2947605523571669,536,0.7704421375152396,109,0.9833,DLBCL,5.562,1.0,0.828959152356129,0.9716828478964401,71,0
TRPV2,500,0.2536269772172788,0.2605042014617612,0.0596615530602562,0.4384227690483249,0.007394,46,12,LYS,Q9Y5S1,2.988,0.994,-0.1512353681624499,Non-essential,78.4,22.1,13.2,0.3085975510387617,497,0.2965806286917745,510,0.5311180224850421,704,0.597,Melanoma,3.377,1.0,0.624517646905565,0.7803398058252426,544,0
OR2C1,563,0.2490015422092312,0.2605042014617612,0.030605725130476,0.452060480284613,0.007624,17,9,LYS,O95371,-5.012,0.001,-0.0370115062577183,Non-essential,82.5,18.3,6.1,0.3085430218653887,498,0.2950733081219124,531,0.1272648382830878,2103,0.0532,AML,6.508,0.012,0.1090020756284063,0.16909385113268605,2055,0
SCN11A,314,0.2719880232649622,0.2605042014617612,0.1242448204965997,0.4350429884375926,0.007337,117,11,LYS,Q9UI33,-4.608,0.007,-0.0016518995053597,Non-essential,69.3,37.5,21.3,0.3084984227451645,499,0.2997106637699944,461,0.27952599670465,1757,0.0365,AML,5.688,0.023,0.1380259133566648,0.23584142394822005,1890,0
SLC12A6,497,0.2538927197417167,0.2100840334369042,0.0780262533607464,0.488170767862437,0.008233,57,10,LYS,Q9UHW9,2.416,0.954,-0.0437727956020583,Non-essential,79.9,21.6,17.1,0.3084786670087123,500,0.2973799796767497,493,0.4065486390561188,1243,0.4712,AML,2.665,1.0,0.375646741089001,0.488673139158576,1265,0
SLCO2A1,522,0.2516316498336524,0.201680672099428,0.1763276925510042,0.3935369107619329,0.006637,20,25,LYS,Q92959,2.862,0.941,-0.1007585058242093,Non-essential,81.9,19.6,10.3,0.3084543860630341,501,0.3022707706905843,426,0.5634208549308254,587,0.4777,Glioblastoma,2.774,0.943,0.7321138547656006,0.852346278317152,366,0
GPC3,342,0.2688574157106226,0.201680672099428,0.1331836153724498,0.4941002075303883,0.008333,27,18,LYS,P51654,1.745,0.758,0.095744643733991,Non-essential,75.1,34.0,28.4,0.3084091909605093,502,0.3000683717291318,455,0.6670586303867145,302,1.4096,Liver,7.984,0.967,0.679067349667808,0.8907766990291263,271,1
OR2AJ1,690,0.240346116408554,0.2605042014617612,0.0217365174758817,0.4320782686036169,0.007287,13,7,LYS,Q8NGZ0,-9.966,0.0,0.2018918343151074,Non-essential,86.2,11.3,4.0,0.3083301670314911,503,0.2944169929052851,541,0.0773832200760142,2185,0.0,AML,5.672,0.0,0.0349196512442111,0.10800970873786409,2206,0
EPHA3,499,0.253638984545311,0.2436974787868088,0.1220749644156255,0.3984583456863326,0.00672,41,14,LYS,P29320,-0.432,0.428,-0.0405953080627729,Non-essential,80.8,22.1,12.8,0.3083274451008726,504,0.2994311933216539,467,0.5087869205565536,790,0.6743,Kidney Clear Cell,4.395,0.84,0.4261144563524487,0.6290453074433657,918,0
OR4D5,754,0.2357331155001954,0.2605042014617612,0.0233180452316938,0.415120071153276,0.007001,16,8,LYS,Q8NGN0,-9.966,0.0,-0.0916733707652133,Non-essential,87.0,7.5,4.7,0.3082859996078589,505,0.2944519018694436,539,0.0405105103728502,2366,0.0,AML,0.0,0.006,0.029774884571807,0.04490291262135926,2362,0
OR10G4,739,0.2367503800348363,0.2605042014617612,0.0416511149770678,0.4001778831900385,0.006749,12,7,LYS,Q8NGN3,-9.966,0.0,0.0003390498112409,Non-essential,87.9,8.4,1.9,0.308233720053393,506,0.2953162758022464,527,0.0484863235940767,2283,0.0,AML,0.0,0.0,0.0273474006249195,0.05582524271844658,2335,0
CASD1,758,0.2351980438227811,0.2436974787868088,0.0543792503558437,0.4046842573376816,0.006825,40,11,LYS,Q96PB1,3.139,0.993,0.1125651199252915,Non-essential,87.8,6.9,2.6,0.3081599944987644,507,0.2958789570165566,515,0.214412671310717,1944,0.5824,AML,3.295,1.0,0.1701482290224563,0.21723300970873782,1936,0
SPPL2B,383,0.2642145682367135,0.201680672099428,0.208072117665665,0.4037355469908093,0.006809,20,21,LYS,Q8TCT7,4.629,1.0,-0.0134926103020386,Non-essential,76.1,30.4,17.7,0.3081401513989183,508,0.3035437572822016,414,0.6377893787091955,375,0.2693,AML,1.524,1.0,0.6482914491910294,0.8555825242718447,358,0
TACR1,423,0.2604122758010766,0.2352941174493327,0.1008318835995571,0.4534835458049214,0.007648,15,10,LYS,P25103,-2.388,0.152,-0.181605217209254,Non-essential,78.4,27.8,18.4,0.308131798458386,509,0.2981733926383639,480,0.4044914753581132,1254,0.2475,Low Grade Glioma,1.835,0.647,0.6203447594376168,0.6565533980582524,850,0
SLC8A2,430,0.2596945852095995,0.2436974787868088,0.1545342400759133,0.3861844055736732,0.006513,38,13,LYS,Q9UPR5,-2.727,0.18,0.0128722878490181,Non-essential,76.6,27.4,13.8,0.3080737789877797,510,0.3008004909915753,444,0.6258091346840646,413,1.3112,Pheochromocytoma,6.894,0.932,0.422702221852088,0.7111650485436893,715,0
SLC29A2,581,0.2475051647841564,0.3109243694866181,0.0716432073382887,0.3388081826267418,0.005714,17,4,LYS,Q14542,2.66,0.864,-0.2194539934046439,Non-essential,84.2,18.4,12.1,0.308036376811574,511,0.2966185371784884,507,0.3565598326486911,1472,0.5395,Ovarian,3.066,0.995,0.5438953569417416,0.5590614886731391,1091,0
OR2H1,677,0.2411129609099599,0.2605042014617612,0.0152206231219357,0.4411503112955826,0.00744,16,8,LYS,Q9GZK4,-9.966,0.001,-0.0417324708184949,Non-essential,86.2,12.3,3.8,0.307969204115996,512,0.2937302352720927,549,0.1900098439012388,2004,0.3892,Cholangiocarcinoma,4.954,0.111,0.0806079693715025,0.17597087378640774,2038,0
HTR5A,476,0.2549032186333411,0.2605042014617612,0.0776719911434445,0.4246664690186777,0.007162,12,9,LYS,P47898,-9.966,0.022,0.1011392741259573,Non-essential,79.6,23.8,15.7,0.3079610855521469,513,0.2968446851093191,503,0.3141495168402267,1648,0.2052,Thymoma,3.459,0.119,0.1612273018994937,0.2698220064724919,1806,0
ENTPD3,755,0.2354174191162018,0.2605042014617612,0.0522093942748695,0.3851764008301215,0.006496,18,15,LYS,O75355,0.276,0.529,0.0673010218906401,Non-essential,90.8,7.6,3.6,0.3079229192878642,514,0.2955333890016076,522,0.2472459560129176,1857,0.4547,Lung Squamous,2.549,0.944,0.3316442233030675,0.3381877022653722,1637,0
CATSPERD,675,0.2411869600919542,0.2605042014617612,0.0843080816068322,0.372309516750667,0.006279,43,13,LYS,Q86XM0,-9.966,0.042,-0.1682642995819251,Non-essential,86.2,12.5,6.1,0.3078308701009912,515,0.2970462741813328,500,0.3605474611972311,1459,0.9932,Uveal Melanoma,8.718,0.228,0.1057939687456851,0.28195792880258896,1776,0
KISS1R,401,0.2627391029810607,0.3193277308240944,0.0964542147714692,0.3535724873999407,0.005963,19,11,LYS,Q969F8,-2.932,0.158,-0.0203193457291302,Non-essential,75.3,31.7,21.4,0.3075713813312855,516,0.2973940920698589,492,0.5970180919184507,485,1.1139,Kidney Clear Cell,4.376,0.72,0.7467743962731969,0.8794498381877023,299,0
ANO5,601,0.2456778495266294,0.2100840334369042,0.1327660920449153,0.4060480284613104,0.006848,38,24,LYS,Q75V66,-1.47,0.292,-0.047671763903849,Non-essential,82.0,15.8,7.2,0.3074329418294729,517,0.2990712464317187,472,0.4105422328665551,1221,0.5063,Kidney Chromophobe,2.955,0.938,0.4036004936287446,0.5161812297734627,1197,0
MERTK,339,0.2692357861687532,0.201680672099428,0.1742906848015182,0.4542543729617551,0.007661,27,24,LYS,Q12866,2.428,0.949,-0.0749990106504081,Non-essential,72.2,35.3,26.8,0.3074244996756181,518,0.301139033915694,440,0.3885667797705628,1332,0.4434,AML,2.598,0.965,0.4475866214539426,0.520631067961165,1186,0
EFNA1,367,0.2656894290292526,0.3949579828613799,0.0160619958880278,0.3429587903943077,0.005784,12,3,LYS,P20827,6.412,1.0,-0.0016557509204904,Non-essential,79.1,35.6,15.1,0.3073904905720668,519,0.2931935903664682,554,0.7668499381738083,111,0.3519,Pancreatic,1.99,1.0,0.7363488943124507,0.9494336569579288,126,0
OR1L1,557,0.2495577868549298,0.2605042014617612,0.0752111339554009,0.4093092202786836,0.006903,15,10,LYS,Q8NH94,-9.966,0.0,-0.0009795437330649,Non-essential,81.4,20.0,15.3,0.3073065590701376,520,0.2960671157679076,514,0.1595197378299067,2057,0.0,AML,0.0,0.0,0.1612639300437586,0.1933656957928802,1995,0
ANPEP,809,0.2312970442275958,0.2184873947743803,0.0915325003953819,0.3881411206640972,0.006546,50,16,LYS,P15144,3.205,0.928,-0.0030168115343871,Non-essential,93.1,4.1,2.8,0.3072889934359029,521,0.2968656184556719,502,0.5511592742083223,624,0.5662,Sarcoma,3.525,0.909,0.6775302522438603,0.8240291262135923,436,0
OR2V2,620,0.2443403116906124,0.2605042014617612,0.0491032737624545,0.4180254965905721,0.00705,20,10,LYS,Q96R30,-9.966,0.0,-0.1193322400084621,Non-essential,82.4,15.9,3.5,0.307058663099873,522,0.2945138267879957,538,0.0852462051977988,2170,0.0,AML,0.0,0.0,0.0419747239842767,0.12661812297734631,2160,0
SLC6A9,528,0.25152151838388,0.2857142854741897,0.1434888502293215,0.3139638304180255,0.005295,26,14,LYS,P48067,2.511,0.918,-0.1040675414634899,Non-essential,81.1,22.4,17.7,0.3069631700778031,523,0.2991376125892692,470,0.5929663640040925,496,0.75,Sarcoma,4.455,0.952,0.5342029820846683,0.7682038834951457,574,0
LAMP3,232,0.2818788247131703,0.6386554616481888,0.0042131899414834,0.0838422769048324,0.001414,5,2,LYS,Q9UQV4,1.571,0.732,0.0190790526965127,Non-essential,67.7,53.6,41.8,0.306943278288445,524,0.2921539377855191,567,0.7823779097484099,92,1.3016,Esophageal,6.313,0.989,0.6456148805741251,0.9150485436893204,211,0
SLC6A12,701,0.2397161700801047,0.302521008149142,0.0713522062312193,0.3243403498369404,0.00547,25,18,LYS,P48065,0.03,0.505,-0.0256244608178001,Non-essential,87.5,12.9,10.3,0.3069054918692396,525,0.2954731021808006,523,0.3259238807258648,1607,0.3685,Ovarian,2.264,0.906,0.3197945601120519,0.3810679611650486,1531,0
LPAR2,422,0.2604585468010991,0.3361344534990467,0.0494259054246402,0.3705899792469611,0.00625,13,7,LYS,Q9HBW0,3.903,0.981,,No data,85.6,15.8,6.6,0.3068510298925666,526,0.3093223251637986,334,0.4322428549919807,1117,0.6432,Cholangiocarcinoma,3.638,1.0,0.3916180363905151,0.5303398058252426,1162,0
OR10J4,388,0.2638669351607375,0.2605042014617612,0.060471295271232,0.4717462199822116,0.007956,13,14,LYS,P0C629,-9.966,0.0,,No data,82.7,17.4,3.5,0.3068308493249773,527,0.3098544140885389,330,0.0643962144599781,2225,0.0,AML,0.0,0.0,0.0461329334403435,0.11771844660194175,2182,0
SLC15A5,224,0.2824747484892608,0.2605042014617612,0.1193547366756286,0.4748888230062259,0.008009,25,16,LYS,A6NIM6,-9.966,0.001,,No data,76.3,33.0,14.2,0.30673736043208,528,0.3127050972658614,306,0.1850122039707794,2016,0.0005,Low Grade Glioma,0.258,0.002,0.0690659661400483,0.1670711974110033,2060,0
S1PR3,457,0.2569472150671543,0.252100840124285,0.0495587537561284,0.4707975096353393,0.00794,16,9,LYS,Q99500,2.311,0.909,-0.0261363219821933,Non-essential,79.3,26.7,17.7,0.3066243598913667,529,0.294102297579173,546,0.4635613675052883,985,0.6081,Sarcoma,3.481,0.988,0.622039665032483,0.7168284789644013,701,0
OR2L8,570,0.2484287729663216,0.2605042014617612,0.0199209236122093,0.4608360509931811,0.007772,14,6,LYS,Q8NGY9,-9.966,0.0,,No data,91.0,4.8,1.9,0.306565714162964,530,0.3075617603435744,363,0.0643076695450518,2226,0.3849,AML,6.658,0.058,0.036607555818955,0.10194174757281549,2221,0
OR1F1,712,0.238814718534478,0.2605042014617612,0.0444409299383204,0.4042691965609249,0.006818,16,4,LYS,O43749,-9.966,0.011,0.0218196652737747,Non-essential,85.9,11.9,2.2,0.3064540021364277,531,0.2936760486333438,550,0.1067192322104512,2138,0.098,Uterine,4.954,0.04,0.0252915291837385,0.08940129449838186,2252,0
SLC36A1,670,0.241443180529447,0.2605042014617612,0.0926332437134271,0.3648384227690482,0.006153,17,12,LYS,Q7Z2H8,1.911,0.937,-0.0286261155346715,Non-essential,84.9,14.1,12.0,0.3064443871322352,532,0.2960760493179066,513,0.2193153106216689,1935,0.3223,AML,1.823,1.0,0.2072967099611818,0.23422330097087374,1894,0
CX3CR1,533,0.2513071633692575,0.3193277308240944,0.0094891665348726,0.40243107026386,0.006787,15,2,LYS,P49238,-0.028,0.497,0.0802737583714241,Non-essential,80.5,23.4,10.7,0.3063447649881162,533,0.2918192233148597,570,0.4518713311342636,1033,1.1003,AML,6.243,0.965,0.3659223305197688,0.5271035598705502,1170,0
GLRA2,591,0.2463988571005036,0.2605042014617612,0.0030744899572987,0.4709160984286984,0.007942,16,2,LYS,P23416,-9.966,0.04,0.0945735797962273,Non-essential,83.8,18.4,12.2,0.3062741176081157,534,0.2914278421059806,573,0.1083786215890281,2134,0.1297,Melanoma,3.459,0.075,0.0460001399290048,0.13754045307443363,2133,0
THY1,504,0.2531904398127375,0.4117647055363322,0.003694448837577,0.2912540764897717,0.004912,3,4,LYS,P04216,6.036,1.0,-0.0010265484219543,Non-essential,82.7,26.7,2.5,0.3061547782695534,535,0.2913395007114323,576,0.8243101473789567,48,1.2325,Sarcoma,6.972,1.0,0.7253198543223932,0.9550970873786407,112,0
SLC39A6,181,0.290025217242801,0.3613445375114751,0.0663988613000158,0.4185591461606878,0.007059,24,12,LYS,Q13433,5.024,0.999,0.0027151181626495,Non-essential,60.4,56.6,46.1,0.3061100899941922,536,0.2944300330591929,540,0.5391094141918374,665,0.6247,Cholangiocarcinoma,3.534,1.0,0.5596362541401643,0.7520226537216829,614,0
SDC1,101,0.3131497199132151,0.7815126043852836,0.0018155938636723,0.0,0.0,2,0,,P18827,6.443,0.972,-0.2234576785703907,Non-essential,55.2,82.9,48.4,0.3060833100007673,537,0.2911740896939509,579,0.7219293637410644,179,1.2806,Sarcoma,7.361,0.984,0.855159321206865,0.9656148867313916,86,0
S1PR2,567,0.2487076848314005,0.2857142854741897,0.0677589751700142,0.3803142603024014,0.006414,17,10,LYS,O95136,1.82,0.945,0.0815269505300411,Non-essential,82.6,21.0,13.3,0.3060183087840703,538,0.294406257542571,542,0.3492242829089996,1512,0.8533,Sarcoma,4.866,0.992,0.3804173816959064,0.4372977346278317,1392,0
MUC13,222,0.2829720327145749,0.3193277308240944,0.1513269017871263,0.3661428994959976,0.006175,10,29,LYS,Q9H3R2,-2.932,0.295,0.1050141172133647,Non-essential,67.1,50.2,33.2,0.305932156109214,539,0.2984985011985703,477,0.8502938713531577,32,2.0502,Stomach,6.579,0.985,0.8349861077614675,0.9834142394822006,42,0
GRM3,695,0.2398738240216503,0.2436974787868088,0.0444092993832041,0.430240142306552,0.007256,44,10,LYS,Q14832,-5.574,0.074,0.0141484853608516,Non-essential,85.3,13.2,6.4,0.3057564779978221,540,0.2929769429669823,557,0.1298151892035068,2097,0.0151,Cholangiocarcinoma,1.214,0.028,0.1547033740321629,0.18648867313915862,2012,0
TLR6,744,0.2363409323444541,0.2689075627992374,0.0503684959671042,0.378891194782093,0.00639,50,9,LYS,Q9Y2C9,-0.783,0.309,0.0339811885201554,Non-essential,85.8,10.7,5.0,0.3057325696670324,541,0.2932509944653876,552,0.2307196367313581,1905,0.2776,AML,1.614,0.942,0.2548647478652504,0.27103559870550165,1803,0
SLC34A1,402,0.2626441024437939,0.302521008149142,0.0418788549739047,0.430240142306552,0.007256,27,10,LYS,Q06495,-5.574,0.033,-0.0046164534322411,Non-essential,72.1,33.2,23.8,0.3057121021723139,542,0.2928060449210091,561,0.2448317039958113,1867,0.0607,Uterine Carcinosarcoma,3.459,0.035,0.0906719748117636,0.20064724919093846,1977,0
TIE1,600,0.245679258696295,0.1932773107619518,0.1635995571722283,0.3976282241328194,0.006706,45,18,LYS,P35590,2.755,0.975,-0.1741876896053633,Non-essential,80.8,17.3,8.8,0.3056540040929451,543,0.2988339819515564,474,0.539069867774966,666,0.6768,AML,4.246,0.902,0.8566262152040011,0.8701456310679612,322,0
SCN4A,405,0.2623412289605194,0.2352941174493327,0.1515546417839633,0.4091906314853246,0.006901,109,20,LYS,P35499,-3.626,0.114,0.0353982004944057,Non-essential,72.4,32.0,18.0,0.3055392594245884,544,0.2981169915137865,481,0.4264998987825124,1145,0.1849,Kidney Clear Cell,2.047,0.452,0.4763407599696402,0.584546925566343,1028,0
OR1L8,798,0.232222648838852,0.2605042014617612,0.045117823817808,0.3816187370293507,0.006436,15,8,LYS,Q8NGR8,-5.012,0.005,0.0151331478936759,Non-essential,86.5,7.4,2.6,0.3054606107234061,545,0.2927165019142965,562,0.1465667133557976,2077,0.5017,Kidney Chromophobe,4.358,0.431,0.2175843802995308,0.21561488673139162,1940,0
LRRC25,267,0.2771901591965444,0.3361344534990467,0.0081923137751067,0.4675956122146457,0.007886,9,2,LYS,Q8N386,1.465,0.84,0.0205404146923876,Non-essential,70.3,46.2,28.9,0.3053940402221045,546,0.2908036559108597,586,0.4900026441518729,872,0.7818,Glioblastoma,4.536,0.975,0.6468539800085803,0.7580906148867314,599,0
SCN10A,312,0.2720434807337047,0.2605042014617612,0.1235995571722283,0.4358731099911058,0.007351,115,11,LYS,Q9Y5Y9,-9.966,0.0,-0.0012681093291684,Non-essential,67.3,40.8,25.0,0.30524463730245,547,0.2964246151610614,511,0.1540357720930091,2067,0.0,AML,0.0,0.0,0.0600946915389509,0.15372168284789645,2093,0
FGFRL1,316,0.2715876935307258,0.2605042014617612,0.0664621224102482,0.4914912540764897,0.008289,13,11,LYS,Q8N441,3.756,0.973,0.02655082346939,Non-essential,71.3,40.5,25.4,0.3051648146333009,548,0.2934879207538133,551,0.4364047066977405,1108,0.3235,AML,1.841,0.994,0.3057833629209405,0.4716828478964401,1307,0
ATRNL1,593,0.2461089080651043,0.2436974787868088,0.1050387474300174,0.3903943077379187,0.006584,50,15,LYS,Q5VV63,-1.47,0.312,0.1701620262973495,Non-essential,80.5,19.0,10.3,0.3051523813673671,549,0.2954043187388679,524,0.4668653356754579,959,0.2974,Melanoma,3.025,0.53,0.5684953134750177,0.691747572815534,763,0
KCNA3,328,0.2704317851827104,0.2689075627992374,0.110580420686383,0.4323154461903349,0.007291,17,11,LYS,P22001,-2.178,0.158,-0.1617573930150826,Non-essential,72.0,39.7,34.1,0.3051416136989126,550,0.2956706347332317,521,0.5536819096822287,611,1.4095,AML,7.4,0.873,0.7050164430181604,0.8381877022653722,401,0
FPR2,665,0.2417344548990057,0.2605042014617612,0.0165807369919342,0.4418618440557367,0.007452,15,6,LYS,P25090,-2.178,0.178,0.0529505968000809,Non-essential,84.8,15.7,12.0,0.3050871157735341,551,0.2909161526231308,583,0.229989406572864,1908,0.2726,Glioblastoma,3.157,0.44,0.3144732191410898,0.3118932038834952,1702,0
GABRQ,268,0.2771480401546373,0.3277310921615705,0.039772260003163,0.4470797509635339,0.00754,23,6,LYS,Q9UN88,-3.626,0.192,0.0523891724222879,Non-essential,66.4,46.4,38.0,0.3050188849982239,552,0.292007497998382,569,0.5077241400103979,794,1.4409,Lung Squamous,9.716,0.445,0.6117888663084385,0.7536407766990292,610,0
CEACAM6,753,0.2358065014962236,0.5882352936233318,0.0012335916495334,0.0004743551734361,8e-06,5,1,TYR,P40199,1.148,0.563,-0.2329285364794533,Non-essential,88.2,16.3,12.2,0.3050093394739085,553,0.2900710190563851,593,0.7535499707468147,128,2.1227,Stomach,9.107,0.961,0.8338591880815375,0.9696601941747572,76,0
ADAM7,436,0.2590291853263572,0.2605042014617612,0.0489704254309663,0.4671212570412095,0.007878,40,8,LYS,Q9H2U9,-9.966,0.014,0.0037602161024491,Non-essential,74.9,30.2,21.0,0.3049993911296603,554,0.2924479124012087,564,0.3034599732910299,1678,0.9185,Prostate,7.331,0.177,0.1479602898306788,0.25647249190938515,1839,0
PLXNB2,708,0.2391063974491353,0.2941176468116659,0.0543159892456112,0.3505484731692854,0.005912,108,9,LYS,O15031,6.736,1.0,0.098413570252795,Non-essential,82.5,14.2,4.4,0.3049572919878072,555,0.2926730914500878,563,0.6769437568868831,274,0.6856,Sarcoma,3.878,1.0,0.6024444312515896,0.8531553398058253,364,0
DISP2,330,0.2701728610458664,0.3109243694866181,0.1068227107385734,0.3791876667654906,0.006395,61,11,LYS,A7MBM2,0.023,0.505,-0.0606914604098341,Non-essential,67.5,40.4,34.5,0.3049261236963323,556,0.295267259233261,529,0.5526962058403112,617,1.2231,Pheochromocytoma,6.737,0.994,0.3750662839587919,0.6302588996763754,915,0
IL1R2,606,0.2453510768661251,0.2352941174493327,0.0107227581844061,0.4933886747702342,0.008321,12,3,LYS,P27930,0.986,0.663,0.0260914697992076,Non-essential,83.8,18.6,11.1,0.3047807993459265,557,0.2903169372551468,591,0.4165146535816986,1194,0.6887,Pancreatic,3.946,0.972,0.5517067574779679,0.6286407766990292,919,0
OR9A2,740,0.2367087284172213,0.2605042014617612,0.0648742685434129,0.3768158908983101,0.006355,20,13,LYS,Q8NGT5,-9.966,0.0,-0.0514540834696508,Non-essential,85.3,11.9,2.3,0.3046990103720471,558,0.2929427237992178,558,0.0443199129266023,2309,0.0,AML,0.0,0.006,0.037331478287471,0.08616504854368934,2260,0
ITGB6,736,0.2369165734964534,0.4621848735611892,0.0680499762770836,0.1054254372961755,0.001778,26,14,LYS,P18564,2.833,0.786,-0.0270743238056268,Non-essential,82.9,15.6,5.2,0.304533559139731,559,0.2929360579535852,559,0.820952401708184,51,1.0046,Cervical,5.504,0.983,0.71405667242053,0.9514563106796117,121,1
OR10X1,487,0.2542594609721567,0.2605042014617612,0.0404238494385576,0.4597687518529498,0.007754,15,6,LYS,Q8NGY0,-9.966,0.0,,No data,86.8,12.0,7.4,0.3042246208344932,560,0.3062458133064211,380,0.0273568637554612,2444,0.0,AML,0.0,0.0,0.0169705479523702,0.0020226537216828655,2468,0
SLC43A3,673,0.241341063680788,0.2352941174493327,0.0426569666297643,0.4480877557070856,0.007557,26,6,LYS,Q8NBI5,4.515,0.997,-0.0612087395779965,Non-essential,82.7,15.9,11.4,0.3041391216914789,561,0.2912719700229671,578,0.4372218970753313,1101,0.5708,Glioblastoma,3.229,1.0,0.3080167936294679,0.4761326860841424,1296,0
CD300LD,438,0.2588166521901154,0.2605042014617612,0.0013601138699984,0.5140231248147049,0.008669,4,2,LYS,Q6UXZ3,-9.966,0.002,0.0892809061981926,Non-essential,80.4,30.9,15.5,0.3041222801827922,562,0.2891902858762921,612,0.2210815979264769,1929,0.8117,Mesothelioma,6.658,0.172,0.0828150211604568,0.18810679611650483,2008,0
OR4C3,849,0.2265103922706941,0.2605042014617612,0.0149296220148663,0.3927660836050992,0.006624,21,4,LYS,Q8NH37,-9.966,0.0,-0.0605669746368184,Non-essential,89.8,4.0,1.0,0.3041003969166078,563,0.2898468780173511,597,0.0251463507230205,2472,0.0,AML,0.0,0.0,0.0232175932841359,0.005258899676375384,2460,0
OR2T11,622,0.2442059250619818,0.2605042014617612,0.021439190257789,0.445241624666469,0.007509,12,9,LYS,Q8NH01,-9.966,0.0,,No data,88.6,3.8,1.3,0.3040466742426809,564,0.3051186337555703,395,0.0373968526502014,2386,0.0,AML,0.0,0.0,0.0278730412975733,0.03357605177993528,2390,0
CLDN1,730,0.2375994807789602,0.5882352936233318,0.0035932310612051,0.0040913133708864,6.9e-05,3,2,SER,O95832,4.328,0.86,0.0282073965553469,Non-essential,84.7,19.0,3.3,0.303803488876189,565,0.2889831504292492,617,0.8467162039930054,34,1.1921,Cervical,6.689,0.976,0.7965646663523847,0.9777508090614887,56,0
OR1J4,795,0.232499524882195,0.2605042014617612,0.0392218883441404,0.3884375926474948,0.006551,21,7,LYS,Q8NGS1,-9.966,0.001,-0.0342044354544892,Non-essential,87.4,9.3,3.5,0.3037913407595252,566,0.2907524351767322,587,0.0661172937273348,2214,0.0321,Stomach,4.392,0.007,0.0347582344780956,0.10032362459546929,2225,0
TMEM63A,397,0.2629924073325473,0.2100840334369042,0.0727819073224735,0.5237474058701452,0.008833,50,15,LYS,O94886,4.391,0.996,-0.0854446265833999,Non-essential,74.1,34.0,18.5,0.3036617400010711,567,0.2923008353671948,566,0.5330735836390822,691,0.2912,AML,1.647,1.0,0.6504640508031704,0.7953074433656958,507,0
HTR1F,681,0.2407710482066348,0.2605042014617612,0.0567135853234224,0.3985176400830121,0.006721,17,8,LYS,P30939,-4.035,0.027,-0.0103258172467667,Non-essential,83.4,16.4,6.8,0.3035842768632251,568,0.2914199561293962,574,0.2799139450542487,1756,0.9339,AML,5.927,0.59,0.2616241781949988,0.3042071197411004,1721,0
HTR1A,485,0.2543168528467425,0.2605042014617612,0.1130729084295429,0.387310999110584,0.006532,15,8,LYS,P08908,-9.966,0.02,-0.0121029210227213,Non-essential,77.8,27.7,22.7,0.3035724473966482,569,0.2942260928181253,545,0.3173849041789455,1635,0.2882,Low Grade Glioma,1.543,0.323,0.2417323657405681,0.316747572815534,1690,0
IGSF9,357,0.2672034056906863,0.6470588229856649,0.0241973746639253,0.0037355469908093,6.3e-05,24,2,SER,Q9P2J2,2.484,0.736,-0.0026048116280658,Non-essential,66.2,45.0,39.3,0.3034538184586663,570,0.2896636871918626,600,0.6842638487227249,256,1.3203,Esophageal,6.77,0.994,0.2706560418925347,0.6359223300970873,901,0
CSPG4,527,0.2515249549457204,0.1932773107619518,0.1269334176814803,0.4537800177883189,0.007653,108,8,LYS,Q6UVK1,1.926,0.869,-0.1425826309745821,Non-essential,74.8,24.4,9.2,0.3034254176341329,571,0.2947720885182069,535,0.6355098860297117,381,0.6346,Melanoma,3.566,0.991,0.7129957569174913,0.8875404530744336,279,0
SLC26A5,698,0.2397400004685607,0.252100840124285,0.0462185671358532,0.4167803142603023,0.007029,37,9,LYS,P58743,-4.608,0.026,-0.0604562307196051,Non-essential,83.7,15.6,7.9,0.3033850143925386,572,0.2906959427493313,589,0.1280007645897054,2101,0.0114,Esophageal,1.156,0.039,0.1264458820918031,0.17435275080906154,2042,0
NEO1,380,0.2646318434234004,0.302521008149142,0.1102894195793136,0.3684553809664986,0.006214,34,15,LYS,Q92859,4.345,0.992,-0.0480613941455584,Non-essential,68.0,37.2,28.9,0.3033685529886527,573,0.2938830239676184,547,0.44526403831451,1062,0.5953,Cholangiocarcinoma,3.367,1.0,0.3026884581692021,0.47896440129449835,1289,0
SLC44A3,689,0.2403793013305323,0.3865546215239037,0.0504001265222204,0.2354580492143492,0.003971,31,6,LYS,Q8N4M1,3.077,0.955,-0.221446233982475,Non-essential,81.3,18.4,6.1,0.3033586614675087,574,0.2908786677936197,584,0.6807794554500668,261,0.9892,Cholangiocarcinoma,5.479,0.972,0.7412554157991228,0.9243527508090614,188,0
OR51B6,857,0.2257137473413989,0.2605042014617612,0.0518235015024513,0.3532167210198635,0.005957,14,4,LYS,Q9H340,-9.966,0.0,-0.0355800791505921,Non-essential,89.6,4.2,2.9,0.3032365261421951,575,0.2908277012173176,585,0.0500768541434435,2277,-0.0,AML,-3.956,0.0,0.0225631632530875,0.04085760517799353,2372,0
SLC8A1,462,0.2564411795914296,0.2436974787868088,0.1830017396805314,0.3468722205751556,0.00585,41,16,LYS,P32418,0.228,0.542,0.050136350816403,Non-essential,74.7,29.6,19.3,0.3031626076393048,576,0.2973126946233314,495,0.4660889952537884,965,0.5077,Sarcoma,3.957,0.714,0.4081166567328551,0.5784789644012944,1043,0
OR1J2,814,0.230878416827183,0.2605042014617612,0.035597026727819,0.3866587607471093,0.006521,16,5,LYS,Q8NGS2,-9.966,0.0,0.102888024001296,Non-essential,88.2,8.6,2.9,0.3031404173803484,577,0.2899202687167395,596,0.044356664070815,2308,0.0,AML,0.0,0.006,0.0249763717886219,0.04126213592233008,2371,0
TAAR2,790,0.2330175056524492,0.2605042014617612,0.0280816068321999,0.4013044767269492,0.006768,17,6,LYS,Q9P1P5,-9.966,0.0,-0.0095558901787681,Non-essential,88.2,10.5,5.1,0.3030229914014037,578,0.2894270717430137,608,0.0265996302632571,2455,0.0,AML,0.0,0.0,0.0247519251350662,0.008495145631068013,2452,0
OR4X2,566,0.2487312368440261,0.2605042014617612,0.1081511940534556,0.3736139934776163,0.006301,12,11,LYS,Q8NGF9,-9.966,0.0,,No data,85.0,8.6,0.3,0.3030177673943843,579,0.3084253270970571,347,0.049740401183882,2279,0.0,AML,0.0,0.0,0.0307904540430485,0.07160194174757284,2296,0
INSR,530,0.2514533549152711,0.2605042014617612,0.0868068954610153,0.4040320189742069,0.006814,55,11,LYS,P06213,3.383,0.994,-0.057665725220476,Non-essential,77.6,25.9,16.4,0.3029861991204219,580,0.2923265438934727,565,0.5035756003596449,807,0.8721,AML,4.934,1.0,0.4079758293020659,0.61084142394822,963,0
ALK,319,0.2711192415397521,0.2605042014617612,0.1933322789814961,0.3630595908686628,0.006123,77,22,LYS,Q9UM73,-3.308,0.132,-0.0840281647441892,Non-essential,68.2,42.4,27.1,0.3028744379741561,581,0.2975410519232309,490,0.4826198971496733,894,0.8528,Uveal Melanoma,4.583,0.671,0.5003324857821122,0.6589805825242718,844,0
CLEC1B,743,0.2363495450369447,0.2605042014617612,0.0052127154831567,0.4352801660243107,0.007341,9,5,LYS,Q9P126,-5.012,0.012,0.1067835304165064,Non-essential,88.2,13.5,4.8,0.3027996908884833,582,0.2880603266626411,628,0.3829892418641503,1356,2.894,AML,8.281,0.988,0.1678215621204863,0.3365695792880259,1641,0
IL3RA,610,0.2451126069082728,0.2436974787868088,0.0153851020085402,0.4767269493032908,0.00804,7,3,LYS,P26951,2.039,0.956,0.130637332986914,Non-essential,85.3,20.6,8.7,0.3027221304033408,583,0.2884913855037678,621,0.2502949833647032,1847,1.0328,AML,5.751,1.0,0.1917638880321857,0.24555016181229772,1866,0
IL17RE,363,0.2662787452477044,0.2689075627992374,0.022381780800253,0.5066706196264453,0.008545,48,5,LYS,Q8NFR9,2.414,0.864,-0.0197603535237699,Non-essential,68.6,38.7,29.1,0.3026807470864077,584,0.2887998361264203,618,0.3297571346106345,1592,0.5045,Cholangiocarcinoma,2.936,0.972,0.2025194454003245,0.30339805825242716,1723,0
OR4F4,664,0.2418122660645917,0.2605042014617612,0.0168401075438873,0.4418618440557367,0.007452,11,4,LYS,Q96R69,-9.966,0.0,,No data,91.1,3.3,0.7,0.3025519584115224,585,0.3033939637887168,415,0.0256425961577716,2471,0.0,AML,0.0,0.0,0.0186643048044243,0.0,2473,0
GPR141,661,0.2419867347812479,0.3109243694866181,0.0458959354736675,0.3461606878150015,0.005838,17,10,LYS,Q7Z602,-1.086,0.288,0.178818354221575,Non-essential,81.6,19.3,4.3,0.3025376851424836,586,0.2898324819161669,598,0.5764699796397703,547,1.6057,AML,7.532,0.977,0.6996720929298866,0.8454692556634305,383,0
SLC5A7,752,0.2358429355156273,0.2268907561118565,0.0418788549739047,0.4417432552623777,0.00745,26,11,LYS,Q9GZV3,-9.966,0.034,0.0113444597450108,Non-essential,84.3,12.9,8.8,0.3024172921982204,587,0.2895112349469156,604,0.1014166336888869,2146,0.0598,Testicular,0.632,0.299,0.1481797503391155,0.17516181229773464,2040,0
F2RL1,714,0.2386354275523542,0.5630252096109033,0.0422014866360904,0.002549659057219,4.3e-05,16,3,SER,P55085,3.075,0.873,0.0557583971288586,Non-essential,82.1,20.9,13.1,0.3023466097871435,588,0.289456684118948,606,0.6837714400080489,257,1.2371,Esophageal,6.814,0.994,0.5932801026906601,0.8519417475728155,367,0
UNC5B,542,0.2504379054934846,0.3613445375114751,0.0300237229163371,0.3229765787133115,0.005447,29,7,LYS,Q8IZJ1,3.089,0.956,-0.1167845083191654,Non-essential,76.6,27.5,22.2,0.3022206635364284,589,0.2887218496822453,619,0.4924439516819873,861,0.7997,Sarcoma,4.542,0.98,0.4292500421730568,0.6124595469255664,959,0
SLC16A4,645,0.243202817754435,0.2773109241367135,0.098206547524909,0.3427216128075896,0.00578,14,13,LYS,O15374,1.524,0.751,-0.1409284998452163,Non-essential,79.7,20.1,17.0,0.3021908635309743,590,0.2921011909072198,568,0.5525059854832635,618,0.7533,Pancreatic,4.517,0.944,0.6899508278357506,0.8296925566343042,422,0
CXCR4,672,0.2413602431440067,0.4201680668738084,0.064292266329274,0.1800177883190038,0.003036,12,8,LYS,P61073,5.168,0.999,0.0365579987655126,Non-essential,82.3,21.0,12.8,0.3021363370679024,591,0.2903509503843661,590,0.8745971739856063,21,0.9573,AML,5.416,1.0,0.8314835909112578,0.9846278317152104,39,1
GPR151,473,0.2554623817674368,0.2605042014617612,0.0506594970741736,0.4535428402016009,0.007649,15,4,LYS,Q8TDV0,-9.966,0.001,-0.0324808351228626,Non-essential,78.1,30.1,20.3,0.30212705483056,592,0.2896600296842687,601,0.1252578728420004,2106,0.0098,Testicular,0.718,0.014,0.1051906907458259,0.16585760517799353,2063,0
PROCR,671,0.2414386961738418,0.2605042014617612,0.060243555274395,0.3972131633560628,0.006699,6,6,LYS,Q9UNN8,3.584,0.988,-0.0776143565073288,Non-essential,86.5,18.5,11.8,0.3020406501692309,593,0.2900528279329506,594,0.3995946166986651,1271,0.671,Mesothelioma,3.796,1.0,0.6393385743799892,0.6662621359223301,826,0
ANO2,453,0.2576982934329051,0.2184873947743803,0.2015941799778586,0.3660836050993181,0.006174,43,20,LYS,Q9NQ90,-1.149,0.236,-0.0698346559787963,Non-essential,73.6,31.4,18.9,0.3019900344403273,594,0.2970697434392202,499,0.3821172691285306,1361,0.1449,Kidney Clear Cell,1.19,0.667,0.3681737820661979,0.4546925566343042,1349,0
PSEN1,377,0.2648475281250627,0.3277310921615705,0.0905582792978016,0.3552920249036466,0.005992,21,5,LYS,P49768,4.881,1.0,-0.0549934651135261,Non-essential,72.1,39.2,27.0,0.3019684583069117,595,0.2914963722718018,572,0.4493227848303934,1047,0.439,Pancreatic,2.483,1.0,0.3844296316983141,0.5453074433656958,1125,0
ZDHHC5,155,0.2965682110993607,0.3277310921615705,0.0808476988771152,0.4707382152386599,0.007939,12,10,LYS,Q9C0B5,5.2,1.0,-0.0141194393966909,Non-essential,58.8,65.7,56.1,0.3019023607854935,596,0.2909447457293492,582,0.451769808150763,1034,0.3691,Pancreatic,2.088,1.0,0.4224818742668568,0.5716019417475728,1060,0
OR5W2,871,0.2243724934594938,0.2605042014617612,0.022508303020718,0.3780610732285798,0.006376,11,6,LYS,Q8NH69,-9.966,0.0,0.0211498495020601,Non-essential,91.0,4.5,1.0,0.3018188145739409,597,0.2879442297249768,630,0.0267774825786524,2449,0.0,AML,0.0,0.0,0.0210182741679711,0.005258899676375384,2460,0
KCNJ4,501,0.2535517240201347,0.252100840124285,0.1795982919500237,0.3294396679513786,0.005556,15,16,LYS,P48050,-5.012,0.134,-0.200918919975274,Non-essential,78.8,28.8,21.8,0.3016947840188503,598,0.2956746986163515,520,0.5852491882160468,525,1.0834,Thymoma,5.972,0.602,0.9106349683351296,0.9057443365695793,234,0
EMB,536,0.2512057101663414,0.3445378148365229,0.003820971058042,0.3741476430477319,0.00631,8,1,LYS,Q6PCB8,2.828,0.888,-0.0359568170506026,Non-essential,77.5,28.4,20.5,0.3016803887192265,599,0.2868714372721286,645,0.6240175243826348,419,1.3975,AML,7.781,1.0,0.5915735388147715,0.8207928802588997,444,0
PTPRN,272,0.2768867720097985,0.2689075627992374,0.0299920923612209,0.5344203972724577,0.009013,30,3,LYS,Q16849,-1.392,0.298,0.0427808256330878,Non-essential,65.5,48.6,39.8,0.3016207693881527,600,0.2881203740062138,626,0.8157436088599569,57,1.531,Pheochromocytoma,7.851,0.994,0.8236050461864551,0.9785598705501618,54,0
LRP5,633,0.2438143284214421,0.3193277308240944,0.0579788075280721,0.3289653127779424,0.005548,57,4,LYS,O75197,4.902,0.998,-0.1695733490946823,Non-essential,77.9,21.9,16.8,0.3016007358649366,601,0.2894996762413402,605,0.5030521052735254,809,0.4386,AML,2.54,0.977,0.6287404877637182,0.7621359223300971,589,0
OR4Q2,649,0.2430821601763148,0.2605042014617612,0.0138984659180768,0.4490364660539578,0.007573,15,5,LYS,P0C623,-9.966,0.0,,No data,87.8,5.4,3.5,0.3015102035046251,602,0.3022051268005289,427,0.0256479536646616,2469,0.0,AML,0.0,0.0,0.0210976280198248,0.0024271844660194164,2467,0
SLC18A2,565,0.2487387631923793,0.2436974787868088,0.0618630396963466,0.4423361992291728,0.00746,21,10,LYS,Q05940,-2.548,0.159,0.0269325941168422,Non-essential,77.7,24.9,18.7,0.3014439273067629,603,0.2895370792915802,602,0.6952565338901415,237,2.1844,Pheochromocytoma,10.887,0.983,0.7395959078289133,0.9263754045307443,183,0
ATP1A4,840,0.2273748632208919,0.2436974787868088,0.0744330222995413,0.3585532167210198,0.006047,46,12,LYS,Q13733,-3.816,0.116,-0.0596261600323457,Non-essential,87.5,7.1,2.3,0.3014406773305234,604,0.2901623284455004,592,0.2998440225692886,1690,0.5567,DLBCL,3.48,0.66,0.3984941597602219,0.4150485436893204,1447,0
OR6C4,848,0.2265241441069988,0.2605042014617612,0.0584975486319784,0.3492439964423361,0.00589,15,10,LYS,Q8NGE1,-9.966,0.0,-0.0708232937067096,Non-essential,89.5,6.8,1.6,0.301311856780195,605,0.2892367342117939,611,0.0296007730926447,2432,0.0,AML,0.0,0.0,0.0263056728492348,0.021844660194174748,2419,0
OR7G2,1082,0.2050075971208314,0.2605042014617612,0.0143476198007275,0.3216721019863622,0.005425,22,8,LYS,Q8NG99,-9.966,0.001,-0.3412515978564129,Context-dependent,85.8,9.0,4.9,0.3011814009583888,606,0.2668987819484252,906,0.0405850165733681,2364,0.0423,Ovarian,4.392,0.01,0.0821525127694335,0.11165048543689315,2197,0
OR9I1,851,0.2262283825685629,0.2605042014617612,0.0657535979756444,0.3410020753038837,0.005751,16,12,LYS,Q8NGQ6,-9.966,0.0,-0.0417804494168727,Non-essential,89.6,6.7,1.0,0.3011653888314984,607,0.2894530687302806,607,0.0314145001631741,2425,0.0,AML,0.0,0.0,0.0343589612740942,0.044093851132686046,2364,0
SLC9A6,410,0.2620847127049096,0.2605042014617612,0.1030333702356476,0.4232434034983693,0.007138,38,11,LYS,Q92581,2.549,0.984,0.1097624452361851,Non-essential,70.6,36.8,22.8,0.3009456639451207,608,0.291097332456903,580,0.3423808318651343,1541,0.3873,Pancreatic,2.203,0.994,0.2206925157391246,0.32483818770226536,1670,0
CDH8,559,0.2494237179845196,0.2689075627992374,0.0223501502451368,0.4505188259709456,0.007598,17,3,LYS,P55286,-2.114,0.222,0.1506752341129036,Non-essential,77.3,26.5,20.3,0.3008348910337537,609,0.2869523985460105,643,0.3626704923672732,1446,0.5425,Lung Squamous,3.6,0.707,0.2533139283191012,0.3681229773462783,1563,0
GPRC5A,541,0.2504526893658124,0.4873949575736176,0.0092930570931519,0.1756892973613993,0.002963,13,2,LYS,Q8NFJ5,4.477,0.822,0.036872500195193,Non-essential,77.9,31.1,14.6,0.3007338237644039,610,0.2861984766190615,652,0.8731818165448515,23,1.2827,Pancreatic,7.192,0.96,0.8734365247956496,0.9931229773462783,18,0
ADAM9,548,0.2501397410030229,0.3193277308240944,0.0671453424007591,0.3408834865105247,0.005749,32,12,LYS,Q13443,5.154,0.995,0.0070061487272228,Non-essential,76.2,28.1,20.3,0.300671913016254,611,0.2890291801362919,616,0.5982184601725471,483,0.6991,Cholangiocarcinoma,3.955,1.0,0.6240864592898114,0.8240291262135923,436,0
OR2D3,808,0.2313497743655024,0.2605042014617612,0.029637830143919,0.3941891491254076,0.006648,19,8,LYS,Q8NGH3,-9.966,0.0,0.0612794913319366,Non-essential,86.9,11.5,7.0,0.3006332153289481,612,0.287115106836144,640,0.0403039507959267,2369,0.0,AML,0.0,0.029,0.0270111803299457,0.03478964401294493,2387,0
QSOX2,579,0.2478378769660745,0.2773109241367135,0.0748189150719595,0.3815594426326711,0.006435,27,12,LYS,Q6ZRP7,2.687,0.997,-0.0822955072882075,Non-essential,79.3,25.6,21.1,0.3005534128740074,613,0.2892943586276054,610,0.3913214507309005,1318,0.277,Sarcoma,1.567,1.0,0.3910000694288684,0.4838187702265372,1277,0
SLC44A2,813,0.2310371910068117,0.2689075627992374,0.0470978965680847,0.3644826563889712,0.006147,34,8,LYS,Q8IWA5,6.347,1.0,-0.0797925284703726,Non-essential,83.5,11.5,3.1,0.3005127852189971,614,0.2878676800474013,631,0.6446809219509804,356,0.7256,Cholangiocarcinoma,4.105,1.0,0.7007602420160117,0.8871359223300971,280,0
PTPRA,613,0.2449400032426132,0.2689075627992374,0.0461236754705045,0.4117995849392232,0.006945,34,7,LYS,P18433,5.225,1.0,0.0386206049261059,Non-essential,81.5,23.1,21.8,0.300498462082165,615,0.2878046458556902,633,0.4847670248427354,886,0.422,Sarcoma,2.387,1.0,0.4339950234075088,0.6092233009708738,967,0
PLA2R1,605,0.2453770415408379,0.2100840334369042,0.113560018978333,0.4242514082419211,0.007155,77,23,LYS,Q13018,1.357,0.774,-0.0340637045672113,Non-essential,78.8,22.7,9.2,0.30028226850798,616,0.2909602694568967,581,0.5489556768061213,634,0.6966,Pancreatic,3.996,0.955,0.5880896049624228,0.772653721682848,563,0
GPR101,361,0.2663968043496839,0.2605042014617612,0.1716020876166376,0.3690483249332938,0.006224,19,16,LYS,Q96P66,-9.966,0.002,-0.0319835520667513,Non-essential,68.8,41.1,31.7,0.3002390736490993,617,0.2938191780299311,548,0.1365814411431108,2092,0.0,AML,0.0,0.0,0.0778912412776693,0.15736245954692551,2084,0
RXFP2,621,0.2442098653307778,0.2605042014617612,0.0527597659338921,0.4139341832196857,0.006981,31,8,LYS,Q8WXD0,-9.966,0.003,0.1058959041696257,Non-essential,81.0,22.7,9.5,0.3001499578000108,618,0.2877879460967054,634,0.4227948659667659,1158,1.8795,AML,8.94,0.364,0.2656468105952799,0.43203883495145634,1405,0
ADAM29,549,0.250126373324995,0.2605042014617612,0.0363118772734461,0.4501037651941891,0.007591,37,8,LYS,Q9UKF5,-6.506,0.009,0.0981658765950387,Non-essential,77.1,27.7,20.7,0.3000803811285252,619,0.2868959749921975,644,0.3924576656793579,1312,0.291,DLBCL,4.56,0.128,0.2575210282580448,0.39684466019417475,1492,0
SLC34A2,568,0.2485483192780642,0.5126050415860463,0.0379946228056302,0.1070263860065223,0.001805,37,2,LYS,O95436,0.215,0.512,0.0653869735994675,Non-essential,72.9,30.7,21.6,0.2999670167581543,620,0.2868667478984358,646,0.9098078603799564,4,2.2004,Uterine,8.77,0.972,0.9132662535415428,0.9991909385113269,3,0
TARM1,678,0.2410960092580558,0.2605042014617612,0.0025937055195318,0.4537207233916394,0.007652,8,5,LYS,B6A8C7,-9.966,0.001,-0.0140787953605869,Non-essential,84.4,20.3,6.6,0.2999550777394092,621,0.2850847630153857,662,0.1049091282962939,2142,0.4251,AML,3.639,0.202,0.0331034997352696,0.11205501618122982,2196,0
SMO,400,0.2627533256175839,0.3277310921615705,0.055353471453424,0.3835161577230951,0.006468,27,8,LYS,Q99835,3.291,0.938,-0.0825648514121576,Non-essential,72.7,39.5,28.0,0.2999232895506795,622,0.2876909631233506,636,0.4281401205807881,1136,0.5548,Sarcoma,3.301,0.921,0.2933553085707782,0.4526699029126213,1354,0
TRHDE,725,0.2377681695294552,0.2268907561118565,0.162853076071485,0.3271864808775571,0.005518,52,20,LYS,Q9UKU6,-3.308,0.155,-0.0582900096853329,Non-essential,84.6,17.0,11.8,0.2999216538764103,623,0.2930643076799845,556,0.294519575959744,1716,0.4082,Pheochromocytoma,3.849,0.551,0.3362716879946431,0.3705501618122977,1557,0
OR52N1,878,0.2236229708365903,0.2605042014617612,0.0727819073224735,0.3252890601838126,0.005486,10,7,LYS,Q8NH53,-9.966,0.0,0.068120265475158,Non-essential,89.2,5.9,2.2,0.299794212388188,624,0.2884333077543116,622,0.0755961774450687,2191,0.3771,AML,5.931,0.064,0.0626822525137724,0.13632686084142398,2136,0
ACVR2B,720,0.2381379324936664,0.2941176468116659,0.0350782856239127,0.3665579602727541,0.006182,18,6,LYS,Q13705,0.567,0.738,0.0544517310128429,Non-essential,83.3,18.6,14.6,0.2997502378582498,625,0.2865041521394454,650,0.2587213964834418,1823,0.2725,Melanoma,1.707,0.889,0.2773271495444607,0.29935275080906154,1733,0
SLC32A1,573,0.248263303057759,0.2605042014617612,0.0211481891507195,0.4590572190927957,0.007742,19,8,LYS,Q9H598,-9.966,0.048,-0.0338392775630482,Non-essential,78.1,26.5,19.6,0.2997278225724952,626,0.2857852320300312,656,0.4073341906973757,1240,1.2223,Pheochromocytoma,7.418,0.33,0.2927880202074778,0.43365695792880254,1401,0
DSC3,524,0.2515453161281255,0.3361344534990467,0.0479392693341768,0.3423658464275125,0.005774,33,12,LYS,Q14574,-1.831,0.377,0.0423607420634576,Non-essential,75.2,30.5,23.9,0.2997233376650887,627,0.2871203011317975,639,0.8571904666855329,29,2.7188,Head&Neck,10.233,0.994,0.8361205811789161,0.9854368932038835,37,0
FZD5,679,0.2410353040429441,0.352941176173999,0.0611165585956033,0.2717462199822116,0.004583,18,17,LYS,Q13467,1.82,0.844,-0.1116020064146463,Non-essential,81.6,22.1,14.5,0.2996451063053534,628,0.2877009342351335,635,0.5666760544689403,578,0.8666,Testicular,4.97,0.986,0.6260916172749462,0.80542071197411,482,0
GPR61,569,0.2484479596230393,0.252100840124285,0.0532468764826822,0.438778535428402,0.0074,17,8,LYS,Q9BZJ8,-2.178,0.109,-0.3920808490677829,Context-dependent,69.3,46.6,32.8,0.2996416470212708,629,0.2673039908454049,902,0.3872209461813117,1341,0.6761,Pheochromocytoma,4.007,0.955,0.5762140591364752,0.6080097087378641,970,0
DRD5,350,0.2676395703589036,0.2773109241367135,0.1071453424007591,0.415238659946635,0.007003,21,9,LYS,P21918,-6.506,0.016,0.1098424850691459,Non-essential,69.1,43.2,34.8,0.2994548240346982,630,0.2898120911547362,599,0.2629652676030584,1813,0.2612,Pheochromocytoma,4.673,0.125,0.1754815455241677,0.2431229773462783,1872,0
PTPRT,793,0.2327322962762368,0.252100840124285,0.0490083820971058,0.3906314853246368,0.006588,65,14,LYS,O14522,-4.035,0.218,-0.0624909732222382,Non-essential,83.6,13.8,10.2,0.2993452608989354,631,0.2867956800037907,648,0.3565134955648483,1475,1.4438,Thymoma,5.707,0.839,0.3806795186933189,0.44296116504854366,1378,0
CNTNAP4,738,0.236784852185666,0.2268907561118565,0.1777194369761189,0.3090423954936258,0.005212,63,27,LYS,Q9C0A0,-6.506,0.104,0.1324400212237197,Non-essential,83.4,16.8,10.4,0.2993022227565859,632,0.2931881946053919,555,0.3789905549661532,1375,0.5906,Pheochromocytoma,4.325,0.432,0.3398939855663591,0.4385113268608414,1389,0
DPP10,859,0.2253899960003663,0.2268907561118565,0.0302198323580578,0.4185591461606878,0.007059,41,6,LYS,Q8N608,-4.293,0.2,0.0455040922345853,Non-essential,90.4,7.4,5.3,0.2992065092688362,633,0.2857175008867391,658,0.2618420406929026,1816,1.0963,Mesothelioma,5.326,0.77,0.2189580828716296,0.2661812297734628,1815,0
OR5M8,925,0.2196662691560963,0.2605042014617612,0.012987505930729,0.3718944559739104,0.006272,20,8,LYS,Q8NGP6,-9.966,0.001,0.012727447550604,Non-essential,90.0,3.2,1.0,0.2991969609877762,634,0.2848463362843127,664,0.0391862976612361,2376,0.0,AML,0.0,0.0,0.0347774732435151,0.058252427184465994,2329,0
CD40LG,657,0.2421859861806493,0.2941176468116659,0.0081923137751067,0.4069374444115031,0.006863,7,1,LYS,P29965,-1.685,0.199,0.0730138322702626,Non-essential,82.6,22.6,8.8,0.2991236159307355,635,0.2845332316194908,671,0.2628610761274346,1814,0.6133,AML,5.294,0.543,0.2557751324765278,0.28721682847896435,1763,0
OR4P4,890,0.2226317999626206,0.2605042014617612,0.0145120986873319,0.3802549659057219,0.006413,10,4,LYS,Q8NGL7,-9.966,0.0,-0.0473353285531862,Non-essential,91.5,5.8,1.0,0.2990682366598798,636,0.2847938415942465,665,0.0263188257203806,2461,0.0,AML,0.0,0.0,0.0199894206500119,0.0016181229773463146,2469,0
HTR7,450,0.2579278787912529,0.2605042014617612,0.076666139490748,0.4357545211977467,0.007349,24,13,LYS,P34969,-2.466,0.133,-0.1416332184735882,Non-essential,73.3,35.3,25.1,0.2989816356837401,637,0.2878149426582775,632,0.4229205999450082,1157,0.5727,Head&Neck,3.796,0.708,0.5120673559875412,0.6055825242718447,976,0
GPR34,587,0.2469324495560697,0.3109243694866181,0.0399683694448837,0.3685739697598577,0.006216,17,11,LYS,Q9UPC5,1.444,0.794,0.0310529773890656,Non-essential,77.5,27.0,20.2,0.2989591141215016,638,0.2859575325937458,654,0.421351924357606,1169,0.8076,Glioblastoma,4.497,1.0,0.4500179372352856,0.5602750809061489,1088,0
TMEM8B,706,0.2391538238787786,0.2100840334369042,0.0166819547683061,0.5003854135784168,0.008439,27,1,LYS,A6NDV4,3.189,0.989,0.0345980889927194,Non-essential,80.8,18.9,14.6,0.2988962537895972,639,0.2847303515280125,669,0.3205689610983059,1626,0.3383,Kidney Chromophobe,1.913,1.0,0.3029999631669973,0.36690938511326865,1566,0
CADM1,595,0.2460050710267387,0.3613445375114751,0.0193389213980705,0.3188852653424251,0.005378,9,3,LYS,Q9BY67,3.854,0.956,-0.0012060204990154,Non-essential,80.6,27.4,19.5,0.2986266348141402,640,0.2845935808840437,670,0.6324588124325259,392,0.502,DLBCL,2.986,0.936,0.7411655043376263,0.8984627831715211,252,0
LRRN1,713,0.2387515127485104,0.2941176468116659,0.0241973746639253,0.3794841387488882,0.0064,29,3,LYS,Q6UXK5,0.591,0.557,0.1140930750235729,Non-essential,82.0,20.3,15.2,0.2985615547372864,641,0.2847714234704827,667,0.3615940643704627,1454,0.559,Low Grade Glioma,2.958,1.0,0.3071989120279124,0.40453074433656955,1473,0
ENPEP,883,0.2231654036746931,0.2773109241367135,0.0663988613000158,0.3077379187666765,0.00519,41,12,LYS,Q07075,0.964,0.724,-0.0696471675681009,Non-essential,93.5,7.1,5.3,0.2984930184645228,642,0.2868129615295236,647,0.492478557734725,859,0.6533,Glioblastoma,3.694,0.969,0.6244149483786466,0.7463592233009708,628,0
OR51A4,904,0.2213940171004267,0.2605042014617612,0.0515957615056144,0.3390453602134598,0.005718,20,4,LYS,Q8NGJ6,-9.966,0.0,0.1095106585652829,Non-essential,88.9,5.4,2.6,0.298436750941385,643,0.2860165390166657,653,0.0293370453376264,2433,0.0,AML,0.0,0.0,0.0202860403842279,0.005663430420711935,2459,0
GPR37,233,0.2818414235592112,0.3277310921615705,0.1142369128578206,0.3882597094574562,0.006548,15,18,LYS,O15354,0.016,0.503,0.1561451863444964,Non-essential,61.9,56.9,44.9,0.2984300378353689,644,0.2891418834782599,614,0.525681514573802,719,0.9277,Uveal Melanoma,4.853,0.975,0.4672468087586934,0.6739482200647249,807,0
P2RX4,915,0.2208084737662129,0.3361344534990467,0.0144425114660762,0.273406463089238,0.004611,19,4,LYS,Q99571,4.496,1.0,-0.1465464517866443,Non-essential,89.3,6.2,0.5,0.2984093023634949,645,0.2841314279367987,678,0.312246823169528,1655,0.7161,Sarcoma,4.051,1.0,0.2579250227631016,0.3236245954692557,1673,0
LRRTM3,447,0.258252775144254,0.1932773107619518,0.123922188834414,0.4792173139638304,0.008082,20,20,LYS,Q86VH5,-9.966,0.089,0.0351122530727761,Non-essential,73.7,35.1,30.1,0.2983319344662442,646,0.2895280439079649,603,0.3686447808545538,1418,0.5925,Low Grade Glioma,1.699,0.986,0.5116790272730826,0.5501618122977346,1113,0
EPHA4,778,0.2339835846770426,0.2100840334369042,0.0347872845168432,0.4650459531574265,0.007843,31,5,LYS,P54764,1.84,0.828,0.0731153623945297,Non-essential,83.5,15.2,10.0,0.2982877211214839,647,0.285027085347326,663,0.2202146359425913,1931,0.6434,Pancreatic,3.687,0.972,0.1637188735238183,0.21682847896440127,1937,0
ALCAM,822,0.2299055883350326,0.3697478988489514,0.0022014866360904,0.2711532760154165,0.004573,13,4,LYS,Q13740,4.698,0.985,-0.0402522486837014,Non-essential,85.9,14.6,11.1,0.2981504552600097,648,0.2832605295918142,691,0.4966261462906376,835,0.9641,Sarcoma,5.542,0.984,0.4459225029734283,0.6322815533980582,910,0
EFNA2,574,0.2482597041479037,0.5714285709483794,0.0061553060256207,0.0594722798695523,0.001003,8,1,TYR,O43921,-3.047,0.265,-0.0852669201910085,Non-essential,79.9,33.3,15.0,0.298106896305726,649,0.283414661607007,688,0.8588457431986134,28,3.4165,Stomach,12.575,0.815,0.6351109902581269,0.9223300970873787,193,0
MUSK,537,0.2509789085457882,0.252100840124285,0.0572955875375612,0.443166320782686,0.007474,39,15,LYS,O15146,-5.574,0.015,0.0408937951552393,Non-essential,76.5,30.3,16.2,0.2980507711235616,650,0.2859155505004396,655,0.1977805666630911,1986,0.018,DLBCL,3.161,0.021,0.1560629597554063,0.20428802588996764,1968,0
LEPR,360,0.2669168873451488,0.1848739494244757,0.1214929622014866,0.5217313963830418,0.008799,31,20,LYS,P48357,1.171,0.794,-0.0784623422723861,Non-essential,66.0,42.5,32.8,0.2980119719446986,651,0.2890866200547729,615,0.3574378566679633,1468,0.3769,Pancreatic,2.274,0.938,0.3406191027058895,0.4227346278317152,1428,0
FASLG,551,0.2500156765490641,0.3361344534990467,0.0248742685434129,0.3603320486214052,0.006077,4,5,LYS,P48023,-1.685,0.209,0.0272655583306378,Non-essential,80.2,31.0,13.9,0.2979486380158709,652,0.2841923514430415,677,0.4647844239417628,978,0.7776,Testicular,5.032,0.578,0.4521519848062432,0.602346278317152,984,0
CHRM2,390,0.2637192950695049,0.2352941174493327,0.0507227581844061,0.5146160687815,0.008679,16,10,LYS,P08172,-9.966,0.034,0.0589977220381065,Non-essential,72.1,40.8,32.0,0.297887647848743,653,0.2854237857579633,661,0.2087587617938367,1959,0.1142,Sarcoma,3.459,0.119,0.1655837595633564,0.21278317152103565,1947,0
KITLG,376,0.2648585835833603,0.302521008149142,0.0120828720544045,0.4674177290246071,0.007883,11,8,LYS,P21583,2.77,0.895,0.0992175488890934,Non-essential,71.9,42.9,18.7,0.2978575031219526,654,0.2834616467246728,687,0.2878898925024602,1738,0.5071,Pancreatic,2.859,0.972,0.2510242539689453,0.2969255663430421,1739,0
OR5AC1,721,0.2380593009813767,0.2605042014617612,0.047970899889293,0.3982211680996145,0.006716,11,12,LYS,P0C628,-9.966,0.0,,No data,90.7,4.9,1.3,0.2978244875088432,655,0.3002230325033079,452,0.026659571804377,2453,0.0,AML,0.0,0.0,0.0225130109027238,0.006472491909385147,2457,0
DPEP2,607,0.2453074413256609,0.2689075627992374,0.0105266487426854,0.4486214052772012,0.007566,15,5,LYS,Q9H4A9,0.679,0.681,-0.0796061222986866,Non-essential,82.7,26.1,22.0,0.2978046604847048,656,0.283330992921839,689,0.3521861464159442,1501,0.5699,Pancreatic,3.544,0.91,0.4750894686694719,0.5016181229773462,1233,0
TREM2,505,0.2531098505188093,0.6302521003107125,0.0008730033212082,0.0024903646605395,4.2e-05,3,3,LYS,Q9NZC2,3.69,0.959,0.0171853504512923,Non-essential,76.8,38.7,21.7,0.2977290771041863,657,0.2827727272702467,698,0.6354478111876005,383,1.411,Sarcoma,8.079,0.94,0.410206621302879,0.709546925566343,719,0
KLRC2,404,0.2624496326264599,0.2773109241367135,0.0050545627075755,0.5000296471983396,0.008433,3,2,LYS,P26717,-2.114,0.182,-0.0025677030240661,Non-essential,73.5,40.7,32.0,0.2976298759243285,658,0.2828826040597073,697,0.3817201087633047,1366,0.8232,Low Grade Glioma,4.474,0.901,0.3177193716265484,0.43042071197411,1409,0
SV2B,742,0.236368775442606,0.2268907561118565,0.1766882808793294,0.3086866291135487,0.005206,29,25,LYS,Q7L1I2,-2.315,0.189,0.1200187939506446,Non-essential,82.0,18.2,8.1,0.2975554921373693,659,0.2913899061813357,575,0.4790026138411605,911,0.5647,Pheochromocytoma,3.627,0.824,0.5478131727680312,0.6889158576051779,770,0
OR4E2,909,0.2211182624273123,0.2605042014617612,0.0092297959829195,0.3804921434924399,0.006417,11,4,LYS,Q8NGC2,-9.966,0.0,-0.0388709808298311,Non-essential,88.6,6.1,1.3,0.2975069553804563,660,0.2829684451796023,696,0.0372151331719117,2390,0.0,AML,0.0,0.0,0.0224732733684703,0.016990291262135915,2431,0
PTGER3,486,0.2543084171141897,0.2184873947743803,0.1122631662185671,0.4441150311295582,0.00749,14,16,LYS,P43115,-0.394,0.441,-0.1757298603671763,Non-essential,76.1,33.1,19.2,0.2974651375080644,661,0.2880782958189928,627,0.6020582896673156,470,0.5376,Sarcoma,4.264,0.69,0.8389489651572783,0.9061488673139159,233,0
CD1B,882,0.2232646305785565,0.4117647055363322,0.0920828720544045,0.1031129558256744,0.001739,7,9,LYS,P29016,-3.308,0.098,0.0565954414280843,Non-essential,90.8,10.5,6.3,0.297416603907736,662,0.2870207475104562,641,0.8299409663908479,45,6.5033,Thymoma,13.16,0.856,0.5766428786084092,0.8883495145631068,277,0
SLC13A4,659,0.2420731776348927,0.2436974787868088,0.1681353787758975,0.3138452416246664,0.005293,28,10,LYS,Q9UKG4,-1.831,0.127,0.013515295234153,Non-essential,77.3,23.5,18.1,0.2972892726755241,663,0.2906960416143189,588,0.5162175373492225,758,0.4299,AML,2.862,0.85,0.55776749558942,0.727346278317152,675,0
CALCRL,658,0.2421433884579436,0.3109243694866181,0.0331361695397754,0.3594426326712125,0.006062,17,11,LYS,Q16602,2.576,0.924,0.0876917063468453,Non-essential,78.7,24.7,11.9,0.2972682298730633,664,0.2839250383500521,681,0.5110712064070183,783,0.7798,Low Grade Glioma,4.342,1.0,0.5867055521182353,0.7402912621359223,643,0
GPR137B,396,0.2631401230922515,0.3193277308240944,0.0484580104380831,0.4029054254372961,0.006795,16,13,LYS,O60478,3.95,0.992,0.0010045306603939,Non-essential,68.9,42.6,30.6,0.2970055647572778,665,0.284428465279182,673,0.4157099118700889,1199,0.7597,Sarcoma,4.298,1.0,0.409754764174652,0.5258899676375405,1173,0
P2RY12,741,0.236513453158398,0.252100840124285,0.050109125415151,0.4021345982804624,0.006782,17,18,LYS,Q9H244,-1.685,0.244,-0.0685250192074808,Non-essential,84.5,19.3,11.1,0.2969962249674031,666,0.2845016812381606,672,0.2672197357104313,1801,0.6972,Low Grade Glioma,3.514,0.992,0.4061638662012211,0.40008090614886727,1484,0
FLT3,577,0.2480216707025344,0.252100840124285,0.0956444725604934,0.3949599762822413,0.006661,47,10,LYS,P36888,-2.548,0.109,-0.1437312864839735,Non-essential,75.9,28.9,15.6,0.2969864062541834,667,0.2867686298822081,649,0.7365377344612546,162,2.5254,AML,12.112,1.0,0.7528161600357254,0.9470064724919094,132,0
MFSD6,340,0.2688928174943737,0.2941176468116659,0.11974695555907,0.3844055736732878,0.006483,25,20,LYS,Q6ZSS7,4.226,0.989,0.0277246755923595,Non-essential,65.7,47.0,43.4,0.2969793086921725,668,0.287966656470126,629,0.4737016828710771,927,0.6864,Cholangiocarcinoma,3.883,1.0,0.3578177977895116,0.5489482200647249,1116,0
SLITRK3,302,0.27330881411376,0.2184873947743803,0.226531709631504,0.3931811443818558,0.006631,28,33,LYS,O94933,-6.506,0.094,0.0431242683509771,Non-essential,63.8,49.5,42.0,0.2968988016743731,669,0.2932253871559482,553,0.4226635685552277,1161,0.4123,Low Grade Glioma,1.666,0.959,0.3096305444000419,0.462378640776699,1330,0
PCDHA12,538,0.2507787414246341,0.2857142854741897,0.0099130159734303,0.4450637414764304,0.007506,15,5,LYS,Q9UN75,-3.047,0.176,-0.0785508376610178,Non-essential,74.2,31.9,27.1,0.2968441892784316,670,0.2823398400771031,701,0.289262790047545,1731,0.8945,Mesothelioma,5.102,0.632,0.3350031537627768,0.3681229773462783,1563,0
GRIN3A,508,0.2528281053018499,0.2605042014617612,0.0369571405978174,0.4584642751260006,0.007732,53,2,LYS,Q8TCU5,-3.171,0.065,0.0054853110028748,Non-essential,73.1,33.2,20.0,0.2968318244425709,671,0.2836796814724618,685,0.2190079467975756,1937,0.2896,Low Grade Glioma,2.241,0.548,0.2209978657848407,0.2423139158576052,1874,0
TMX3,762,0.2347600197608761,0.2352941174493327,0.0087426854341293,0.4600652238363474,0.007759,18,3,LYS,Q96JJ7,3.622,0.998,0.0969984273417892,Non-essential,85.3,17.8,10.6,0.2967549184248856,672,0.2821920526965921,704,0.2111320840180083,1952,0.5421,AML,3.066,1.0,0.2194275935540821,0.23665048543689315,1888,0
OR51A2,924,0.2198379395161984,0.2605042014617612,0.0522789814961252,0.3331752149421879,0.005619,12,7,LYS,Q8NGJ7,-9.966,0.0,0.1192876548321448,Non-essential,87.5,5.8,2.9,0.2967400196211947,673,0.2843539686960009,674,0.0297531358452854,2431,0.0,AML,0.0,0.0,0.023729891268904,0.01132686084142398,2445,0
ERBB2,540,0.2506936703224279,0.352941176173999,0.0796141072275818,0.2854432256151793,0.004814,52,12,LYS,P04626,5.694,0.998,-0.2755478786260855,Non-essential,74.0,33.1,24.5,0.2966937448715899,674,0.285674450232969,660,0.6043324719405695,468,0.4909,Cholangiocarcinoma,2.777,1.0,0.5954108846424393,0.8127022653721683,464,1
TMEFF1,313,0.2720052840937524,0.2773109241367135,0.0632927407876008,0.4736436406759561,0.007988,4,14,LYS,Q8IYR6,-3.626,0.142,0.0405618494540834,Non-essential,69.0,49.7,26.1,0.2965929188137389,675,0.2847575558531189,668,0.4707205432970675,941,1.9549,Ovarian,7.558,0.684,0.5772759197387269,0.7022653721682848,737,0
GPR63,515,0.2522190922543268,0.252100840124285,0.0497485370868258,0.4548473169285502,0.007671,17,11,LYS,Q9BZJ6,-2.178,0.095,-0.0362943755558527,Non-essential,75.0,33.2,23.9,0.2961842575473438,676,0.283671684401685,686,0.1866572497633284,2011,0.0363,Sarcoma,1.308,0.147,0.3733547705971159,0.33090614886731395,1655,0
TSPAN17,887,0.2229976396791861,0.3193277308240944,0.0130191364858453,0.3045360213459828,0.005136,12,2,LYS,Q96FV3,4.532,1.0,-0.0286888901315771,Non-essential,88.4,10.0,4.1,0.29615349524639,677,0.2818044520706823,709,0.2647737413553714,1807,0.3851,Cholangiocarcinoma,2.178,1.0,0.1759500410353937,0.24352750809061485,1871,0
RYK,666,0.2416334864245683,0.2689075627992374,0.0384817333544203,0.4084198043284909,0.006888,21,4,LYS,P34925,4.796,1.0,0.1494503645081175,Non-essential,79.7,24.7,21.3,0.2961430314004609,678,0.2830671180681819,694,0.4781241397085776,915,0.3809,AML,2.155,1.0,0.4411792112691354,0.6092233009708738,967,0
ATP2B3,630,0.244008212808832,0.2268907561118565,0.1213348094259054,0.389504891787726,0.006569,69,18,LYS,Q16720,-6.506,0.082,-0.0084633122444638,Non-essential,74.3,26.0,18.9,0.2961216899425576,679,0.2871884304138529,638,0.4187499431032766,1179,0.2968,Pheochromocytoma,0.953,0.881,0.4103139099924796,0.5319579288025891,1158,0
DSG2,389,0.2638164830313959,0.5966386549608079,0.022381780800253,0.0614882893566557,0.001037,20,4,TYR,Q14126,4.788,0.881,-0.0704910517523385,Non-essential,64.5,48.7,45.0,0.2960910467755099,680,0.2822101358155225,703,0.7335863456488917,166,1.1887,Cervical,6.423,0.997,0.5073641036110357,0.8203883495145631,445,0
OR10T2,875,0.2238859842007108,0.2605042014617612,0.0288913490431757,0.3700563296768455,0.006241,13,7,LYS,Q8NGX3,-9.966,0.002,-0.1709343630498121,Non-essential,84.9,9.9,3.5,0.2960133901916217,681,0.2824579576437805,699,0.0869112604953056,2165,1.0286,Thymoma,7.14,0.144,0.0855933999957878,0.15129449838187703,2099,0
OR11H2,628,0.2440378984518044,0.2605042014617612,0.016194844219516,0.4499258820041505,0.007588,18,8,LYS,Q8NH07,-9.966,0.0,,No data,85.5,11.7,6.7,0.296006652067533,682,0.2968163942785088,505,0.0263945060053959,2460,0.0,AML,0.0,0.0,0.0209652424474244,0.0028317152103559673,2466,0
EGF,492,0.2542017983192841,0.2689075627992374,0.0462818282460857,0.4425140824192113,0.007463,30,10,LYS,P01133,-0.959,0.361,-0.0108520222219209,Non-essential,70.3,35.6,22.7,0.2957166246460573,683,0.2830307160583616,695,0.3704240223993703,1408,0.2798,Kidney Chromophobe,1.472,0.969,0.2749151369304011,0.3895631067961165,1510,0
ANO3,676,0.2411391443157179,0.2436974787868088,0.1313427170646844,0.3475244589386302,0.005861,53,13,LYS,Q9BYT9,-4.035,0.078,0.018444921107289,Non-essential,75.8,24.3,17.7,0.2957109115762117,684,0.2872780474294459,637,0.3550555254390147,1483,0.1573,Kidney Clear Cell,1.762,0.379,0.3208206573144707,0.4085760517799353,1463,0
APCDD1,722,0.2380071437671723,0.2100840334369042,0.1014455163688122,0.4117995849392232,0.006945,26,16,LYS,Q8J025,3.358,0.928,0.1541646893976433,Non-essential,81.8,21.2,17.7,0.2956406870299253,685,0.2857129628483659,659,0.5574018457958911,604,0.9336,Cholangiocarcinoma,5.346,0.972,0.7283459680028778,0.8474919093851132,378,0
OR52W1,917,0.2204479266600141,0.2605042014617612,0.0626727819073224,0.3248147050103765,0.005478,11,10,LYS,Q6IF63,-9.966,0.0,-0.1108637786042823,Non-essential,87.8,7.5,3.4,0.2955483422410411,686,0.2836819813364072,684,0.082421184010764,2175,0.0,AML,5.672,0.0,0.0441996786234705,0.12783171521035597,2157,0
CD274,825,0.2295986197149011,0.2773109241367135,0.0083884232168274,0.387192410317225,0.00653,6,4,LYS,Q9NZQ7,0.783,0.681,0.1835860557957301,Non-essential,88.3,15.5,1.7,0.2954540318313629,687,0.2808734529922042,719,0.1987773700544018,1981,0.4534,Thymoma,2.587,0.992,0.1671195869825053,0.20954692556634302,1955,0
GPR149,174,0.2919737614762153,0.2605042014617612,0.1746765775739364,0.4512303587310998,0.00761,23,23,LYS,Q86SP6,-9.966,0.011,-0.0467882548384236,Non-essential,54.0,67.2,60.7,0.2954532045878754,688,0.2891870334665722,613,0.2990350709450874,1694,0.2647,Lung Squamous,4.392,0.085,0.1504743677970518,0.25485436893203883,1843,0
GPR180,780,0.2337351139514468,0.2941176468116659,0.2227739996836944,0.1641861844055736,0.002769,16,21,LYS,Q86V85,1.171,0.895,0.0318412763628303,Non-essential,81.2,19.3,8.6,0.2953812224064001,689,0.2915199223905848,571,0.5742987639381587,552,0.47,AML,2.738,0.971,0.5970403352678871,0.7932847896440129,512,0
GRIA3,816,0.2306704739705111,0.2184873947743803,0.0377985133639095,0.4397865401719537,0.007417,43,9,LYS,P42263,-2.178,0.223,0.1093416686440584,Non-essential,83.6,15.5,7.4,0.2953668515549989,690,0.2822567772231943,702,0.2269098283620296,1916,0.4205,Sarcoma,3.99,0.567,0.2485531148859111,0.2629449838187702,1823,0
OR4S1,960,0.2162626702591052,0.2605042014617612,0.0187189625177921,0.3548176697302104,0.005984,12,6,LYS,Q8NGB4,-9.966,0.0,-0.1385362550858526,Non-essential,88.8,4.2,1.3,0.295360628573617,691,0.2812965766995066,715,0.0284012643036757,2437,0.0,AML,0.0,0.0,0.0246621761517076,0.012944983818770184,2441,0
SLC2A11,940,0.2181661603553645,0.2352941174493327,0.0819800727502767,0.3315149718351615,0.005591,20,13,LYS,Q9BYW1,3.128,0.991,-0.0356377657012426,Non-essential,88.5,5.6,4.8,0.2951267022536259,692,0.2842257058911398,676,0.2341670548571744,1895,0.2908,AML,1.645,1.0,0.247112081772269,0.2653721682847896,1817,0
OR52N2,920,0.220291724232151,0.2605042014617612,0.0750782856239127,0.3118885265342425,0.00526,9,6,LYS,Q8NGI0,-9.966,0.005,0.0814975105010569,Non-essential,89.7,7.8,4.0,0.2951181735511552,693,0.2838720878323508,682,0.1500690969130517,2070,0.2267,AML,6.794,0.058,0.0370645991599209,0.13794498381877018,2132,0
OR9Q1,865,0.225011055007251,0.2605042014617612,0.0164542147714692,0.3862436999703527,0.006514,15,3,LYS,Q8NGQ5,-9.966,0.0,0.0565690123318051,Non-essential,84.6,11.9,2.6,0.2949509491970719,694,0.2807736599356453,722,0.0362264073056359,2399,0.0,AML,0.0,0.0,0.024749095998224,0.0222491909385113,2418,0
MALRD1,510,0.2525771380889154,0.2436974787868088,0.1656745215878538,0.3513193003261191,0.005925,109,29,LYS,Q5VYJ5,-3.171,0.117,0.0764876016584924,Non-essential,71.3,34.6,13.1,0.2949425730538763,695,0.288226299133269,624,0.592521604033911,500,1.0941,AML,10.378,0.538,0.4216414034322813,0.6921521035598706,762,0
PHEX,995,0.2138014574240262,0.2857142854741897,0.0227360430175549,0.3089831010969463,0.005211,44,6,LYS,P78562,-1.938,0.182,0.0613115907774113,Non-essential,94.3,3.1,1.6,0.2948297859445917,696,0.2809665880954694,718,0.2699879745716602,1790,0.5098,Sarcoma,5.647,0.361,0.2560402759757601,0.2928802588996764,1749,0
OR4S2,948,0.2174839594700804,0.2605042014617612,0.0160303653329115,0.361577230951675,0.006098,12,6,LYS,Q8NH73,-9.966,0.0,-0.0685691806519007,Non-essential,88.3,5.8,1.3,0.294778369582763,697,0.2805798878494086,724,0.0278924057885597,2440,0.0,AML,0.0,0.0,0.0247943783356505,0.013349514563106846,2440,0
CD1C,885,0.223082134195309,0.3109243694866181,0.0803605883283251,0.2486806996738808,0.004194,9,7,LYS,P29017,-0.338,0.442,-0.0003053441388162,Non-essential,88.5,11.4,7.2,0.2946838513208678,698,0.2837018807372841,683,0.4936505650178272,853,1.3176,Thymoma,6.924,0.932,0.4898662181369406,0.6605987055016181,840,0
UBAC2,483,0.2545350790549324,0.3193277308240944,0.0738510200854025,0.3488289356655796,0.005883,21,7,LYS,Q8NBM4,5.807,1.0,0.0570218541128993,Non-essential,72.1,37.8,12.2,0.2946346947261786,699,0.2833272457304487,690,0.5645938946004478,585,0.377,Pancreatic,2.133,1.0,0.5117050561292079,0.7338187702265373,659,0
PCDHGB2,612,0.2449568989121132,0.252100840124285,0.00893879487585,0.471449747998814,0.007951,14,6,LYS,Q9Y5G2,-0.404,0.419,0.0128236062596557,Non-essential,75.7,28.7,26.9,0.2946324297621658,700,0.2800793695059583,732,0.2770948916209627,1767,0.4149,AML,4.321,0.526,0.1709075023028262,0.24878640776699024,1858,0
OR4B1,947,0.2176251688460221,0.2605042014617612,0.01739047920291,0.3606878150014823,0.006083,15,7,LYS,Q8NGF8,-9.966,0.0,-0.1584243093927543,Non-essential,87.0,6.1,1.6,0.2945960440627145,701,0.28046556802286,727,0.0284525084052496,2436,0.0,AML,0.0,0.0,0.064648997993154,0.0821197411003236,2270,0
HTR3E,765,0.2346480280409603,0.2605042014617612,0.0233180452316938,0.4115031129558256,0.00694,23,6,LYS,A5X5Y0,-9.966,0.008,0.0188667866873279,Non-essential,80.8,20.4,15.8,0.2944817600584962,702,0.280647662320081,723,0.2462164490347866,1863,0.5629,Uterine Carcinosarcoma,5.672,0.14,0.1743610753545925,0.23179611650485432,1900,0
P2RY4,763,0.234742990600764,0.2605042014617612,0.0210849280404871,0.4140527720130447,0.006983,13,8,LYS,P51582,-5.012,0.006,0.1814297896125397,Non-essential,82.6,20.5,17.0,0.2944608955249994,703,0.2805151419270237,726,0.179302869326352,2023,0.281,AML,4.916,0.214,0.212036324793636,0.22127831715210355,1926,0
MILR1,431,0.2594745909894971,0.2941176468116659,0.0084833148821761,0.4642751260005929,0.00783,6,8,LYS,Q7Z6M3,1.595,0.846,-0.281625653667871,Non-essential,74.5,41.7,26.2,0.2944307866047753,704,0.2798549523488841,736,0.3421941687323348,1542,0.6723,Sarcoma,4.078,0.933,0.3055693788864909,0.3818770226537217,1529,0
SUSD2,936,0.2184176772816524,0.252100840124285,0.0271453424007591,0.3647791283723688,0.006152,40,11,LYS,Q9UGT4,2.011,0.849,-0.0827138784475107,Non-essential,90.9,6.8,4.0,0.2944164117367817,705,0.2807736788568197,721,0.4062043852681637,1246,0.6479,Testicular,3.573,0.993,0.4782934882423053,0.5627022653721683,1082,0
TM9SF3,899,0.2218923648840838,0.3109243694866181,0.1844883757709948,0.1405870145271271,0.002371,26,18,LYS,Q9HD45,5.461,1.0,-0.0446578226333212,Non-essential,86.6,10.7,2.7,0.2943923768948468,706,0.2886167956833965,620,0.4944878725795197,849,0.3487,AML,1.973,1.0,0.6198276740367773,0.743527508090615,635,0
SLC36A4,764,0.2347205941456041,0.2268907561118565,0.0561632136643998,0.4237177586718054,0.007146,15,8,LYS,Q6YBV0,1.99,0.923,0.1111829139186866,Non-essential,81.9,20.0,16.5,0.2943820077232011,707,0.2821901684064211,705,0.2482497869888823,1855,0.3621,AML,2.072,0.988,0.3387691222165142,0.3434466019417476,1624,0
TMEM245,468,0.2558082887543808,0.2605042014617612,0.0194970741736517,0.4858582863919359,0.008194,32,10,LYS,Q9H330,3.808,0.999,0.0072865437362227,Non-essential,68.9,38.3,20.9,0.2942153106530133,708,0.2801901643616958,730,0.3002678502381524,1687,0.3737,AML,2.114,1.0,0.1982920987495915,0.279126213592233,1783,0
SLC17A8,644,0.2432297714306547,0.2941176468116659,0.0331361695397754,0.385472872813519,0.006501,21,8,LYS,Q8NDX2,-6.506,0.037,0.0465317178147242,Non-essential,77.9,28.4,19.5,0.2941934369724067,709,0.2808502454493954,720,0.332724138524556,1581,0.3224,Low Grade Glioma,1.401,0.398,0.2679055934024648,0.3503236245954693,1607,0
OR5M11,934,0.2184606965706069,0.2605042014617612,0.0457314565870631,0.3351319300326119,0.005652,10,11,LYS,Q96RB7,-9.966,0.002,-0.0739143146296156,Non-essential,87.8,7.2,1.3,0.2941923171665351,710,0.2814788899958883,711,0.0784340119533502,2183,0.0174,Esophageal,4.392,0.006,0.0436692182161746,0.1258090614886731,2162,0
PTCHD4,806,0.2315709452306466,0.2689075627992374,0.0814297010912541,0.3319300326119181,0.005598,47,15,LYS,Q6ZW05,-2.114,0.208,0.0298194286417134,Non-essential,82.3,18.3,4.8,0.2941575804055261,711,0.2832290654600888,692,0.3675262853681938,1423,0.6817,Kidney Papillary,4.083,0.765,0.4019383244045876,0.46966019417475724,1312,0
CUZD1,699,0.239734972026146,0.252100840124285,0.0127597659338921,0.4502223539875481,0.007593,22,7,LYS,Q86UP6,-1.43,0.108,0.029473046747571,Non-essential,79.2,24.9,15.2,0.2940808240238598,712,0.2797188123205544,740,0.5252713012463215,721,0.0895,AML,1.199,0.422,0.5725773686948575,0.7483818770226538,623,0
ANKH,895,0.2221496877030737,0.302521008149142,0.1161473983868416,0.2209902164245478,0.003727,21,13,LYS,Q9HCJ1,5.037,0.997,-0.0035449634409954,Non-essential,84.5,11.2,6.3,0.293966756555047,713,0.2847741264743891,666,0.5056936857575108,801,0.5315,Pheochromocytoma,3.007,1.0,0.6426412453297092,0.770631067961165,568,0
TACR3,517,0.2521388992311277,0.2605042014617612,0.0483567926617112,0.4447672694930328,0.007501,17,7,LYS,P29371,-9.966,0.004,-0.0448870928126913,Non-essential,72.8,35.5,32.5,0.2939574860503024,714,0.2813753256833879,713,0.1568815650540359,2064,0.0615,Uterine Carcinosarcoma,4.954,0.018,0.0769035114594298,0.162621359223301,2071,0
CACNG8,202,0.2867155665914953,0.252100840124285,0.0488755337656175,0.5707085680403201,0.009625,10,15,LYS,Q8WXS5,-5.012,0.072,0.1089871519943799,Non-essential,58.6,64.2,49.2,0.2939313194949842,715,0.281375096183265,714,0.1992911334399433,1980,0.0603,Pancreatic,3.048,0.04,0.3074217411742874,0.29166666666666663,1752,0
FAP,1017,0.2116592132260219,0.352941176173999,0.0176878064210026,0.2172546694337385,0.003664,35,5,LYS,Q12884,2.568,0.847,-0.0061663768767265,Non-essential,95.6,3.4,1.4,0.2938650306245849,716,0.279749420945635,738,0.6058780565873247,465,0.933,DLBCL,5.459,0.936,0.4391794069103153,0.7111650485436893,715,1
ACVR1,801,0.2319179344782105,0.3193277308240944,0.0319025778902419,0.3153868959383338,0.005319,18,8,LYS,Q04771,4.099,0.998,0.0569688295379259,Non-essential,83.1,19.8,12.0,0.293787074245577,717,0.280382203140089,729,0.3208988290650655,1624,0.5009,Pancreatic,2.833,1.0,0.252558959166513,0.3260517799352751,1667,0
CALHM2,783,0.2335182271471947,0.1848739494244757,0.1393072908429543,0.3925882004150607,0.006621,13,14,LYS,Q9HA72,3.454,0.992,0.0512144476327785,Non-essential,81.1,18.9,5.3,0.2937797551130702,718,0.285745119655218,657,0.546738622623846,640,0.5525,Sarcoma,3.125,1.0,0.6233523518413795,0.7908576051779935,518,0
TAS2R1,732,0.2374684778465843,0.2605042014617612,0.0404871105487901,0.4037355469908093,0.006809,18,9,LYS,Q9NYW7,-9.966,0.001,0.1118175609084982,Non-essential,80.1,23.7,3.3,0.2935321348965163,719,0.2805564904239558,725,0.2443692847794753,1868,0.0118,Ovarian,3.459,0.005,0.1153445231966573,0.20954692556634302,1955,0
VNN2,929,0.2190246509865765,0.2773109241367135,0.0284042384943855,0.3319300326119181,0.005598,20,6,LYS,O95498,0.19,0.543,0.0617351422039836,Non-essential,91.7,8.7,5.8,0.2934423912244256,720,0.2798626031491449,735,0.517829772529753,750,0.6369,Pancreatic,3.841,0.938,0.7519131064915185,0.8300970873786407,421,0
F2RL2,650,0.2430315359020718,0.3277310921615705,0.0226411513522062,0.3504891787726059,0.005911,25,9,LYS,O00254,-0.687,0.41,0.1016373047513493,Non-essential,76.3,29.7,14.7,0.2932884647877527,721,0.279420522355363,741,0.4555781912647561,1008,0.7846,Pancreatic,4.539,0.898,0.7002848260978392,0.7544498381877023,608,0
KCNJ3,511,0.2523600495645136,0.2184873947743803,0.0184279614107227,0.5314556774384821,0.008963,24,6,LYS,P48549,-3.816,0.25,-0.0390701256629525,Non-essential,72.0,35.7,33.3,0.2932414978833343,722,0.2791628959538704,743,0.2537296789258967,1836,0.3547,Pheochromocytoma,3.447,0.46,0.2895114812443416,0.3066343042071198,1715,0
OR4C11,972,0.2153124926970971,0.2605042014617612,0.0180420686383046,0.3523273050696709,0.005942,13,6,LYS,Q6IEV9,-9.966,0.0,-0.0663790265939464,Non-essential,90.0,5.8,1.0,0.2929688139386103,723,0.2788709173705255,746,0.0282049974219835,2438,0.0,AML,0.0,0.0,0.0200323854385729,0.004449838187702282,2462,0
UPK2,668,0.2414901109638501,0.3277310921615705,0.0043397121619484,0.363652534835458,0.006133,9,3,LYS,O00526,-1.781,0.236,-0.0929474480749318,Non-essential,76.8,28.8,1.6,0.2929039440059012,724,0.2781209296139987,758,0.5724210583963175,556,0.7419,Uterine Carcinosarcoma,4.25,0.579,0.6210661943528764,0.8058252427184466,481,0
SLC1A1,767,0.2345746989769437,0.2941176468116659,0.0369571405978174,0.352801660243107,0.00595,24,7,LYS,P43005,1.768,0.76,0.1097302939736753,Non-essential,80.2,22.5,14.9,0.2928808765943141,725,0.279728733624205,739,0.4686314295061187,946,0.6624,Pancreatic,3.823,0.949,0.4894264707691158,0.6395631067961165,892,0
MS4A1,414,0.2613780034394485,0.2689075627992374,0.0269176024039221,0.4857989919952564,0.008193,12,7,LYS,P11836,-1.355,0.344,0.1269765763824559,Non-essential,70.5,44.8,25.3,0.2924967955795277,726,0.2788426756997238,747,0.5153423956454549,764,0.9638,AML,5.037,0.994,0.5820718082641213,0.7423139158576052,638,1
NPBWR2,862,0.2250650085007699,0.2605042014617612,0.1127502767673572,0.2901274829528609,0.004893,15,17,LYS,P48146,-9.966,0.008,-0.1324421169002515,Non-essential,82.9,14.4,11.1,0.2924959104416709,727,0.2831334242800388,693,0.4382489891913739,1095,2.4294,Pheochromocytoma,8.764,0.392,0.2700106654505314,0.4461974110032363,1370,0
UTS2R,624,0.244152474723019,0.252100840124285,0.0938352048078443,0.3838719241031722,0.006474,14,14,LYS,Q9UKP6,-5.574,0.04,0.0043520702858383,Non-essential,76.2,30.3,23.1,0.2923620762712539,728,0.282053836511646,706,0.3968167723393904,1287,0.6623,Uterine Carcinosarcoma,6.658,0.263,0.5248114808350112,0.5869741100323624,1022,0
GPR75,283,0.2757515721605654,0.2436974787868088,0.1337023564763561,0.4605395790097835,0.007767,19,23,LYS,O95800,-1.026,0.245,-0.1156298278551381,Non-essential,63.9,56.5,39.1,0.292354601446918,729,0.2840397192707358,680,0.4082853219043814,1234,0.6945,AML,3.912,0.988,0.5909443247009626,0.6460355987055016,876,0
VNN1,939,0.2182750722363323,0.302521008149142,0.0203384469397437,0.3038837829825081,0.005125,16,5,LYS,O95497,-0.759,0.371,0.080563797241358,Non-essential,92.4,9.6,8.8,0.2923379103327627,730,0.2783548326797498,754,0.396212130784165,1290,0.893,Pancreatic,4.79,0.932,0.2425753687520012,0.38996763754045305,1509,0
GLIPR1,827,0.228611099901945,0.3109243694866181,0.0494575359797564,0.2980136377112363,0.005026,8,11,LYS,P48060,3.227,0.969,-0.0553530351347563,Non-essential,87.1,18.4,8.6,0.2922913227430645,731,0.2797641995420523,737,0.4452405492822119,1063,0.9302,Sarcoma,5.304,0.992,0.4334636921410917,0.5720064724919094,1059,0
SLC24A5,680,0.2408298630342101,0.2605042014617612,0.0639063735568559,0.3915209012748295,0.006603,22,13,LYS,Q71RS6,-9.966,0.024,0.0441442158547628,Non-essential,76.4,27.8,19.4,0.2922332892195378,732,0.2804286078973805,728,0.7429031487723688,148,7.0944,Uveal Melanoma,15.864,1.0,0.4706026753108036,0.7989482200647249,498,0
SLC46A3,898,0.2220579439544375,0.2436974787868088,0.0545753597975644,0.3606878150014823,0.006083,16,14,LYS,Q7Z3Q1,2.665,0.95,-0.1025939686582375,Non-essential,86.9,11.9,4.8,0.2922099112751448,733,0.2799386792650229,733,0.2168177854498119,1938,0.4143,AML,2.357,0.994,0.2034719646539793,0.23220064724919098,1899,0
HCRTR1,667,0.241559204931581,0.2605042014617612,0.093316463703938,0.3645419507856507,0.006148,20,13,LYS,O43613,-5.574,0.008,-0.226647432302521,Non-essential,78.8,28.5,19.1,0.2921410741340136,734,0.2818068973192105,708,0.3819797018291585,1363,0.364,Pheochromocytoma,3.138,0.284,0.5870967152226443,0.6084142394822006,969,0
OR4C12,1032,0.2100892919615578,0.2605042014617612,0.0168780642100268,0.3360806403794841,0.005668,13,9,LYS,Q96R67,-9.966,0.0,-0.0889426542007723,Non-essential,90.2,2.3,0.6,0.2921161466589941,735,0.2779600498694955,762,0.0276198040930518,2442,0.0,AML,0.0,0.0,0.0293845154476764,0.02669902912621358,2407,0
GPR3,786,0.2332146257135472,0.2773109241367135,0.0992440297327218,0.3083901571301511,0.005201,11,11,LYS,P46089,-0.533,0.372,-0.0072700310815247,Non-essential,81.8,22.1,13.6,0.2918673701635679,736,0.281829571650204,707,0.485923311278871,884,0.5535,Sarcoma,3.682,0.81,0.5926581984096234,0.7245145631067962,682,0
HRH1,526,0.251525167194276,0.3193277308240944,0.0937023564763561,0.3189445597391046,0.005379,14,17,LYS,P35367,1.64,0.804,0.080380222068246,Non-essential,70.0,38.2,34.3,0.2917264348422982,737,0.281411552666116,712,0.5192242355196257,746,1.0213,Pancreatic,5.594,0.966,0.4278654121189191,0.6436084142394822,882,0
ICAM2,820,0.2301689191914288,0.2268907561118565,0.0016194844219516,0.4630892380670026,0.00781,3,4,LYS,P13598,3.918,0.998,0.0740867997406423,Non-essential,87.1,18.9,2.9,0.2916889452613883,738,0.2767699194824859,776,0.3291450433456068,1596,0.416,Pancreatic,2.354,1.0,0.3681127062124128,0.412621359223301,1453,0
ERMAP,759,0.2350182542181013,0.252100840124285,0.0059908271390162,0.4412689000889415,0.007442,17,4,LYS,Q96PL5,2.436,0.987,-0.0490089580956686,Non-essential,81.3,23.4,18.5,0.2916502258504891,739,0.2769497672074399,775,0.2646357573273933,1808,0.3193,Glioblastoma,1.806,1.0,0.2519466561036554,0.2843851132686084,1770,0
SERINC3,641,0.2433495480369136,0.2689075627992374,0.0433718171753914,0.4092499258820041,0.006902,23,14,LYS,Q13530,5.717,1.0,-0.0723388631644091,Non-essential,76.3,30.7,20.7,0.291573082744082,740,0.2787416736028515,750,0.5614258763505058,592,0.3655,Pancreatic,2.068,1.0,0.5466934790622694,0.7568770226537217,602,0
DAG1,398,0.2629741451067615,0.3193277308240944,0.0346228056302388,0.4161873702935072,0.007019,20,9,LYS,Q14118,5.156,1.0,-0.0303182933471174,Non-essential,68.2,47.9,38.0,0.2915672497693695,741,0.2782983900508815,757,0.5067806484358843,800,0.3974,Glioblastoma,2.248,1.0,0.3675786734055686,0.5837378640776699,1030,0
SLC4A8,619,0.2444034683807104,0.2689075627992374,0.0673414518424798,0.3887933590275719,0.006557,65,13,LYS,Q2Y0W8,-0.735,0.375,-0.037335225029671,Non-essential,72.4,31.6,20.3,0.291551349697246,742,0.27991842228937,734,0.4530545207893048,1026,0.8288,AML,4.57,0.96,0.5362701658454885,0.6557443365695793,852,0
P2RX7,933,0.2186916746469611,0.2268907561118565,0.0200474458326743,0.4064037948413874,0.006854,32,5,LYS,Q99572,0.507,0.625,-0.1113531082170082,Non-essential,88.0,9.6,3.7,0.2914245748076652,743,0.2774269470992989,770,0.1956534014460421,1992,0.6565,Uveal Melanoma,3.714,1.0,0.2771325667675392,0.26739482200647247,1812,0
GPR6,686,0.2405915715793222,0.2605042014617612,0.0759196583900047,0.3787133115920545,0.006387,10,12,LYS,P46095,-9.966,0.01,-0.0493481077334567,Non-essential,77.6,28.5,22.7,0.2913347130071312,744,0.2801306959266314,731,0.287963018640452,1737,0.1412,Pheochromocytoma,6.15,0.04,0.1920548746174569,0.2706310679611651,1804,0
GRID1,646,0.2431935523896716,0.2184873947743803,0.035723548948284,0.4836050993181144,0.008156,52,11,LYS,Q9ULK0,-0.533,0.401,0.0136296808883402,Non-essential,75.0,30.0,16.4,0.2913027502376327,745,0.2780889276850469,760,0.3926111000988346,1311,0.9771,Cholangiocarcinoma,5.839,0.917,0.3248890850610574,0.441747572815534,1381,0
PTCH1,623,0.2441768392120231,0.1932773107619518,0.2378681005851652,0.3183516157723094,0.005369,60,30,LYS,Q13635,1.708,0.885,0.0247345840198513,Non-essential,73.9,30.4,27.1,0.2913019878560517,746,0.28819539288531,625,0.39856020702833,1276,0.2465,Low Grade Glioma,1.394,1.0,0.3681855045382405,0.47653721682847894,1295,0
GFRA3,640,0.2434008624050748,0.2184873947743803,0.0505266487426854,0.4694930329083901,0.007918,17,9,LYS,O60609,-2.388,0.242,-0.0267293312264121,Non-essential,79.0,30.2,21.2,0.291275508583802,747,0.2788018410209363,748,0.4498807960361415,1043,0.6048,Pheochromocytoma,3.737,0.841,0.6967561651840547,0.7431229773462783,636,0
MCOLN1,841,0.2272793177511249,0.2436974787868088,0.0531836153724497,0.3794841387488882,0.0064,24,14,LYS,Q9GZU1,4.096,1.0,0.0703906684192644,Non-essential,81.3,17.6,12.8,0.2908610561057175,748,0.27852023687434,753,0.4715736885131751,938,0.2778,Pancreatic,1.572,1.0,0.4570829889697433,0.6161003236245954,950,0
APP,452,0.2577310095256645,0.3193277308240944,0.0550941009014708,0.3782389564186184,0.006379,35,4,LYS,P05067,8.364,1.0,0.0805466770718812,Non-essential,67.4,44.5,35.7,0.2905979701184553,749,0.2783526751635288,755,0.6988397485741706,226,0.6836,AML,4.207,0.919,0.6964015014196758,0.9085760517799353,227,0
MS4A6A,571,0.2483438743159814,0.3445378148365229,0.0066740471295271,0.3617551141417136,0.006101,4,3,LYS,Q9H2W1,5.037,0.996,-0.0367439077760304,Non-essential,74.5,37.1,24.2,0.2905955255105932,750,0.2759292278670695,784,0.7724372129564219,103,0.9417,Glioblastoma,5.327,1.0,0.8189180539474832,0.970873786407767,73,0
EPHA5,796,0.232372357534131,0.2352941174493327,0.0488122726553851,0.4120367625259413,0.006949,40,11,LYS,P54756,-6.506,0.075,-0.0360946671422219,Non-essential,79.4,22.0,16.7,0.290565199902598,751,0.2780058135353673,761,0.3190833114741215,1630,0.3041,Pheochromocytoma,3.574,0.307,0.531975840472704,0.5117313915857605,1208,0
CD1A,1009,0.2125647213615515,0.4705882348986654,0.0652664874268543,0.0158316039134301,0.000267,10,4,TYR,P06126,-2.466,0.243,0.0663775078336229,Non-essential,88.6,9.5,6.4,0.290480405049604,752,0.2787437294209467,749,0.880516977806077,15,6.8184,Thymoma,17.134,0.89,0.5861313693562376,0.8992718446601942,250,0
SLC41A1,768,0.2345387825025121,0.2268907561118565,0.0577510675312351,0.4215238659946634,0.007109,24,7,LYS,Q8IVJ1,3.609,0.991,0.0391571496380732,Non-essential,77.9,23.8,19.3,0.2904304980206244,753,0.2783180513971861,756,0.3917832068308444,1316,0.3764,Cholangiocarcinoma,2.129,1.0,0.4750865509649948,0.5465210355987056,1122,0
OR4E1,982,0.2143904512312492,0.2605042014617612,0.0087426854341293,0.3585532167210198,0.006047,15,3,LYS,P0C645,-9.966,0.0,0.4224955286929039,Non-essential,87.1,7.6,5.1,0.2904004460504037,754,0.2758375803221101,786,0.0394679580281964,2373,0.0,AML,0.0,0.0,0.0220905633510432,0.019822006472491882,2424,0
ATRN,831,0.2280950639449315,0.3277310921615705,0.1139142811956349,0.2094278090720426,0.003532,54,18,LYS,O75882,3.828,0.998,-0.0414160863824639,Non-essential,78.8,20.2,11.8,0.290341404823469,755,0.2810371188832508,717,0.5304770539838092,705,0.4297,AML,2.431,1.0,0.544841928663194,0.7305825242718447,667,0
RXFP1,853,0.226039432950175,0.2689075627992374,0.0769255100427012,0.3179958493922324,0.005363,31,10,LYS,Q9HBX9,-3.047,0.088,0.0858604793896362,Non-essential,81.1,17.6,11.4,0.2902479868384665,756,0.2790942623406015,745,0.498592545362198,823,0.8482,AML,7.289,0.48,0.4671761446445988,0.6533171521035599,858,0
OR10J1,951,0.2170864846442934,0.2605042014617612,0.0238367863356001,0.3524458938630299,0.005944,14,7,LYS,P30954,-9.966,0.0,0.1052338686072857,Non-essential,85.7,10.0,5.9,0.2902471405612739,757,0.2764389798780539,779,0.1069817912704996,2136,0.0,AML,0.0,0.0,0.0334692322292603,0.11488673139158578,2189,0
GRM7,894,0.2222485519949741,0.252100840124285,0.0705108334651273,0.3341832196857396,0.005636,36,14,LYS,Q14831,-4.608,0.056,-0.0339598288688382,Non-essential,84.4,14.3,6.7,0.2901088073312164,758,0.2786343490044728,751,0.1715411219761225,2039,0.2413,Sarcoma,5.931,0.135,0.279028803609435,0.25889967637540456,1833,0
TCTN2,592,0.2462168846729334,0.3193277308240944,0.0426253360746481,0.3523273050696709,0.005942,35,8,LYS,Q96GX1,3.052,0.977,-0.074158329191871,Non-essential,74.5,35.4,10.0,0.2901028660745128,759,0.2772341328782451,772,0.4019166257927702,1263,0.808,Cholangiocarcinoma,4.571,1.0,0.3168662536184185,0.4461974110032363,1370,0
CHRM3,426,0.26022078101378,0.2605042014617612,0.0601170330539301,0.4599466350429884,0.007757,20,17,LYS,P20309,-0.759,0.403,0.0598659293048357,Non-essential,66.7,46.1,38.6,0.290092387535846,760,0.2780982391885425,759,0.3395008669786166,1554,0.3523,Lung Squamous,2.176,0.857,0.3788598227293061,0.4300161812297735,1410,0
OR5H15,984,0.2143326823782122,0.2605042014617612,0.0575865886446307,0.3095167506670619,0.00522,18,9,LYS,A6NDH6,-9.966,0.0,-0.0992460370616667,Non-essential,88.9,8.0,2.9,0.2899523053395396,761,0.2778316347717711,765,0.0306566620271504,2427,0.0,AML,0.0,0.0,0.0323565633748853,0.03883495145631066,2377,0
VN1R1,749,0.2361749670203974,0.252100840124285,0.0350466550687964,0.4160687815001482,0.007017,24,13,LYS,Q9GZP7,-1.117,0.216,0.018438347680568,Non-essential,77.6,26.1,14.2,0.2899141531857359,762,0.2766664859391757,778,0.3912565212883713,1319,0.8113,AML,4.96,0.896,0.7091437885953982,0.6901294498381877,767,0
TMPRSS6,938,0.2183465421486777,0.2773109241367135,0.0899446465285465,0.2681292617847613,0.004522,41,17,LYS,Q8IU80,-2.635,0.236,-0.0068130229703273,Non-essential,84.5,11.7,6.3,0.2898773005261766,763,0.279374532852604,742,0.4748600539606034,923,1.1713,Thyroid,6.704,0.72,0.4509246333182048,0.6148867313915858,953,0
SLC37A4,823,0.2298754774668484,0.3277310921615705,0.0617997785861141,0.2674770234212866,0.004511,13,13,LYS,O43826,4.205,1.0,,No data,85.8,7.2,4.2,0.2898250827583998,764,0.2929150716877055,560,0.4748748323074488,922,0.3347,Kidney Clear Cell,1.893,1.0,0.4662982096221724,0.6282362459546926,920,0
SLC4A10,615,0.2447396252709939,0.2605042014617612,0.0767610311560968,0.391698784464868,0.006606,66,14,LYS,Q6U841,-5.012,0.085,0.0058210117021429,Non-essential,71.2,33.5,22.9,0.2897914244168576,765,0.2786294759746625,752,0.3621983931828337,1448,0.6295,Pheochromocytoma,4.123,0.432,0.5646282404185945,0.5796925566343042,1040,0
C3AR1,507,0.2530168049499089,0.3613445375114751,0.1256049343665981,0.2359916987844648,0.00398,12,17,LYS,Q16581,2.611,0.925,0.0125518566329365,Non-essential,68.8,42.1,36.7,0.289769746416782,766,0.2810499931351119,716,0.5857623542652634,523,0.8082,Sarcoma,4.702,0.972,0.4602186370806725,0.7119741100323624,713,0
NCSTN,1036,0.2094105338136394,0.3277310921615705,0.0170045864304918,0.2440557367328787,0.004116,44,4,LYS,Q92542,6.361,1.0,-0.0540789597445341,Non-essential,89.4,5.4,2.3,0.2895709630473923,767,0.2754211923689169,790,0.4450003973611338,1064,0.3398,Glioblastoma,1.922,1.0,0.6580666884533307,0.7233009708737864,685,0
RNF13,643,0.2432409378699699,0.2941176468116659,0.0188834414043966,0.3997628224132818,0.006742,11,3,LYS,O43567,5.407,1.0,0.0168652205751994,Non-essential,74.4,33.1,23.9,0.2895027423385027,768,0.2754469144087225,789,0.5175600802839313,752,0.3221,Kidney Clear Cell,1.822,1.0,0.545040612985692,0.723705501618123,684,0
ADAM20,860,0.2252244039923795,0.2605042014617612,0.0220275185829511,0.3813815594426326,0.006432,40,4,LYS,O43506,-5.012,0.001,0.1153230367758461,Non-essential,83.0,17.8,6.3,0.2892287400180123,769,0.2753301159471599,791,0.1986806891385677,1982,0.006,AML,3.46,0.006,0.1228347808796823,0.19134304207119746,2000,0
DCC,596,0.2459900391619184,0.2605042014617612,0.0187885497390479,0.4538393121849985,0.007654,34,5,LYS,P43146,-4.608,0.077,0.0907602115886187,Non-essential,68.2,35.2,29.4,0.289133435992628,770,0.2750728634795804,793,0.3442433437599587,1529,0.366,Low Grade Glioma,1.381,0.795,0.284233243013602,0.3697411003236246,1559,0
OR1P1,727,0.2376779073811298,0.2605042014617612,0.0441499288312509,0.4007708271568336,0.006759,16,8,LYS,Q8NH06,-9.966,0.0,,No data,82.7,13.3,7.9,0.2891066595086375,771,0.2913141559502,577,0.0606907719806428,2243,0.0,AML,0.0,0.0,0.0324938912468835,0.09021035598705507,2250,0
OR11H1,651,0.2430204870643638,0.2605042014617612,0.0174284358690495,0.4453009190631485,0.00751,16,7,LYS,Q8NG94,-9.966,0.0,,No data,81.3,17.8,8.0,0.2890588092446659,772,0.2899302310381184,595,0.1152347612942158,2122,0.0,AML,0.0,0.0,0.0916500699542316,0.15898058252427183,2080,0
RTN4RL1,584,0.247259555452918,0.2436974787868088,0.0411007433180452,0.458167803142603,0.007727,10,9,LYS,Q86UN2,-0.166,0.478,-0.0147102041005791,Non-essential,76.0,36.1,35.1,0.2890112541905451,773,0.2760662913564474,782,0.3641993975617801,1439,0.56,Uveal Melanoma,3.319,0.924,0.3708508533663208,0.4425566343042071,1379,0
HRH2,819,0.2304011934785949,0.2352941174493327,0.0636470030049027,0.3906314853246368,0.006588,14,15,LYS,P25021,-0.941,0.312,0.1076407211934355,Non-essential,82.9,22.0,13.6,0.2889225631896513,774,0.2771049133398964,774,0.3775964352202814,1377,0.9356,AML,5.22,0.965,0.4507297598220935,0.5105177993527508,1211,0
IL1RAP,1002,0.2131617126106376,0.3193277308240944,0.0067373082397596,0.2780314260302401,0.004689,13,4,LYS,Q9NPH3,2.167,0.917,0.0495813572304559,Non-essential,86.1,9.1,6.7,0.288856889355933,775,0.2741937547679209,802,0.2685142255885369,1795,0.6027,Glioblastoma,3.41,1.0,0.1315973713340776,0.2261326860841424,1914,0
LRFN5,588,0.2468638994092033,0.2268907561118565,0.0205661869365807,0.4997924696116217,0.008429,19,3,LYS,Q96NI6,-2.932,0.147,0.0688313278200217,Non-essential,73.9,35.7,28.9,0.2888014287762004,776,0.2748297381230294,794,0.3510322404411625,1504,0.7816,Kidney Chromophobe,5.632,0.708,0.226284219225569,0.3389967637540453,1635,0
PCDHGB3,724,0.237938719220083,0.252100840124285,0.0074837893405029,0.449510821227394,0.007581,18,3,LYS,Q9Y5G1,-2.178,0.101,-0.0616737080805243,Non-essential,75.4,28.7,26.2,0.288783946685474,777,0.2741581361524991,804,0.2792625720253201,1758,0.7322,AML,6.771,0.572,0.2431594993049617,0.2900485436893204,1756,0
CR2,757,0.2353055188259175,0.302521008149142,0.0153218408983077,0.3656685443225614,0.006167,29,4,LYS,P20023,-3.458,0.186,0.0134161977261269,Non-essential,74.9,27.4,6.3,0.288729949157417,778,0.2744960412023323,798,0.5887074086556565,516,1.441,Thymoma,6.166,0.661,0.6294365804884912,0.8220064724919094,441,0
GPR37L1,467,0.2559116651066339,0.2689075627992374,0.0834667088407401,0.4110287577823895,0.006932,17,16,LYS,O60883,-3.458,0.096,-0.147445150872034,Non-essential,67.8,44.1,30.8,0.2886415136355155,779,0.2778148490775525,766,0.3980299459063425,1280,0.4371,AML,4.678,0.324,0.5761926978475579,0.6266181229773462,924,0
CHRM1,603,0.2456476188062203,0.2352941174493327,0.0627044124624387,0.4423954936258523,0.007461,20,18,LYS,P11229,-4.248,0.195,-0.0946655453741798,Non-essential,74.7,35.0,30.7,0.2886279176293392,780,0.2767631382524611,777,0.5078627861882413,793,1.6793,Uveal Melanoma,6.17,0.861,0.7412459611383185,0.8183656957928802,450,0
CRB1,750,0.235886518301259,0.252100840124285,0.0380578839158627,0.4120960569226207,0.00695,49,10,LYS,P82279,-4.035,0.091,0.0068720190237691,Non-essential,75.0,27.2,10.2,0.2885737792531206,781,0.2754766734489137,788,0.3488696282951472,1514,0.6055,Low Grade Glioma,1.922,0.996,0.2457353907877124,0.3483009708737864,1612,0
CXCR3,867,0.2248774992503114,0.5378151255984748,0.0092614265380357,0.0232434034983694,0.000392,19,4,TYR,P49682,0.537,0.6,0.0348921559271487,Non-essential,80.5,22.8,12.8,0.2885615014685674,782,0.2740245727954692,806,0.6938475391490513,240,1.0364,Thymoma,4.635,0.975,0.6288848474732986,0.8729773462783171,315,0
CADM2,761,0.2348170729209286,0.201680672099428,0.0073825715641309,0.5064334420397272,0.008541,8,2,LYS,Q8N3J6,-3.458,0.192,-0.008124257331542,Non-essential,82.1,25.5,18.6,0.2885422386357643,783,0.2739113672139708,809,0.3636709515857678,1442,1.2846,Pheochromocytoma,6.781,0.966,0.3612172991277723,0.4372977346278317,1392,0
OR4A5,1023,0.2110611952980937,0.2605042014617612,0.0124687648268227,0.3437296175511414,0.005797,16,7,LYS,Q8NH83,-9.966,0.0,-0.2580166775738488,Non-essential,88.4,6.7,3.2,0.2885260661061074,784,0.2741495043474485,805,0.0268985235627765,2448,0.0,AML,0.0,0.0,0.0677845505992916,0.0821197411003236,2270,0
AGTR2,789,0.2330285100472959,0.2605042014617612,0.0767989878222362,0.3526237770530684,0.005947,15,11,LYS,P50052,-9.966,0.044,0.0369238327770345,Non-essential,82.0,25.1,9.6,0.2884321617304426,785,0.2772721111215543,771,0.2265002518657992,1918,0.1311,Uterine Carcinosarcoma,0.996,0.263,0.1678463337653534,0.2192556634304207,1931,0
FZD6,631,0.2439778924780178,0.3277310921615705,0.0956444725604934,0.2806403794841387,0.004733,27,11,LYS,O60353,3.642,0.966,0.1295309965987359,Non-essential,72.4,35.6,29.3,0.2881770952677077,786,0.2779593188957324,763,0.4383032559327572,1094,0.5465,Cholangiocarcinoma,3.13,0.972,0.3597318109277673,0.5088996763754046,1215,0
PCDHB12,870,0.224582504920212,0.252100840124285,0.0142527281353787,0.3982211680996145,0.006716,16,7,LYS,Q9Y5F1,-0.886,0.266,0.1108626080822965,Non-essential,81.5,18.2,15.6,0.2881537681022481,787,0.273866404509017,811,0.3185487310010227,1633,0.2897,Kidney Clear Cell,2.434,0.641,0.2642307089312227,0.33535598705501624,1644,0
PIGT,968,0.2156898970707782,0.3277310921615705,0.058333069745374,0.2236584642751259,0.003772,25,7,LYS,Q969N2,6.52,1.0,-0.052963294512694,Non-essential,87.3,12.1,2.9,0.2881037657616747,788,0.2760204192489434,783,0.5158397767451813,760,0.3847,Cholangiocarcinoma,2.176,1.0,0.540682257784662,0.7160194174757282,703,0
THSD7A,498,0.2538417443745434,0.2436974787868088,0.0925699826031946,0.4286391935962051,0.007229,84,10,LYS,Q9UPZ6,-0.735,0.361,0.1580980506198223,Non-essential,67.3,42.5,15.0,0.288096411625233,789,0.2777249107553927,768,0.3640229918560815,1440,0.4577,Kidney Chromophobe,2.587,0.969,0.216854250222133,0.345873786407767,1618,0
PCDHGA11,700,0.2397273116279445,0.2436974787868088,0.0162897358848647,0.4578713311592054,0.007722,20,2,LYS,Q9Y5H2,-1.732,0.147,0.0795184362169952,Non-essential,75.2,30.8,24.6,0.2880343843364006,790,0.2738488711306438,812,0.264152505875549,1810,0.4089,AML,5.457,0.41,0.1845972846740535,0.24757281553398058,1861,0
SCAP,1012,0.2122496609390632,0.2605042014617612,0.0774442511466076,0.2827156833679217,0.004768,65,6,LYS,Q12770,5.033,1.0,-0.997200438782876,Essential,65.3,43.2,29.9,0.2880164541402487,791,0.2418886666975791,1183,0.4663381052362958,962,0.2266,Sarcoma,1.282,1.0,0.550708638742152,0.6800161812297735,792,0
OR5T2,837,0.2278550665287253,0.2605042014617612,0.0275944962834097,0.3845834568633263,0.006486,22,9,LYS,Q8NGG2,-9.966,0.0,-0.077603868417881,Non-essential,80.6,21.4,8.6,0.2878209587983004,792,0.2742006836124709,801,0.1297877841484624,2098,0.0,AML,0.0,0.0,0.1583677714334025,0.18729773462783172,2010,0
KLRC3,480,0.2547130183757298,0.2605042014617612,0.0015562233117191,0.5001482359916988,0.008435,3,2,LYS,Q07444,-4.035,0.075,0.2092673024876999,Non-essential,71.0,43.8,25.0,0.2878025853374709,793,0.2728803965030568,826,0.2835927328310261,1749,0.8824,Low Grade Glioma,3.016,0.878,0.2526033655138539,0.29652103559870546,1740,0
LHFPL5,1031,0.2102314235246504,0.2941176468116659,0.0030112288470662,0.305603320486214,0.005154,7,3,LYS,Q8TAF8,-5.012,0.027,-0.0544849145998436,Non-essential,89.2,7.3,4.6,0.2877948137174031,794,0.2729453751597564,825,0.1872035463314802,2007,0.4065,Breast,6.794,0.12,0.0606715715472188,0.16302588996763756,2070,0
GABRG3,729,0.2376083876255327,0.3193277308240944,0.0223501502451368,0.3439075007411799,0.0058,17,10,LYS,Q99928,-4.608,0.167,0.1092301169711708,Non-essential,75.2,30.6,28.1,0.2877291185350122,795,0.273846626047269,813,0.4978431735347077,826,1.1084,Uterine Carcinosarcoma,9.025,0.368,0.6982064183339833,0.7892394822006472,522,0
BACE1,913,0.2208764031842627,0.2268907561118565,0.0395445200063261,0.3941891491254076,0.006648,18,9,LYS,P56817,3.539,0.995,-0.0967714950746247,Non-essential,87.5,15.6,11.0,0.2872451819220832,796,0.2742224079223995,800,0.2677968784761556,1799,0.7395,AML,4.183,1.0,0.2840410347820602,0.3098705501618123,1707,0
SLC12A3,906,0.2213110198076747,0.2689075627992374,0.0399367388897675,0.3392232434034983,0.005721,54,13,LYS,P55017,-4.035,0.031,-0.0865411117380053,Non-essential,80.7,16.9,12.1,0.2870076425530495,797,0.2740044794975379,807,0.4904178166130017,869,0.5947,DLBCL,2.604,0.511,0.2585404759724945,0.48665048543689315,1270,0
ECE1,1018,0.2116549993759221,0.2605042014617612,0.036564921714376,0.3216128075896827,0.005424,37,8,LYS,P42892,5.466,1.0,-0.0881396537028036,Non-essential,90.9,8.8,7.4,0.2869209028376311,798,0.2737491489233499,815,0.3306636440595873,1587,0.4201,Sarcoma,2.377,1.0,0.3477467378867454,0.40129449838187703,1481,0
GLP1R,900,0.2218363062242374,0.2605042014617612,0.0290558279297801,0.3630595908686628,0.006123,21,8,LYS,P43220,-5.012,0.058,0.1125131509241177,Non-essential,81.5,17.3,11.4,0.2869053252112271,799,0.2733581166077161,822,0.1843479886691295,2017,0.4078,Pheochromocytoma,3.517,0.307,0.2984511246101712,0.2758899676375405,1791,1
GPR137C,464,0.2560887384954659,0.2773109241367135,0.1464368179661553,0.3374444115031129,0.005691,19,15,LYS,Q8N3F9,-0.808,0.324,-0.1708409362238458,Non-essential,66.6,46.2,36.6,0.2868291308151667,800,0.2791509717134745,744,0.4817153512559076,901,0.6325,Pheochromocytoma,4.038,0.858,0.6739575182074609,0.7653721682847896,581,0
TAS2R10,1000,0.2134558046187733,0.2605042014617612,0.0352743950656334,0.3289060183812629,0.005547,20,7,LYS,Q9NYW0,-4.035,0.002,-0.1343354525459777,Non-essential,87.2,10.4,2.0,0.2868215738733405,801,0.2735852936266221,818,0.3010553306051785,1684,1.347,AML,10.378,0.636,0.3597626822402519,0.38834951456310685,1513,0
IZUMO3,994,0.2139929105748969,0.2605042014617612,0.0046307132690178,0.3613400533649569,0.006094,10,3,LYS,Q5VZ72,-9.966,0.001,0.1895338184175847,Non-essential,87.0,10.9,2.5,0.2867691621701101,802,0.2720006978335609,839,0.1154739230866139,2120,0.0,AML,0.0,0.0,0.0230733645297589,0.08454692556634302,2264,0
SLC7A14,669,0.2414596156714443,0.1932773107619518,0.1197089988929305,0.4274533056626148,0.007209,26,13,LYS,Q8TBB6,-9.966,0.08,0.0331573594081968,Non-essential,72.7,32.7,24.5,0.2867376349055694,803,0.2777230848502159,769,0.5834070143795351,529,3.6369,Pheochromocytoma,8.226,0.989,0.3873077063159014,0.6642394822006472,831,0
GSG1,478,0.2548321003834169,0.252100840124285,0.0282777162739206,0.4850281648384227,0.00818,14,6,LYS,Q2KHT4,-5.012,0.029,0.0335318036577831,Non-essential,70.7,45.0,26.6,0.2865617643215856,804,0.2729756501352816,824,0.504182934206223,804,0.172,Kidney Papillary,1.346,0.338,0.5506261093017971,0.7127831715210355,711,0
TRABD2B,529,0.2515164484533942,0.2100840334369042,0.1291032737624545,0.4291728431663207,0.007238,16,12,LYS,A6NFA1,-1.117,0.32,-0.1342228287200195,Non-essential,68.8,41.6,37.5,0.2864984409351103,805,0.277953604623233,764,0.3545819987981635,1487,0.2905,Sarcoma,2.48,0.631,0.5718870308262526,0.5744336569579288,1053,0
IL13RA1,830,0.2282356226127633,0.3109243694866181,0.0090716432073382,0.3371479395197153,0.005686,16,5,LYS,P78552,5.089,0.999,0.046779366869037,Non-essential,81.6,23.9,13.6,0.2864784250020797,806,0.2719320071624466,840,0.4251375649360575,1149,0.4769,Glioblastoma,2.697,1.0,0.468648622840108,0.5784789644012944,1043,0
OR52B4,842,0.2269383939112068,0.2605042014617612,0.0569729558753756,0.3521494218796323,0.005939,9,5,LYS,Q8NGK2,-9.966,0.0,,No data,87.5,7.0,1.9,0.2864570649503684,807,0.2893057127441372,609,0.0297757126447481,2430,0.0,AML,0.0,0.0,0.0168348299604878,0.003236245954692518,2465,0
IGDCC4,648,0.2431353038720455,0.2352941174493327,0.0425304444092993,0.4541950785650755,0.00766,44,4,LYS,Q8TDY8,-0.233,0.457,-0.1361592808879893,Non-essential,70.3,35.1,28.0,0.2864343218508601,808,0.2735608440713251,820,0.2968772559164538,1706,0.4529,Glioblastoma,2.481,1.0,0.155136401305394,0.25404530744336573,1845,0
MR1,953,0.2169538674154107,0.3361344534990467,0.0181369603036533,0.2568633264156537,0.004332,18,6,LYS,Q95460,3.409,0.99,0.0271130997265968,Non-essential,87.5,15.0,5.9,0.2863971304044931,809,0.2723039784196757,831,0.2753190342233326,1774,0.648,Sarcoma,3.666,1.0,0.2371400105783089,0.2823624595469255,1775,0
FGFR3,731,0.2375625525274824,0.3613445375114751,0.1001802941641625,0.2099021642454788,0.00354,27,9,LYS,P22607,3.08,0.85,0.0517458894235167,Non-essential,74.2,32.6,22.7,0.2863912027314266,810,0.2764002174396347,781,0.8392481595854829,39,0.7416,Esophageal,4.224,0.978,0.8312642721186984,0.9813915857605178,47,0
OR2T35,1030,0.2103723504514993,0.2605042014617612,0.0584975486319784,0.2954046842573377,0.004982,16,10,LYS,Q8NGX2,-9.966,0.0,-0.1727161059039508,Non-essential,88.8,8.4,2.8,0.2862520287339454,811,0.2741769061655443,803,0.0309201877641752,2426,0.0,AML,0.0,0.0,0.0657676371313523,0.08737864077669899,2257,0
NRP1,835,0.2279128481812954,0.2689075627992374,0.0470599399019452,0.3541061369700563,0.005972,33,9,LYS,O14786,4.265,0.997,0.0614231474007538,Non-essential,79.1,23.2,17.4,0.2862091661977335,812,0.2735621631928307,819,0.6114529919430379,457,0.4879,Kidney Clear Cell,2.717,1.0,0.5769939972864397,0.8042071197411003,485,0
EVC2,709,0.2391039247313816,0.2184873947743803,0.1306594970741736,0.3750370589979246,0.006325,65,12,LYS,Q86UK5,0.323,0.574,0.1365608769176328,Non-essential,72.7,31.7,22.9,0.2861947271890577,813,0.2777277020427663,767,0.394378602667448,1299,0.6246,Cholangiocarcinoma,3.912,0.889,0.3651917865463876,0.46682847896440127,1319,0
IL21R,353,0.2674305026008853,0.3781512601864275,0.0172955875375612,0.3699377408834864,0.006239,13,5,LYS,Q9HBE5,-0.013,0.499,-0.0072127338198996,Non-essential,64.1,58.0,42.0,0.2861612731705115,814,0.2720260525473896,838,0.488628936597951,879,0.7955,Thymoma,4.434,0.966,0.428558654793293,0.6080097087378641,970,0
SLC6A7,930,0.219023786611311,0.252100840124285,0.0944488375770994,0.2994959976282241,0.005051,23,20,LYS,Q99884,-5.574,0.041,-0.064050975242065,Non-essential,86.0,15.6,10.4,0.2861215028448306,815,0.2758439447236855,785,0.1932059315337226,2000,0.136,Stomach,3.048,0.1,0.0875940034028858,0.17961165048543692,2029,0
KCNMB2,1038,0.2093735173498467,0.2605042014617612,0.002751858295113,0.3478209309220278,0.005866,9,3,LYS,Q9Y691,-9.966,0.007,0.0683855911839739,Non-essential,85.5,7.7,2.1,0.2861196678159016,816,0.2712572607306572,848,0.04472954994795,2300,0.0,AML,0.0,0.0,0.0232632215182418,0.03721682847896435,2381,0
OR2T27,1057,0.2073115757579689,0.2605042014617612,0.0185291791870947,0.3251704713904536,0.005484,14,7,LYS,Q8NH04,-9.966,0.0,-0.2013462556028407,Non-essential,88.7,6.0,3.8,0.2861013831560035,817,0.2720278421153582,837,0.0433531119598823,2325,0.0,AML,0.0,0.0,0.0701025011598387,0.11165048543689315,2197,0
BTN3A3,876,0.223854424770216,0.302521008149142,0.0092297959829195,0.3335902757189445,0.005626,21,4,LYS,O00478,3.518,0.995,0.0773704872411615,Non-essential,82.8,20.5,11.3,0.2860873707776657,818,0.2715488605768117,845,0.3393649697709703,1556,0.5739,Sarcoma,3.247,1.0,0.2712328891388523,0.35760517799352753,1589,0
PCDH8,582,0.247458911081484,0.252100840124285,0.020243555274395,0.4684850281648384,0.007901,22,6,LYS,O95206,-5.012,0.177,-0.0042472440134386,Non-essential,69.7,39.6,35.6,0.2858174399033081,819,0.2718296176670278,843,0.3950626435907962,1295,1.3095,Uterine Carcinosarcoma,7.073,0.614,0.307470299626459,0.43446601941747576,1399,0
EPHA8,872,0.2241805116965191,0.2689075627992374,0.0744646528546575,0.314260302401423,0.0053,35,10,LYS,P29322,-5.012,0.076,0.0399210255402202,Non-essential,80.2,20.5,14.0,0.2857988857937532,820,0.2745221184364861,797,0.6580056284429837,326,2.3605,Pheochromocytoma,6.876,0.841,0.5676308262489536,0.8248381877022654,434,0
PCDHB10,908,0.2211675005938836,0.2773109241367135,0.0094575359797564,0.3580195671509042,0.006038,16,1,LYS,Q9UN67,0.434,0.601,0.0340701147843946,Non-essential,81.2,18.2,15.5,0.2857280992305149,821,0.2712009760295026,852,0.3797293218916131,1374,0.7564,Pheochromocytoma,4.144,0.983,0.2492865275709486,0.3766181229773463,1542,0
IFNAR1,811,0.2312277723161365,0.3277310921615705,0.0131203542622173,0.3206640972428105,0.005408,24,2,LYS,P17181,3.999,1.0,0.0909405012984719,Non-essential,78.0,27.6,20.6,0.2855519951328066,822,0.2712080128459175,850,0.3494295101985842,1510,0.3352,Kidney Clear Cell,1.896,1.0,0.171033360763424,0.3005663430420712,1730,0
TMEM132A,696,0.2398160694940816,0.4621848735611892,0.0680499762770836,0.1150904239549362,0.001941,55,2,LYS,Q24JP5,4.784,0.991,-0.0304818576603075,Non-essential,72.7,37.0,24.0,0.2855498058044212,823,0.2739523046182753,808,0.8185310774925333,54,1.1031,Cholangiocarcinoma,6.24,1.0,0.704111019245374,0.9470064724919094,132,0
OR5C1,1047,0.2084045291257814,0.2605042014617612,0.0118551320575676,0.3354876964126889,0.005658,15,4,LYS,Q8NGR4,-9.966,0.001,0.0527366065291058,Non-essential,87.0,7.5,3.8,0.2855121776291806,824,0.2711049342320589,853,0.0764109258326904,2188,0.0366,AML,6.34,0.006,0.0280855983086221,0.08778317152103565,2256,0
GPR174,892,0.2223983656201719,0.2773109241367135,0.0481290526648742,0.3234509338867476,0.005455,14,12,LYS,Q9BXC1,-2.466,0.153,0.0788646421986059,Non-essential,84.1,19.5,3.0,0.2854538200857552,825,0.2728602727189989,827,0.3522409613783895,1500,1.2286,AML,5.867,0.936,0.3991564259633999,0.44822006472491904,1365,0
LMAN2L,903,0.2216990193883503,0.3109243694866181,0.0056049343665981,0.3188259709457456,0.005377,16,6,LYS,Q9H0V9,4.005,1.0,-0.0408908283555393,Non-essential,84.4,19.5,14.1,0.2854312556484022,826,0.2707115023667322,862,0.2255812404475663,1919,0.3111,Glioblastoma,1.76,1.0,0.156091171732007,0.21642394822006472,1938,0
ITGAV,1252,0.1866517450706391,0.3193277308240944,0.0443713427170646,0.1520308330862733,0.002564,47,9,LYS,P06756,4.69,0.997,-0.4219890819646121,Context-dependent,88.3,10.6,7.8,0.2852652497392675,827,0.2524838168751207,1068,0.3674022939104872,1424,0.5835,Cholangiocarcinoma,3.301,1.0,0.4160789097721383,0.4817961165048543,1282,0
UNC5C,824,0.2297764619761046,0.2352941174493327,0.0453771943697611,0.406818855618144,0.006861,22,9,LYS,O95185,-0.834,0.34,0.0733797485222886,Non-essential,78.1,25.2,20.8,0.2852019536042427,828,0.2724708133227308,830,0.3254392645055465,1608,0.5539,Sarcoma,4.968,0.579,0.4357834322781163,0.4502427184466019,1360,0
CYSLTR2,912,0.2209607123006318,0.2689075627992374,0.0436311877273446,0.3343611028757782,0.005639,14,16,LYS,Q9NS75,-1.283,0.245,0.0342467197723529,Non-essential,84.5,18.5,11.0,0.2851157196305138,829,0.272297279016881,832,0.3581178409053421,1466,1.2507,AML,7.88,0.809,0.4285142805263138,0.47896440129449835,1289,0
PROM2,1056,0.2073333456786484,0.4789915962361415,0.0141515103590067,0.0383041802549659,0.000646,42,4,TYR,Q8N271,4.04,0.748,0.0075080838477856,Non-essential,85.8,10.7,5.6,0.2850609813361426,830,0.270768556854093,860,0.7383936914802409,157,0.7591,Head&Neck,4.19,0.992,0.7312641252451239,0.9364886731391586,158,0
GRIK2,941,0.2180813527237746,0.2268907561118565,0.0772481417048869,0.3471686925585532,0.005855,49,11,LYS,Q13002,-2.548,0.193,0.1541229035786115,Non-essential,83.6,15.5,4.7,0.2850159732050098,831,0.2738783802902541,810,0.369217598477041,1416,0.8419,Pheochromocytoma,4.866,0.932,0.2946769253907467,0.40291262135922334,1477,0
SLC6A3,983,0.2143355679530358,0.2436974787868088,0.1146923928514945,0.2748295286095464,0.004635,24,12,LYS,Q01959,-4.608,0.106,0.0944509915090182,Non-essential,86.9,12.7,11.3,0.2849745979406433,832,0.275709217583218,787,0.4676788914985642,953,1.8382,Kidney Clear Cell,9.027,0.864,0.52265395809409,0.6634304207119741,833,0
DSG1,358,0.2671695768397976,0.2352941174493327,0.0916337181717539,0.4852060480284612,0.008183,29,11,LYS,Q02413,-5.012,0.12,0.0221012872777383,Non-essential,62.1,56.7,43.9,0.2848628826573202,833,0.2744445685659079,799,0.7732027447958667,101,2.0731,Head&Neck,8.243,0.795,0.798023455740495,0.9672330097087378,82,0
SLC2A8,1001,0.2131720305739472,0.252100840124285,0.1109346829036849,0.2635042988437592,0.004444,16,5,LYS,Q9NY64,3.907,1.0,0.1254967703144002,Non-essential,85.4,12.2,8.4,0.2846450394803608,834,0.275191773625545,792,0.3529146593683429,1495,0.1916,DLBCL,1.084,1.0,0.3124658402654464,0.4004854368932039,1483,0
ART1,839,0.2276788065966442,0.2605042014617612,0.0343001739680531,0.3772902460717461,0.006363,13,6,LYS,P52961,-9.966,0.009,-0.0455115348452746,Non-essential,84.7,24.5,8.3,0.2845740755215662,835,0.2712890842199689,847,0.4148186704493388,1202,2.5156,Uveal Melanoma,9.369,0.38,0.1360047766885683,0.3559870550161812,1593,0
SLC24A4,683,0.2406820842469575,0.252100840124285,0.104621224102483,0.3615179365549955,0.006097,30,13,LYS,Q8NFF2,-3.626,0.063,0.0867107556032063,Non-essential,70.8,35.2,23.3,0.2845700842078693,836,0.2748011454129935,795,0.5489766664318324,633,1.0866,AML,6.861,0.792,0.5887365788610407,0.7730582524271845,562,0
GABRA1,833,0.2279721713722527,0.2184873947743803,0.0170045864304918,0.4515861251111769,0.007616,19,4,LYS,P14867,-9.966,0.061,0.0905387072436675,Non-essential,81.7,24.1,16.4,0.2845182660564503,837,0.2703684953779749,869,0.3276011142454633,1600,1.1231,Thymoma,7.651,0.254,0.3444756174591373,0.39765372168284785,1490,0
OPN1SW,996,0.2137928981871224,0.2605042014617612,0.0289862407085244,0.3363178179662021,0.005672,17,10,LYS,P03999,-3.458,0.011,0.1233008191121197,Non-essential,86.9,13.0,7.0,0.2845024851802981,838,0.2709517972157242,856,0.0875805396770454,2163,0.0354,Glioblastoma,1.819,0.075,0.0870598745092916,0.15250809061488668,2096,0
ACVR1C,901,0.2217341345150647,0.252100840124285,0.0344646528546575,0.3685146753631781,0.006215,26,8,LYS,Q8NER5,-2.388,0.152,0.091869733331121,Non-essential,84.8,19.5,6.1,0.2844801260979587,839,0.2712033587406915,851,0.2158011098916616,1942,0.4696,Esophageal,4.138,0.567,0.3372628138464975,0.32160194174757284,1678,0
PTPRO,832,0.2280390234281258,0.302521008149142,0.0212810374822078,0.3354876964126889,0.005658,41,7,LYS,Q16827,0.391,0.581,0.0817279535368016,Non-essential,77.4,25.6,14.8,0.2844745363259239,840,0.2705385882000343,865,0.3975520631940075,1284,0.5759,AML,4.203,0.763,0.2684627599947327,0.4101941747572816,1459,0
OR2A4,608,0.2451979776154036,0.2605042014617612,0.0495903843112446,0.4203972724577527,0.00709,20,11,LYS,O95047,-9.966,0.04,,No data,79.3,24.2,3.2,0.2844733847038657,841,0.2869529039194279,642,0.6412334122587329,364,4.1558,Kidney Clear Cell,10.959,0.657,0.2534298460818525,0.5922330097087378,1009,0
TTYH3,861,0.2252056132925896,0.3781512601864275,0.0875154198956191,0.1589682774977764,0.002681,20,15,CYS,Q9C0H2,5.108,1.0,0.0082605187859957,Non-essential,79.4,24.7,21.0,0.2842738654135985,842,0.2736496364083794,816,0.742528277849036,149,0.8601,Sarcoma,4.865,1.0,0.750504537221712,0.9478155339805825,130,0
CD38,1039,0.2092239877167683,0.3109243694866181,0.0243238968843903,0.2585235695226801,0.00436,7,9,LYS,P28907,1.118,0.665,0.0269651896118619,Non-essential,90.9,10.3,2.7,0.2842353959220839,843,0.2704515907663034,866,0.3906075452989078,1325,1.3149,AML,7.202,1.0,0.3737452097958035,0.46966019417475724,1312,0
ACVR1B,896,0.2220765251881791,0.302521008149142,0.0344330222995413,0.3024607174621997,0.005101,17,1,LYS,P36896,3.934,0.998,-0.0927299035904914,Non-essential,83.4,21.0,10.9,0.2841057877926349,844,0.270827438907612,859,0.2978906465747284,1701,0.3489,Pheochromocytoma,1.974,1.0,0.2225402697758026,0.290453074433657,1755,0
SLC12A2,777,0.2340228225004249,0.2773109241367135,0.035824766724656,0.3745034094278091,0.006316,51,8,LYS,P55011,2.839,0.961,0.0645309798670153,Non-essential,73.1,30.6,26.1,0.284040867485966,845,0.2708321058221988,858,0.3606867874127782,1458,0.8007,Cholangiocarcinoma,4.529,1.0,0.1987599648768479,0.33252427184466016,1651,0
MMP16,779,0.2339496281972657,0.2605042014617612,0.0573968053139332,0.3750963533946042,0.006326,27,10,LYS,P51512,-1.732,0.268,0.0695191432680689,Non-essential,76.7,30.3,18.5,0.2839997601887508,846,0.2718696004544474,842,0.3473156451433018,1522,0.8019,Sarcoma,5.602,0.687,0.5167179986425524,0.5266990291262136,1171,0
IL1RAPL2,818,0.2304931469592241,0.2689075627992374,0.0113680215087774,0.3983990512896531,0.006719,21,6,LYS,Q9NP60,-4.608,0.047,-0.0153804322504662,Non-essential,75.2,27.6,22.3,0.2839594151793407,847,0.2695278162547795,875,0.3561008189137773,1476,1.6308,Pheochromocytoma,9.301,0.392,0.2747241831598709,0.3741909385113269,1548,0
ADAM32,815,0.230711393150191,0.2436974787868088,0.044048711054879,0.4000592943966795,0.006747,32,6,LYS,Q8TC27,-1.248,0.255,0.1229694678502994,Non-essential,76.5,27.6,20.1,0.2837211189382727,848,0.2709235544910167,857,0.3414410649213718,1545,0.156,Sarcoma,2.096,0.401,0.4391699151111718,0.46804207119741104,1316,0
GRM6,1027,0.2107961102404551,0.2605042014617612,0.0864146765775739,0.268900088941595,0.004535,36,15,LYS,O15303,-4.608,0.011,-0.0378365406184306,Non-essential,85.6,11.3,7.2,0.2837051618914086,849,0.2730258957202873,823,0.1582926992363695,2060,0.0076,Pheochromocytoma,1.612,0.017,0.0995463149699507,0.17313915857605178,2045,0
SLC7A4,959,0.21627756245437,0.2689075627992374,0.0424292266329274,0.3199525644826563,0.005396,26,12,LYS,O43246,-1.086,0.377,0.0097412509258214,Non-essential,80.8,16.1,12.3,0.283613094758629,850,0.2707345560902754,861,0.5910520887974593,507,1.3035,Uveal Melanoma,6.386,1.0,0.5272709113656326,0.7637540453074434,585,0
SCN1A,617,0.2445118036961049,0.1932773107619518,0.1589372133480942,0.3983990512896531,0.006719,125,17,LYS,P35498,-9.966,0.104,0.029969824066481,Non-essential,68.5,38.5,25.5,0.2834811249261199,851,0.2764279855935246,780,0.3494561798583163,1509,0.2982,Low Grade Glioma,0.683,0.976,0.3003361024543091,0.3871359223300971,1516,0
SLC44A5,961,0.2161471089112913,0.3613445375114751,0.0424924877431599,0.1962051586125111,0.003309,31,7,LYS,Q8NCS7,0.099,0.512,0.0907118629199382,Non-essential,82.2,17.7,4.2,0.2834449997179341,852,0.270569624105092,863,0.5568902434039188,606,0.713,Lung Squamous,4.426,0.852,0.5876460282990095,0.779126213592233,547,0
THSD7B,534,0.251253883801034,0.2605042014617612,0.075824766724656,0.4143492439964423,0.006988,79,8,LYS,Q9C0I4,-2.826,0.103,-0.0120644880998939,Non-essential,67.1,45.4,13.9,0.283319973191891,853,0.2721112115281238,835,0.2921033829120212,1723,0.494,Kidney Chromophobe,2.987,0.662,0.2551572356958277,0.30542071197411,1718,0
SLC4A5,655,0.2427870297980211,0.2352941174493327,0.0810374822078127,0.4145271271864808,0.006991,54,12,LYS,Q9BY07,-0.597,0.324,-0.2938731983043504,Non-essential,68.4,38.0,27.7,0.2832440934558398,854,0.2722959675662305,833,0.3934362730982632,1306,0.5526,Kidney Chromophobe,3.628,0.862,0.505586326235139,0.5671521035598706,1071,0
NLGN4X,812,0.2311770057074207,0.2268907561118565,0.0865095682429226,0.3815594426326711,0.006435,33,13,LYS,Q8N0W4,-1.181,0.341,0.1069137974623957,Non-essential,79.1,28.2,23.8,0.2832290173580482,855,0.2725544957701943,829,0.4065503368363442,1242,0.4546,Pheochromocytoma,3.679,0.642,0.4521227984115905,0.5469255663430421,1121,0
HCRTR2,775,0.2341633755417127,0.2605042014617612,0.0581685908587695,0.3750370589979246,0.006325,22,10,LYS,O43614,-9.966,0.01,0.0015906482483439,Non-essential,79.0,31.3,16.4,0.2831778829757899,856,0.2710863125187284,855,0.4492218137381493,1048,2.412,Adrenocortical,8.939,0.382,0.2828290630548712,0.4631877022653722,1328,0
KCNG4,855,0.2259407980865901,0.2605042014617612,0.1329242448204965,0.2728728135191224,0.004602,20,8,LYS,Q8TDN1,-9.966,0.02,-0.0610626492480697,Non-essential,77.9,24.5,15.4,0.2831257350965211,857,0.2747719473375459,796,0.6689968762395735,294,4.9414,Pheochromocytoma,8.367,0.835,0.3964718755374575,0.7200647249190939,693,0
SLC6A2,1016,0.211982433576488,0.2436974787868088,0.0623185196900205,0.3193596205158612,0.005386,30,15,LYS,P23975,-5.012,0.12,-0.0512789504006348,Non-essential,87.2,12.6,8.4,0.2831136526268535,858,0.2712295786113545,849,0.4524414104735573,1029,1.8491,Pheochromocytoma,7.593,0.943,0.5168394593168865,0.6419902912621359,886,0
CD200R1,616,0.2445532137866255,0.2689075627992374,0.0141198798038905,0.4425140824192113,0.007463,15,3,LYS,Q8TD46,-1.355,0.205,-0.0209206792697694,Non-essential,74.5,40.2,24.7,0.2830761375355086,859,0.268782131525703,885,0.3073223714549782,1669,0.4174,Kidney Clear Cell,3.886,0.558,0.3890956924337329,0.41383495145631066,1450,0
IL1R1,950,0.2172854237739185,0.2100840334369042,0.0143476198007275,0.4298250815297954,0.007249,29,3,LYS,P14778,4.028,0.98,0.0299347970926356,Non-essential,83.9,16.5,6.0,0.2830725870355472,860,0.2687899680255836,884,0.2813659883750224,1755,0.3559,Pancreatic,2.013,1.0,0.2683131276887879,0.30865695792880254,1710,0
HRH3,791,0.2328514142938058,0.2436974787868088,0.0617365174758817,0.389504891787726,0.006569,16,6,LYS,Q9Y5N1,-6.506,0.065,-0.048481968614893,Non-essential,75.6,30.1,24.0,0.283004469891285,861,0.2710912957650791,854,0.3538414436713143,1492,0.5815,Pheochromocytoma,4.487,0.29,0.5055929947801815,0.5250809061488673,1175,0
TNFSF18,966,0.2158135784986055,0.302521008149142,0.0011640044282777,0.3148532463682181,0.00531,4,2,LYS,Q9UNG2,-2.466,0.113,0.1460421534495513,Non-essential,86.7,16.9,9.0,0.2829866655513237,862,0.2680448657727375,895,0.1936538911635502,1999,1.2835,Pancreatic,8.683,0.209,0.1872017165343988,0.21804207119741104,1934,0
PRNP,458,0.2568339579409007,0.2436974787868088,0.037735252253677,0.4934479691669136,0.008322,6,10,LYS,P04156,5.802,0.999,0.0153827748435066,Non-essential,64.2,50.2,38.7,0.2828899229305307,863,0.2697766855432146,872,0.5320761196684791,701,0.4601,Pancreatic,2.603,1.0,0.5046579553347778,0.7034789644012944,734,0
SCN3A,654,0.2429167161532732,0.2268907561118565,0.0994338130634192,0.4077675659650163,0.006877,121,16,LYS,Q9NY46,-3.816,0.118,0.076581304876091,Non-essential,68.3,38.4,25.9,0.2828121093962586,864,0.2727838000494296,828,0.4388900815861666,1089,0.9329,Pheochromocytoma,5.33,0.926,0.3891409189332133,0.5384304207119741,1142,0
HAVCR2,586,0.2471588920650128,0.3781512601864275,0.0311940534556381,0.2884672398458345,0.004865,3,4,LYS,Q8TDQ0,2.308,0.901,0.0206822328346154,Non-essential,71.8,44.5,19.6,0.2827682643906177,865,0.2693279670633997,877,0.5155777715909363,762,0.7159,AML,4.154,0.96,0.3445413433949743,0.5764563106796117,1048,0
DGCR2,413,0.2614329023304671,0.2941176468116659,0.0256840107543887,0.4536021345982804,0.00765,12,3,LYS,P98153,5.335,1.0,-0.1051061989555245,Non-essential,63.1,55.1,37.8,0.2826627127222503,866,0.2689469132599698,882,0.4568496027833299,1001,0.4019,Cholangiocarcinoma,2.273,1.0,0.4686067141001435,0.6072006472491909,972,0
CLCNKB,1068,0.2064392747709759,0.252100840124285,0.081910485529021,0.2700859768751852,0.004555,34,12,LYS,P51801,-2.388,0.181,0.0053343261958935,Non-essential,87.2,8.6,3.8,0.2826344096445513,867,0.2717299339210023,844,0.5125476118203962,776,0.4369,Kidney Chromophobe,2.254,0.969,0.5261474283420247,0.7042880258899676,732,0
IL17RA,580,0.2476477310063225,0.2605042014617612,0.0560366914439348,0.4221168099614586,0.007119,35,12,LYS,Q96F46,2.266,0.991,-0.0501515842179902,Non-essential,68.9,43.1,34.9,0.2826148458629647,868,0.2704166804351615,867,0.2695453285392135,1791,0.4663,Sarcoma,2.713,0.972,0.2161789681552625,0.26941747572815533,1807,0
SCN7A,803,0.2318644050982678,0.1932773107619518,0.084048711054879,0.4311295582567447,0.007271,91,16,LYS,Q01118,-3.171,0.185,0.0677221187309613,Non-essential,73.7,29.1,14.7,0.282341626094589,869,0.271544061647333,846,0.3857527123514536,1347,0.1571,Pheochromocytoma,1.156,0.744,0.4152133430284879,0.4947411003236246,1250,0
ITGA2,1079,0.2054690897639002,0.4201680668738084,0.0967452158785386,0.0279276608360509,0.000471,50,16,TYR,P17301,2.296,0.81,0.0186041617770097,Non-essential,85.7,10.9,4.3,0.2823270425844803,870,0.2721643033784072,834,0.6406256449282813,366,0.9658,Pancreatic,5.444,0.972,0.5673891213236615,0.8175566343042071,452,0
DCSTAMP,977,0.2149216577456847,0.3613445375114751,0.0250071168749011,0.2096056922620812,0.003535,23,6,LYS,Q9H295,-1.47,0.252,0.0800602964663944,Non-essential,82.3,17.9,1.1,0.2822237904132619,871,0.2684741462570069,889,0.7958431663988919,77,2.6599,Thyroid,10.079,0.746,0.844001773968597,0.9797734627831716,51,0
TLR1,1070,0.2063229072843365,0.3109243694866181,0.0400316305551162,0.2331455677438481,0.003932,35,6,LYS,Q15399,1.357,0.789,0.1312683028609039,Non-essential,87.2,10.1,1.0,0.2820178288950574,872,0.2690194104228132,880,0.2725597838448458,1784,0.6638,Glioblastoma,3.803,0.987,0.2478732193444086,0.28640776699029125,1765,0
PSEN2,726,0.2377335090274999,0.2857142854741897,0.0573272180926775,0.3541654313667358,0.005973,22,5,LYS,P49810,3.803,0.999,0.0288564810781235,Non-essential,71.8,35.9,28.6,0.2819731622808197,873,0.2698395231854535,871,0.3432377142256195,1534,0.3634,Melanoma,2.056,1.0,0.3141034756564639,0.3919902912621359,1504,0
GSG1L,618,0.2445023110087071,0.2352941174493327,0.0266898624070852,0.4745923510228283,0.008004,7,7,LYS,Q6UXU4,-4.293,0.123,-0.0164990077072389,Non-essential,71.6,40.8,27.5,0.2818734944647448,874,0.2682079875850991,893,0.3396160451187471,1553,0.8068,Uveal Melanoma,4.488,0.696,0.4904930643615789,0.5004045307443366,1236,0
OR13F1,1073,0.2062295440748056,0.2605042014617612,0.0435616005060888,0.2965312777942484,0.005001,16,10,LYS,Q8NGS4,-9.966,0.0,-0.1935352684981572,Non-essential,87.1,9.4,1.9,0.2817996900867007,875,0.2689777701120052,881,0.0505700740527326,2275,0.1028,AML,5.931,0.017,0.0442570105043583,0.10396440129449835,2216,0
CDH5,856,0.2257225458547795,0.2100840334369042,0.0180420686383046,0.4542543729617551,0.007661,20,7,LYS,P33151,3.014,0.981,-0.1628224413208532,Non-essential,77.9,24.9,20.5,0.2817035221029313,876,0.2676056255348466,899,0.438710346935332,1090,0.4456,Kidney Clear Cell,2.44,1.0,0.6564206167674331,0.7144012944983819,707,0
OPN4,685,0.2406576182039608,0.2605042014617612,0.1103526806895461,0.3445004447079751,0.00581,13,10,LYS,Q9UHM6,-5.574,0.008,-0.1194284028117035,Non-essential,74.3,38.3,29.5,0.2815897518609968,877,0.272107385895474,836,0.2701962873576959,1789,0.0403,Kidney Clear Cell,5.672,0.026,0.260918627529677,0.29571197411003236,1742,0
OR9A1P,954,0.2168933749007555,0.2605042014617612,0.0158405820022141,0.3597983990512896,0.006068,19,5,LYS,Q8NGU1,-9.966,0.0,,No data,88.0,3.5,0.6,0.2815862157749923,878,0.282378244875103,700,0.1050845512413659,2141,0.311,AML,6.34,0.069,0.04045578898915,0.12985436893203883,2152,0
EDAR,546,0.2501843713096379,0.352941176173999,0.0420433338605092,0.3213163356062852,0.005419,9,7,LYS,Q9UNE0,-3.109,0.185,0.0302599574316026,Non-essential,66.6,47.8,33.3,0.2815693290275983,879,0.2686714957206237,886,0.5163041472495958,756,1.3639,Esophageal,7.003,0.584,0.6665619394350534,0.7908576051779935,518,0
GABRA5,910,0.2211121324490915,0.252100840124285,0.0180420686383046,0.3828639193596205,0.006457,22,4,LYS,P31644,-5.574,0.094,-0.0979861824796963,Non-essential,81.0,21.9,17.5,0.281561791042981,880,0.2674638944748962,901,0.3922001717329051,1313,0.7933,Thymoma,4.777,0.407,0.670669206566979,0.6731391585760518,809,0
ENPP6,1053,0.2075476984631631,0.2436974787868088,0.0152206231219357,0.3516750667061962,0.005931,9,8,LYS,Q6UWR7,-3.171,0.134,0.0743425259028405,Non-essential,92.4,10.5,9.1,0.2815180400324161,881,0.2672790711885128,903,0.256041435204323,1831,0.2638,Glioblastoma,1.501,0.843,0.234439052599102,0.2730582524271845,1798,0
GABBR2,866,0.224929063036402,0.2773109241367135,0.0374126205914913,0.3426030240142306,0.005778,29,9,LYS,O75899,-4.035,0.205,-0.0160153556020564,Non-essential,77.7,25.6,20.3,0.2814627345992802,882,0.2683333656288548,891,0.4783799596790588,913,0.8931,Thyroid,2.694,0.938,0.4583064901182034,0.6262135922330097,925,0
F11R,1019,0.2116434753509319,0.4453781508862369,0.0020053771943697,0.1096353394604209,0.001849,5,6,LYS,Q9Y624,5.893,0.999,-0.1569779631849007,Non-essential,87.2,17.4,8.7,0.2813925319738806,883,0.266492800833599,909,0.6910328972054629,246,0.6755,Cervical,3.821,1.0,0.8217853253643109,0.9461974110032363,134,0
CHRNA9,923,0.2198976957958559,0.352941176173999,0.0122410248299857,0.2501630595908686,0.004219,19,3,LYS,Q9UGM1,-5.574,0.073,-0.0678167825659395,Non-essential,80.9,22.8,9.8,0.2813304327661132,884,0.2669424840076125,905,0.7713708009403142,106,6.3856,Glioblastoma,11.769,0.767,0.5218806871119573,0.8402103559870551,396,0
ATP1B4,928,0.2193433347858409,0.2605042014617612,0.0545437292424482,0.32926178476134,0.005553,14,10,LYS,Q9UN42,-9.966,0.012,-0.113550311116117,Non-essential,81.8,21.0,10.4,0.2811278490125635,885,0.2688550354746858,883,0.2953797053543992,1714,0.4721,Uterine Carcinosarcoma,3.459,0.193,0.2603069991904639,0.3122977346278317,1701,0
GPR157,919,0.220393496453278,0.302521008149142,0.0305424640202435,0.3007411799584939,0.005072,16,8,LYS,Q5UAW9,1.816,0.859,-0.006762415560978,Non-essential,81.4,22.7,12.8,0.2810032638468841,886,0.2675303870478962,900,0.3858856990656633,1345,0.335,AML,3.227,0.578,0.4994058411258916,0.5562297734627832,1098,0
HCAR2,1006,0.2127684313896469,0.3109243694866181,0.0616352996995097,0.2330269789504891,0.00393,13,11,LYS,Q8TDS4,-0.32,0.457,0.0941094026196614,Non-essential,82.7,16.5,13.8,0.280989098982816,887,0.2690708639677915,879,0.5038793127706848,806,1.2332,Head&Neck,6.227,0.99,0.4143121234490989,0.6181229773462783,945,0
SCN5A,638,0.2436611705233993,0.252100840124285,0.0885212715483156,0.387548176697302,0.006536,107,17,LYS,Q14524,-3.171,0.07,-0.1012327121008526,Non-essential,67.2,41.3,26.4,0.2809526561049041,888,0.2703787196823199,868,0.3240958181017423,1614,0.0751,Testicular,0.827,0.435,0.3791270971948314,0.41666666666666663,1443,0
LRTM2,810,0.2312485753442772,0.2605042014617612,0.0053455638146449,0.4181440853839311,0.007052,11,5,LYS,Q8N967,-6.506,0.065,0.0970775985657942,Non-essential,79.9,31.1,20.8,0.2809488828112604,889,0.2662161610019927,911,0.3010441144049425,1685,0.3817,Thymoma,2.69,0.246,0.2746017358274409,0.33090614886731395,1655,0
SLC10A5,931,0.2188557013435574,0.2605042014617612,0.0727819073224735,0.3093981618737029,0.005218,24,5,LYS,Q5PT55,-1.884,0.072,0.0595031454102544,Non-essential,80.2,20.8,5.9,0.2809214878106605,890,0.2695605831767841,874,0.2907201330020501,1726,0.1289,AML,3.47,0.197,0.2927011798118091,0.33778317152103565,1638,0
VN1R3,604,0.2453865878116674,0.2605042014617612,0.0686003479361062,0.4020160094871034,0.00678,16,12,LYS,Q9BXE9,-9.966,0.0,,No data,79.1,28.0,6.1,0.2808305598674188,891,0.2842605772642241,675,0.1714815934723912,2040,0.0,AML,0.0,0.0,0.1221521749734309,0.183252427184466,2020,0
CA12,1011,0.2124490754911503,0.4117647055363322,0.0045041910485529,0.1546397865401719,0.002608,11,4,LYS,O43570,3.326,0.847,-0.0254127155435394,Non-essential,87.8,18.1,10.7,0.2808036413348974,892,0.2660288508873251,915,0.6734487442377365,281,0.9993,Sarcoma,6.551,0.821,0.7912523596774024,0.9324433656957929,168,0
LRP8,769,0.2345203752534082,0.3277310921615705,0.0401644788866044,0.3045953157426623,0.005137,26,5,LYS,Q14114,1.828,0.801,-0.1387727410100299,Non-essential,72.5,35.1,23.2,0.2807958309138663,893,0.2678040548581966,897,0.4540496736433061,1017,0.5354,Pancreatic,3.249,0.932,0.5594115012874888,0.6723300970873787,811,0
SLC4A7,952,0.2169817728335201,0.2352941174493327,0.0322568401075438,0.3772902460717461,0.006363,71,9,LYS,Q9Y6M7,2.004,0.912,-0.3650474393876236,Context-dependent,67.5,39.1,29.3,0.2806397126520889,894,0.2472525546574661,1126,0.260064334573799,1820,0.542,AML,3.084,0.994,0.335848475928575,0.3503236245954693,1607,0
SLC6A16,926,0.2194650934854676,0.2100840334369042,0.0871927882334334,0.3642454788022531,0.006143,30,17,LYS,Q9GZN6,-0.913,0.285,0.0418669831156951,Non-essential,80.0,20.9,18.6,0.2804889784618381,895,0.2698486178735098,870,0.4102346256541638,1224,0.0865,AML,0.791,0.618,0.6333070807192057,0.6719255663430421,812,0
TAS2R7,1015,0.2121194953437765,0.2605042014617612,0.0344962834097738,0.3252297657871331,0.005485,15,8,LYS,Q9NYW3,-9.966,0.0,0.0492418178533304,Non-essential,84.8,15.7,0.0,0.2804079828108431,896,0.2671327969813318,904,0.0437454185172827,2315,0.0,AML,0.0,0.0,0.0327052354130803,0.06957928802588997,2301,0
CDH11,880,0.2235259724447956,0.3361344534990467,0.0131836153724497,0.2837236881114734,0.004785,20,5,LYS,P55287,3.76,0.899,-0.0209146373295293,Non-essential,77.7,26.5,20.0,0.2803738845956471,897,0.2660330653642696,914,0.6974100689246627,231,0.9366,Pancreatic,5.341,0.96,0.7525682217568465,0.9320388349514563,169,0
SLC15A2,1051,0.208020739460043,0.2773109241367135,0.0857061521429701,0.2379484138748888,0.004013,27,15,LYS,Q16348,0.857,0.64,0.0118599218247176,Non-essential,84.1,12.6,7.7,0.2803724649523145,898,0.269657772559463,873,0.3766830343126919,1383,0.8912,AML,5.042,1.0,0.3508239354427287,0.441747572815534,1381,0
NCAM2,957,0.2163644340472528,0.2352941174493327,0.003694448837577,0.4037948413874888,0.00681,17,1,LYS,O15394,-1.214,0.33,0.0719414272961309,Non-essential,81.4,18.9,16.1,0.2803252636635329,899,0.2655099861054117,921,0.3703005231919488,1409,0.3475,Low Grade Glioma,1.875,0.998,0.2167133528361477,0.3527508090614887,1601,0
CD37,986,0.21431595423137,0.352941176173999,0.0267214929622014,0.2170767862436999,0.003661,14,4,LYS,P11049,3.995,0.989,-0.1001488107869789,Non-essential,83.1,19.2,6.4,0.2802789814623749,900,0.2666150561104851,907,0.7188534661312002,185,0.6637,Sarcoma,3.754,1.0,0.8565164708885435,0.9644012944983819,89,0
SORL1,799,0.2319854221988793,0.3445378148365229,0.0636786335600189,0.2502223539875481,0.00422,90,17,LYS,Q92673,3.42,0.953,0.0092617660901475,Non-essential,73.2,33.8,11.8,0.2802634820796748,901,0.2684474137576757,890,0.7332471205524517,167,1.0116,AML,5.632,1.0,0.6387958168022994,0.8980582524271845,253,0
PCDHAC2,737,0.2368417282408443,0.2857142854741897,0.0137972481417048,0.3947227986955232,0.006657,15,8,LYS,Q9Y5I4,-1.732,0.257,-0.0312797085228748,Non-essential,71.9,37.0,31.4,0.2801300116252734,902,0.2658198740323586,917,0.3376864491639122,1562,0.7998,Pheochromocytoma,4.418,0.83,0.4148461081718022,0.4478155339805825,1366,0
PCDHB11,999,0.2135287460104868,0.2605042014617612,0.0154167325636564,0.3490068188556181,0.005886,17,6,LYS,Q9Y5F2,-0.941,0.347,-0.0022735867006517,Non-essential,82.0,17.2,15.3,0.280082358366435,903,0.2658531949946179,916,0.2753744262460691,1773,0.262,Cholangiocarcinoma,4.233,0.333,0.2571396184892718,0.2961165048543689,1741,0
KL,1083,0.2048812911966609,0.2352941174493327,0.0516906531709631,0.3175214942187963,0.005355,34,8,LYS,Q9UEF7,-1.732,0.254,0.0527273302148488,Non-essential,89.1,9.6,5.5,0.2800559779547062,904,0.2676405106132544,898,0.2942863113662321,1719,0.8882,Pheochromocytoma,5.228,0.915,0.3301087947377595,0.3656957928802589,1569,0
SLC38A11,1102,0.2024176077495093,0.2268907561118565,0.0726490589909853,0.2995552920249036,0.005052,21,8,LYS,Q08AI6,-1.026,0.34,-0.0575072680728369,Non-essential,88.5,7.6,6.2,0.279862852393122,905,0.2684953053426713,888,0.2730276077962491,1783,0.6033,Pheochromocytoma,3.903,0.847,0.3502300142104206,0.36529126213592233,1570,0
IL17RD,647,0.2431619078534252,0.302521008149142,0.0280499762770836,0.3791283723688111,0.006394,29,9,LYS,Q8NFM7,0.715,0.653,-0.0196628388072233,Non-essential,68.3,43.0,36.5,0.2796769400136734,906,0.2660794388275275,913,0.3538586460229219,1491,0.6873,Sarcoma,4.549,0.813,0.3542462878179617,0.4247572815533981,1423,0
MSLN,974,0.2149986209876646,0.3949579828613799,0.0229005219041594,0.1671509042395493,0.002819,26,3,LYS,Q13421,0.455,0.536,0.0719638046961022,Non-essential,78.6,21.1,16.5,0.2796481505374101,907,0.2657931766326181,919,0.895037720946636,8,1.9947,Mesothelioma,10.208,0.977,0.8474304326571047,0.9923139158576052,20,1
CDH10,884,0.2230959577785961,0.2268907561118565,0.0257156413095049,0.4154165431366735,0.007006,27,4,LYS,Q9Y6N8,-5.574,0.136,0.0995215696797563,Non-essential,78.4,25.5,18.1,0.2791948107506943,908,0.2654805928161696,922,0.3320440373216619,1584,0.518,Low Grade Glioma,1.48,0.99,0.2738911727991207,0.3551779935275081,1595,0
OR7C1,1084,0.2048435847667949,0.2773109241367135,0.0832389688439032,0.2298250815297954,0.003876,9,15,LYS,O76099,-5.574,0.02,-0.1017868027777069,Non-essential,87.6,11.2,2.5,0.2791248360412743,909,0.2682867844834695,892,0.3131801956504761,1652,0.8778,Uveal Melanoma,7.721,0.278,0.2804570182547193,0.34304207119741104,1625,0
UNC93B1,970,0.2156418404750384,0.3445378148365229,0.0795824766724656,0.1798399051289653,0.003033,30,10,LYS,Q9H1C4,4.675,1.0,0.0252404748171487,Non-essential,79.6,21.4,17.3,0.2790438306431407,910,0.268022954476764,896,0.7019016937089266,222,0.5884,Sarcoma,3.329,1.0,0.6902608915905404,0.9081715210355987,228,0
OR5AL1,704,0.2393858555169596,0.2605042014617612,0.0519183931678001,0.3986955232730506,0.006724,17,4,LYS,P0C617,-9.966,0.0,,No data,79.7,24.9,9.4,0.2789299496218291,911,0.281525869280219,710,0.115411896113663,2121,0.0,AML,0.0,0.0,0.0732017754456796,0.1533171521035599,2094,0
SLITRK2,632,0.2439158422597708,0.201680672099428,0.1589688439032105,0.3851764008301215,0.006496,23,17,LYS,Q9H156,-4.608,0.149,0.0242282068746414,Non-essential,67.0,42.7,34.7,0.2789245464181328,912,0.2718729886132933,841,0.3699366875349209,1410,0.2774,Low Grade Glioma,1.373,0.99,0.3812300883820397,0.4579288025889967,1341,0
GRIN2B,469,0.2557225807376435,0.2268907561118565,0.0948030997944013,0.4550844945152683,0.007675,59,14,LYS,Q13224,-9.966,0.05,0.0770194814926361,Non-essential,60.7,53.0,44.1,0.2788836632165671,913,0.2686238182062872,887,0.4116661967612475,1217,1.3302,Colorectal,5.47,0.486,0.1647413558698868,0.3648867313915858,1571,0
CD244,597,0.2459720705104686,0.2773109241367135,0.0104317570773367,0.4397272457752741,0.007416,10,2,LYS,Q9BZW8,-1.51,0.192,0.0519186751453703,Non-essential,71.1,45.9,18.6,0.2786985741610024,914,0.2642201620148693,928,0.4181432916336011,1182,1.2032,AML,6.016,1.0,0.3075132332594051,0.45590614886731395,1346,0
ASIC1,1026,0.2108769819629661,0.2773109241367135,0.0189150719595128,0.314260302401423,0.0053,27,6,LYS,P78348,0.605,0.61,-0.1620993667872373,Non-essential,83.8,16.7,13.4,0.2786526670380836,915,0.2645984206360593,925,0.2864950731554023,1743,0.6187,Sarcoma,4.047,0.837,0.489779850917525,0.4587378640776699,1339,0
OR51B5,1169,0.1956919173325789,0.2857142854741897,0.0360145500553534,0.2353394604209902,0.003969,14,6,LYS,Q9H339,-6.506,0.026,0.0783129217142179,Non-essential,89.6,4.2,1.9,0.2786385025350523,916,0.2654392300378199,924,0.2967075473544339,1707,0.0987,Esophageal,4.392,0.045,0.1689513461994279,0.2621359223300971,1825,0
BTLA,448,0.2581304554747675,0.2773109241367135,0.0023975960778111,0.4882893566557959,0.008235,6,6,LYS,Q7Z6A9,-1.639,0.196,0.0932976489921139,Non-essential,67.2,56.7,28.7,0.2780305616312515,917,0.263150441435142,939,0.3442107192189707,1531,0.8186,AML,4.538,0.827,0.2456201006009117,0.34466019417475724,1621,0
FCGR2A,785,0.233236009104324,0.3613445375114751,0.0100395381938953,0.2856211088052179,0.004817,5,3,LYS,P12318,4.183,0.992,-0.0004270350098587,Non-essential,76.9,37.5,24.0,0.2778857498787946,918,0.2633877267884894,933,0.7156408247948491,193,0.8314,Sarcoma,4.74,0.992,0.7233086628808792,0.9275889967637541,180,0
TNFSF8,886,0.2230194691236425,0.3109243694866181,0.0068638304602245,0.3219685739697598,0.00543,8,3,LYS,P32971,-0.134,0.47,0.022945479969746,Non-essential,78.9,28.6,14.5,0.2774316304278124,919,0.2627748219508236,941,0.5098776413904554,785,1.3222,AML,7.376,0.965,0.4355808993622658,0.63915857605178,893,0
NFAM1,652,0.2430187127251529,0.3445378148365229,0.0022647477463229,0.3484138748888229,0.005876,3,5,LYS,Q8NET5,0.67,0.673,0.1318018659879296,Non-essential,72.4,45.9,26.7,0.2773578908515695,920,0.2624711282388856,945,0.3820373254141609,1362,0.72,Sarcoma,4.733,0.833,0.4318010870457717,0.5020226537216829,1232,0
SCN9A,773,0.2343442271582905,0.2352941174493327,0.0847951921556223,0.3826267417729024,0.006453,125,14,LYS,Q15858,-2.466,0.2,0.0327935869677015,Non-essential,69.1,36.9,25.2,0.2773084245893976,921,0.2665481841971787,908,0.4663963200552193,961,0.9968,Pheochromocytoma,5.839,0.903,0.3608760560012737,0.5444983818770226,1127,0
MYOF,1010,0.2125419454113781,0.2857142854741897,0.1412177763719753,0.1863029943670323,0.003142,106,10,LYS,Q9NZM1,4.956,0.979,0.0453963483205987,Non-essential,79.4,19.6,9.7,0.2772801926007183,922,0.269341081419317,876,0.7173341617593505,187,0.9154,Cholangiocarcinoma,5.097,1.0,0.5803412957934474,0.8572006472491909,354,0
SLC34A3,854,0.2259534324912472,0.2605042014617612,0.035723548948284,0.370115624073525,0.006242,27,2,LYS,Q8N130,-4.035,0.021,-0.0623773011563711,Non-essential,75.8,30.4,15.9,0.2772362637670686,923,0.2640224412144829,929,0.2306323244363022,1906,0.0448,Cholangiocarcinoma,6.04,0.028,0.1773405759912641,0.22734627831715215,1911,0
LHFPL1,1112,0.2006938021796559,0.2689075627992374,0.0059591965839,0.3044767269493033,0.005135,4,3,LYS,Q86WI0,-3.308,0.081,-0.0241795846685693,Non-essential,89.7,9.5,0.9,0.2772266278630339,924,0.2625245876922289,944,0.1659588219396998,2048,0.4182,Melanoma,3.267,0.339,0.1671531675251181,0.19741100323624594,1985,0
SLC39A10,745,0.2362937339347813,0.3109243694866181,0.0454784121461331,0.3276015416543136,0.005525,28,2,LYS,Q9ULF5,3.215,0.979,-0.3843623418170827,Context-dependent,58.9,60.0,48.5,0.277093517770428,925,0.2443674383777346,1160,0.3721877024839935,1403,0.4946,Cholangiocarcinoma,2.798,1.0,0.408488895365082,0.4801779935275081,1286,0
SLC7A5,1143,0.1977419511794176,0.3697478988489514,0.0678918235015024,0.0982508152979543,0.001657,23,15,LYS,Q01650,4.457,0.976,-0.2311604865277158,Non-essential,85.9,8.9,5.5,0.2770474242969971,926,0.2654420154720722,923,0.7536037991715939,127,0.9433,Uveal Melanoma,5.336,1.0,0.8798523249395989,0.9773462783171522,57,0
SCNN1A,891,0.2226184413943982,0.5294117642609986,0.0256840107543887,0.0104951082122739,0.000177,37,7,TYR,P37088,4.929,0.825,0.0117759133639402,Non-essential,74.6,32.3,23.9,0.2770388972330152,927,0.2633230977707346,935,0.8829009656246327,13,0.8488,Esophageal,4.856,0.989,0.8236921195941218,0.9842233009708737,40,0
SV2A,911,0.2210652287356452,0.2352941174493327,0.1481511940534556,0.2750074117995849,0.004638,25,19,LYS,Q7L0J3,0.497,0.601,-0.2586577934792625,Non-essential,76.8,26.4,15.5,0.2767425925705266,928,0.2691501522731993,878,0.6651933279354334,306,0.8768,AML,5.329,0.931,0.916474287203885,0.9506472491909386,123,0
PLXDC1,746,0.2362884129223312,0.2100840334369042,0.033813063419263,0.4737029350726355,0.007989,19,12,LYS,Q8IUK5,2.676,0.956,-0.0214895808516435,Non-essential,72.2,38.8,27.8,0.2766084113258911,929,0.2632990644968542,937,0.398339953034295,1278,0.6045,Cholangiocarcinoma,3.564,0.944,0.6009653391564187,0.6436084142394822,882,0
TMEM87A,828,0.2285510641143116,0.3109243694866181,0.2417270283093468,0.1055440260895345,0.00178,32,13,LYS,Q8NBN3,5.354,1.0,-0.0451089737789873,Non-essential,71.7,34.1,21.8,0.2765412929200366,930,0.273627644335504,817,0.6896588099538695,250,0.4098,Cholangiocarcinoma,2.318,1.0,0.6275019608157871,0.8697411003236246,323,0
FCGRT,1020,0.2114347391652228,0.2689075627992374,0.0149612525699826,0.3312777942484435,0.005587,8,3,LYS,P55899,6.718,1.0,0.0324729062797952,Non-essential,85.0,19.2,14.0,0.2764774086843397,931,0.2622254713128388,947,0.5337077826665502,688,0.5443,Glioblastoma,3.079,1.0,0.5287757713680858,0.7253236245954693,680,0
AMIGO1,863,0.2250622386980721,0.2184873947743803,0.0351731772892614,0.4237177586718054,0.007146,14,9,LYS,Q86WK6,1.299,0.815,-0.0900232403118894,Non-essential,78.1,29.8,21.9,0.2763933221612998,932,0.2631519810257628,938,0.2492314708160017,1851,0.297,Kidney Clear Cell,1.728,0.972,0.3225647412501541,0.33414239482200647,1647,0
OR52N4,1167,0.1958351088018884,0.2605042014617612,0.0597880752807211,0.2456566854432255,0.004143,9,7,LYS,Q8NGI2,-4.608,0.013,0.1024632310741349,Non-essential,89.6,6.2,4.4,0.276337660692603,933,0.2643270644566391,927,0.2250470653829051,1920,0.3903,AML,5.534,0.353,0.2159510841120513,0.23907766990291257,1882,0
MMP25,921,0.2200492934703261,0.252100840124285,0.0973335442037007,0.3000296471983397,0.00506,33,15,LYS,Q9NPA2,-0.134,0.464,-0.1549522643311882,Non-essential,78.2,26.3,18.5,0.2762760918940098,934,0.2661427691041949,912,0.667677971873564,301,0.3523,Testicular,2.108,0.946,0.8192244462969576,0.9344660194174758,163,0
TYR,1109,0.2012724833739136,0.2605042014617612,0.0209900363751383,0.3025793062555588,0.005103,21,5,LYS,P14679,-9.966,0.023,0.0338342670714073,Non-essential,89.9,10.8,8.3,0.2762688061692907,935,0.2623183079880476,946,0.6627278170841647,311,10.3185,Uveal Melanoma,17.872,1.0,0.2484866357094676,0.6019417475728155,985,0
PCDHGB4,879,0.2235922487842044,0.2268907561118565,0.0056681954768306,0.4371182923213756,0.007372,15,5,LYS,Q9UN71,-1.552,0.257,0.0318505417490059,Non-essential,75.5,28.9,25.8,0.2762083865887013,936,0.2614917963625429,961,0.2397264982473836,1886,0.2647,AML,4.733,0.306,0.1626339055641982,0.22330097087378642,1921,0
SLC5A6,997,0.213732329707286,0.252100840124285,0.1049754863197849,0.2713311592054551,0.004576,22,13,LYS,Q9Y289,4.125,1.0,0.0174640093042408,Non-essential,79.4,21.3,17.3,0.2760119554248098,937,0.266260729740799,910,0.5426247918298102,650,0.2374,AML,1.343,1.0,0.4537394093936727,0.6808252427184466,790,0
OR10A4,1181,0.1947516716080223,0.2605042014617612,0.0559987347777953,0.2458345686332641,0.004146,12,8,LYS,Q9H209,-9.966,0.0,-0.2669498708909841,Non-essential,88.7,5.7,1.6,0.2759347963643813,938,0.263734733103271,932,0.0542938611773084,2263,0.0,Adrenocortical,0.0,0.0,0.064518677519168,0.12216828478964403,2171,0
ABCC3,1105,0.2023267353973545,0.3109243694866181,0.1932690178712636,0.0665876074710939,0.001123,98,20,LYS,O15438,3.455,0.898,-0.0408476516835953,Non-essential,81.9,12.9,7.5,0.2758876856559057,939,0.2705511365494689,864,0.8192224916661621,53,0.8807,Glioblastoma,5.111,0.975,0.7943277282949311,0.9753236245954693,62,0
DCT,1103,0.2023739910596768,0.2436974787868088,0.0310612051241499,0.3185887933590275,0.005373,19,8,LYS,P40126,-4.608,0.059,0.0144632468505996,Non-essential,89.1,12.1,8.9,0.2756066171961774,940,0.2621596774523849,949,0.3364500623125379,1567,0.6242,Melanoma,3.549,0.88,0.4556258875231227,0.4745145631067961,1300,0
OR10A2,1147,0.1974548861792334,0.2605042014617612,0.0430112288470662,0.2678327898013637,0.004517,10,10,LYS,Q9H208,-9.966,0.0,-0.00253659352983,Non-essential,86.3,8.3,0.3,0.2755874751737239,941,0.2627380366160772,943,0.0466967471961818,2287,0.0,AML,0.0,0.098,0.0285254173773711,0.06148867313915862,2321,0
KCNS1,932,0.2187291830122216,0.2857142854741897,0.057365174758817,0.2907797213163356,0.004904,24,7,LYS,Q96KK3,-3.171,0.173,-0.0264747155828259,Non-essential,78.6,26.6,13.3,0.2754362239347546,942,0.2633044826726954,936,0.4808805111202913,904,1.2433,Cervical,5.665,0.728,0.7531358789956767,0.7993527508090614,497,0
PCDHGA4,850,0.2265009635912169,0.2436974787868088,0.0323264273287996,0.3977468129261785,0.006708,18,10,LYS,Q9Y5G9,-1.214,0.247,-0.1012450382336019,Non-essential,73.9,32.4,26.7,0.2754124276391276,943,0.2620287490055675,951,0.223337452090134,1924,0.122,Low Grade Glioma,0.824,0.811,0.2225494805439299,0.24555016181229772,1866,0
PCSK5,989,0.2142548051058612,0.2100840334369042,0.1058168590858769,0.3282537800177883,0.005536,77,13,LYS,Q92824,0.904,0.705,0.0106141935801017,Non-essential,76.5,21.8,11.0,0.2752470714788327,944,0.2655379144331266,920,0.3743353583466545,1395,0.4828,Stomach,2.804,0.959,0.3610653592256022,0.4449838187702265,1373,0
SEMA4D,942,0.2177214855768781,0.2352941174493327,0.0315799462280563,0.3804328490957604,0.006416,38,8,LYS,Q92854,3.753,0.982,0.0257755151261069,Non-essential,80.8,25.2,21.9,0.2751561399382206,945,0.2617351372496234,956,0.5580747550305726,600,0.5695,AML,3.221,1.0,0.5027262802535009,0.7253236245954693,680,0
MME,1224,0.1901440794930375,0.2941176468116659,0.0238684168907164,0.2177883190038541,0.003673,33,6,LYS,P08473,1.423,0.694,-0.0066124660496157,Non-essential,96.2,3.2,2.0,0.2751553603577257,946,0.2613487812022615,962,0.3900377646378652,1328,0.4407,Pancreatic,3.221,0.774,0.4401247886815638,0.5169902912621359,1195,0
TMED7,971,0.2155047522629929,0.3277310921615705,0.0051810849280404,0.2761932997331752,0.004658,6,3,LYS,Q9Y3B3,5.064,1.0,-0.0915555374422719,Non-essential,84.2,25.0,5.8,0.2750494784218535,947,0.2603085326682556,972,0.3339218684834369,1577,0.3721,Kidney Clear Cell,2.105,1.0,0.3160368183507083,0.38309061488673135,1526,0
OR5K4,1127,0.1995327531413812,0.2605042014617612,0.0386715166851178,0.2790987251704714,0.004707,15,8,LYS,A6NMS3,-9.966,0.0,-0.0527789492380746,Non-essential,87.1,10.6,3.1,0.2750190309755137,948,0.2619526068097696,952,0.0438149536361999,2314,0.0,AML,0.0,0.0,0.0281862713907291,0.04894822006472488,2352,0
ALPI,1150,0.1972807249480818,0.2605042014617612,0.009166534872687,0.301096946338571,0.005078,18,4,LYS,P09923,-9.966,0.078,0.0514036832245143,Non-essential,93.1,8.9,7.6,0.2748423408144309,949,0.2603006675580652,973,0.4608393463903183,995,2.0844,Stomach,8.414,0.35,0.3578716794109649,0.5299352750809061,1163,0
HLA-DQA2,1148,0.1973758263214954,0.4705882348986654,0.0100711687490115,0.0203972724577527,0.000344,8,4,TYR,P01906,2.293,0.789,0.0105360635729999,Non-essential,88.7,12.5,1.6,0.2748229925162239,950,0.2603265509536745,971,0.5562705988363791,607,0.9792,Pancreatic,6.008,0.893,0.4600430035128605,0.69457928802589,756,0
EPHA1,1029,0.2104942627421052,0.3445378148365229,0.0414929622014866,0.2007708271568336,0.003386,45,6,LYS,P21709,3.23,0.885,-0.0344295081613156,Non-essential,80.4,21.5,8.1,0.274654182532363,951,0.2617288306424374,957,0.6325875143076537,391,0.4141,Thymoma,2.343,1.0,0.5639010564054016,0.8094660194174758,472,0
CACNG2,560,0.249349846103939,0.2605042014617612,0.0180104380831883,0.4658167803142602,0.007856,12,7,LYS,Q9Y698,-9.966,0.064,-0.0996743479841038,Non-essential,66.6,52.6,31.6,0.2745332751109786,952,0.2604337970151379,970,0.6615095349743442,314,5.6465,Pheochromocytoma,11.902,0.949,0.5455517408090571,0.8135113268608414,462,0
MC3R,1067,0.2065656833812844,0.2605042014617612,0.008097422109758,0.3331159205455084,0.005618,19,1,LYS,P41968,-9.966,0.003,0.120920967148749,Non-essential,83.9,17.0,11.1,0.274479806175433,953,0.2598846772809209,978,0.0513887218830615,2271,0.0,AML,0.0,0.0,0.0229869354410221,0.04247572815533984,2368,0
CACNG1,868,0.2248662291718324,0.2436974787868088,0.0488755337656175,0.3757485917580788,0.006337,13,11,LYS,Q06432,-5.012,0.129,-0.1046088852754249,Non-essential,77.0,32.0,8.6,0.2744501489563071,954,0.261893925644588,953,0.56437771944493,586,0.7101,Uterine Carcinosarcoma,7.14,0.263,0.8036662560464228,0.8745954692556634,311,0
GPR27,888,0.2226874072355347,0.2857142854741897,0.1005029258263482,0.2608360509931811,0.004399,17,8,LYS,Q9NS67,1.276,0.637,0.0908198565708201,Non-essential,78.7,30.9,13.1,0.2744347441208487,955,0.2644598904121661,926,0.5980831279613268,484,0.9549,AML,6.372,0.821,0.5942323050424662,0.8074433656957929,477,0
NLGN1,846,0.2266804841089914,0.2100840334369042,0.0904317570773367,0.3850578120367625,0.006494,38,8,LYS,Q8N2Q7,-2.388,0.265,-0.0039945625075108,Non-essential,77.1,33.0,27.9,0.2744018039814412,956,0.2639233918353081,930,0.4096394732920244,1226,0.7813,Kidney Clear Cell,4.179,0.935,0.4261111284222006,0.5299352750809061,1163,0
ENTPD1,1183,0.1946447429320578,0.302521008149142,0.0371532500395381,0.2083012155351319,0.003513,15,13,LYS,P49961,3.237,0.995,0.0415686146554118,Non-essential,91.0,8.0,3.1,0.2742459692458672,957,0.2611036317478441,963,0.290708449891874,1727,0.694,Pancreatic,3.926,1.0,0.2378579886718712,0.2936893203883495,1747,0
CD8B,1004,0.212980683474886,0.3613445375114751,0.0081606832199905,0.2199822116809961,0.00371,5,4,LYS,P10966,0.845,0.655,0.0607918073346599,Non-essential,82.0,24.3,5.2,0.274206311854263,958,0.2596143460152624,983,0.698002691240601,228,1.4939,Thymoma,8.253,0.992,0.6456461282451731,0.889967637540453,273,0
SIGLEC14,1087,0.2044087643141336,0.3109243694866181,0.0091032737624545,0.2576934479691669,0.004346,10,2,LYS,Q08ET2,0.085,0.518,0.2040019502741045,Non-essential,83.4,16.4,9.6,0.2741227097532217,959,0.2595778734413444,984,0.3692568189277436,1415,0.6978,Glioblastoma,4.191,0.912,0.2736038623409547,0.38592233009708743,1519,0
VLDLR,965,0.2158405477978853,0.2268907561118565,0.0489071643207338,0.368040320189742,0.006207,28,6,LYS,P98155,2.573,0.904,0.0631835130017396,Non-essential,75.7,24.6,14.8,0.2740486357667687,960,0.2614939939828054,960,0.4609996996964465,994,0.4012,Kidney Chromophobe,2.27,1.0,0.3663882446117661,0.5400485436893203,1138,0
FZD8,834,0.2279533125981165,0.2689075627992374,0.0601802941641625,0.3411206640972428,0.005753,26,14,LYS,Q9H461,1.486,0.812,-0.0268013525204487,Non-essential,74.5,35.4,24.8,0.2740428865450844,961,0.2620519012532925,950,0.3619120984260692,1451,0.3089,Uterine Carcinosarcoma,1.886,0.912,0.2878943908079884,0.3895631067961165,1510,0
SLC26A3,1113,0.2005954999897607,0.2184873947743803,0.0537656175865886,0.3235695226801067,0.005457,39,10,LYS,P40879,-6.506,0.104,0.0533671669705608,Non-essential,85.0,11.8,7.1,0.2740043732377069,962,0.2616926541170363,958,0.198506952805415,1983,0.0824,Stomach,0.788,0.377,0.2097936485672527,0.2261326860841424,1914,0
GPR17,981,0.2144370803761827,0.2100840334369042,0.0240645263324371,0.4106136970056329,0.006925,15,8,LYS,Q13304,-2.826,0.119,-0.1047031750258091,Non-essential,80.3,23.2,17.2,0.273998967537434,963,0.2602021938540558,974,0.3753736582186461,1389,0.4005,Low Grade Glioma,2.252,0.974,0.5349174174759949,0.5711974110032363,1061,0
VSTM1,794,0.2325575124662772,0.2689075627992374,0.0036628182824608,0.4129854728728134,0.006965,1,4,LYS,Q6UX27,-3.816,0.034,0.092451670978236,Non-essential,76.2,39.4,19.5,0.2738797197685516,964,0.2590628606826747,989,0.5091573406722707,789,2.1124,AML,7.057,0.792,0.3608939650430213,0.580906148867314,1037,0
PTGFR,944,0.2177183923859975,0.2184873947743803,0.0370204017080499,0.3973910465461013,0.006702,11,6,LYS,P43088,-2.053,0.196,0.0641277918817387,Non-essential,80.6,26.2,15.0,0.2738734502345709,965,0.2607244703199733,966,0.4128293396432026,1210,0.5623,Cholangiocarcinoma,3.96,0.778,0.5254130279341396,0.6027508090614886,983,0
ART3,821,0.2299350660960032,0.2184873947743803,0.0281132373873161,0.4470204565668543,0.007539,16,7,LYS,Q13508,-2.178,0.182,-0.0458709529845074,Non-essential,74.0,36.5,29.6,0.2737540116595757,966,0.2601596735289415,975,0.3264036319888679,1606,0.0425,Pheochromocytoma,0.871,0.267,0.5337268892252788,0.5194174757281553,1189,0
FPR3,1107,0.2016995986717109,0.4705882348986654,0.0395445200063261,0.0053364957011562,9e-05,13,4,TYR,P25089,2.372,0.875,0.044951977712513,Non-essential,83.4,17.3,11.3,0.2736261361414035,967,0.2606033621417197,967,0.6598170765025785,320,0.9803,Glioblastoma,5.786,0.943,0.6139598335194454,0.8483009708737864,376,0
PLXNA3,1125,0.1996112843665053,0.2352941174493327,0.0892677526490589,0.2623777053068485,0.004425,86,16,LYS,P51805,4.079,0.987,0.0451709861828887,Non-essential,84.5,11.7,4.9,0.2735643055962433,968,0.2630276932286962,940,0.3875514509841728,1338,0.3903,Cholangiocarcinoma,2.208,1.0,0.3641907849819008,0.459546925566343,1337,0
GPR158,493,0.2541865181652614,0.3445378148365229,0.0686636090463387,0.3192410317225022,0.005384,40,13,LYS,Q5T848,-2.178,0.307,0.0722426512292181,Non-essential,58.0,59.2,48.1,0.2733643953849932,969,0.2617975758373101,954,0.6932732098182589,241,3.3372,Pheochromocytoma,9.493,0.994,0.5436651511646251,0.8272653721682848,428,0
TRGC2,804,0.2317083859439674,0.302521008149142,0.0029163371817175,0.3660836050993181,0.006174,8,3,LYS,P03986,0.391,0.572,,No data,82.0,24.9,15.3,0.2732323384224586,970,0.2733781552815444,821,0.4218948222222097,1166,0.9745,AML,5.426,1.0,0.4147104071756729,0.5408576051779935,1136,0
PLB1,1042,0.2089808425322044,0.2268907561118565,0.0771532500395381,0.3169285502520012,0.005345,68,15,LYS,Q6P1J6,0.942,0.789,-0.0633018763721815,Non-essential,82.0,20.0,10.2,0.2729322147120346,971,0.2617898772140115,955,0.3550693443308217,1482,0.5317,AML,3.008,1.0,0.4675713949365659,0.5012135922330097,1234,0
IGSF5,589,0.2468062363317761,0.2605042014617612,0.00893879487585,0.4664097242810553,0.007866,10,6,LYS,Q9NSI5,-3.308,0.137,0.1094142326673227,Non-essential,65.7,52.1,44.7,0.2729136003008428,972,0.2583605400446352,994,0.2166808733133144,1940,0.3562,Glioblastoma,2.109,0.654,0.2206811506542472,0.24069579288025889,1878,0
OR4K15,1136,0.1986327868584464,0.2605042014617612,0.0260066424165744,0.2887637118292321,0.00487,12,9,LYS,Q8NH41,-9.966,0.0,-0.1069763342945122,Non-essential,83.2,12.0,1.5,0.2728690590730681,973,0.2591693911938967,987,0.061989794444077,2235,0.0,AML,0.0,0.0,0.0348443742396541,0.095873786407767,2236,0
TM7SF3,1171,0.1956229617812499,0.3193277308240944,0.0876166376719911,0.1386895938333827,0.002339,23,18,LYS,Q9NS93,5.503,1.0,0.0499875106187989,Non-essential,88.4,10.5,6.1,0.2728412636647765,974,0.262222095548376,948,0.5215794138145299,738,0.5578,AML,3.155,1.0,0.5751774269532695,0.7447411003236246,632,0
SLC5A1,1139,0.1982566231172177,0.3949579828613799,0.0249058990985291,0.1093388674770234,0.001844,33,6,LYS,P13866,-0.913,0.432,-0.0500281432990736,Non-essential,84.4,14.0,6.3,0.2727964856453711,975,0.2590417806002975,990,0.765190901272381,115,1.1629,Stomach,5.481,0.9,0.7965985850634321,0.962378640776699,94,0
ANTXR2,735,0.2369499327407988,0.1932773107619518,0.0471611576783172,0.4849688704417432,0.008179,15,11,LYS,P58335,3.642,0.978,0.0883703631668799,Non-essential,71.8,42.9,18.2,0.2727795657966982,976,0.260137623680614,976,0.5108176990835667,784,0.6486,Pancreatic,3.669,1.0,0.5649695798775716,0.7277508090614886,674,0
NMUR2,985,0.2143201365899148,0.2773109241367135,0.0669176024039221,0.2777349540468425,0.004684,15,9,LYS,Q9GZQ4,-5.012,0.056,0.0582733652519791,Non-essential,80.0,25.5,13.7,0.2727219625605409,977,0.2610678426807369,964,0.5711436492160776,561,1.7864,Pancreatic,9.182,0.435,0.5314562484214871,0.7540453074433657,609,0
SDK2,962,0.2160066497020259,0.2857142854741897,0.0650703779851336,0.2739994070560332,0.004621,77,5,LYS,Q58EX2,-0.687,0.403,-0.0589387454651735,Non-essential,72.8,27.1,14.4,0.2726674461762581,978,0.2609209650755147,965,0.4454591398039705,1061,0.6168,Uterine Carcinosarcoma,4.074,0.772,0.3341468993321931,0.5012135922330097,1234,0
JAG1,914,0.2208632294736496,0.2436974787868088,0.0428847066266012,0.3683960865698191,0.006213,31,8,LYS,P78504,4.134,0.992,-0.001660390425418,Non-essential,73.1,30.5,13.6,0.2726143158744881,979,0.2597585512058182,982,0.5476567717813278,635,0.818,AML,4.972,0.931,0.7117395871216426,0.8365695792880259,405,0
OR4K5,1179,0.1949648591113367,0.2605042014617612,0.0118235015024513,0.2907204269196561,0.004903,13,6,LYS,Q8NGD3,-9.966,0.0,0.0678818938416117,Non-essential,85.5,9.3,2.5,0.2725124526171433,980,0.2581036276922658,998,0.0285397807769562,2435,0.0,AML,0.0,0.0,0.0195882833034613,0.004449838187702282,2462,0
CD79B,774,0.2341699846218682,0.252100840124285,0.0041119721651114,0.4403201897420694,0.007426,5,5,LYS,P40259,1.357,0.788,-0.0338689644286544,Non-essential,75.4,41.9,7.9,0.2724433345202949,981,0.2576489331285505,1008,0.6605453504949688,317,0.5888,DLBCL,3.331,1.0,0.8185224954637784,0.93042071197411,173,0
SLC4A4,847,0.2265525296005786,0.252100840124285,0.0546765775739364,0.3643640675956122,0.006145,60,8,LYS,Q9Y6R1,0.139,0.513,0.0921324554060817,Non-essential,70.5,35.8,24.0,0.2721954553358869,982,0.2599292842145837,977,0.4075932692618924,1237,0.5606,Pheochromocytoma,4.025,0.75,0.4930559602489851,0.5748381877022654,1052,0
PMEL,748,0.2362609677555249,0.3109243694866181,0.0158405820022141,0.3571301512007115,0.006023,22,5,LYS,P40967,0.661,0.718,-0.0876272805260646,Non-essential,68.5,44.9,35.1,0.2721662126210477,983,0.2579582417211584,1001,0.6733525874391332,282,2.1087,Uveal Melanoma,11.929,1.0,0.5089164203025239,0.7944983818770226,509,0
LNPEP,1120,0.2000802430260612,0.252100840124285,0.1245737782698086,0.2062259116513489,0.003478,42,19,LYS,Q9UIQ6,2.632,0.986,-0.0606882745173974,Non-essential,88.8,13.8,12.1,0.2721352165237891,984,0.2633639054372795,934,0.2919782131167006,1725,0.5048,AML,2.856,1.0,0.225929642521978,0.2868122977346278,1764,0
CXADR,969,0.2156576072977745,0.5378151255984748,0.0006452633243713,0.0011265935369107,1.9e-05,3,1,SER,P78310,3.605,0.927,-0.2024798668840502,Non-essential,79.3,31.8,18.1,0.2718782581747866,985,0.2569105213410052,1014,0.5737137757564219,554,1.1482,Esophageal,6.11,0.994,0.5632319329396677,0.7758899676375405,555,0
PCDHGA8,916,0.2205329820010603,0.2605042014617612,0.0103621698560809,0.3774088348651052,0.006365,17,1,LYS,Q9Y5G5,-3.626,0.023,0.0014368726091446,Non-essential,73.6,31.3,27.0,0.2718192216919129,986,0.2573373301847169,1010,0.1407696893182773,2083,0.1482,AML,5.181,0.121,0.0604855104647019,0.15088996763754048,2100,0
ACVR2A,1062,0.206877270703579,0.2268907561118565,0.032845168432706,0.3542247257634153,0.005974,25,8,LYS,P27037,2.098,0.977,-0.0326640011886261,Non-essential,83.5,19.5,11.3,0.2716792381881801,987,0.2583214966098154,997,0.187447599011734,2006,0.2542,Pancreatic,1.446,0.994,0.2236319129445384,0.23058252427184467,1903,0
TAS2R9,1089,0.2042076398450558,0.2605042014617612,0.0259117507512256,0.3074414467832789,0.005185,16,7,LYS,Q9NYW1,-9.966,0.0,0.0619717531599827,Non-essential,82.8,17.9,3.5,0.2716147698952426,988,0.2579103574328038,1003,0.0904862210701542,2159,0.0385,AML,6.658,0.006,0.0707066220207693,0.1456310679611651,2113,0
LMBRD1,1141,0.1980254913117844,0.2689075627992374,0.0304475723548948,0.271093981618737,0.004572,33,10,LYS,Q9NUN5,4.945,1.0,0.044849959926409,Non-essential,83.8,13.0,3.5,0.2715030354731411,989,0.2580254140908858,999,0.3426597251123865,1538,0.2034,Kidney Clear Cell,1.151,1.0,0.3206484274485596,0.39603559870550165,1494,0
IL18RAP,1003,0.2131036939458816,0.252100840124285,0.0413917444251146,0.3328194485621108,0.005613,31,10,LYS,O95256,-1.831,0.133,-0.0032248083533697,Non-essential,77.8,25.5,14.0,0.2712880922903061,990,0.2583576795115618,995,0.4102470634818296,1223,0.2264,Testicular,2.51,0.51,0.5055809895101223,0.5861650485436893,1024,0
HYAL2,1184,0.1945842390159597,0.302521008149142,0.0113363909536612,0.2339163949006818,0.003945,24,5,LYS,Q12891,5.251,1.0,-0.0783296021568915,Non-essential,91.0,11.0,7.8,0.2711955493157855,991,0.2567623688634685,1017,0.4750456768473604,921,0.4493,Glioblastoma,2.542,1.0,0.489091536014656,0.6448220064724919,879,0
SLC26A9,1086,0.2044441305228123,0.2773109241367135,0.0352427645105171,0.2764897717165727,0.004663,34,4,LYS,Q7LBE3,-2.388,0.26,0.0143046619862892,Non-essential,79.9,18.8,15.4,0.2711919575046221,992,0.257954095730148,1002,0.4637405844203533,984,0.6771,Cervical,4.701,0.558,0.4932321810478892,0.6310679611650485,913,0
SLC9A1,797,0.2323021910055865,0.3109243694866181,0.0624134113553692,0.2973613993477616,0.005015,40,10,LYS,P19634,4.391,0.998,0.026578053433311,Non-essential,67.6,42.6,29.1,0.271167231996099,993,0.2592879025638674,986,0.3631369042732993,1443,0.5476,Sarcoma,3.098,1.0,0.2415314232992415,0.3604368932038835,1582,0
ASGR1,1093,0.2034939704065091,0.2436974787868088,0.0096536454214771,0.3437296175511414,0.005797,5,3,LYS,P07306,0.391,0.607,0.0719513091717793,Non-essential,86.2,17.5,12.7,0.2711399333185377,994,0.2566226155896116,1019,0.421223724120117,1171,0.4999,Sarcoma,3.673,0.77,0.5542679701095092,0.6338996763754046,906,0
PLVAP,1091,0.2037176108999352,0.2773109241367135,0.0091032737624545,0.3002075303883783,0.005063,14,2,LYS,Q9BX97,5.364,0.996,-0.0856790876681756,Non-essential,81.7,18.3,10.9,0.2710865244855579,995,0.2565416881736806,1020,0.6701160893470747,291,0.9228,Glioblastoma,5.253,0.994,0.7011910256848259,0.901294498381877,245,0
PDCD1,792,0.2328325182429607,0.302521008149142,0.0051810849280404,0.3675659650163059,0.006199,4,3,LYS,Q15116,-0.512,0.399,0.0322136208022814,Non-essential,74.2,43.1,16.3,0.2709691153382862,996,0.2562281695846883,1024,0.3718826894608963,1405,0.6955,Thymoma,3.911,0.958,0.2544052705150973,0.3741909385113269,1548,0
SLC22A16,1144,0.1976655147303154,0.2605042014617612,0.0432389688439032,0.2683071449747999,0.004525,23,6,LYS,Q86VW1,-3.458,0.051,0.0620602264944164,Non-essential,84.9,13.2,6.9,0.2708629989662922,997,0.2580249474084873,1000,0.5325495176417196,695,2.7978,AML,9.805,0.988,0.3172738993588407,0.5728155339805825,1057,0
DSG3,703,0.2394750896922693,0.2605042014617612,0.0382223628024671,0.4126890008894159,0.00696,23,8,LYS,P32926,-4.608,0.278,0.0224550636748171,Non-essential,65.3,48.1,39.4,0.2708043114345871,998,0.2577154295747105,1005,0.8180625705086344,55,3.4788,Head&Neck,12.146,0.992,0.7017920868121003,0.9449838187702265,137,0
SLC44A1,1161,0.1961983548231666,0.3109243694866181,0.0304159417997785,0.209012748295286,0.003525,38,5,LYS,Q8WWI5,4.192,0.998,0.0322057839689196,Non-essential,83.4,12.9,6.2,0.2707807018440825,999,0.2573014989340714,1011,0.3873812214639089,1340,0.848,AML,4.825,0.994,0.265594928180744,0.3956310679611651,1495,0
SLC23A1,1122,0.1998163633122573,0.2773109241367135,0.0249754863197849,0.2713311592054551,0.004576,24,2,LYS,Q9UHI7,-1.732,0.301,0.0451005601852844,Non-essential,81.8,15.4,10.5,0.2707354848291597,1000,0.256984259145149,1013,0.4660515521767116,966,0.6374,AML,3.765,0.896,0.4692910759942606,0.6209546925566343,938,0
SLC24A2,771,0.2343913028990481,0.2941176468116659,0.0542527281353787,0.3348947524458938,0.005648,28,7,LYS,Q9UI40,-4.293,0.132,0.1321889907538405,Non-essential,67.3,44.5,36.2,0.2707280465294012,1001,0.2584406829361701,993,0.6602985861435208,318,3.3628,Pheochromocytoma,9.433,0.943,0.6411947555801961,0.8628640776699029,340,0
ITGA8,1154,0.1969419657880134,0.201680672099428,0.0622173019136485,0.3253483545804921,0.005487,52,11,LYS,P53708,-0.119,0.477,-0.0554167056616056,Non-essential,85.0,11.8,7.5,0.2706796493583349,1002,0.2587905144540173,992,0.3479549575057149,1519,0.2647,Pancreatic,2.566,0.565,0.4456751327783367,0.4777508090614887,1292,0
PTPRS,1118,0.2002536043075859,0.2100840334369042,0.0528609837102641,0.3345389860658168,0.005642,82,7,LYS,Q13332,3.844,0.941,0.06607436797441,Non-essential,81.5,14.7,7.5,0.2706794041469367,1003,0.2583224533324499,996,0.4258359591508046,1146,0.3106,Cholangiocarcinoma,1.757,1.0,0.4060393361580994,0.5372168284789645,1145,0
HLA-DQA1,1188,0.1944227796909021,0.4705882348986654,0.0072244187885497,0.0134005336495701,0.000226,7,4,CYS,P01909,5.33,0.984,0.0595010596512144,Non-essential,87.9,14.2,2.0,0.2706621203240628,1004,0.2560233412634903,1027,0.6837701691472681,258,0.98,Glioblastoma,5.457,1.0,0.6261872416732565,0.8669093851132686,330,0
SLC11A1,1155,0.1969096166771891,0.1932773107619518,0.0472244187885497,0.3514378891194781,0.005927,34,7,LYS,P49279,1.82,0.851,-0.028683327276332,Non-essential,83.0,12.2,8.2,0.2701126357436901,1005,0.2574738566831175,1009,0.5506928936696537,626,0.6266,Glioblastoma,3.544,1.0,0.6493100191459991,0.8086569579288025,474,0
ADCY7,1007,0.2125903234243012,0.2605042014617612,0.0967831725446781,0.264512303587311,0.004461,64,7,LYS,P51828,2.23,0.88,0.1671218291072861,Non-essential,77.3,26.5,13.1,0.2700003395446137,1006,0.2598394981718476,981,0.5119099227064619,778,0.5145,Pancreatic,3.048,0.955,0.3775763842084684,0.5922330097087378,1009,0
NCR3LG1,922,0.2199110404221447,0.2436974787868088,0.0113680215087774,0.3967388081826267,0.006691,14,3,LYS,Q68D85,-1.47,0.26,-0.0707773980782093,Non-essential,77.6,32.4,17.2,0.2699208249982341,1007,0.2554892260736729,1034,0.3517265067106585,1502,0.6425,Kidney Chromophobe,3.631,0.969,0.3101588519333996,0.39684466019417475,1492,0
PRSS21,1090,0.2039507207254739,0.3193277308240944,0.0145753597975644,0.2394900681885561,0.004039,12,5,LYS,Q9Y6M0,-1.248,0.394,0.0124331474917298,Non-essential,84.7,20.4,12.4,0.2698810627849631,1008,0.2556098307748413,1032,0.5917900523124651,504,1.1289,Ovarian,6.024,0.918,0.6054568514567666,0.8086569579288025,474,0
SLC5A3,1066,0.2066278917156741,0.2857142854741897,0.078930887237071,0.2288763711829232,0.00386,30,16,LYS,P53794,1.804,0.924,-0.1208656103053903,Non-essential,78.7,22.1,17.5,0.2698518145209649,1009,0.2587983588828185,991,0.4469163064222466,1055,0.4286,AML,2.439,0.994,0.6413890382403865,0.7144012944983819,707,0
CD22,1065,0.2067843780078119,0.2352941174493327,0.0040170804997627,0.3715386895938333,0.006266,18,4,LYS,P20273,0.652,0.622,-0.0427981349761501,Non-essential,79.4,21.4,17.7,0.2698418836306654,1010,0.2550427376556535,1040,0.4818200827298892,899,0.5633,Melanoma,3.54,0.9,0.4417671107130572,0.6132686084142395,957,1
P2RY1,1129,0.1992648798515494,0.2436974787868088,0.0245516368812272,0.3147346575748591,0.005308,14,8,LYS,P47900,-0.32,0.448,0.0323005248323917,Non-essential,85.3,15.3,10.2,0.2698156911894046,1011,0.256043273033466,1026,0.241398300244219,1878,0.52,Kidney Clear Cell,3.534,0.832,0.2727452172736717,0.28559870550161814,1767,0
AVPR1B,889,0.222658639558096,0.302521008149142,0.1011228847066266,0.2377112362881707,0.004009,19,7,LYS,P47901,-6.506,0.041,-0.0559288378768719,Non-essential,73.7,35.8,28.3,0.269790883100899,1012,0.2598470273362303,980,0.5676208891828005,573,1.1413,Kidney Clear Cell,3.671,0.538,0.3199753010669944,0.6007281553398058,988,0
GJB3,1041,0.2091584262246532,0.4705882348986654,0.0187505930729084,0.0509931811443818,0.00086,16,3,CYS,O75712,0.8,0.555,-0.0914921042541861,Non-essential,78.4,27.4,12.6,0.2697418257688554,1013,0.2556793554225008,1030,0.8919814581713623,9,1.8549,Head&Neck,8.734,0.996,0.9075617508196248,0.9975728155339806,7,0
SCNN1B,1077,0.2055126796049311,0.2268907561118565,0.0348189150719595,0.3477023421286688,0.005864,36,8,LYS,P51168,0.537,0.562,0.0241254058388656,Non-essential,82.5,20.5,8.4,0.2695420789393069,1014,0.2562830246929048,1023,0.3429486049983108,1537,0.4701,Glioblastoma,4.57,0.535,0.4801883534228133,0.4947411003236246,1250,0
PCDHGB1,973,0.2151918262546063,0.2689075627992374,0.007028309346829,0.3517343611028757,0.005932,12,5,LYS,Q9Y5G3,-1.392,0.296,-0.0830679285724216,Non-essential,74.9,29.4,26.2,0.2694083145921593,1015,0.2547597300595007,1046,0.2618137775747413,1817,0.3035,Prostate,2.492,0.609,0.1910844856668623,0.2516181229773463,1851,0
SLC16A7,1108,0.2014202651227929,0.1932773107619518,0.0945753597975644,0.3191224429291431,0.005382,9,12,LYS,O60669,-0.267,0.451,-0.0590482861122481,Non-essential,84.5,16.7,12.6,0.2693715094483599,1016,0.2591002774382382,988,0.3621228523602415,1450,1.4836,AML,8.357,0.988,0.3145656336601067,0.4101941747572816,1459,0
CD1E,1044,0.2086002450742668,0.3613445375114751,0.0989846591807686,0.1145567743848206,0.001932,12,9,CYS,P15812,-0.783,0.367,-0.0298180038323,Non-essential,81.5,25.5,17.0,0.2693559465204136,1017,0.259305179479452,985,0.853436988720356,30,2.2499,Thymoma,10.961,0.941,0.8261838339337388,0.9817961165048543,46,0
LMBRD2,1022,0.2110881664165999,0.2773109241367135,0.0531203542622173,0.2807589682774977,0.004735,49,10,LYS,Q68DH5,1.852,0.942,0.0959877945019589,Non-essential,76.7,26.2,15.4,0.2693286540827785,1018,0.2569846717958893,1012,0.3286212554437579,1599,0.381,AML,2.155,1.0,0.2746340779351556,0.35234627831715215,1602,0
MSR1,705,0.2391911662473164,0.403361344198856,0.0285370868258737,0.2309516750667061,0.003895,17,2,LYS,P21757,2.816,0.927,0.1053129856469979,Non-essential,67.4,51.9,25.3,0.2691486609427446,1019,0.2555755152840382,1033,0.6746426684406288,279,0.9619,Glioblastoma,5.441,1.0,0.6042523314134675,0.8527508090614887,365,0
GPRC5B,829,0.2283274911462507,0.2100840334369042,0.0547714692392851,0.426208123332345,0.007188,11,4,LYS,Q9NZH0,3.602,0.978,0.1199990794727572,Non-essential,74.4,39.7,23.6,0.269074309845824,1020,0.2568128833077882,1016,0.5516270744853684,623,0.6765,Cholangiocarcinoma,3.827,1.0,0.6083831613873892,0.7868122977346278,528,0
SLCO1A2,1101,0.202463529337728,0.3613445375114751,0.1501565712478254,0.0429291431959679,0.000724,32,19,LYS,P46721,-3.308,0.247,0.0557781037195645,Non-essential,80.2,20.7,13.7,0.2690420167399646,1021,0.2615498453023558,959,0.7915635405261777,84,1.2878,Esophageal,9.169,0.421,0.9146376177816026,0.9866504854368932,34,0
CD163,1064,0.2068234824889369,0.2352941174493327,0.058105329748537,0.3175807886154758,0.005356,39,12,LYS,Q86VB7,3.917,0.982,0.0333592327392861,Non-essential,77.5,22.3,13.7,0.2689744706982696,1022,0.2568797371856965,1015,0.7459822729879652,139,0.9673,Glioblastoma,5.472,1.0,0.7438531231818802,0.9474110032362459,131,0
ANTXR1,800,0.2319683585855853,0.2773109241367135,0.0207939269334176,0.3826860361695819,0.006454,18,5,LYS,Q9H6X2,4.569,0.983,0.0381109503539672,Non-essential,72.4,44.0,24.3,0.2689288142235996,1023,0.2549685105702705,1042,0.6685756869882898,295,0.9552,Pancreatic,5.318,1.0,0.6393326498881237,0.8669093851132686,330,0
PRPH2,1159,0.196403902611811,0.2436974787868088,0.0187505930729084,0.3109991105840498,0.005245,15,2,LYS,P23942,-2.178,0.126,0.0762957306841005,Non-essential,87.0,13.9,5.2,0.2688315434896226,1024,0.254769073143268,1045,0.1692702378695899,2043,0.1801,Pheochromocytoma,1.459,0.665,0.1735083576109602,0.20105177993527512,1976,0
LRRC15,1117,0.2003174320823605,0.4285714282112846,0.0423975960778111,0.053898606581678,0.000909,23,7,TYR,Q8TF66,-0.913,0.43,-0.1435046007764329,Non-essential,83.6,20.3,18.2,0.2687740505388218,1025,0.2558939303427124,1029,0.6041465054630114,469,1.9696,Pancreatic,8.318,0.785,0.6718369917115163,0.8511326860841424,369,1
M6PR,1100,0.2027018352869489,0.302521008149142,0.007028309346829,0.2652831307441446,0.004474,3,4,LYS,P20645,6.308,1.0,-0.0212388121787253,Non-essential,84.8,20.2,2.9,0.2687602128749431,1026,0.2541116283422845,1051,0.4285751272072254,1134,0.2855,Cholangiocarcinoma,1.615,1.0,0.4231811231722775,0.5529935275080906,1106,0
FAM171A1,429,0.2597550453767539,0.2689075627992374,0.0422014866360904,0.4651052475541061,0.007844,17,4,LYS,Q5VUB5,3.006,0.926,0.0355454860010742,Non-essential,57.1,67.4,56.7,0.2685443305272822,1027,0.2556544048590867,1031,0.3735199924275841,1398,0.566,Cholangiocarcinoma,3.202,1.0,0.2205620004295433,0.3580097087378641,1588,0
FLT4,945,0.2176888067539909,0.1932773107619518,0.1390795508461173,0.3288467239845834,0.005546,60,20,LYS,P35916,1.246,0.824,0.0232716159887996,Non-essential,72.4,31.1,23.0,0.2685286274743583,1028,0.2604826050166642,968,0.4136510874099013,1206,0.2774,Pancreatic,1.643,0.955,0.4274468845695475,0.5384304207119741,1142,0
CD74,817,0.2305657598851918,0.4285714282112846,0.0115325003953819,0.1855914616068781,0.00313,6,2,LYS,P04233,10.53,1.0,0.078450946941138,Non-essential,69.9,45.9,27.0,0.2683809903745146,1029,0.2539576153942837,1053,0.8827617173553094,14,0.9222,AML,5.217,1.0,0.8532443203900991,0.9923139158576052,20,0
HHLA2,1043,0.2086708715710779,0.302521008149142,0.0032073382887869,0.2890008894159501,0.004874,12,3,LYS,Q9UM44,-3.626,0.231,0.0250909230515521,Non-essential,80.9,25.6,15.7,0.2683344097783839,1030,0.2534947766928233,1059,0.6067433980050446,463,1.425,Kidney Clear Cell,5.142,0.919,0.5430146814766547,0.7815533980582524,541,0
HLA-DRA,1206,0.1924530508286525,0.4453781508862369,0.0069966787917127,0.0406759561221464,0.000686,4,3,TYR,P01903,8.872,1.0,-0.0066710473435947,Non-essential,89.2,14.6,1.6,0.2682005115386476,1031,0.2535503454782333,1057,0.8028650000313607,71,1.0273,AML,5.811,1.0,0.8049463733599042,0.9741100323624595,65,0
CALCR,1048,0.2082800398677471,0.2773109241367135,0.0721619484421951,0.2523569522680106,0.004256,15,9,LYS,P30988,-4.293,0.043,0.0555409660239376,Non-essential,78.7,25.1,13.5,0.2680885486254011,1032,0.2566966460475109,1018,0.2827921033235278,1751,0.1864,Kidney Clear Cell,0.833,0.448,0.2189101059372803,0.2766990291262136,1789,0
GPR12,1121,0.1999425093113137,0.2100840334369042,0.0686636090463387,0.3176993774088348,0.005358,9,10,LYS,P47775,-9.966,0.059,0.0477923861864261,Non-essential,84.2,17.1,10.5,0.2680201583167099,1033,0.2564533387690267,1022,0.1995059804096455,1978,0.6168,AML,7.238,0.225,0.3429317805620012,0.31634304207119746,1691,0
SLC6A19,1283,0.1840034308056283,0.2605042014617612,0.0477431598924561,0.2182626741772902,0.003681,28,8,LYS,Q695T7,-9.966,0.096,0.055852164735183,Non-essential,90.0,4.7,3.2,0.267977929029053,1034,0.2553650870236758,1035,0.329734702782812,1593,0.4663,Esophageal,4.392,0.281,0.557663852168,0.544093851132686,1128,0
ADORA1,1242,0.1874002464792165,0.2857142854741897,0.0478064210026886,0.1959086866291135,0.003304,14,8,LYS,P30542,0.697,0.605,-0.0209542894401934,Non-essential,92.4,8.0,0.3,0.2679287768239169,1035,0.2553190978740514,1037,0.3358396491179616,1571,0.4731,Cholangiocarcinoma,4.056,0.639,0.3872055588488898,0.4316343042071198,1406,0
SERINC5,1059,0.2071424421132862,0.3781512601864275,0.0444409299383204,0.1418321968573969,0.002392,29,9,LYS,Q86VE9,3.612,0.988,0.02950752466509,Non-essential,77.6,26.0,17.3,0.2679212227641789,1036,0.2551432692610949,1039,0.5457955399847433,643,0.5338,Sarcoma,3.056,0.988,0.5555163266436737,0.7532362459546925,611,0
IL17RC,990,0.2141345482757771,0.2184873947743803,0.0356286572829353,0.3868366439371479,0.006524,35,10,LYS,Q8NAC3,4.474,1.0,0.0537236274109554,Non-essential,73.6,29.3,20.0,0.2677869134760539,1037,0.2545683463402006,1048,0.3836801006443266,1354,0.226,Glioblastoma,1.278,1.0,0.3139003455397796,0.4296116504854369,1411,0
SLC8A3,1024,0.210933641969108,0.2352941174493327,0.1470504507354104,0.2423361992291728,0.004087,40,7,LYS,P57103,-4.293,0.105,0.0965788947148938,Non-essential,76.8,27.2,14.9,0.2674996035984123,1038,0.2598521261351827,979,0.6377653496640024,376,1.7602,Pheochromocytoma,8.254,0.977,0.5618382568130217,0.8118932038834952,466,0
KEL,1222,0.1903834271951794,0.252100840124285,0.0474837893405029,0.2509931811443818,0.004233,38,4,LYS,P23276,-2.053,0.105,0.1271386154174851,Non-essential,87.4,10.4,5.2,0.2674545366647209,1039,0.254828726131746,1044,0.2670951245178148,1802,0.0534,Melanoma,1.127,0.264,0.3540296121288744,0.36245954692556637,1577,0
MUC21,1028,0.2107940756889644,0.1932773107619518,0.0157709947809584,0.4291728431663207,0.007238,6,1,LYS,Q5SSG8,-6.506,0.155,0.0131041858513579,Non-essential,75.5,26.5,18.0,0.2673830182535029,1040,0.2531715679925508,1062,0.5883129597349641,518,0.8299,Thyroid,4.853,0.64,0.5851797624515762,0.794093851132686,510,0
MDGA2,1203,0.1930778417099832,0.2605042014617612,0.0149612525699826,0.2812926178476134,0.004744,41,4,LYS,Q7Z553,-6.506,0.084,-0.0178366351557781,Non-essential,84.8,12.9,7.0,0.2673399381160154,1041,0.2530880007445145,1063,0.2826300561576773,1752,1.3485,Uveal Melanoma,5.952,0.392,0.1696335683884925,0.25040453074433655,1854,0
OR10A3,1278,0.18443144763781,0.2605042014617612,0.0463830460224577,0.2210495108212273,0.003728,17,10,LYS,P58181,-9.966,0.0,0.0353542231435594,Non-essential,88.3,5.7,2.2,0.2673346097225376,1042,0.2546537620236605,1047,0.0939195866529949,2157,0.1158,Testicular,5.672,0.02,0.0441627916435813,0.1310679611650486,2149,0
RNF150,949,0.2174034464448798,0.1932773107619518,0.0294417207021983,0.4375333530981322,0.007379,11,3,LYS,Q9ULK6,-0.119,0.48,0.0407377857007455,Non-essential,75.2,32.2,24.9,0.2671908272167658,1043,0.2536629132518756,1055,0.2249897215937952,1921,0.2195,Melanoma,1.598,0.752,0.2847016910397204,0.28398058252427183,1771,0
S1PR5,1013,0.212225849401239,0.2941176468116659,0.061186145816859,0.2540764897717165,0.004285,11,9,LYS,Q9H228,-0.25,0.459,0.0498114230885993,Non-essential,77.7,29.6,21.6,0.2671568352812269,1044,0.2552161425720698,1038,0.5472439817460244,638,1.0491,Cervical,6.599,0.871,0.5377004040432551,0.7390776699029127,646,0
GRIN2A,697,0.2397493877946483,0.252100840124285,0.0483251621065949,0.4147050103765194,0.006994,51,10,LYS,Q12879,-3.626,0.122,-0.1023448975883267,Non-essential,60.8,51.9,43.3,0.2670928371642783,1045,0.2545090952696081,1049,0.288495669753014,1734,0.3805,Pheochromocytoma,4.472,0.33,0.3056329652947084,0.3466828478964401,1616,0
CDH15,1046,0.2084284970781118,0.2605042014617612,0.0229637830143919,0.3244589386302994,0.005472,23,3,LYS,P55291,-3.308,0.096,-0.1356251674337249,Non-essential,78.4,26.0,19.3,0.2670321509227892,1046,0.2531803400735088,1061,0.4415637449317492,1075,0.4929,Uterine Carcinosarcoma,3.618,0.491,0.569273350804527,0.6666666666666667,825,0
SLC5A11,1134,0.198742268856681,0.252100840124285,0.0582698086351415,0.2680699673880818,0.004521,27,16,LYS,Q8WWX8,-3.626,0.093,0.0042359796037447,Non-essential,81.8,17.8,11.0,0.2670202380493056,1047,0.2549337284810626,1043,0.2430675796696974,1873,0.0542,AML,2.136,0.098,0.355238464809756,0.3495145631067961,1609,0
FCRL5,1076,0.2058975229671779,0.352941176173999,0.0223185196900205,0.1934183219685739,0.003262,21,4,LYS,Q96RD9,-1.831,0.304,0.0219526238827269,Non-essential,76.0,25.5,15.1,0.2669636220755482,1048,0.2530795480600493,1064,0.7483404360252501,132,1.2004,AML,6.063,0.792,0.7888046574308404,0.9571197411003236,107,0
EPHA6,1075,0.2060289416040788,0.252100840124285,0.04893879487585,0.3016898903053661,0.005088,53,7,LYS,Q9UF33,-3.171,0.149,0.0626464799172742,Non-essential,78.5,24.0,14.3,0.2668924653388038,1049,0.2543394050825963,1050,0.4981026269888532,825,0.9234,Cholangiocarcinoma,6.586,0.611,0.4443362820062344,0.6351132686084142,903,0
SLC12A4,1123,0.1998114405176076,0.1848739494244757,0.0693468290368496,0.3501927067892084,0.005906,64,9,LYS,Q9UP95,4.256,1.0,-0.0794023341251194,Non-essential,81.6,17.7,12.5,0.2668907662550809,1050,0.2553581077069234,1036,0.4501683109757058,1042,0.4109,Low Grade Glioma,2.324,1.0,0.4378964365457754,0.5813106796116505,1036,0
PCDHGA10,988,0.2142691245155237,0.252100840124285,0.0077431598924561,0.370352801660243,0.006246,15,1,LYS,Q9Y5H3,-0.25,0.451,-0.0799547662606817,Non-essential,74.4,30.9,26.6,0.2668592844316745,1051,0.2522464424262973,1069,0.2512348937445066,1844,0.3141,Stomach,2.438,0.706,0.1410038257346566,0.22249190938511332,1923,0
PTPRG,927,0.2194628482079383,0.2605042014617612,0.086901787126364,0.2973021049510821,0.005014,64,13,LYS,P23470,2.735,0.951,-0.1242527531874933,Non-essential,71.6,35.4,31.8,0.2668274435309779,1052,0.2561725328872961,1025,0.376867062958163,1380,0.3805,Pancreatic,2.096,0.994,0.2542650101814668,0.3786407766990292,1537,0
OR51A7,1259,0.1864109946813213,0.2605042014617612,0.0364383994939111,0.2375926474948117,0.004007,11,3,LYS,Q8NH64,-9.966,0.0,0.0497133841690069,Non-essential,90.1,8.0,2.2,0.2666842322587971,1053,0.2535061522334926,1058,0.0520630204488933,2268,0.0,AML,0.0,0.0,0.0194622863319111,0.03478964401294493,2387,0
CCR9,1199,0.1935829815814139,0.2605042014617612,0.0687648268227107,0.2291728431663207,0.003865,16,12,LYS,P51686,-5.574,0.02,0.0565592373889718,Non-essential,83.5,14.1,9.8,0.2665608880088743,1054,0.2549991293500098,1041,0.5802861695460716,540,3.2274,Thymoma,8.463,0.763,0.2200199607976937,0.5360032362459547,1148,0
NPTN,1151,0.1971582135617982,0.2689075627992374,0.0025937055195318,0.2960569226208123,0.004993,10,2,LYS,Q9Y639,6.289,1.0,0.0147611008238528,Non-essential,86.5,17.3,10.3,0.2664803040148191,1055,0.2516099892907957,1079,0.4649749712609221,977,0.3735,Cholangiocarcinoma,2.113,1.0,0.4548611861116761,0.6039644012944984,980,0
PCDH1,1050,0.20816536048584,0.3277310921615705,0.0135062470346354,0.2434034983694041,0.004105,19,4,LYS,Q08174,4.216,0.976,0.063437742148511,Non-essential,76.2,27.7,22.2,0.2662333186075595,1056,0.2519086309592913,1074,0.437821276576004,1097,0.5975,Pheochromocytoma,3.399,0.994,0.2658390282783662,0.44215210355987056,1380,0
OR5AK3P,1097,0.2031252548149264,0.2605042014617612,0.0382539933575834,0.2914912540764897,0.004916,15,7,LYS,Q8NH89,-9.966,0.0,,No data,87.9,7.4,3.0,0.2662127823701347,1057,0.2681254820380138,894,0.07576990503695,2190,0.0,AML,0.0,0.0,0.0276644897745623,0.08576051779935279,2261,0
PTCHD3,980,0.214565700073365,0.2605042014617612,0.1574442511466076,0.2104358138155944,0.003549,40,23,LYS,Q3KNS1,-9.966,0.016,,No data,81.5,17.2,12.4,0.2659464867521669,1058,0.2738186993094973,814,0.3871753743924164,1342,0.182,Uveal Melanoma,5.358,0.076,0.1027750193529846,0.3050161812297735,1719,0
HLA-DQB2,1194,0.1939239661640794,0.4789915962361415,0.0058010438083188,0.0019567150904239,3.3e-05,3,1,SER,P05538,2.245,0.809,0.0071338180618344,Non-essential,86.3,18.7,1.9,0.2658864984073352,1059,0.2511765505977511,1085,0.5216986517944853,736,1.029,Pancreatic,5.974,0.944,0.3261414735925247,0.5691747572815534,1066,0
NLGN3,964,0.2158459048304722,0.2268907561118565,0.0546765775739364,0.3622887637118292,0.00611,37,11,LYS,Q9NZ94,-1.214,0.252,-0.0239900205300208,Non-essential,76.4,32.8,26.8,0.2658530999605912,1060,0.253586928839288,1056,0.3504982007535722,1506,0.4321,AML,2.473,0.988,0.3372582513686569,0.4134304207119741,1451,0
IL12RB2,993,0.2139966263445854,0.2605042014617612,0.0106911276292898,0.3552920249036466,0.005992,20,3,LYS,Q99665,-1.552,0.279,-0.1880785985902892,Non-essential,73.0,32.1,22.9,0.2655722586448505,1061,0.251106815026315,1087,0.3225191850893513,1620,0.7999,Melanoma,5.033,0.87,0.411434626872947,0.4381067961165048,1390,0
TMEM182,1266,0.1856312611621761,0.3781512601864275,0.0025620749644156,0.1120071153276015,0.001889,12,2,LYS,Q6ZP80,1.527,0.908,0.083891874141437,Non-essential,87.5,10.5,0.0,0.2654952386382539,1062,0.2506233423864747,1091,0.4040204466958157,1256,0.4564,Esophageal,2.656,0.972,0.3346935255191974,0.4599514563106796,1336,0
LRIG1,998,0.2136746010857481,0.2352941174493327,0.0291190890400126,0.3694040913133709,0.00623,24,7,LYS,Q96JA1,4.281,0.978,-0.0090308259515426,Non-essential,74.6,31.5,28.5,0.2654837361956123,1063,0.2519396906476129,1072,0.5379014977389623,674,0.5726,Low Grade Glioma,3.239,1.0,0.6454128375611783,0.7965210355987055,504,0
ENPP1,1239,0.1880659542759363,0.2605042014617612,0.0354325478412146,0.2441150311295582,0.004117,43,10,LYS,P22413,0.706,0.621,0.0285420859212703,Non-essential,90.7,10.7,8.9,0.2653633652543096,1064,0.2521349926463703,1071,0.2518101094817123,1841,0.4609,Sarcoma,2.905,0.869,0.1462695519303219,0.22370550161812297,1920,0
GPR156,472,0.2554658555957313,0.2605042014617612,0.1257377826980863,0.3784761340053365,0.006383,20,21,LYS,Q8NFN8,-2.727,0.125,0.0790240698335163,Non-essential,55.5,67.0,55.4,0.2652299496874721,1065,0.2565168388223764,1021,0.4145494623661125,1205,0.2773,Glioblastoma,2.404,0.516,0.3693628359620459,0.49029126213592233,1261,0
CD320,514,0.2522566039955137,0.3109243694866181,0.0107543887395223,0.4155351319300326,0.007008,3,5,LYS,Q9NPF0,5.353,1.0,-0.0463942719002225,Non-essential,63.8,65.2,31.9,0.265195909487705,1066,0.2507336289246811,1089,0.5375459829418905,675,0.4133,Melanoma,2.338,1.0,0.4767501385417895,0.6913430420711975,764,0
IL1RL1,1132,0.1990199065994063,0.1932773107619518,0.0308967262375454,0.3747998814112066,0.006321,30,10,LYS,Q01638,-1.732,0.243,0.0895969178151471,Non-essential,81.9,18.9,5.2,0.2651712106788711,1067,0.2517160469907484,1077,0.3419147850894841,1544,0.0474,AML,0.522,0.514,0.5248421674531377,0.529126213592233,1165,0
LTB4R,1128,0.1994162348770347,0.1848739494244757,0.082853076071485,0.3353691076193299,0.005656,8,13,LYS,Q15722,1.753,0.927,-0.2660897845025777,Non-essential,81.4,19.3,14.2,0.2649614282212702,1068,0.2541040820248444,1052,0.4440949858044463,1067,0.3274,Thymoma,1.852,1.0,0.6815782949631576,0.7322006472491909,663,0
MSLNL,838,0.2277355919297818,0.2605042014617612,0.0176498497548632,0.3941298547287281,0.006647,31,8,LYS,Q96KJ4,-9.966,0.05,,No data,74.3,29.2,24.8,0.2649213966325142,1069,0.2658038891202574,918,0.427485261967941,1137,1.8095,Mesothelioma,9.514,0.425,0.2585217556192704,0.4324433656957929,1404,0
SLC6A15,1119,0.2001297618224989,0.2100840334369042,0.0777668828087932,0.3092202786836643,0.005215,29,14,LYS,Q9H2J7,-3.458,0.235,0.0385979528072456,Non-essential,79.7,20.4,19.5,0.2648762020760308,1070,0.2537645462164705,1054,0.4726923578031959,933,1.1638,Uveal Melanoma,5.401,0.987,0.5971731170654788,0.7152103559870551,705,0
LRIT3,873,0.2240685194173672,0.2605042014617612,0.0711244662343824,0.3284316632078268,0.005539,20,10,LYS,Q3SXY7,-3.816,0.004,0.1317075273769449,Non-essential,69.6,41.2,32.8,0.2648655028721687,1071,0.2534217261838878,1060,0.1925041872323052,2001,0.0628,Kidney Chromophobe,1.325,0.246,0.0740376987424908,0.17233009708737868,2047,0
TM9SF4,1246,0.1871715242258888,0.3109243694866181,0.1235995571722283,0.0857396975985769,0.001446,29,15,LYS,Q92544,5.17,1.0,-0.1540387384450137,Non-essential,85.6,11.4,3.4,0.2647583430130176,1072,0.255938320871629,1028,0.3945225199736514,1297,0.3014,Pancreatic,1.705,1.0,0.4558004689265172,0.5360032362459547,1148,0
OR5H6,1215,0.1914521710904037,0.2605042014617612,0.0468385260161315,0.2439964423361992,0.004115,16,9,LYS,Q8NGV6,-9.966,0.0,0.0119187674502402,Non-essential,85.3,14.5,7.7,0.2643852125996991,1073,0.2517271389005057,1076,0.0483745903024847,2284,0.0,AML,0.0,0.0,0.0286389865591195,0.06310679611650483,2317,0
GPR82,1221,0.1904225464434188,0.2773109241367135,0.0406832199905108,0.2243107026386006,0.003783,20,7,LYS,Q96P67,-2.245,0.076,0.090017503622613,Non-essential,84.2,14.0,3.3,0.2643073041051276,1074,0.2513414651046531,1082,0.2412137561871414,1879,0.9333,Glioblastoma,5.3,0.61,0.3910218276442506,0.3717637540453075,1554,0
CHRNB4,1126,0.1995712403837876,0.3277310921615705,0.0063830460224576,0.2218796323747405,0.003742,19,3,LYS,P30926,-2.548,0.165,0.0734334737998686,Non-essential,81.3,22.5,16.7,0.2642715518558492,1075,0.2495907041569721,1100,0.6257603197702121,414,1.6531,Pheochromocytoma,5.848,0.938,0.5942062026892029,0.8228155339805825,439,0
GPR155,1005,0.2129318358041449,0.2100840334369042,0.0586557014075597,0.3710050400237177,0.006257,34,5,LYS,Q7Z3F1,0.912,0.746,-0.138342029963193,Non-essential,73.2,31.7,20.8,0.2642445970607358,1076,0.2521773821311138,1070,0.2438659748306848,1869,0.3274,Pheochromocytoma,1.863,0.994,0.2115558716258353,0.24959546925566345,1856,0
IL17RB,1130,0.1991632683943907,0.3445378148365229,0.0149296220148663,0.1895641861844055,0.003197,21,5,LYS,Q9NRM6,2.067,0.825,-0.0449291733507494,Non-essential,79.5,22.7,12.9,0.264011687242601,1077,0.2497581683433443,1095,0.4546863922229294,1013,0.3193,Stomach,1.811,0.998,0.3157127195260436,0.49797734627831713,1242,0
IL1RAPL1,1072,0.2062439290388338,0.252100840124285,0.0178143286414676,0.333530981322265,0.005625,25,8,LYS,Q9NZN1,-5.574,0.04,0.0718692990328234,Non-essential,76.7,27.3,20.8,0.2637716215344329,1078,0.2496623379665062,1097,0.2684947414872952,1796,0.2975,Low Grade Glioma,1.388,0.479,0.2188000519588543,0.2706310679611651,1804,0
PIGR,1104,0.2023379978919631,0.4873949575736176,0.0181369603036533,0.006463089238067,0.000109,24,5,TYR,P01833,0.99,0.566,0.0741427610830115,Non-essential,76.7,28.0,20.9,0.2637382475361962,1079,0.2496450955513789,1098,0.8734768964687356,22,1.0158,Uterine,6.2,0.819,0.8864976592550057,0.9955501618122977,12,0
AQP2,1255,0.1865760583534036,0.2605042014617612,0.0180736991934208,0.2565075600355766,0.004326,11,5,LYS,P41181,-6.506,0.042,-0.0873820435151381,Non-essential,91.7,11.1,2.2,0.2637217853188657,1080,0.2496254702785368,1099,0.3405460732026935,1550,0.2552,Uterine,4.041,0.141,0.1715373809904304,0.29328478964401294,1748,0
LRRTM4,937,0.2183479223433507,0.2436974787868088,0.060471295271232,0.342425140824192,0.005775,20,12,LYS,Q86VH4,-5.012,0.114,0.0211618834548881,Non-essential,74.0,37.3,30.0,0.2637182265992391,1081,0.2517417913628007,1075,0.4904740122505912,868,1.5852,Pheochromocytoma,8.169,0.614,0.7582654157243389,0.8070388349514563,478,0
CACNA1I,719,0.2382214773940907,0.2436974787868088,0.1800221413885813,0.2891194782093092,0.004876,89,15,LYS,Q9P0X4,-4.035,0.105,-0.0424160260337899,Non-essential,59.7,53.9,42.4,0.2636795224748557,1082,0.2576806295442847,1007,0.4369852646099046,1104,0.3033,Thymoma,2.501,0.542,0.4316793659022447,0.5622977346278317,1083,0
SELP,1180,0.1947894385249459,0.201680672099428,0.0418788549739047,0.3385117106433442,0.005709,6,9,LYS,P16109,0.919,0.646,-0.0793555301437463,Non-essential,79.9,17.1,10.7,0.263585876639112,1083,0.2506798193878072,1090,0.3818935922865901,1364,0.8712,AML,5.897,0.809,0.4551430725869796,0.5177993527508091,1193,0
NT5E,1289,0.1834078809492821,0.2857142854741897,0.059402182508303,0.1710050400237177,0.002884,21,13,LYS,P21589,3.178,0.94,-0.0106338358873513,Non-essential,91.9,9.1,7.3,0.2635018055489715,1084,0.2514719146743867,1080,0.4200231638434393,1173,0.8695,Sarcoma,5.02,0.964,0.4027325457084286,0.5254854368932038,1174,0
TSPAN15,1265,0.1857352530617662,0.352941176173999,0.0216985608097422,0.1268307144974799,0.002139,9,7,CYS,O95858,4.983,0.999,0.013819569673567,Non-essential,87.6,12.2,7.5,0.2634617304877051,1085,0.2495466585281922,1102,0.7315908776427978,170,1.0905,Cholangiocarcinoma,6.169,1.0,0.6810426550739934,0.915453074433657,210,0
FURIN,1174,0.1954743225573127,0.2857142854741897,0.0053455638146449,0.2652831307441446,0.004474,19,2,LYS,P09958,5.327,1.0,-0.1492105745794559,Non-essential,84.7,19.4,13.0,0.2632571735556638,1086,0.248524451746396,1106,0.3587115710646451,1465,0.302,Testicular,1.708,1.0,0.5298794102519585,0.5521844660194175,1108,0
MFSD2B,1165,0.1959183996587216,0.2605042014617612,0.0931519848173335,0.2125704120960569,0.003585,21,8,LYS,A6NFX1,-2.245,0.04,0.0638253560366858,Non-essential,80.4,19.4,14.3,0.263207069739964,1087,0.2528646689808307,1066,0.3994989864096234,1272,0.0515,Colorectal,2.281,0.087,0.4056882915355071,0.506472491909385,1221,0
SLC1A4,1172,0.195484278861685,0.3445378148365229,0.0493310137592914,0.1428994959976282,0.00241,22,9,LYS,P43007,3.665,0.996,-0.0160221131777277,Non-essential,80.5,20.5,13.0,0.2631458626320129,1088,0.2506124133199775,1092,0.5137854511689777,771,0.5313,Kidney Clear Cell,3.012,0.998,0.5234207816900149,0.7014563106796117,739,0
GABRR2,1074,0.2060498311326431,0.2605042014617612,0.0045990827139016,0.3348947524458938,0.005648,16,1,LYS,P28476,-3.308,0.013,0.0457033253782201,Non-essential,76.6,28.0,20.9,0.2630499293015653,1089,0.2482798834372603,1116,0.2961002843101381,1711,0.3619,AML,3.062,0.647,0.26656469777074,0.31877022653721687,1685,0
SEMA6A,852,0.2260523809016902,0.1932773107619518,0.0733322789814961,0.4224725763415357,0.007125,31,6,LYS,Q9H2E6,2.081,0.859,0.0564100121032499,Non-essential,70.0,43.6,40.4,0.2629982725974411,1090,0.2516648865465158,1078,0.3543539075934718,1489,0.6343,AML,3.63,0.988,0.4232004000086931,0.470873786407767,1309,0
PCDH18,893,0.2222612018743364,0.2352941174493327,0.0082302704412462,0.4189149125407648,0.007065,12,5,LYS,Q9HCL0,1.46,0.786,0.0285787483045485,Non-essential,68.8,41.2,37.5,0.2629392368527691,1091,0.2483507503748314,1112,0.2763143261176321,1769,0.7272,Sarcoma,4.031,0.988,0.1829988912329261,0.25647249190938515,1839,0
SIRPA,1008,0.2125902135685924,0.2352941174493327,0.0071232010121777,0.3877853542840201,0.00654,13,2,LYS,P78324,4.211,0.994,0.0309546429829057,Non-essential,77.8,33.3,24.6,0.2627800799313159,1092,0.2481362399819247,1118,0.4369499708812213,1105,0.6118,AML,3.461,1.0,0.3927619968573708,0.5360032362459547,1148,0
PCDHB14,1197,0.1937025253868491,0.2605042014617612,0.0143159892456112,0.284020160094871,0.00479,18,4,LYS,Q9Y5E9,1.376,0.809,-0.027396736189791,Non-essential,81.6,18.0,15.5,0.262760507846737,1093,0.2484763073090175,1107,0.399922955424133,1267,0.6017,Cholangiocarcinoma,3.595,0.917,0.2861857616358542,0.4255663430420712,1421,0
MFAP3L,642,0.2432936491674997,0.252100840124285,0.0064779376878064,0.4683664393714793,0.007899,8,5,LYS,O75121,0.942,0.69,0.1344270068812915,Non-essential,61.6,59.2,43.3,0.2627463883083212,1094,0.2480702851927115,1119,0.4169300598696542,1191,0.4875,Pheochromocytoma,2.73,0.994,0.627608836737943,0.6763754045307444,801,0
OR3A2,1254,0.1865921722128992,0.2605042014617612,0.0687648268227107,0.2058701452712718,0.003472,14,7,LYS,P47893,-9.966,0.02,-0.2005701379375801,Non-essential,85.3,12.1,6.9,0.262735213535112,1095,0.2511734548762475,1086,0.2120004071603249,1948,0.3192,Thymoma,5.931,0.093,0.097139144767193,0.1901294498381877,2003,0
OR6C6,1569,0.154480327957889,0.2605042014617612,0.0703526806895461,0.0972428105544025,0.00164,9,11,LYS,A6NF89,-9.966,0.0,-0.3323823940938775,Context-dependent,89.7,5.4,2.2,0.2626753433226035,1096,0.2311929773570809,1326,0.0476307482707518,2285,0.0,AML,0.0,0.0,0.087445595144583,0.13309061488673135,2144,0
SLC4A1,1211,0.1920304550506517,0.252100840124285,0.0412335916495334,0.2627334716869255,0.004431,50,6,LYS,P02730,-5.574,0.023,-0.1214111704017662,Non-essential,82.2,16.7,10.3,0.2625270598776145,1097,0.2495887394600911,1101,0.5720128300046773,557,0.9257,Kidney Chromophobe,3.382,0.908,0.3124921679077685,0.595873786407767,1000,0
LPAR3,1170,0.1956314347939299,0.3193277308240944,0.0575233275343982,0.1688111473465757,0.002847,12,8,LYS,Q9UBY5,-1.639,0.395,0.0409434288279856,Non-essential,81.4,21.0,11.6,0.2623483245086765,1098,0.2502244908853964,1093,0.6600452394374038,319,1.5002,Head&Neck,6.476,0.955,0.799191984750489,0.9271844660194175,181,0
P2RY14,1225,0.1900350927790338,0.2268907561118565,0.0770899889293057,0.2538393121849985,0.004281,15,20,LYS,Q15391,-0.687,0.329,-0.0522812129417952,Non-essential,87.1,14.8,7.7,0.2623440899177258,1099,0.2511985893641911,1084,0.3452252142068911,1528,1.0114,AML,7.599,0.717,0.4353165681238423,0.4684466019417476,1315,0
APLNR,1146,0.1974670057448552,0.3613445375114751,0.0752743950656334,0.1011562407352505,0.001706,13,16,LYS,P35414,2.486,0.869,-0.0032583613168094,Non-essential,81.7,23.4,15.5,0.2621782470792372,1100,0.2509419668325189,1088,0.7610225537880507,118,0.8316,Pancreatic,4.765,0.972,0.8473664680107661,0.9749190938511327,63,0
TSPAN13,1347,0.176595812946618,0.4117647055363322,0.0251652696504823,0.0144678327898013,0.000244,5,4,CYS,O95857,5.301,0.987,0.0717185249760252,Non-essential,90.0,6.9,0.5,0.2621259225477871,1101,0.2483841860303113,1110,0.6249048452546362,416,0.4509,Esophageal,2.551,1.0,0.4933940231500158,0.7601132686084142,594,0
OR10J6P,1098,0.2030074873094467,0.2605042014617612,0.0399367388897675,0.2894159501927068,0.004881,15,8,LYS,Q8NGY7,-9.966,0.018,,No data,84.6,11.6,3.6,0.261914642782235,1102,0.2639114797267233,931,0.1753479186833574,2033,0.0792,Pancreatic,4.954,0.023,0.0415738000134798,0.1472491909385113,2109,0
EMP2,1410,0.1703072156986809,0.2941176468116659,0.0086794243238968,0.1668544322561518,0.002814,5,1,LYS,P54851,5.136,0.997,-0.0410044460043419,Non-essential,95.0,0.0,0.0,0.2618246405290952,1103,0.24725861174529,1125,0.5492843824442695,632,0.5114,Pancreatic,2.893,1.0,0.4537989594252377,0.6844660194174756,781,0
FOLR2,1250,0.1868131440330656,0.3277310921615705,0.0233876324529495,0.1623480581085087,0.002738,13,6,LYS,P14207,3.36,0.967,0.0439081213950179,Non-essential,89.2,14.5,1.6,0.2616398048969142,1104,0.2478091865195616,1120,0.5293751459358443,710,0.9442,Sarcoma,5.257,1.0,0.5805151844505574,0.7552588996763754,606,0
KLRF2,1096,0.2031696448715289,0.2605042014617612,0.0133797248141704,0.3165134894752445,0.005338,8,5,LYS,D3W0D1,-9.966,0.007,0.1152577390156752,Non-essential,82.4,27.1,13.5,0.2615497740839702,1105,0.2472187603246786,1127,0.1759695688183628,2032,0.6514,Thymoma,7.686,0.085,0.0963448021695481,0.17758899676375406,2034,0
LRRN3,1156,0.1968603157695242,0.2268907561118565,0.011077020401708,0.3426030240142306,0.005778,32,9,LYS,Q9H3W5,-1.831,0.242,0.008478633337891,Non-essential,83.1,21.3,11.6,0.2615317757431344,1106,0.2470856267632198,1129,0.2746852108136098,1776,0.5001,Uterine Carcinosarcoma,3.837,0.702,0.3803172421278559,0.3843042071197411,1523,0
GNRHR2,907,0.2213109192374727,0.2268907561118565,0.0251020085402498,0.4100800474355173,0.006916,13,4,LYS,Q96P88,0.455,0.673,,No data,75.7,26.7,9.6,0.2615072786330915,1107,0.262762379060104,942,0.2200809076424318,1932,0.0995,Pheochromocytoma,0.648,0.869,0.3056311384753951,0.2981391585760518,1736,0
GPR35,1207,0.1922649889613252,0.2268907561118565,0.0945437292424482,0.2438185591461606,0.004112,17,14,LYS,Q9HC97,0.605,0.673,-0.0307308829335513,Non-essential,84.4,17.5,5.5,0.2615023367363019,1108,0.2512295231984244,1083,0.3697412505409762,1411,0.8918,Pancreatic,5.284,0.955,0.4652748892197226,0.5137540453074434,1203,0
P2RY6,1317,0.1806951545535867,0.3949579828613799,0.0338446939743792,0.0418618440557367,0.000706,13,10,LYS,Q15077,1.465,0.788,-0.1848423098363889,Non-essential,85.9,10.7,4.9,0.2614619285090119,1109,0.2481541632077308,1117,0.5380926231566491,673,0.5523,Pancreatic,3.423,0.898,0.6722302738951136,0.8102750809061489,470,0
IGSF3,1282,0.1841657758526356,0.453781512223713,0.0088439032105013,0.0,0.0,49,0,,O75054,3.011,0.944,-0.195524955752106,Non-essential,81.5,14.6,8.0,0.2614345050809248,1110,0.2468767002414499,1131,0.5956166532156243,492,1.1539,Cholangiocarcinoma,6.608,0.972,0.5153616575060389,0.7560679611650485,604,0
TECTB,935,0.2184333892643847,0.2605042014617612,0.0197880752807211,0.3609842869848799,0.006088,11,7,LYS,Q96PL2,-9.966,0.011,0.0165740697340902,Non-essential,67.9,40.1,27.7,0.2612695610780167,1111,0.2472589648420527,1124,0.1281568656232393,2100,0.1086,Uveal Melanoma,4.954,0.038,0.082099758074241,0.15978964401294493,2078,0
FCRL6,1035,0.2096164201787171,0.2689075627992374,0.0095524276451051,0.3306255558849688,0.005576,11,3,LYS,Q6DN72,-1.43,0.222,-0.0478092365608605,Non-essential,76.2,32.9,28.3,0.2612621428622516,1112,0.2467397642445068,1132,0.4089239596223584,1231,0.8695,AML,5.844,0.815,0.4653791394714587,0.5578478964401294,1094,0
TNFRSF9,1137,0.1984844390621443,0.4957983189110939,0.0005503716590226,0.0,0.0,1,0,,Q07011,-1.133,0.301,-0.0617865468836826,Non-essential,82.0,27.8,9.0,0.2608670045336385,1113,0.2458945231165896,1141,0.4915718511905919,866,1.2649,Esophageal,5.745,0.539,0.4924986301573257,0.6593851132686084,843,0
TM4SF4,1094,0.2033533294496159,0.2689075627992374,0.0322568401075438,0.2870441743255262,0.004841,6,9,LYS,P48230,-3.171,0.248,-0.1118071608730467,Non-essential,76.7,28.2,13.4,0.2607429005880006,1114,0.2473557425933777,1122,0.7139870928850516,199,0.9321,Cholangiocarcinoma,4.288,0.972,0.8527166500236247,0.9603559870550162,99,0
ADRA1D,782,0.233519663175917,0.2436974787868088,0.0817523327534398,0.3717165727838719,0.006269,19,13,LYS,P25100,-3.308,0.082,0.0078142382881879,Non-essential,64.8,53.0,41.4,0.260661343959711,1115,0.249748960597383,1096,0.2884983954024613,1733,0.0721,Glioblastoma,0.827,0.453,0.340693797530921,0.3689320388349514,1561,0
GPR132,1163,0.1961471553814405,0.3193277308240944,0.0371848805946544,0.1908686629113548,0.003219,17,11,LYS,Q9UNW8,0.633,0.65,-0.08326962025291,Non-essential,79.5,23.2,16.6,0.2605780916649353,1116,0.247437335694668,1121,0.5233538430429209,730,0.7668,Pancreatic,4.74,0.915,0.7491200773501087,0.8329288025889967,414,0
TNFRSF19,625,0.2441070863691476,0.3277310921615705,0.003694448837577,0.3730210495108211,0.006291,6,4,LYS,Q9NS68,1.956,0.796,0.0907454226117287,Non-essential,60.3,63.4,53.7,0.2604847568436492,1117,0.245669479285528,1144,0.4273633801155045,1139,0.9366,Cholangiocarcinoma,5.771,0.889,0.3369590256750009,0.48665048543689315,1270,0
CD300LG,776,0.234076041315646,0.201680672099428,0.0205661869365807,0.4907797213163355,0.008277,5,6,LYS,Q6UXG3,-3.458,0.132,-0.1205982778690953,Non-essential,68.7,53.0,35.5,0.2604247122980288,1118,0.2464530216448578,1133,0.2765080009830166,1768,0.0664,Low Grade Glioma,1.651,0.213,0.4934195836685135,0.4546925566343042,1349,0
CLSTN2,1149,0.1972929504479231,0.2184873947743803,0.0669492329590384,0.2993774088348651,0.005049,33,19,LYS,Q9H4D0,-0.834,0.384,0.036491011271266,Non-essential,78.9,22.8,17.9,0.260252248619509,1119,0.2485997102674609,1105,0.4538782704955619,1021,0.4336,Low Grade Glioma,2.421,0.964,0.4834306779716585,0.6148867313915858,953,0
GNRHR,1213,0.1915697270378272,0.2605042014617612,0.0273667562865728,0.2638600652238363,0.00445,12,8,LYS,P30968,-4.608,0.006,0.065790573427266,Non-essential,84.2,18.9,6.7,0.2600831758892187,1120,0.2464515137035473,1134,0.209875682441733,1954,0.5039,AML,5.492,0.243,0.2019903076262146,0.22977346278317157,1905,0
EVI2B,288,0.2750601935294136,0.352941176173999,0.0045358216036691,0.4417432552623777,0.00745,4,1,LYS,P34910,2.854,0.93,0.0234575173262287,Non-essential,50.9,90.2,64.5,0.2598991808774113,1121,0.2451259719575948,1147,0.6424456259936941,360,0.6889,Pancreatic,3.987,0.977,0.6690062282939441,0.8697411003236246,323,0
IL23R,869,0.2247014317733833,0.2689075627992374,0.0211165585956033,0.3693447969166913,0.006229,14,2,LYS,Q5VWK5,-5.574,0.004,0.0449693426002977,Non-essential,68.2,46.9,37.0,0.2598329858578067,1122,0.2458888137875869,1142,0.2067009123507043,1960,0.0406,DLBCL,0.546,0.149,0.0565062932267279,0.16990291262135926,2053,0
LY6D,1069,0.2063268785059614,0.2436974787868088,0.0105582792978016,0.3522680106729913,0.005941,6,5,LYS,Q14210,-1.595,0.385,0.0877234082315548,Non-essential,79.3,31.2,3.9,0.2598006900680813,1123,0.2453286040329713,1146,0.8435210536340461,36,1.8997,Head&Neck,10.831,0.992,0.9105306365532604,0.9943365695792881,15,0
LPAR4,1210,0.1921009515674586,0.2605042014617612,0.0447319310453898,0.2482656388971242,0.004187,11,12,LYS,Q99677,-2.932,0.083,0.0927997972201004,Non-essential,82.6,19.7,15.7,0.2597258629972449,1124,0.2469624595495144,1130,0.544145040827714,648,1.9587,AML,11.502,0.78,0.5408292235721982,0.7390776699029127,646,0
KREMEN2,1040,0.2091788251288315,0.3781512601864275,0.0731678000948916,0.1198932700859768,0.002022,21,7,CYS,Q8NCW0,-0.997,0.363,-0.1442185562083103,Non-essential,76.8,35.9,25.8,0.2597182086104667,1125,0.2483765986152113,1111,0.812317173204158,62,2.4204,Thymoma,8.954,0.975,0.8559675218312436,0.9826051779935275,44,0
GRM2,1297,0.1825121171355141,0.252100840124285,0.0205345563814644,0.2517047139045359,0.004245,35,5,LYS,Q14416,-2.466,0.074,-0.0693703900328256,Non-essential,85.7,11.7,6.4,0.2595951116149998,1126,0.245621839434073,1145,0.209990239812165,1953,0.1658,AML,4.215,0.208,0.136050173678732,0.20226537216828477,1973,0
PRLR,687,0.2405541829076767,0.3109243694866181,0.0822710738573462,0.3050103765194188,0.005144,21,6,LYS,P16471,-1.041,0.381,-0.0032374466288591,Non-essential,61.0,61.3,45.5,0.2593438919145076,1127,0.2484574456073749,1108,0.4548564158484969,1011,0.5961,Breast,2.959,0.987,0.3827533192878522,0.5505663430420712,1112,0
PTAFR,1329,0.1794752172596278,0.403361344198856,0.0344646528546575,0.025970945745627,0.000438,14,9,TYR,P25105,2.131,0.866,0.0277679036926441,Non-essential,86.5,12.0,5.6,0.2592853701196707,1128,0.2460086027624036,1138,0.519809933256033,745,0.7407,Pancreatic,4.312,0.972,0.5409328654346469,0.720873786407767,691,0
EBP,1413,0.1698488598299899,0.3697478988489514,0.0342685434129369,0.038897124221761,0.000656,8,5,TYR,Q15125,5.983,1.0,0.0826020629358195,Non-essential,95.6,3.5,0.9,0.2592031815058074,1129,0.2459166086764542,1140,0.7498305745708449,130,0.6024,Sarcoma,3.408,1.0,0.6342260256840756,0.9021035598705501,243,0
MS4A15,943,0.2177196496047907,0.5378151255984748,0.0082302704412462,0.0004150607767565,7e-06,5,2,SER,Q8N5U1,-4.293,0.165,-0.1585618541237623,Non-essential,68.3,46.2,38.3,0.2591966267639669,1130,0.2446081402860291,1156,0.6683598190885027,297,1.9753,Breast,9.504,0.465,0.4553198271744276,0.7597087378640777,595,0
HLA-DOA,1369,0.1749947163996808,0.403361344198856,0.0093310137592914,0.0361695819745034,0.00061,8,4,TYR,P06340,2.824,0.914,0.0824328142516677,Non-essential,89.4,8.4,0.4,0.2591516194030482,1131,0.2446181700910128,1155,0.5001155688196609,819,0.7966,AML,4.737,0.936,0.3987808839486538,0.6011326860841424,987,0
SLC22A6,1293,0.1828552264632398,0.2605042014617612,0.0873193104538984,0.1748591758078861,0.002949,20,12,LYS,Q4U2R8,-9.966,0.089,-0.0177017377392736,Non-essential,83.0,12.8,7.6,0.2589210920770625,1132,0.2482870575997574,1115,0.4386636515582179,1092,0.6245,Low Grade Glioma,1.507,0.718,0.4032425736475439,0.5485436893203883,1117,0
CXCR1,1176,0.1953170848487633,0.252100840124285,0.0894259054246402,0.2254965905721909,0.003803,14,10,LYS,P25024,-3.308,0.094,0.0198466178299619,Non-essential,78.1,23.1,10.0,0.2588659180427075,1133,0.2483372133139395,1114,0.56303471173615,588,0.1076,Pancreatic,2.698,0.203,0.5551580234026711,0.76415857605178,584,0
SLCO1B1,1196,0.1939166845943204,0.2605042014617612,0.1050387474300174,0.1940112659353691,0.003272,32,23,LYS,Q9Y6L6,-9.966,0.046,0.0792239173615512,Non-essential,80.3,22.1,13.9,0.258838973852963,1134,0.2490909112244639,1103,0.6121305428281163,452,0.3442,Liver,0.508,0.959,0.2043313859140345,0.5485436893203883,1117,0
MAS1L,874,0.22390268997264,0.2605042014617612,0.0995666613949074,0.2994367032315446,0.00505,17,13,LYS,P35410,-9.966,0.001,0.0950555702365275,Non-essential,66.9,47.1,27.0,0.2588273116682294,1135,0.2488056447379747,1104,0.1542795777639698,2066,0.0,AML,0.0,0.006,0.152057360482377,0.18891585760517804,2006,0
EVA1C,902,0.2217159278676384,0.201680672099428,0.0448268227107385,0.4253187073821523,0.007173,16,11,LYS,P58658,4.009,0.981,-0.0739446877282854,Non-essential,70.2,44.4,26.5,0.2587246177580224,1136,0.2459659588935594,1139,0.3503336641158546,1508,0.4421,Cholangiocarcinoma,2.461,1.0,0.4683327366092083,0.4923139158576052,1256,0
CHRNA3,1168,0.1958103064330759,0.2605042014617612,0.0104317570773367,0.2949303290839015,0.004974,24,3,LYS,P32297,-2.635,0.131,0.0848811783549146,Non-essential,81.1,23.8,16.4,0.2587169920519259,1137,0.2442385799057927,1161,0.6780742376907021,268,2.0856,Pheochromocytoma,9.381,0.994,0.6213022629336264,0.8616504854368932,343,0
SLC8B1,1217,0.1910166869919995,0.2436974787868088,0.1283947493278507,0.1833975689297361,0.003093,24,7,LYS,Q6J4K2,4.01,1.0,-0.0730903992336964,Non-essential,80.7,19.7,12.2,0.2585421971397798,1138,0.2499619346061723,1094,0.6134280232403263,446,0.2772,Sarcoma,1.568,1.0,0.5442959760743101,0.7864077669902912,529,0
ADORA2B,1323,0.1803729665529449,0.3109243694866181,0.0275312351731772,0.159146160687815,0.002684,14,4,LYS,P29275,1.078,0.68,0.0222805476990623,Non-essential,88.1,12.0,7.8,0.2584928782855644,1139,0.2448694400442232,1151,0.286942854707354,1741,0.6192,Head&Neck,3.503,1.0,0.2941579375794246,0.3365695792880259,1641,0
ABCB5,1330,0.1793380900965834,0.2605042014617612,0.0759512889451209,0.174503409427809,0.002943,74,13,LYS,Q2M3G0,-5.574,0.044,-0.0126907894720595,Non-essential,85.0,10.4,6.4,0.2583901451048489,1140,0.2471877095521049,1128,0.5531125075424704,613,2.9416,Uveal Melanoma,10.606,1.0,0.5180033090369492,0.7317961165048543,664,0
TSPAN33,1353,0.1762182040463516,0.3613445375114751,0.0234192630080657,0.0821820337978061,0.001386,9,2,CYS,Q86UF1,3.836,0.996,-0.0646855571979226,Non-essential,89.2,9.5,4.6,0.2583709123304842,1141,0.2445418754808875,1158,0.5253393848176957,720,0.6781,AML,3.836,1.0,0.4378687655138812,0.6553398058252426,853,0
OR52I1,1274,0.1849306835765723,0.2605042014617612,0.0569413253202593,0.2121553513193003,0.003578,11,11,LYS,Q8NGK6,-9.966,0.001,0.1366519673442651,Non-essential,85.5,15.1,4.0,0.2583506396715063,1142,0.2461977059375192,1136,0.0961075454210241,2152,0.0,AML,5.931,0.0,0.040674527453789,0.12823624595469252,2156,0
SLC26A8,958,0.216292022251434,0.2605042014617612,0.0251020085402498,0.348532463682182,0.005878,39,6,LYS,Q96RN1,-3.626,0.022,-0.149684837245992,Non-essential,68.6,41.3,32.9,0.2582850885672244,1143,0.2445401889942368,1159,0.5315983881799151,702,1.1239,AML,5.536,0.861,0.316230193966952,0.5707928802588997,1062,0
PTPRB,1318,0.1806875974212692,0.201680672099428,0.0350150245136802,0.2983694040913133,0.005032,55,5,LYS,P23467,1.576,0.828,-0.0033189008386226,Non-essential,80.3,10.7,4.6,0.2582343423860482,1144,0.2449850936117321,1149,0.3523773846087225,1499,0.3481,Pancreatic,1.983,0.977,0.258753163367213,0.3620550161812298,1578,0
FCGR3A,1232,0.1886667789933982,0.4705882348986654,0.0009046338763245,0.0005336495701156,9e-06,5,1,SER,P08637,4.553,0.985,0.1132537231337794,Non-essential,85.7,22.0,7.5,0.2580654530761429,1145,0.2431106847699591,1169,0.6275796000276813,405,0.9643,Sarcoma,5.565,0.98,0.6887539839911826,0.8685275080906149,326,0
LAMP5,1288,0.1834494446376185,0.4285714282112846,0.0036628182824608,0.0364067595612214,0.000614,7,7,LYS,Q9UJQ1,0.934,0.622,0.1428500222421189,Non-essential,86.5,17.1,5.4,0.2579173943348701,1146,0.2431005352489932,1171,0.6403592054282728,367,1.4089,Pancreatic,7.614,0.944,0.5224337932597337,0.7872168284789645,527,0
ZP3,1142,0.1977827849703095,0.453781512223713,0.0078064210026885,0.0464275126000592,0.000783,12,1,LYS,P21754,3.3,0.966,-0.1259626612245739,Non-essential,77.7,29.5,18.9,0.2578820126789864,1147,0.2432723337291208,1166,0.5894140020107226,510,0.6665,Sarcoma,4.043,0.933,0.5067746287310573,0.7475728155339806,625,0
DSC2,1145,0.1975629093321866,0.4789915962361415,0.0083251621065949,0.0115624073525051,0.000195,17,4,TYR,Q02487,3.131,0.866,0.1205096849963545,Non-essential,76.8,29.9,19.6,0.2577189510474245,1148,0.2431352091527542,1167,0.8108341791372199,63,1.2333,Cervical,7.049,0.99,0.7628837401229268,0.9668284789644013,83,0
LRRC37A2,694,0.2398858158647223,0.3445378148365229,0.0638051557804839,0.2764304773198933,0.004662,35,11,LYS,A6NM11,-5.012,0.115,-0.4100709144686167,Context-dependent,42.1,83.1,77.7,0.2575471434678773,1149,0.2257374012569015,1379,0.5689825435444914,567,2.7977,AML,9.863,0.491,0.5702473095161192,0.7783171521035599,549,0
RNF149,1021,0.2112915153449941,0.2773109241367135,0.0071927882334334,0.3273643640675955,0.005521,10,2,LYS,Q8NC42,4.997,1.0,-0.0386850418319235,Non-essential,74.3,38.2,22.8,0.2574981115231069,1150,0.2428577509347786,1172,0.4872902470123487,883,0.2865,Sarcoma,1.621,1.0,0.4489910680793647,0.6262135922330097,925,0
PCDHGA2,1088,0.2042198687208236,0.2184873947743803,0.0073825715641309,0.3820337978061073,0.006443,21,1,LYS,Q9Y5H1,-1.086,0.304,0.0326726876102856,Non-essential,74.9,31.4,24.7,0.2574246805135927,1151,0.2427938090917992,1174,0.1944133499877856,1997,0.1313,Pheochromocytoma,1.109,0.659,0.0969939046774585,0.18365695792880254,2019,0
TMEM26,1189,0.1942823438403402,0.3109243694866181,0.0253930096473193,0.2076489771716572,0.003502,13,5,LYS,Q6ZUK4,-1.181,0.266,-0.004375422117635,Non-essential,77.5,24.7,17.9,0.2573840260250604,1152,0.2436536765074264,1164,0.4100981179854548,1225,0.4923,Sarcoma,4.901,0.46,0.5239266844827769,0.5950647249190939,1002,0
TMIGD1,1298,0.1823606121677574,0.2605042014617612,0.0058010438083188,0.2547287281351912,0.004296,4,2,LYS,Q6UXZ0,-9.966,0.019,-0.1175612674109084,Non-essential,87.8,14.1,1.9,0.2572089134974939,1153,0.2424989656879098,1175,0.2327869012455325,1900,0.0927,Kidney Clear Cell,1.507,0.107,0.1069192395325378,0.19983818770226536,1979,0
SEMA4C,1198,0.1936348359528671,0.252100840124285,0.0574916969792819,0.251823302697895,0.004247,26,18,LYS,Q9C0C4,4.195,0.999,-0.0844914060691469,Non-essential,81.7,23.4,17.4,0.2571640439627939,1154,0.245038628811758,1148,0.5733993111880344,555,0.504,Testicular,2.851,1.0,0.5991643504896511,0.7961165048543689,505,0
OR2A2,1367,0.175116509289963,0.2605042014617612,0.0350782856239127,0.2013044767269493,0.003395,16,8,LYS,Q6IF42,-9.966,0.0,-0.0077550907083302,Non-essential,87.1,8.2,2.2,0.2570721610993319,1155,0.2438260753805275,1163,0.0331040375682648,2420,0.0,AML,0.0,0.0,0.029529102779958,0.03155339805825241,2395,0
SLC6A4,1290,0.1833038755528229,0.2436974787868088,0.0842448204965997,0.2018381262970649,0.003404,20,15,LYS,P31645,-3.816,0.111,-0.0215229016484908,Non-essential,84.7,14.8,13.7,0.2570148542737992,1156,0.2462270952986292,1135,0.2928937990547168,1722,0.1395,Kidney Chromophobe,1.968,0.292,0.369102386011491,0.386326860841424,1518,0
OR2T7,1177,0.1952522944898922,0.2605042014617612,0.0150941009014708,0.288407945449155,0.004864,16,7,LYS,P0C7T2,-9.966,0.0,,No data,84.2,10.1,2.3,0.2569519820992728,1157,0.2577066871443464,1006,0.0456695423985592,2293,0.0,AML,0.0,0.0,0.0256479944543981,0.04611650485436891,2359,0
PLXNB1,1152,0.1971162049485092,0.1848739494244757,0.2192123991776055,0.1913430180847909,0.003227,94,20,LYS,O43157,5.254,0.997,-0.0201646090370449,Non-essential,75.2,25.4,17.4,0.2569447366141655,1158,0.2529053565730458,1065,0.6484045667207706,344,0.3104,Pheochromocytoma,1.756,1.0,0.5517047660133978,0.8114886731391586,467,0
FFAR2,1309,0.1811790028918451,0.2689075627992374,0.0122410248299857,0.2331455677438481,0.003932,16,5,LYS,O15552,-1.51,0.274,-0.2039860374735111,Non-essential,88.1,13.6,7.3,0.2568642951231915,1159,0.2424763463646908,1177,0.3172532511660115,1636,0.5825,Prostate,2.929,0.933,0.3769210627564019,0.4118122977346278,1455,0
SEMA6B,1034,0.2099486903973096,0.2184873947743803,0.0879076387790605,0.320604802846131,0.005407,32,6,LYS,Q9H3T3,1.949,0.926,-0.2039818623399653,Non-essential,73.8,36.8,31.8,0.256798698577331,1160,0.246194080516284,1137,0.3547505244994838,1486,0.4208,Pancreatic,2.394,0.994,0.2586153680347229,0.3648867313915858,1571,0
KCNJ12,1160,0.1962181075170521,0.2352941174493327,0.0075154198956191,0.3328194485621108,0.005613,17,4,LYS,Q14500,-1.552,0.245,0.2692695090658299,Non-essential,80.7,25.9,19.9,0.2565366582216989,1161,0.2419124292164798,1182,0.399951291550032,1266,0.5367,Pheochromocytoma,3.596,0.79,0.3345364338094739,0.4546925566343042,1349,0
PCDHGB6,1115,0.2004980797555174,0.2184873947743803,0.0110453898465918,0.365965016305959,0.006172,11,4,LYS,Q9Y5F9,-0.512,0.372,0.0093403197743459,Non-essential,75.1,29.2,26.8,0.2565231897091708,1162,0.2420754592015004,1180,0.2091533327514514,1957,0.1868,AML,3.404,0.301,0.1237401979915346,0.19579288025889963,1989,0
LRRC4C,1092,0.2035603542026542,0.2352941174493327,0.0647793768780642,0.3000296471983397,0.00506,17,5,LYS,Q9HCJ2,-1.831,0.273,0.0837054738329137,Non-essential,75.8,32.2,27.0,0.2563551971263674,1163,0.2445941659702706,1157,0.4051808040586073,1252,0.6416,Pheochromocytoma,3.387,0.966,0.3301115041474028,0.45347896440129454,1352,0
NIPAL4,1135,0.1986379866308364,0.2436974787868088,0.0713205756761031,0.2658760747109398,0.004484,12,15,LYS,Q0D2K0,-2.388,0.252,0.1248237895281804,Non-essential,79.3,28.5,14.4,0.2560932801721438,1164,0.2446593089559489,1153,0.6448334423438995,355,1.2337,Head&Neck,6.43,0.92,0.6605536856377688,0.8652912621359223,334,0
BMPR2,717,0.2385529241594161,0.2773109241367135,0.1487015657124782,0.2767269493032908,0.004667,21,14,LYS,Q13873,3.293,0.993,-0.0277048089311172,Non-essential,57.4,62.4,57.0,0.2560159522017919,1165,0.2484510304874158,1109,0.4319421853163254,1118,0.4867,Pancreatic,2.769,0.994,0.3473887428772881,0.49271844660194175,1255,0
ERMP1,1390,0.172569513594856,0.352941176173999,0.0978839158627234,0.0067595612214645,0.000114,36,11,CYS,Q7Z2K6,3.574,0.997,0.0312521856068334,Non-essential,88.9,8.8,7.3,0.2558902809319466,1166,0.2457844767250827,1143,0.454930856775856,1010,0.5196,Cholangiocarcinoma,2.94,1.0,0.4190033232954577,0.5756472491909386,1050,0
MFSD2A,1247,0.1870633958360521,0.2941176468116659,0.2204776213822552,0.0109101689890305,0.000184,24,19,LYS,Q8NA29,2.714,0.859,-0.0587466434193758,Non-essential,80.6,19.9,12.0,0.2558881239769045,1167,0.2519120050460173,1073,0.8129737282761914,60,0.9128,Pancreatic,5.292,0.96,0.87879884261839,0.9882686084142395,30,0
LRP4,1193,0.1939257540240877,0.2268907561118565,0.0625462596868575,0.2813519122442929,0.004745,71,4,LYS,O75096,1.585,0.781,-0.1707738319790508,Non-essential,77.1,24.6,13.6,0.2557863076219374,1168,0.2439136206062802,1162,0.4405890388665046,1080,0.6124,Testicular,3.41,1.0,0.5200013699101906,0.6298543689320388,916,0
TPO,1235,0.1883732105676601,0.2100840334369042,0.0466424165744108,0.3011562407352505,0.005079,46,5,LYS,P07202,-3.308,0.138,-0.0094176356777407,Non-essential,83.5,20.0,8.9,0.2554790760303318,1169,0.2428111968590523,1173,0.3952946724810914,1293,0.007,Prostate,0.222,0.173,0.3608683713911335,0.46440129449838186,1325,0
PTPRD,1331,0.1792894256994051,0.2184873947743803,0.0329084295429384,0.273406463089238,0.004611,89,2,LYS,P23468,0.178,0.526,0.0979510796825337,Non-essential,82.8,12.7,6.5,0.2553493113290772,1170,0.2419947328062241,1181,0.2736957732085698,1780,0.485,Sarcoma,3.298,0.806,0.1285640957327074,0.2269417475728155,1912,0
OR6Y1,1337,0.1781845191564831,0.2605042014617612,0.0259750118614581,0.2206344500444707,0.003721,16,7,LYS,Q8NGX8,-9.966,0.0,0.0065848867940053,Non-essential,86.2,12.6,7.4,0.2552288359880986,1171,0.2415275865811715,1188,0.0332751305150944,2419,0.0,AML,0.0,0.0,0.026114179775716,0.02265372168284785,2417,0
LRP6,1234,0.1883773215969403,0.2605042014617612,0.0638051557804839,0.2167803142603024,0.003656,54,8,LYS,O75581,2.444,0.978,-0.0012858942409414,Non-essential,79.2,21.1,17.0,0.255222838021813,1172,0.2434130958108371,1165,0.3930833644176359,1307,0.3177,Testicular,1.797,1.0,0.2177901213743945,0.37216828478964403,1553,0
CCR7,1200,0.193508467287603,0.2773109241367135,0.0589150719595128,0.2163652534835457,0.003649,14,16,LYS,P32248,0.215,0.541,-0.0559639782021958,Non-essential,78.4,25.7,13.8,0.2551789048086143,1173,0.24312465840659,1168,0.4539963010779165,1018,0.5088,Thymoma,2.907,0.975,0.6146523087301673,0.7050970873786409,730,0
TMEM145,1182,0.1947014551235411,0.2689075627992374,0.1432927407876008,0.1471686925585532,0.002482,15,17,LYS,Q8NBT3,-1.181,0.32,0.0956521825582562,Non-essential,78.5,26.6,17.6,0.2551330053162716,1174,0.2472976423556516,1123,0.6901123943221252,248,0.763,Pheochromocytoma,4.133,0.994,0.6340361717791018,0.8762135922330097,307,0
TMEM25,826,0.229430679753502,0.2773109241367135,0.0444725604934366,0.3505484731692854,0.005912,8,3,LYS,Q86YD3,3.747,0.963,0.0956824187780525,Non-essential,62.9,55.7,42.1,0.2551140818635302,1175,0.242337709888202,1179,0.3621622347740735,1449,0.3739,AML,2.127,0.994,0.2724195673149173,0.3774271844660194,1540,0
GPR179,445,0.2584541705297186,0.2605042014617612,0.0984026569666297,0.4157723095167506,0.007012,61,17,LYS,Q6PRD1,-5.574,0.02,-0.1765300715084484,Non-essential,42.8,79.7,74.4,0.2550202121324615,1176,0.2449403449807929,1150,0.2114369530424533,1950,0.0136,Pheochromocytoma,0.965,0.04,0.2173915197387552,0.23584142394822005,1890,0
SLC39A4,1186,0.194490636519697,0.4285714282112846,0.0343001739680531,0.0425733768158908,0.000718,28,4,CYS,Q6P5W5,5.563,0.991,-0.0029010893655657,Non-essential,74.9,29.2,19.6,0.2550183875699355,1177,0.2417333962683382,1185,0.8164838022446524,56,0.5391,Uterine,3.049,1.0,0.8494904381977614,0.982200647249191,45,0
CD48,1261,0.1861197686795315,0.4621848735611892,0.0024924877431598,0.0016602431070263,2.8e-05,7,3,SER,P09326,3.118,0.931,-0.0607121961877441,Non-essential,82.8,23.0,13.6,0.2548028884589627,1178,0.2399275128461207,1207,0.6845166690524933,254,0.8321,Thymoma,4.707,1.0,0.6614369149079978,0.8915857605177994,269,0
SLCO1B7,1078,0.2055073467630652,0.2605042014617612,0.1127819073224735,0.2249036466053957,0.003793,24,19,LYS,G3V0H7,-9.966,0.018,,No data,82.3,20.8,11.7,0.2547978589935837,1179,0.2604369543597074,969,0.3088417272620935,1665,0.5277,Esophageal,6.508,0.14,0.1094024079506958,0.24271844660194175,1873,0
CNTN3,1386,0.1730087800147781,0.1932773107619518,0.0075786810058516,0.3114141713608063,0.005252,33,3,LYS,Q9P232,-1.552,0.314,-0.0334707161947197,Non-essential,86.7,7.6,5.2,0.2547952718583476,1180,0.2401742059086401,1203,0.2225042908257144,1927,0.7452,Pheochromocytoma,4.757,0.858,0.1786598612597398,0.22491909385113273,1917,0
NRXN3,1158,0.1967257472620027,0.2352941174493327,0.0523738731614739,0.2896531277794248,0.004885,65,5,LYS,Q9Y4C0,-0.057,0.492,0.0514225398896215,Non-essential,75.4,28.1,24.5,0.2547596913424911,1181,0.2423783850005648,1178,0.437450909648353,1099,1.0111,Pheochromocytoma,5.507,0.972,0.1762554174541575,0.3948220064724919,1497,0
PTH2R,1060,0.2070061032222261,0.302521008149142,0.0283726079392693,0.258286391935962,0.004356,23,7,LYS,P49190,-3.047,0.259,-0.0657071703377343,Non-essential,71.6,37.8,24.5,0.2547471028210075,1182,0.241165733217971,1190,0.5474823409388422,637,1.5157,Ovarian,7.001,0.718,0.6671997394326142,0.8175566343042071,452,0
CACNG3,881,0.223347354013805,0.2605042014617612,0.0143476198007275,0.382804624962941,0.006456,11,4,LYS,O60359,-9.966,0.047,-0.0146477446437459,Non-essential,68.1,50.8,28.6,0.2546645317025335,1183,0.2403819126925699,1201,0.4245232502724635,1151,2.1772,Pheochromocytoma,6.913,0.545,0.1893063402055333,0.3903721682847896,1508,0
CACNG6,1138,0.1984710047283703,0.252100840124285,0.0083884232168274,0.3170471390453602,0.005347,8,3,LYS,Q9BXT2,-5.012,0.127,-0.0252976245627442,Non-essential,77.7,30.0,6.2,0.2545941846090466,1184,0.240013605769888,1205,0.4226891383973467,1160,0.9479,Pancreatic,7.788,0.322,0.6055184653652185,0.6694983818770226,818,0
GPR19,1099,0.2028064127614194,0.352941176173999,0.0081606832199905,0.1972724577527423,0.003327,27,5,LYS,Q15760,-0.619,0.383,0.0083678134006831,Non-essential,74.4,35.4,22.7,0.2544876969040828,1185,0.2398957310650823,1208,0.5387481048018937,668,1.0937,Pheochromocytoma,4.748,0.977,0.409741460108009,0.6496763754045307,867,0
IL10RA,805,0.231657519175931,0.2689075627992374,0.0014929622014866,0.4121553513193002,0.006951,3,1,LYS,Q13651,2.47,0.933,0.0082624563968548,Non-essential,62.0,58.1,53.6,0.2544297253599298,1186,0.2395043734700041,1215,0.4223771071544128,1162,0.5691,Sarcoma,3.366,0.956,0.5701470280942488,0.6504854368932038,865,0
ZFYVE27,979,0.2146409923801178,0.2184873947743803,0.0076103115609678,0.4165431366735843,0.007025,7,4,LYS,Q5T4F4,3.855,1.0,-0.1601663823160879,Non-essential,70.1,43.1,25.3,0.2544089502296711,1187,0.2397894658077195,1209,0.2502088959438254,1848,0.1807,Pancreatic,1.022,1.0,0.2184045393831444,0.25889967637540456,1833,0
OR10S1,1140,0.1981106019344805,0.2605042014617612,0.0708714217934524,0.2421583160391342,0.004084,17,11,LYS,Q8NGN2,-9.966,0.0,,No data,84.9,15.1,3.0,0.254333904969763,1188,0.2578774760594357,1004,0.0364358391948692,2397,0.0,AML,0.0,0.0,0.0311585191582558,0.04207119741100329,2369,0
ELFN1,807,0.231420901617897,0.2689075627992374,0.0755337656175865,0.3373258227097538,0.005689,26,11,LYS,P0C7U0,-0.375,0.406,-0.0439659282531197,Non-essential,61.8,58.0,43.4,0.2543325440615682,1189,0.2431092323424475,1170,0.4293634348644969,1131,0.9143,Uveal Melanoma,5.091,1.0,0.5049148737666365,0.6047734627831716,978,0
FCGR2B,1081,0.2053469396154176,0.2941176468116659,0.0022647477463229,0.2900681885561814,0.004892,3,2,LYS,P31994,2.48,0.86,-0.1834937045844191,Non-essential,78.4,36.8,21.3,0.2542244104597091,1190,0.2393376478470253,1218,0.4487119966806294,1052,0.7993,Glioblastoma,4.761,0.95,0.492847922793129,0.6148867313915858,953,0
APLP1,963,0.2158801002900164,0.252100840124285,0.0487490115451526,0.3347168692558553,0.005645,26,5,LYS,P51693,2.125,0.869,-0.1542108676992348,Non-essential,68.0,44.9,34.2,0.2542017642437517,1191,0.2416392148210093,1186,0.8225774209624873,49,1.569,Pheochromocytoma,8.875,1.0,0.8573286986567769,0.9878640776699029,31,0
SLC37A3,1303,0.181825010749512,0.2605042014617612,0.0267847540724339,0.2319596798102579,0.003912,14,3,LYS,Q8NCC5,4.237,0.999,-0.0271791244679053,Non-essential,84.4,16.8,10.1,0.2540625789822893,1192,0.240401816685911,1200,0.3272736008437192,1601,0.3656,Sarcoma,2.068,1.0,0.2927510731008766,0.36407766990291257,1573,0
PLXNA2,1340,0.1777646041334293,0.1848739494244757,0.0694417207021983,0.2766083605099317,0.004665,103,12,LYS,O75051,2.556,0.965,-0.0582998287090552,Non-essential,84.5,12.2,5.9,0.2540184026015989,1193,0.2424904886367089,1176,0.220950169335931,1930,0.487,Pheochromocytoma,2.771,0.994,0.1243562812127064,0.2002427184466019,1978,0
CACNG5,1055,0.2074422826267929,0.2605042014617612,0.0261394907480626,0.3179958493922324,0.005363,7,6,LYS,Q9UF02,-9.966,0.015,0.0344154832026648,Non-essential,73.1,38.2,22.2,0.2540103055466901,1194,0.2403172800840932,1202,0.1864845686173587,2013,0.233,Uveal Melanoma,6.508,0.051,0.0694603923653463,0.16828478964401294,2057,0
OR2A5,1428,0.1685232107571172,0.2605042014617612,0.0132785070377985,0.2011265935369107,0.003392,12,6,LYS,Q96R48,-9.966,0.0,-0.0380957737833271,Non-essential,88.4,5.8,1.3,0.2539777456552937,1195,0.2396416710071836,1212,0.0445197041761491,2306,0.0,AML,0.0,0.0,0.025455834623304,0.043689320388349495,2365,0
TM9SF2,1376,0.1743696606735719,0.3445378148365229,0.1165712478253993,0.0052772013044767,8.9e-05,36,9,TYR,Q99805,6.239,1.0,-0.1435458923232163,Non-essential,84.8,12.2,4.1,0.253850347475252,1196,0.2446789098665219,1152,0.5744803934138683,551,0.3356,Sarcoma,1.898,1.0,0.7324823321168302,0.8584142394822006,351,0
OR6B3,1268,0.1852653312862243,0.2605042014617612,0.0386082555748853,0.2316039134301808,0.003906,21,12,LYS,Q8NGW1,-9.966,0.001,-0.1253226300190154,Non-essential,82.3,19.9,6.6,0.2538295127628829,1197,0.2407599255416272,1194,0.1718813805641076,2037,0.0,AML,0.0,0.0,0.1075847022824717,0.18042071197411003,2027,0
SLC1A5,1238,0.1882703401661433,0.3613445375114751,0.040942590542464,0.1048324933293803,0.001768,24,11,LYS,Q15758,6.139,0.999,-0.2335650604522561,Non-essential,78.3,24.2,17.6,0.2537143590969773,1198,0.2407614886241005,1193,0.8025399073090992,72,0.7955,Cholangiocarcinoma,4.5,1.0,0.9261032677760248,0.9902912621359223,25,0
OPRD1,1257,0.1865153337352608,0.2689075627992374,0.038804365016606,0.2243699970352801,0.003784,15,9,LYS,P41143,-4.608,0.048,0.0778346979010617,Non-essential,80.0,21.2,18.3,0.2537112374927046,1199,0.2406514557435349,1195,0.3941741543993647,1301,1.224,Pheochromocytoma,5.111,0.415,0.5748722771086923,0.6193365695792881,942,0
OR6B2,1342,0.1774307996943751,0.2605042014617612,0.0446307132690178,0.1994663504298843,0.003364,16,10,LYS,Q6IFH4,-9.966,0.0,-0.035209669757488,Non-essential,85.0,13.5,3.8,0.2537007364363419,1200,0.2409322720997928,1191,0.1134740083241439,2126,0.0,AML,0.0,0.0,0.0276133285317317,0.09789644012944987,2231,0
TRAT1,702,0.2396780041065266,0.302521008149142,0.0025620749644156,0.3930032611918173,0.006628,1,1,LYS,Q6PIZ9,-1.552,0.247,0.1365493137254007,Non-essential,63.8,66.1,25.8,0.2536736868912579,1201,0.2388017906394787,1227,0.4231737604513227,1155,1.3801,AML,7.319,0.884,0.3214771359949585,0.4741100323624595,1301,0
CDH18,1216,0.1914255569778264,0.2268907561118565,0.0208888185987664,0.3146753631781796,0.005307,26,7,LYS,Q13634,-6.506,0.133,-0.0002468097718602,Non-essential,77.6,24.7,18.1,0.2536028100833862,1202,0.2396472510133246,1211,0.6352446957361377,385,3.566,Pheochromocytoma,8.99,0.972,0.4486778074963278,0.7338187702265373,659,0
OSTM1,1033,0.210004890566448,0.252100840124285,0.0292835679266171,0.3345982804624962,0.005643,14,11,LYS,Q86WC4,3.687,1.0,0.0449851706210584,Non-essential,73.9,40.7,21.3,0.2535057561407781,1203,0.2399699345371089,1206,0.3233984322269281,1618,0.3014,Melanoma,1.709,0.998,0.2925027199158158,0.3596278317152104,1584,0
ATRAID,1325,0.180210008754781,0.3193277308240944,0.000841372766092,0.1740883486510524,0.002936,2,1,LYS,Q6UW56,7.192,1.0,0.0196393815039936,Non-essential,87.0,17.0,2.6,0.2534971361427191,1204,0.2385392047810237,1232,0.545908545883682,642,0.4503,Glioblastoma,2.547,1.0,0.4971757860077233,0.709546925566343,719,0
ANTXRL,897,0.2220608022388133,0.2436974787868088,0.0438526016131583,0.3714201008004743,0.006264,15,4,LYS,A6NF34,-9.966,0.02,-0.2091964509401215,Non-essential,63.1,50.7,43.4,0.2534122931787912,1205,0.2406049232594491,1197,0.3018281380186094,1683,0.2213,Ovarian,2.956,0.27,0.2560941301058779,0.3183656957928802,1686,0
CDH17,1402,0.1710814173309825,0.2689075627992374,0.02334967578681,0.1883782982508152,0.003177,21,8,LYS,Q12864,-3.626,0.167,-0.0050938912572848,Non-essential,86.7,8.7,6.1,0.2533496404891394,1206,0.2395171242784798,1214,0.6150057913811452,439,2.1214,Stomach,8.556,0.859,0.6526623178636792,0.8474919093851132,378,0
LY9,956,0.2164201358392702,0.3277310921615705,0.0142210975802625,0.2702045656685443,0.004557,20,8,LYS,Q9HBG7,-0.357,0.436,-0.035440621622596,Non-essential,66.1,47.5,35.1,0.2533122980687514,1207,0.2390233529477645,1224,0.4890660741930365,875,1.2084,AML,6.353,0.988,0.3813986308887899,0.5784789644012944,1043,0
ASTN2,844,0.2267991507293731,0.2773109241367135,0.0256207496441562,0.3606285206048027,0.006082,58,5,LYS,O75129,1.705,0.884,0.0603961209971662,Non-essential,64.2,55.4,38.2,0.2532211410100894,1208,0.2395021784922972,1216,0.3746019360349967,1394,0.6305,Pheochromocytoma,3.567,1.0,0.1471033210545808,0.3143203883495146,1696,0
CLDN16,1212,0.191590461125421,0.3445378148365229,0.0154799936738889,0.163771123628817,0.002762,10,4,LYS,Q9Y5I7,-2.178,0.248,0.0453996609795252,Non-essential,77.0,27.2,17.9,0.2532010145184595,1209,0.2389750142021539,1225,0.6348163838737292,389,1.5483,Thyroid,6.667,0.899,0.5482785301117642,0.8005663430420712,494,0
ABCG2,1338,0.1780740032824891,0.252100840124285,0.0489071643207338,0.2085383931218499,0.003517,34,8,LYS,Q9UNQ0,0.3,0.566,0.0752854421955809,Non-essential,85.2,14.4,9.6,0.2531966834041457,1210,0.2406420416201823,1196,0.2574060160844151,1827,0.4759,Sarcoma,3.732,0.698,0.3544116935204996,0.357200647249191,1590,0
DPP6,1333,0.1791602000200105,0.201680672099428,0.0281448679424323,0.3001482359916987,0.005062,41,10,LYS,P42658,-3.626,0.202,0.0901963772500864,Non-essential,86.7,14.5,11.8,0.2531615112183326,1211,0.2395687546154541,1213,0.495312149126046,840,1.5748,Pheochromocytoma,8.076,0.994,0.4992567979684083,0.669093851132686,819,0
DSCAML1,1124,0.1996847778637079,0.2268907561118565,0.0315799462280563,0.3315149718351615,0.005591,71,11,LYS,Q8TD84,-2.826,0.227,0.0019954926453853,Non-essential,69.4,32.1,24.3,0.2530854941549542,1212,0.239664491466357,1210,0.2944413790135896,1718,0.5861,Pheochromocytoma,4.221,0.722,0.2184533949590034,0.28317152103559873,1773,0
HLA-DPA1,1431,0.1682757466134147,0.4117647055363322,0.0088755337656175,0.0030240142306552,5.1e-05,8,1,SER,P20036,7.189,1.0,0.0744793510096889,Non-essential,90.1,9.2,1.9,0.2528925339367844,1213,0.2383363106250653,1236,0.7299397523582573,174,0.8888,AML,5.028,1.0,0.749582482145467,0.9425566343042071,143,0
CTNS,1399,0.1714965761050904,0.252100840124285,0.0595350308397912,0.1759857693447969,0.002968,13,8,LYS,O60931,2.996,0.999,0.0192812256799137,Non-essential,89.4,9.3,5.7,0.2528154940896467,1214,0.2407922456316363,1192,0.248905597095667,1853,0.3219,Glioblastoma,1.821,1.0,0.2030961629068352,0.25,1855,0
HLA-DQB1,1343,0.1772558162665285,0.4369747895487607,0.0067373082397596,0.0014823599169878,2.5e-05,6,1,SER,P01920,5.769,0.988,0.2461916692739129,Non-essential,86.9,17.2,3.4,0.2527960933812531,1215,0.238132958793241,1241,0.666762187813697,303,0.8462,Pancreatic,4.738,0.994,0.6782286545772068,0.8903721682847896,272,0
GPRC5C,1037,0.2094080482860976,0.3445378148365229,0.0169413253202593,0.221701749184702,0.003739,15,5,LYS,Q9NQ84,5.506,0.992,0.0596860231742932,Non-essential,70.8,42.6,34.2,0.2526490038190233,1216,0.2384960700850363,1233,0.6963374829225643,234,0.5343,Testicular,3.023,1.0,0.6522981304685412,0.8911812297734628,270,0
TMPRSS11B,1438,0.1676735785568525,0.2184873947743803,0.0244883757709947,0.2431070263860065,0.0041,19,7,LYS,Q86T26,-9.966,0.045,0.0442612126705895,Non-essential,91.5,5.8,3.1,0.2525694387102834,1217,0.2387938574988331,1229,0.2987252463615434,1696,0.2926,Head&Neck,2.608,0.355,0.3854094734688233,0.40695792880258896,1467,0
HRH4,1202,0.1931026941550378,0.2605042014617612,0.0323580578839158,0.2639786540171954,0.004452,18,11,LYS,Q9H3N8,-5.574,0.0,0.0311089213885006,Non-essential,76.3,27.7,19.5,0.2525606484868942,1218,0.23917855138109,1222,0.2298832201085791,1909,0.6297,AML,4.164,0.214,0.1849948505522047,0.23017799352750812,1904,0
GJB7,1306,0.1813339306244453,0.2857142854741897,0.0292456112604776,0.1942484435220871,0.003276,14,6,LYS,Q6PEY0,-5.012,0.16,0.0289396463336005,Non-essential,83.3,18.4,4.9,0.2524735136116076,1219,0.2389357941746314,1226,0.3920827343181055,1314,1.1193,Esophageal,5.546,0.494,0.5508476024187176,0.5942556634304207,1004,0
HEPHL1,1409,0.170330768695097,0.2773109241367135,0.0844725604934366,0.1135487696412688,0.001915,46,5,LYS,Q6MZM0,-5.012,0.102,0.0527575389069415,Non-essential,89.5,9.2,6.1,0.252364155981526,1220,0.2415877840061979,1187,0.5397334771912842,661,4.2007,Head&Neck,8.951,0.813,0.2898430566096841,0.5590614886731391,1091,0
FAM171B,718,0.2385057890534913,0.2689075627992374,0.0670124940692709,0.3694633857100504,0.006231,18,11,LYS,Q6P995,0.368,0.58,-0.1020535940767628,Non-essential,56.9,66.0,56.1,0.2522366169245634,1221,0.2405872416280269,1198,0.3750633472954438,1390,0.5151,Sarcoma,3.566,0.778,0.432759856384532,0.4947411003236246,1250,0
GGT1,1500,0.1607525670128008,0.3865546215239037,0.0168780642100268,0.0035576638007708,6e-05,25,6,SER,P19440,3.997,0.977,-0.2161582286846297,Non-essential,94.8,3.2,0.7,0.2522030495360657,1222,0.238046952746567,1242,0.6569054956629956,328,0.4836,Uterine,2.735,1.0,0.6759051080121192,0.8838996763754046,288,0
CLEC4M,836,0.2279083764871234,0.252100840124285,0.0131836153724497,0.4103765194189149,0.006921,21,7,LYS,Q9H2X3,-6.506,0.02,0.109000743127588,Non-essential,70.4,57.4,16.8,0.2517253277413409,1223,0.2373845085099633,1247,0.2092162172867081,1956,0.0815,DLBCL,1.648,0.191,0.10897059018105,0.191747572815534,1999,0
OPN3,1236,0.1883685815927812,0.3781512601864275,0.0361157678317254,0.0875778238956418,0.001477,11,10,LYS,Q9H1Y3,3.454,0.99,0.0022395744860967,Non-essential,79.8,26.6,24.9,0.2516763389970914,1224,0.2384821273886777,1234,0.5509459539874443,625,0.5667,Pancreatic,3.206,1.0,0.4961182608230745,0.7135922330097088,709,0
CEACAM1,1295,0.182567738181497,0.3949579828613799,0.0021382255258579,0.0798102579306255,0.001346,10,2,CYS,P13688,2.795,0.824,0.0788112958456167,Non-essential,81.5,22.1,17.5,0.2516224148656038,1225,0.2367293261418967,1256,0.7337305413649216,165,0.8532,Pancreatic,4.882,0.989,0.7363149801124442,0.9372977346278317,156,0
TAS2R16,1345,0.176818654208263,0.2605042014617612,0.0229637830143919,0.2190927957308034,0.003695,19,4,LYS,Q9NYV7,-9.966,0.0,0.0749769619545164,Non-essential,82.5,15.1,0.3,0.2515906151979152,1226,0.2377388043486348,1245,0.0734879471786866,2197,0.0,AML,0.0,0.0,0.0340315021534823,0.1035598705501618,2217,0
IZUMO1,1219,0.1907414959570804,0.252100840124285,0.0027834888502293,0.2968870441743255,0.005007,16,2,LYS,Q8IYV9,-3.458,0.029,-0.091177838939164,Non-essential,81.1,26.6,18.3,0.2515529272996384,1227,0.2366921017421499,1257,0.3164424664279922,1640,0.0176,Cholangiocarcinoma,1.054,0.083,0.2349781552548017,0.3098705501618123,1707,0
CLDN20,1281,0.1842580521793031,0.2605042014617612,0.0024608571880436,0.2643937147939519,0.004459,5,6,LYS,P56880,-3.816,0.028,0.0700990088425272,Non-essential,82.2,21.5,12.8,0.2513901135071153,1228,0.2365131563665174,1258,0.3365361796090809,1566,0.969,AML,5.221,0.89,0.2676288264595358,0.35396440129449835,1598,0
ADRA2C,1061,0.2068994391490234,0.201680672099428,0.0483884232168274,0.3723688111473465,0.00628,16,3,LYS,P18825,0.374,0.566,0.0185321526112882,Non-essential,72.8,39.4,24.9,0.2513775438258432,1229,0.2387969649866846,1228,0.5141602434691505,769,0.9851,Cholangiocarcinoma,5.807,0.944,0.6122460170930542,0.7580906148867314,599,0
PCDHA11,1157,0.1967369713648486,0.3193277308240944,0.0110453898465918,0.2189742069374444,0.003693,16,3,LYS,Q9Y5I1,-2.297,0.265,-0.0328411453212632,Non-essential,73.5,33.0,29.4,0.251269604984442,1230,0.2368218744767716,1254,0.3177983248292887,1634,0.5577,Pheochromocytoma,3.726,0.54,0.3763546192205371,0.4118122977346278,1455,0
OR6A2,1364,0.175162101176374,0.2605042014617612,0.0431757077336707,0.1933590275718944,0.003261,13,12,LYS,O95222,-9.966,0.0,-0.0417070423596597,Non-essential,83.9,14.1,7.6,0.2512101543380077,1231,0.2383689397246912,1235,0.0657670412503782,2216,0.0,Adrenocortical,0.0,0.0,0.0324183877624816,0.09466019417475724,2239,0
SLC52A1,1359,0.1756306979007929,0.352941176173999,0.078677842796141,0.0361695819745034,0.00061,14,5,CYS,Q9NWF4,-1.51,0.3,-0.0794764449060678,Non-essential,83.8,16.1,12.1,0.2511412678535607,1232,0.2400751599933678,1204,0.6525700310179441,337,1.1414,Thymoma,5.387,0.847,0.6581520232039436,0.8677184466019418,328,0
OR1M1,1453,0.1661534656972346,0.2605042014617612,0.0407781116558595,0.165727838719241,0.002795,13,6,LYS,Q8NGA1,-9.966,0.0,-0.0284223387640728,Non-essential,89.2,6.7,2.2,0.2511029581053915,1233,0.2381418636881845,1240,0.053385699374478,2265,0.0106,Ovarian,4.392,0.002,0.025748183744589,0.054611650485436924,2338,0
OR4K1,1568,0.1545053452606842,0.2605042014617612,0.061186145816859,0.1064927364364067,0.001796,21,10,LYS,Q8NGD4,-9.966,0.0,-0.3664421496875049,Context-dependent,83.9,17.0,1.3,0.2510961910749328,1234,0.2191554983657758,1449,0.0755644177439824,2192,0.0,AML,0.0,0.0,0.0817467293575368,0.1464401294498382,2111,0
LILRB2,1201,0.193166075620443,0.3193277308240944,0.0154483631187727,0.2026682478505781,0.003418,23,3,LYS,Q8N423,1.534,0.829,-0.0840165116856904,Non-essential,75.9,30.3,25.6,0.2509938585307707,1235,0.2367662766867093,1255,0.5912063789583735,505,0.6873,Testicular,3.853,0.993,0.7996203590661798,0.8944174757281553,262,0
LYPD6B,1209,0.1922096386526094,0.4789915962361415,0.0020433338605092,0.0,0.0,5,0,,Q8NI32,1.727,0.632,-0.0816697064792371,Non-essential,80.1,32.2,7.7,0.2509578921477768,1236,0.2360600588408022,1263,0.7300638260198222,173,1.3764,Cholangiocarcinoma,6.789,0.972,0.6175639947697785,0.8814724919093851,294,0
OR6T1,1204,0.1927954735969962,0.2605042014617612,0.0675628657282935,0.2277497776460124,0.003841,11,14,LYS,Q8NGN1,-9.966,0.001,0.0439426580767309,Non-essential,76.4,29.1,8.4,0.2509046313551929,1237,0.2392827746416075,1219,0.1465298285113536,2078,0.0,AML,0.0,0.006,0.0862655478289054,0.16464401294498376,2066,0
HLA-DRB5,1352,0.1763929480391116,0.4369747895487607,0.002853076071485,0.0024903646605395,4.2e-05,4,1,SER,Q30154,5.092,0.985,0.1537604194488354,Non-essential,86.8,18.4,4.9,0.2508770365250723,1238,0.2360196903286466,1265,0.6256190312341801,415,1.0384,Pancreatic,5.782,1.0,0.539648959320897,0.7884304207119741,524,0
GPR83,1164,0.1959238693637076,0.252100840124285,0.0943539459117507,0.2225911651348947,0.003754,19,12,LYS,Q9NYM4,-4.293,0.065,0.0982175270231465,Non-essential,76.0,31.7,25.1,0.2507715718051611,1239,0.2404892691007486,1199,0.5580079730592632,601,1.2846,Pheochromocytoma,4.987,0.773,0.8316773836473235,0.8786407766990292,301,0
LILRA2,1394,0.1722222440072987,0.2773109241367135,0.0115008698402656,0.1928253780017788,0.003252,12,3,LYS,Q8N149,0.346,0.58,0.1727999784256806,Non-essential,86.1,12.4,9.9,0.2507403854083608,1240,0.2363154289003741,1260,0.3809367656123743,1369,0.6414,Glioblastoma,3.698,0.981,0.4857306360517739,0.5432847896440129,1130,0
LGR5,1270,0.1851216854786105,0.2352941174493327,0.0391902577890242,0.2641565372072338,0.004455,37,6,LYS,O75473,-1.884,0.326,-0.0315597254805978,Non-essential,80.2,22.5,17.4,0.2506896398563309,1241,0.2376491527457822,1246,0.5152806868816915,765,1.1836,Uterine,6.888,0.842,0.4281443933972188,0.63915857605178,893,0
QRFPR,1256,0.1865275713270443,0.2773109241367135,0.0690874584848964,0.1829232137563,0.003085,18,8,LYS,Q96P65,-4.035,0.155,-0.0193902667175017,Non-essential,78.8,24.4,18.3,0.2506614915081488,1242,0.2391158644323936,1223,0.527606976990127,715,1.1848,Kidney Clear Cell,3.734,0.897,0.7035737931755239,0.8155339805825242,457,0
GRPR,1244,0.1872387304846738,0.2773109241367135,0.1142685434129369,0.140112659353691,0.002363,17,19,LYS,P30550,-3.626,0.118,0.0305993058773919,Non-essential,78.5,25.0,20.8,0.2506541241395067,1243,0.2413675513101535,1189,0.430549636194118,1124,0.4458,Breast,2.356,0.535,0.6370352093801916,0.6966019417475728,751,1
OR51G1,1233,0.1885468578088855,0.2605042014617612,0.0449217143760873,0.2362288763711829,0.003984,19,7,LYS,Q8NGK1,-9.966,0.0,,No data,87.7,10.9,2.8,0.250564118198434,1244,0.2528102039172383,1067,0.0425921180485002,2332,0.0,AML,0.0,0.0,0.0238601509844216,0.03033980582524276,2398,0
ERVV-2,418,0.2606067489943369,0.2605042014617612,0.0613442985924403,0.4600059294396679,0.007758,25,5,LYS,B6SEH9,-9.966,0.029,-0.0099840911440818,Non-essential,46.1,86.0,60.0,0.2505140275196434,1245,0.2385812424492654,1231,0.216681693695283,1939,1.0553,Kidney Papillary,5.931,0.178,0.1026056475048725,0.1925566343042071,1997,0
GPR171,1459,0.1655607376908276,0.3109243694866181,0.0382223628024671,0.0990809368514675,0.001671,18,13,LYS,O14626,-0.302,0.453,-0.0417432172881351,Non-essential,87.7,7.8,1.3,0.2503493542338,1246,0.2372604723739233,1248,0.4019649060860326,1262,1.0003,AML,6.229,0.85,0.5216989418432332,0.5881877022653721,1019,0
DSCAM,1178,0.1951028517920469,0.2605042014617612,0.0256840107543887,0.2773198932700859,0.004677,65,3,LYS,O60469,-6.506,0.083,0.0276313289826745,Non-essential,69.6,31.7,22.4,0.2502274465177351,1247,0.2365116470554545,1259,0.3920452732793516,1315,0.9746,Low Grade Glioma,2.205,0.988,0.1743643865470428,0.35072815533980584,1606,0
PCDHGB7,1195,0.1939210834332927,0.1932773107619518,0.0093942748695239,0.3793062555588496,0.006397,13,4,LYS,Q9Y5F8,0.476,0.592,0.081893147046225,Non-essential,75.1,29.6,26.4,0.2502221913737765,1248,0.2356919051172527,1269,0.2530535690517857,1837,0.3826,Kidney Clear Cell,2.351,0.892,0.1326148186608677,0.21966019417475724,1930,0
BTN3A1,1473,0.1638105688141617,0.2941176468116659,0.0032705993990194,0.150607767565965,0.00254,20,1,LYS,O00481,3.808,0.998,0.0635384984729063,Non-essential,89.6,6.2,0.2,0.2502107681253291,1249,0.2353742980952801,1273,0.3576969547925085,1467,0.4742,Sarcoma,2.682,1.0,0.3348375177209876,0.4194983818770227,1436,0
ACE2,1451,0.1662090079852741,0.2689075627992374,0.0804554799936738,0.1150311295582567,0.00194,26,10,LYS,Q9BYF1,-0.969,0.386,0.217765996171996,Non-essential,90.7,7.8,4.8,0.2501892993677157,1250,0.2392120733673994,1221,0.424238359499926,1152,0.5047,Kidney Papillary,2.908,0.918,0.3825977974847736,0.51415857605178,1202,0
OR4K13,1388,0.1728440589923915,0.2605042014617612,0.0415562233117191,0.1872517047139045,0.003158,10,13,LYS,Q8NH42,-9.966,0.0,-0.1220874275821768,Non-essential,84.2,13.2,2.6,0.2501784525180223,1251,0.2372562636836082,1249,0.0358711845160936,2405,0.0,AML,0.0,0.0,0.0278865575881686,0.029530744336569548,2400,0
OMG,991,0.2140443968322696,0.2268907561118565,0.0415562233117191,0.3694040913133709,0.00623,13,5,LYS,P23515,-2.114,0.206,-0.032961205528588,Non-essential,67.0,47.0,38.0,0.2501518432954223,1252,0.2372296544610082,1250,0.3979424755763354,1281,0.7294,AML,4.061,1.0,0.3875075318433983,0.4898867313915858,1262,0
CHRNB2,1273,0.1849654239686165,0.2689075627992374,0.0176878064210026,0.2403201897420693,0.004053,23,3,LYS,P17787,-4.035,0.119,-0.0342322082991363,Non-essential,80.3,23.5,14.5,0.2501196460205011,1253,0.2360040363415512,1266,0.6482689546316395,346,3.1637,Pheochromocytoma,7.794,0.994,0.5910248822252636,0.8349514563106796,409,0
SDK1,1220,0.1904911317647313,0.2773109241367135,0.0885845326585481,0.1766380077082715,0.002979,83,11,LYS,Q7Z5N4,1.379,0.768,0.0762997305921013,Non-essential,72.2,28.3,15.8,0.2500644585395546,1254,0.239493685172482,1217,0.4916469291149637,865,0.6,Sarcoma,3.714,0.885,0.2697189545575701,0.49190938511326865,1257,0
SIRPG,1350,0.1765093527956232,0.4369747895487607,0.0057314565870631,0.0,0.0,9,0,,Q9P1W8,0.19,0.537,0.0408449263504158,Non-essential,85.5,19.4,11.9,0.2499740404888319,1255,0.2352606133181851,1275,0.4876368407251351,882,1.1094,Thymoma,5.577,0.975,0.4145695518481478,0.5983009708737864,994,0
SLC7A3,1370,0.1748613986899925,0.2436974787868088,0.0239063735568559,0.2340349836940408,0.003947,28,3,LYS,Q8WY07,-5.574,0.128,-0.0031605833115027,Non-essential,83.7,14.9,6.6,0.2498794568881072,1256,0.23607477556595,1261,0.3610050474996662,1457,1.3276,Thymoma,6.816,0.729,0.3759985988745311,0.4433656957928802,1377,0
RHAG,1501,0.160556987792754,0.252100840124285,0.0084833148821761,0.1905721909279572,0.003214,18,5,LYS,Q02094,-9.966,0.005,0.0199787406897286,Non-essential,95.6,3.2,1.7,0.249799170496033,1257,0.2352233362401418,1277,0.3001163695460393,1689,-0.0,Bladder,-8.185,0.0,0.2052296950718242,0.2827669902912622,1774,0
PLD5,1286,0.1838594374191106,0.2268907561118565,0.0476103115609679,0.2627334716869255,0.004431,15,10,LYS,Q8N7P1,-4.293,0.118,0.0604252049675949,Non-essential,83.1,22.2,13.8,0.2497977104511231,1258,0.2371782260291715,1251,0.2011693630207833,1976,0.0891,Lung Adeno,1.066,0.409,0.437276707243609,0.3802588996763754,1533,0
DSG4,992,0.2140041276531085,0.2605042014617612,0.0456998260319468,0.3203083308627334,0.005402,23,12,LYS,Q86SJ6,-9.966,0.012,-0.0164896522907858,Non-essential,65.0,47.9,38.4,0.2497785097352864,1259,0.2370635010368838,1252,0.1538192226438787,2068,0.1788,Head&Neck,5.672,0.055,0.0714852688013432,0.15978964401294493,2078,0
CD200,1356,0.1758601296681615,0.2605042014617612,0.0034034477305076,0.2354580492143492,0.003971,6,2,LYS,P41217,2.787,0.94,0.0788575073635908,Non-essential,86.6,16.2,3.6,0.2496918447478306,1260,0.234862017134356,1282,0.3430519629050026,1536,1.049,AML,7.217,0.809,0.2337871397766145,0.33535598705501624,1644,0
ALPP,1461,0.1652940705802664,0.403361344198856,0.0080657915546417,0.0050993181144381,8.6e-05,17,3,SER,P05187,-6.506,0.121,0.137728028799116,Non-essential,93.4,9.9,6.7,0.2495677478868695,1261,0.2349710374646016,1280,0.7150992690652399,197,2.2519,Uterine,10.277,0.537,0.5371447699287639,0.8321197411003236,416,0
TAAR9,1484,0.1628703395481009,0.2605042014617612,0.0935758342558912,0.1019863622887637,0.00172,11,19,LYS,Q96RI9,-9.966,0.0,0.0700831270862996,Non-essential,90.4,5.5,3.7,0.2495670196477801,1262,0.2392458113605746,1220,0.0641934880880946,2227,0.0,AML,0.0,0.0,0.0448070004231519,0.11610032362459544,2186,0
OR2M7,1415,0.1696944501708332,0.2605042014617612,0.0723264273287996,0.1459828046249629,0.002462,13,13,LYS,Q8NG81,-9.966,0.0,-0.1563897265829455,Non-essential,85.3,11.2,3.5,0.249553778500057,1263,0.238170099866497,1239,0.0491063685728199,2281,0.0,AML,0.0,0.0,0.0799902399376071,0.13066343042071193,2150,0
CHRNA10,1322,0.1804035044860772,0.252100840124285,0.0225778902419737,0.2426326712125704,0.004092,18,2,LYS,Q9GZZ6,-1.248,0.099,-0.0373427552744666,Non-essential,82.2,20.2,10.9,0.2493379344071358,1264,0.2354668289192344,1271,0.3031019902949206,1680,0.1942,AML,1.387,0.792,0.4050793303233554,0.4219255663430421,1430,0
CLDN10,1264,0.1858310157195517,0.3193277308240944,0.0029163371817175,0.1907500741179958,0.003217,9,3,LYS,P78369,-0.02,0.5,0.026656430134445,Non-essential,80.1,25.9,15.8,0.2492813086133613,1265,0.2344271254724472,1293,0.7832802342447757,89,1.28,Cholangiocarcinoma,6.911,0.944,0.7583437798542276,0.9591423948220065,102,0
SGCE,1111,0.2009759351099384,0.201680672099428,0.0084833148821761,0.3925289060183812,0.00662,15,4,LYS,O43556,4.021,0.97,-0.2480950590581837,Non-essential,74.2,36.6,21.7,0.2492412904599391,1266,0.2346654562040479,1286,0.4518959084803328,1032,0.6805,Sarcoma,3.896,0.988,0.7215816744101325,0.761326860841424,591,0
SLC5A9,1357,0.1758441345321637,0.2268907561118565,0.0384437766882808,0.2451823302697894,0.004135,29,14,LYS,Q2M3M2,-2.826,0.179,-0.0821687210588732,Non-essential,82.9,16.2,11.0,0.2491182913786673,1267,0.2360404802130813,1264,0.3297858764989936,1591,0.1754,Cholangiocarcinoma,1.097,0.861,0.3646166630692162,0.4110032362459547,1457,0
CACNG4,955,0.2166514880602936,0.4957983189110939,0.0144425114660762,0.0466646901867773,0.000787,11,5,TYR,Q9UBN1,0.614,0.55,-0.0102724696128372,Non-essential,66.2,54.7,33.6,0.2491062120320962,1268,0.2348283376054,1283,0.7454750626273792,141,1.9166,Pheochromocytoma,8.621,0.943,0.5426383807334417,0.8446601941747574,385,0
MANSC1,747,0.2362839800410582,0.2941176468116659,0.0142527281353787,0.3812036762525941,0.006429,7,3,LYS,Q9H8J5,4.19,0.988,-0.0304708321353979,Non-essential,56.6,67.7,59.4,0.2491052774810762,1269,0.2348179138878452,1284,0.4067232789824279,1241,0.5328,Cholangiocarcinoma,3.014,1.0,0.3876737540301163,0.5,1237,0
OR10A6,1312,0.1810106225135653,0.2605042014617612,0.0461869365807369,0.2098428698487992,0.003539,15,8,LYS,Q8NH74,-9.966,0.0,,No data,86.5,6.1,1.9,0.2490839221190004,1270,0.2513932689480372,1081,0.0577341086889267,2251,0.0,AML,0.0,0.0,0.027819717466423,0.06796116504854366,2305,0
ADAM11,1292,0.1830704618904874,0.2352941174493327,0.0774758817017238,0.2190335013341239,0.003694,40,14,LYS,O75078,-2.114,0.148,-0.2849294045800015,Non-essential,79.8,22.4,14.4,0.2490802868662283,1271,0.2379540809513145,1243,0.4283008127305684,1135,0.2203,AML,3.11,0.382,0.577277178996345,0.6622168284789645,836,0
TNFSF15,1262,0.186068690912675,0.4621848735611892,0.0011956349833939,0.0027868366439371,4.7e-05,6,3,SER,O95150,-0.347,0.439,0.0410882425233794,Non-essential,81.1,28.7,16.3,0.2490603236532489,1272,0.2341201054024186,1295,0.5958703095265957,489,1.1202,Cholangiocarcinoma,6.204,0.722,0.4057088395839219,0.6840614886731391,782,0
PTPRU,1360,0.1756057967946782,0.2689075627992374,0.0848584532658548,0.1419507856507559,0.002394,62,9,LYS,Q92729,3.373,0.959,-0.1948012375874931,Non-essential,81.5,16.8,12.0,0.2490199567088857,1273,0.2382628793721785,1238,0.6211959055095432,428,0.3538,Pheochromocytoma,2.004,0.983,0.7683940758155138,0.9004854368932039,247,0
GRIA1,1332,0.1792082211651045,0.2184873947743803,0.038804365016606,0.2672398458345686,0.004507,42,7,LYS,P42261,-5.012,0.11,-0.0812535730889315,Non-essential,81.0,19.0,11.9,0.2489816408838268,1274,0.235921859134657,1267,0.3873843808802232,1339,0.2343,Low Grade Glioma,1.006,0.988,0.2357548681451196,0.3758090614886731,1544,0
FCRL3,1249,0.1869148027463578,0.2941176468116659,0.0259117507512256,0.2049807293210791,0.003457,21,6,LYS,Q96P31,-2.388,0.168,-0.0701218852107382,Non-essential,77.2,26.7,22.8,0.2489642964021592,1275,0.2352598839397205,1276,0.6134538736164847,445,1.3819,AML,5.904,0.844,0.5149026147162018,0.7661812297734628,579,0
SLC1A2,1231,0.1886752603283043,0.2436974787868088,0.026430491855132,0.277557070856804,0.004681,34,3,LYS,P43004,-2.727,0.195,-0.0522057478221583,Non-essential,77.8,27.4,16.4,0.248891008253367,1276,0.2352125328461236,1278,0.4296029236140017,1130,0.1222,Breast,1.23,0.506,0.5230381287272968,0.6209546925566343,938,0
NPR3,1324,0.1802801487004686,0.2184873947743803,0.0152206231219357,0.2943966795137859,0.004965,27,3,LYS,P17342,0.3,0.546,0.1111419590290911,Non-essential,84.1,20.0,11.5,0.2488749138299635,1277,0.2346359449860603,1289,0.3042362466055651,1675,1.1889,AML,8.534,0.763,0.2816011063180786,0.33940129449838186,1634,0
P2RX1,1444,0.1668691463524967,0.1932773107619518,0.0176498497548632,0.2808775570708567,0.004737,11,4,LYS,P51575,-1.086,0.293,-0.0351473609426333,Non-essential,87.8,8.5,0.3,0.2487789104731131,1278,0.2346614029608562,1287,0.3693494890987484,1413,0.4026,AML,2.277,1.0,0.5156118190451228,0.5542071197411003,1103,0
CNTN1,1449,0.1664228913574055,0.2100840334369042,0.0028847066266012,0.2717462199822116,0.004583,32,2,LYS,Q12860,0.139,0.515,-0.1417433081649592,Non-essential,87.2,8.5,5.0,0.2486871433551197,1279,0.2338313786864497,1298,0.3625606957701124,1447,1.0721,Pheochromocytoma,5.706,0.994,0.4090025623030265,0.470873786407767,1309,0
SLC6A8,1365,0.1751559541770029,0.2605042014617612,0.0943855764668669,0.1421286688407945,0.002397,23,11,LYS,P48029,5.159,0.986,-0.2384006605686964,Non-essential,84.6,16.7,11.8,0.2486050318385317,1280,0.2383243106618751,1237,0.581946323401963,534,0.7558,Cholangiocarcinoma,4.276,1.0,0.7530870453948708,0.872168284789644,317,0
RNF130,1192,0.1941144591640093,0.2689075627992374,0.023577415783647,0.2649273643640675,0.004468,18,5,LYS,Q86XS8,5.697,1.0,0.0556072871009661,Non-essential,74.0,32.7,23.4,0.2485438420166617,1281,0.234722712805844,1285,0.6389241262078006,371,0.4388,AML,2.482,1.0,0.7214808245975031,0.8956310679611651,259,0
CNTN4,1462,0.1652732995092551,0.2100840334369042,0.0066424165744108,0.2641565372072338,0.004455,34,6,LYS,Q8IWV2,-0.057,0.491,0.0827078622282561,Non-essential,86.4,7.7,5.1,0.2485291501483276,1282,0.2338612709770481,1297,0.1959951558758512,1991,0.3294,Sarcoma,2.934,0.615,0.2026695640220875,0.22411003236245952,1919,0
CLSTN3,1253,0.1865986072879072,0.2941176468116659,0.0362422900521904,0.1935962051586125,0.003265,28,9,LYS,Q9BQT9,4.57,0.999,-0.0794792320931623,Non-essential,77.3,26.9,19.4,0.2485008001867838,1283,0.2353129146893933,1274,0.6371622150969146,379,0.5424,Pheochromocytoma,3.068,1.0,0.6800434465981646,0.8709546925566343,320,0
LYPD1,1114,0.200577858078492,0.4453781508862369,0.0005187411039063,0.0742365846427512,0.001252,3,2,LYS,Q8N2G4,1.322,0.744,-0.0195844941798013,Non-essential,76.0,41.1,7.1,0.2484711842468472,1284,0.2334971213020426,1303,0.6613422666393486,315,1.2102,Uterine Carcinosarcoma,6.518,0.982,0.5040657936475965,0.7855987055016181,531,0
CRIM1,1106,0.2019439332003513,0.2268907561118565,0.0539933575834255,0.3166320782686036,0.00534,32,19,LYS,Q9NZV1,3.986,0.989,0.0104293274765302,Non-essential,67.1,38.7,22.2,0.248368123602157,1285,0.2360677914813283,1262,0.4950492762679534,846,0.6774,AML,3.9,0.983,0.438114219904943,0.6274271844660194,922,0
TAS2R20,1478,0.1633725526328366,0.252100840124285,0.04893879487585,0.159501927067892,0.00269,20,9,LYS,P59543,-2.114,0.032,0.09612926671915,Non-essential,87.2,7.1,0.3,0.2482454745294352,1286,0.2356924142732277,1268,0.2650281893372921,1806,0.3811,AML,2.52,0.855,0.2014215876775069,0.26051779935275077,1829,0
SLC9A3,1049,0.2082552065563606,0.2436974787868088,0.0916969792819864,0.277557070856804,0.004681,45,9,LYS,P48764,-2.826,0.195,-0.1326039928376953,Non-essential,66.0,44.4,32.6,0.2482076301100806,1287,0.23779247907418,1244,0.4149182135257387,1201,0.3983,Pancreatic,3.784,0.537,0.61115749878173,0.6646440129449838,830,0
CLDND1,1436,0.1677918337456012,0.1932773107619518,0.0259433813063419,0.2756596501630596,0.004649,9,9,LYS,Q9NY35,5.346,1.0,-0.0369941149017592,Non-essential,87.1,9.9,3.6,0.2481478166340335,1288,0.2344449856993506,1292,0.2957648616183521,1713,0.2785,Pancreatic,1.575,1.0,0.3091874922220449,0.3559870550161812,1593,0
PCDHB13,1349,0.1765512195058305,0.2605042014617612,0.0099762770836628,0.2311888526534242,0.003899,17,1,LYS,Q9Y5F0,-0.338,0.404,0.0962350175376144,Non-essential,81.2,18.4,15.8,0.2480677529458881,1289,0.2335665668000713,1302,0.3504507448451268,1507,0.5055,Cholangiocarcinoma,4.261,0.639,0.301170149235048,0.3887540453074434,1512,0
ITGA2B,1437,0.1677579809357529,0.2352941174493327,0.0474837893405029,0.1979839905128965,0.003339,52,4,LYS,P08514,-0.886,0.331,-0.2148245750713078,Non-essential,88.1,10.7,7.4,0.2480198860706163,1290,0.2353940755376414,1272,0.1890516594084669,2005,0.1744,Cholangiocarcinoma,1.691,0.583,0.2627536125174789,0.2532362459546925,1847,0
CLRN2,1470,0.1642527493490905,0.2605042014617612,0.0047951921556223,0.1953750370589979,0.003295,9,1,LYS,A0PK11,-9.966,0.0,-0.0130770019081747,Non-essential,91.3,8.2,0.9,0.2480190278152714,1291,0.2332587874230525,1306,0.0520796795901255,2267,0.0,AML,0.0,0.0,0.0208188071419678,0.03843042071197411,2378,0
ACKR4,1351,0.1764698055259916,0.2352941174493327,0.0774126205914913,0.1970945745627038,0.003324,11,10,LYS,Q9NPB9,-0.512,0.412,-0.1516598504659362,Non-essential,81.7,18.0,9.7,0.2479797398958152,1292,0.2368503709253898,1253,0.4468006103219355,1056,0.3669,Pancreatic,2.303,0.887,0.7294979201414307,0.7580906148867314,599,0
NIPAL2,1277,0.1845863586357145,0.2352941174493327,0.0534746164795192,0.2480877557070856,0.004184,11,7,LYS,Q9H841,3.025,0.96,-0.1873123918227089,Non-essential,79.3,24.8,19.3,0.2479435341539176,1293,0.2356172649778936,1270,0.5096100886701305,787,1.2107,AML,6.78,0.994,0.7308387883211054,0.8131067961165048,463,0
GABRB1,1205,0.1926060216765797,0.1932773107619518,0.0143792503558437,0.3699377408834864,0.006239,19,3,LYS,P18505,-9.966,0.079,0.0425645046897318,Non-essential,77.5,30.8,22.6,0.2479263065765156,1294,0.2336452690943078,1300,0.2744410065221039,1778,0.8667,Mesothelioma,7.331,0.264,0.3334416465840644,0.35639158576051777,1592,0
IL6R,1190,0.1942410568330344,0.2100840334369042,0.0150308397912383,0.3523273050696709,0.005942,9,3,LYS,P08887,2.095,0.905,-0.0810056988472408,Non-essential,77.9,32.5,23.9,0.2478689479181438,1295,0.2336204899077056,1301,0.3761107595347676,1385,0.8178,AML,4.626,1.0,0.4804044915340369,0.5327669902912622,1156,0
ADRA2B,1110,0.2012168424832534,0.2268907561118565,0.0372797722600031,0.3309220278683664,0.005581,17,3,LYS,P18089,-1.831,0.17,-0.0606529126570665,Non-essential,71.6,38.7,31.1,0.2477622146712421,1296,0.2346262032842423,1290,0.2125432600168894,1947,0.0236,Lung Squamous,0.333,0.389,0.2372756532493087,0.24676375404530748,1863,0
FZD2,1387,0.1729639541635383,0.3781512601864275,0.0515325003953819,0.0208123332345093,0.000351,21,15,LYS,Q14332,1.633,0.83,-0.0584851799843079,Non-essential,83.4,18.1,12.9,0.2473391494727224,1297,0.2349157744924915,1281,0.6155386727890665,438,1.0261,Sarcoma,5.877,0.972,0.6847393230113865,0.8604368932038835,346,0
CD93,1214,0.1914880090830915,0.2436974787868088,0.0237102641151352,0.2896531277794248,0.004885,20,9,LYS,Q9NPY3,3.07,0.973,0.0263893328270653,Non-essential,72.3,31.4,23.2,0.247234965549023,1298,0.2334204787547798,1304,0.4623343369674624,988,0.7763,Glioblastoma,4.322,1.0,0.473613782311792,0.6177184466019418,946,0
OR10Z1,1396,0.1721003789728261,0.2605042014617612,0.0214075597026727,0.2049214349243996,0.003456,21,7,LYS,Q8NGY1,-9.966,0.0,0.1105933924681432,Non-essential,85.9,15.7,3.8,0.2470587191683845,1299,0.2331290971535181,1307,0.0333577301473511,2418,0.0,AML,0.0,0.0,0.0285587871201301,0.029530744336569548,2400,0
ADAM21,1373,0.1746004893703091,0.2605042014617612,0.0217365174758817,0.212926178476134,0.003591,38,5,LYS,Q9UKJ8,-3.626,0.016,-0.0277183325684532,Non-essential,83.1,17.9,6.2,0.2469421444996203,1300,0.2330289703734144,1309,0.2063788348342125,1961,0.0091,Prostate,0.499,0.073,0.1044450228674596,0.18972491909385114,2004,0
GJA3,1240,0.1879113502043004,0.302521008149142,0.0056365649217143,0.2173732582270975,0.003666,10,5,LYS,Q9Y6H8,-3.816,0.113,-0.3128479682503893,Context-dependent,67.8,49.7,38.2,0.2469348086394026,1301,0.2122166368854883,1534,0.3897001989956167,1329,1.3029,Head&Neck,5.501,0.474,0.4210367081863805,0.5036407766990292,1228,0
DCBLD1,1058,0.2071634884911661,0.2941176468116659,0.0205345563814644,0.2778535428402016,0.004686,20,3,LYS,Q8N8Z6,2.563,0.974,0.1018404328211413,Non-essential,67.6,45.7,40.1,0.2468382011894995,1302,0.2328649290085727,1313,0.2986611795781358,1697,0.3551,Pancreatic,2.009,1.0,0.1327937782755258,0.24555016181229772,1866,0
GPR18,1424,0.1687117276908496,0.2857142854741897,0.0133797248141704,0.168040320189742,0.002834,18,4,LYS,Q14330,-1.685,0.177,-0.0192075899093781,Non-essential,86.3,13.6,4.2,0.2467550111669444,1303,0.232423997407653,1317,0.3424267956895253,1540,0.897,AML,4.332,0.971,0.2270834407922608,0.3288834951456311,1660,0
SLC3A1,1418,0.1692778079635148,0.2268907561118565,0.0229005219041594,0.2388378298250815,0.004028,25,5,LYS,Q07837,-2.826,0.254,-0.0265857915331933,Non-essential,87.0,13.1,8.6,0.24674635257146,1304,0.2328913786666679,1312,0.3556797191140874,1480,0.6754,AML,4.339,0.838,0.5697214787293898,0.5744336569579288,1053,0
TIMD4,877,0.2237785118624915,0.2773109241367135,0.0264621224102483,0.3497183516157722,0.005898,3,7,LYS,Q96H15,-1.911,0.213,0.0989471850855897,Non-essential,63.4,59.5,41.5,0.2466039419543548,1305,0.2329270480748672,1311,0.7390126158064401,156,1.0902,Kidney Chromophobe,4.804,0.908,0.7580012272085237,0.9490291262135923,127,0
PGAP1,1495,0.1614520997765216,0.2352941174493327,0.0359512889451209,0.1884968870441743,0.003179,59,6,LYS,Q75T13,1.098,0.78,0.0062970169628983,Non-essential,89.1,7.0,3.4,0.2464649851045902,1306,0.2332625495518463,1305,0.2095525840688649,1955,0.4644,Pheochromocytoma,2.627,1.0,0.115734470546365,0.19377022653721687,1994,0
ABCG4,1407,0.1703992790452738,0.252100840124285,0.05415783647003,0.1777053068485028,0.002997,25,9,LYS,Q9H172,-3.047,0.084,0.0221838785612245,Non-essential,83.2,14.9,11.1,0.246301079873133,1307,0.2340089716966344,1296,0.3543541698896187,1488,0.3968,Pheochromocytoma,3.174,0.625,0.4033336519817338,0.4579288025889967,1341,0
TAS2R3,1477,0.1633812291848929,0.2605042014617612,0.0755337656175865,0.1217313963830418,0.002053,14,10,LYS,Q9NYW6,-9.966,0.003,0.1220838992500671,Non-essential,87.0,9.2,2.8,0.2462927610117735,1308,0.2350694492926528,1279,0.2651943516825885,1805,1.2062,AML,6.274,0.509,0.2976422504215709,0.3220064724919094,1677,0
TAS2R38,1405,0.1709299998576949,0.2605042014617612,0.0155495808951447,0.2068781500148235,0.003489,17,3,LYS,P59533,-9.966,0.011,-0.0273471095028798,Non-essential,82.2,15.9,5.4,0.2458834032391084,1309,0.2316608822838657,1324,0.2000649360806421,1977,0.6668,Esophageal,7.418,0.09,0.086640969837639,0.183252427184466,2020,0
CD63,1531,0.1582246057917773,0.3193277308240944,0.0155495808951447,0.086095463978654,0.001452,12,2,CYS,P08962,9.967,1.0,-0.0760953649566339,Non-essential,90.6,6.3,2.5,0.2458759670068827,1310,0.2316534460516399,1325,0.614676710765487,440,0.5451,Glioblastoma,3.083,1.0,0.6218630675337838,0.8313106796116505,418,0
OR5H1,1301,0.182047803888823,0.2605042014617612,0.049881385418314,0.2096056922620812,0.003535,13,8,LYS,A6NKK0,-9.966,0.0,,No data,87.7,10.2,4.2,0.2458482399317152,1311,0.2483423092026309,1113,0.0340300034237553,2412,0.0,AML,0.0,0.0,0.0207474094411273,0.007281553398058249,2455,0
THSD1,845,0.2267422102519746,0.201680672099428,0.0305108334651273,0.4563889712422175,0.007697,17,6,LYS,Q9NS62,0.849,0.735,0.1079700938238883,Non-essential,59.1,61.6,48.5,0.2457131864116359,1312,0.2322387280848923,1319,0.2229789521276993,1925,0.2786,Pancreatic,1.889,0.808,0.1739666459301984,0.22249190938511332,1923,0
ENPP5,1427,0.1685354610000791,0.352941176173999,0.0339775423058674,0.0572190927957308,0.000965,17,4,TYR,Q9UJA9,2.454,0.799,0.0383287678706771,Non-essential,88.1,15.7,10.3,0.2456285704362992,1313,0.2323274475515925,1318,0.5207420009635003,742,1.0117,Cholangiocarcinoma,5.794,0.972,0.4944294204128738,0.6889158576051779,770,0
ADRA1A,1131,0.1990355237731624,0.2184873947743803,0.0819484421951605,0.2901867773495404,0.004894,26,13,LYS,P35348,-4.293,0.119,0.1152612230645262,Non-essential,70.3,39.1,35.2,0.2454043930572083,1314,0.2345018151669664,1291,0.3433169579241197,1533,0.204,Low Grade Glioma,1.264,0.807,0.3737872892979261,0.4308252427184466,1408,0
KIR3DL2,1187,0.1944388619207427,0.2773109241367135,0.0471927882334334,0.2311888526534242,0.003899,17,6,LYS,P43630,-4.608,0.014,-0.0319016964192021,Non-essential,74.9,36.3,25.1,0.2453542336695641,1315,0.2327138730812357,1316,0.3104686765982175,1660,0.4037,Testicular,7.418,0.109,0.2625211138588528,0.32564724919093846,1668,0
UPK1B,1524,0.1588658333376221,0.3109243694866181,0.0877115293373398,0.0272754224725763,0.00046,17,8,CYS,O75841,-4.035,0.275,0.0645192714151895,Non-essential,86.5,7.3,0.0,0.2452702672727953,1316,0.2346558437396623,1288,0.7978904804627487,76,3.6175,Mesothelioma,11.561,0.885,0.7350884964044356,0.9542880258899676,114,0
OR2T3,2124,0.1150681131339992,0.2605042014617612,0.0167135853234224,0.01950785650756,0.000329,17,7,CYS,Q8NH03,-9.966,0.0,-0.6039761380241112,Essential,88.2,5.0,3.8,0.245231830969362,1317,0.1960675102355331,1806,0.0403285043930734,2368,0.0,AML,0.0,0.0,0.0372779162116247,0.06796116504854366,2305,0
CD3D,1208,0.1922570844852837,0.4789915962361415,0.0022014866360904,0.0,0.0,1,2,CYS,P04234,2.657,0.863,-0.1131945397692679,Non-essential,77.7,38.0,3.5,0.2451974303416721,1318,0.2303075046734766,1336,0.7816390424212148,95,1.5693,Thymoma,8.877,1.0,0.7190947978036516,0.94457928802589,138,0
SLC39A9,1307,0.1812563502818468,0.3445378148365229,0.0147714692392851,0.1300326119181737,0.002193,13,2,LYS,Q9NUM3,4.707,1.0,-0.0728825759107791,Non-essential,79.7,26.7,15.0,0.2450892554821477,1319,0.2308278289441119,1330,0.4949982406888195,847,0.4525,Sarcoma,2.56,1.0,0.5701680338187464,0.7184466019417476,697,0
SV2C,1314,0.1808850729350146,0.2605042014617612,0.0594654436185355,0.1961458642158316,0.003308,25,7,LYS,Q496J9,-4.608,0.049,-0.1210570719001966,Non-essential,78.0,25.2,12.1,0.2448792974702082,1320,0.2328525696511349,1314,0.466789676964386,960,1.3492,Pheochromocytoma,6.65,0.574,0.4885707080554569,0.631472491909385,912,0
CNTN2,1490,0.1620202648184378,0.2352941174493327,0.0233180452316938,0.2030240142306552,0.003424,36,8,LYS,Q02246,-4.293,0.094,-0.0508689152050667,Non-essential,85.7,9.1,6.4,0.2448384559728537,1321,0.2310043582344384,1329,0.20265250284974,1972,0.0979,Pheochromocytoma,1.492,0.278,0.1703474092796437,0.212378640776699,1948,0
GPRC6A,1412,0.1701197437556962,0.2605042014617612,0.0292139807053613,0.1905128965312778,0.003213,52,7,LYS,Q5T6X5,-9.966,0.011,0.0431434724131778,Non-essential,84.1,16.4,7.8,0.2447081898207762,1322,0.2311688888560442,1327,0.4038703383704822,1257,3.7088,Kidney Chromophobe,6.819,0.769,0.1034702673184457,0.32483818770226536,1670,0
CHRNB3,1421,0.1689917100110609,0.2605042014617612,0.0180420686383046,0.197924696116217,0.003338,26,6,LYS,Q05901,-9.966,0.002,0.0344156568739048,Non-essential,83.3,15.5,9.8,0.2446681617002468,1323,0.230570265132162,1333,0.1017692098744708,2144,0.0,AML,0.0,0.0,0.0404408138787017,0.12904530744336573,2154,0
FAM174A,583,0.2474241674516133,0.2689075627992374,0.0056049343665981,0.460598873406463,0.007768,5,2,LYS,Q8TBP5,4.086,0.999,-0.0036764395014084,Non-essential,59.0,81.1,23.2,0.2445685989229983,1324,0.2298488456413282,1338,0.3028707638724346,1681,0.3071,Kidney Chromophobe,1.737,1.0,0.2125577114763439,0.287621359223301,1762,0
SLC38A8,1434,0.1681495601203328,0.3109243694866181,0.0277589751700142,0.1181737325822709,0.001993,17,5,LYS,A6NNN8,-5.012,0.056,0.0451064605888896,Non-essential,83.7,15.9,8.0,0.2444067062583876,1325,0.2307946550168883,1331,0.4672328423184243,955,1.7039,Kidney Chromophobe,8.221,0.508,0.5867292386251161,0.7038834951456311,733,0
IFNGR1,975,0.2149977401641581,0.2773109241367135,0.0267214929622014,0.3201897420693744,0.0054,10,3,LYS,P15260,5.684,1.0,0.0996044276477561,Non-essential,66.0,54.4,41.7,0.2443866322057436,1326,0.2307227068538537,1332,0.6055248039806927,466,0.3649,Pancreatic,2.064,1.0,0.5392656800183105,0.7783171521035599,549,0
TRPV5,1411,0.1701507640183348,0.2605042014617612,0.0248110074331804,0.1950192706789208,0.003289,40,6,LYS,Q9NQA5,-6.506,0.0,0.0524955160574561,Non-essential,82.5,17.0,13.2,0.2441340400396417,1327,0.2303745904113007,1335,0.1424951487312307,2082,0.0065,AML,1.948,0.006,0.0361987393456397,0.13430420711974111,2141,0
HLA-H,1287,0.1835999268377673,0.4453781508862369,0.0106911276292898,0.0074710939816187,0.000126,14,8,TYR,P01893,5.23,0.995,,No data,87.8,16.3,11.3,0.24412290821291,1328,0.2446574645943745,1154,0.5112679327765217,782,0.8406,AML,4.68,1.0,0.4110232670498829,0.6225728155339806,934,0
FGFR2,1229,0.1890070219004783,0.2605042014617612,0.0637102641151352,0.2189742069374444,0.003693,32,8,LYS,P21802,3.467,0.922,-0.0503997803420823,Non-essential,73.9,32.8,25.5,0.2440475882747613,1329,0.2322331014805181,1320,0.4924441516931543,860,0.7583,Sarcoma,5.563,0.734,0.7008238068731109,0.7847896440129449,533,0
OR6K3,1482,0.1628852847743979,0.2605042014617612,0.0608951447097896,0.1347168692558553,0.002272,11,5,CYS,Q8NGY3,-9.966,0.0,-0.1025336868507511,Non-essential,87.6,11.2,6.3,0.2438794740030276,1330,0.2319242312385171,1323,0.0693264049665928,2205,0.0,AML,0.0,0.0,0.0261352283551621,0.0744336569579288,2289,0
SLC40A1,1358,0.1757886785961929,0.3697478988489514,0.0843080816068322,0.008656981915209,0.000146,20,6,TYR,Q9NP59,5.13,0.994,0.035313599711996,Non-essential,80.3,23.8,15.1,0.2438530304776432,1331,0.2330684345579848,1308,0.819233976914864,52,0.5229,Glioblastoma,2.958,1.0,0.7601514931328649,0.9688511326860841,78,0
OR13C5,1269,0.1852203999560844,0.2605042014617612,0.0988201802941641,0.1712422176104358,0.002888,13,13,LYS,Q8NGS8,-9.966,0.0,0.2196236387924299,Non-essential,77.5,29.9,6.3,0.2437920699877664,1332,0.2337330790024746,1299,0.2759541160791018,1771,0.0,AML,4.954,0.0,0.1861817591019073,0.25970873786407767,1831,0
PKD2L1,1315,0.1807309542926116,0.3109243694866181,0.0143159892456112,0.1735546990809368,0.002927,36,3,LYS,Q9P0L9,-1.884,0.144,-0.0496816756613286,Non-essential,75.4,27.5,19.5,0.2432912014019533,1333,0.2290070008642338,1350,0.4085834609081656,1233,0.4461,DLBCL,1.987,0.745,0.2811612091893283,0.4292071197411004,1412,0
GRIK3,1401,0.171224735117915,0.2268907561118565,0.0764700300490273,0.1917580788615475,0.003234,52,8,LYS,Q13003,-3.171,0.249,-0.0244358257426223,Non-essential,82.3,18.3,6.6,0.2431687918667934,1334,0.2319922933692448,1322,0.4801003907352358,907,0.9691,Kidney Clear Cell,6.079,0.781,0.5461748558369568,0.6881067961165048,772,0
GPR55,1513,0.1598651033455474,0.2605042014617612,0.0214771469239285,0.1640675956122146,0.002767,14,5,LYS,Q9Y2T6,-2.826,0.048,0.1186090123920199,Non-essential,87.4,9.4,2.2,0.2431626561456522,1335,0.2292365134918486,1346,0.2466269005040538,1862,0.3801,Thymoma,3.041,0.5,0.3304779831473032,0.3357605177993528,1643,0
LILRA1,1439,0.167640340024096,0.2689075627992374,0.018105329748537,0.1821523865994663,0.003072,16,4,LYS,O75019,-1.392,0.189,0.1250480048924806,Non-essential,83.9,16.2,11.7,0.2429820760667339,1336,0.2288873425541607,1351,0.373693692461931,1397,0.7892,AML,4.516,0.925,0.2990978497388347,0.4093851132686084,1461,0
EFNA5,1310,0.1811767157016901,0.2689075627992374,0.0135378775897517,0.2318410910168989,0.00391,10,3,LYS,P52803,1.67,0.734,0.0119270064792424,Non-essential,78.5,27.6,18.9,0.2428623891313957,1337,0.2285392830108833,1353,0.4301176921537809,1127,0.8811,Pancreatic,5.025,0.96,0.423433226246669,0.5550161812297735,1101,0
LPAR5,1435,0.1681494586941851,0.3865546215239037,0.0392218883441404,0.0058701452712718,9.9e-05,12,9,TYR,Q9H1C0,1.742,0.806,-0.0554714827166292,Non-essential,84.0,18.8,11.6,0.2427671259372193,1338,0.2297282203544263,1341,0.5506112612184736,628,0.829,Pancreatic,4.863,0.949,0.6076639551280434,0.7851941747572816,532,0
ADAM10,1403,0.1710717272865702,0.3697478988489514,0.0557773208919816,0.0214645715979839,0.000362,33,13,TYR,O14672,5.115,1.0,0.0120927686971809,Non-essential,80.0,21.0,9.4,0.2427222377196243,1339,0.2305111037642234,1334,0.7329597459193965,168,0.5777,Cholangiocarcinoma,3.268,1.0,0.7445834019633103,0.9397249190938511,150,0
FLRT3,1251,0.1867937753525206,0.3865546215239037,0.0504950181875691,0.0567447376222946,0.000957,26,8,TYR,Q9NZU0,1.602,0.725,0.1341168433976302,Non-essential,74.3,34.7,31.0,0.2424040564858322,1340,0.2299288073952106,1337,0.6340907005240385,390,0.6927,Pheochromocytoma,4.007,0.915,0.6203736452672085,0.8394012944983819,398,0
P2RY8,1457,0.1657432899286344,0.302521008149142,0.0380578839158627,0.1110584049807293,0.001873,13,10,LYS,Q86VZ1,0.352,0.575,0.3532711395121051,Non-essential,84.3,15.9,14.5,0.2422614250763476,1341,0.2291643192721408,1347,0.418778015792108,1178,0.9596,AML,5.256,1.0,0.3713751278623327,0.5,1237,0
SLC26A1,1429,0.1684413247102327,0.2352941174493327,0.0516590226158469,0.196086569819152,0.003307,27,10,LYS,Q9H2B4,0.557,0.65,0.0362423637670098,Non-essential,82.6,17.1,9.4,0.2421893392160161,1342,0.2297722903468085,1339,0.2902119177352468,1728,0.4267,AML,2.414,1.0,0.2590758421229476,0.30865695792880254,1710,0
GRIN1,1441,0.1675415238442746,0.2689075627992374,0.0303463545785228,0.1695819745034094,0.00286,50,5,LYS,Q05586,-1.938,0.237,0.0183512092541411,Non-essential,82.9,17.0,9.3,0.2420997292502161,1343,0.2286170469791422,1352,0.4394923352466048,1086,0.1083,Lung Adeno,1.318,0.348,0.3964531674992377,0.5449029126213591,1126,0
TSPAN6,1503,0.1605286388580374,0.3949579828613799,0.0081290526648742,0.000355766380077,6e-06,10,2,TYR,O43657,4.879,0.997,0.0980614581254581,Non-essential,88.3,13.5,1.2,0.2418564987627207,1344,0.2272629513959644,1362,0.5621857032706474,589,0.6318,Glioblastoma,3.461,1.0,0.4911939304045301,0.7188511326860841,696,0
HCAR1,1419,0.1692594364378381,0.3781512601864275,0.0436311877273446,0.0163652534835458,0.000276,13,4,TYR,Q9BXC0,-1.552,0.353,-0.0962758294812018,Non-essential,80.9,20.5,14.5,0.2418520513679722,1345,0.2290336107543394,1348,0.6416311311311105,361,0.5807,Kidney Chromophobe,3.212,0.723,0.718487653176069,0.8964401294498382,257,0
AVPR2,1294,0.1828237954663041,0.2268907561118565,0.0456998260319468,0.2611918173732582,0.004405,16,6,LYS,P30518,-1.781,0.168,0.0579948260773345,Non-essential,76.0,29.4,18.6,0.241734675490451,1346,0.2290196667920483,1349,0.4663201683901002,963,0.9383,AML,5.27,0.942,0.4940606682621434,0.6403721682847896,890,0
HLA-E,1450,0.1664222314984704,0.2689075627992374,0.0222868891349043,0.1739104654610139,0.002933,10,11,LYS,P13747,8.155,1.0,-0.0702464620466142,Non-essential,87.0,16.5,11.5,0.2416669856287126,1347,0.2277813300854578,1357,0.591197002633617,506,0.5006,Pancreatic,2.832,1.0,0.6200187178330413,0.8163430420711975,455,0
SLC15A3,1385,0.1730464390196459,0.3613445375114751,0.089040012652222,0.0059887340646308,0.000101,20,11,TYR,Q8IY34,5.283,1.0,-0.0733222538187275,Non-essential,80.8,23.6,9.5,0.2416277748082295,1348,0.2310797754408406,1328,0.8418472825269415,37,0.7891,Pancreatic,4.464,1.0,0.8455960887892875,0.9854368932038835,37,0
SLC22A25,1543,0.156856371933832,0.2605042014617612,0.1576087300332121,0.0179069077972131,0.000302,20,8,CYS,Q6T423,-9.966,0.029,-0.2222310229474687,Non-essential,87.8,8.6,2.6,0.2414553799692227,1349,0.2343358164708833,1294,0.2273360063290566,1913,0.0,AML,0.0,0.0,0.1173152402228582,0.20145631067961167,1975,0
TMEM106B,1258,0.1864810957833449,0.3613445375114751,0.0122093942748695,0.1276015416543136,0.002152,6,5,LYS,Q9NUM4,4.292,0.998,-0.0047873713076796,Non-essential,75.9,35.0,22.3,0.241423322111312,1350,0.2270337918250555,1367,0.507718584109213,795,0.4616,Glioblastoma,2.611,1.0,0.3439964986986978,0.5679611650485437,1069,0
CD59,1275,0.1847923476766753,0.2605042014617612,0.0014550055353471,0.267180551437889,0.004506,5,6,LYS,P13987,7.894,1.0,0.0923272175906091,Non-essential,79.3,32.0,7.0,0.2413353597549254,1351,0.2264081100316928,1372,0.7029293749354139,220,0.4864,Cholangiocarcinoma,2.751,1.0,0.7734407775395336,0.9385113268608414,153,0
MPZL2,1581,0.1534768329712024,0.3781512601864275,0.0021698560809742,0.0052179069077972,8.8e-05,6,1,TYR,O60487,4.847,0.937,0.0088120060095742,Non-essential,89.4,7.9,0.0,0.2412998818124425,1352,0.2264083746164912,1371,0.6406587015982614,365,0.4986,Pancreatic,2.836,0.994,0.5627190965770255,0.8147249190938511,459,0
CD53,1640,0.147103403887281,0.352941176173999,0.0197564447256049,0.0,0.0,9,0,,P19397,4.581,0.994,-0.069925978331854,Non-essential,93.0,2.3,0.0,0.2411685228423009,1353,0.2271563450785811,1363,0.6351927400630465,386,0.7404,Sarcoma,4.291,0.976,0.6881828608172641,0.8725728155339806,316,0
PANX2,858,0.2255958810849437,0.3109243694866181,0.0315799462280563,0.3058404980729321,0.005158,30,5,LYS,Q96RD6,0.857,0.632,0.0503309544939801,Non-essential,57.2,67.1,46.5,0.2410786403955634,1354,0.2276576377069662,1360,0.3238664831598569,1616,0.2415,Esophageal,2.231,0.612,0.2698822902311591,0.3442556634304207,1622,0
MRGPRX3,1391,0.1724211426223883,0.2605042014617612,0.0483884232168274,0.1790097835754521,0.003019,16,7,LYS,Q96LB0,-9.966,0.053,-0.2232980283813899,Non-essential,82.0,22.0,12.1,0.2410260222096863,1355,0.2284454433705277,1354,0.4848380687572552,885,1.5405,Head&Neck,8.88,0.347,0.6835368403976859,0.7722491909385113,564,0
OR8H3,1563,0.1550690557676785,0.2605042014617612,0.0420749644156255,0.1274829528609546,0.00215,16,7,LYS,Q8N146,-9.966,0.0,-0.1193425483935531,Non-essential,88.2,7.7,2.9,0.2408659498307614,1356,0.2279696980515427,1356,0.0419822651361335,2345,0.0,AML,0.0,0.0,0.0413380325248107,0.08454692556634302,2264,0
GABRA2,1389,0.1726728619695803,0.2184873947743803,0.0144108809109599,0.2698487992884672,0.004551,15,5,LYS,P47869,-5.012,0.124,0.0371533634054382,Non-essential,83.3,21.7,10.9,0.2408355082208899,1357,0.2265560522664379,1370,0.1747334870370244,2034,0.1056,Pancreatic,2.546,0.181,0.251429210581831,0.23745954692556637,1886,0
CD180,1625,0.1493377171862672,0.3697478988489514,0.0047951921556223,0.0,0.0,26,0,,Q99467,-0.394,0.409,-0.0150033959113873,Non-essential,93.3,4.8,3.8,0.2408105626360385,1358,0.2260503222438196,1375,0.5661176412296828,580,1.2782,AML,5.994,0.954,0.4614621894023978,0.6998381877022654,743,0
GHRHR,1276,0.1847251231367497,0.2436974787868088,0.0781907322473509,0.2126297064927364,0.003586,24,12,LYS,Q02643,-5.012,0.103,0.0244914097124556,Non-essential,75.8,32.2,12.1,0.2407992272604049,1359,0.2297087638727724,1342,0.7467142372832112,138,0.7518,Cholangiocarcinoma,3.74,0.667,0.9256058970275388,0.9785598705501618,54,0
OR4F17,2269,0.109097997678722,0.2605042014617612,0.0148979914597501,0.0014230655203083,2.4e-05,14,5,CYS,Q8NGA8,-9.966,0.001,-0.7689174662325479,Essential,89.4,4.6,0.7,0.240656734756631,1360,0.1914016343296185,1910,0.0658158450365714,2215,0.0,Adrenocortical,0.0,0.0,0.0223929024245071,0.05258899676375406,2343,0
LILRA6,1475,0.1634052790051484,0.2436974787868088,0.0207622963783014,0.1989919952564482,0.003356,14,3,LYS,Q6PI73,0.058,0.514,0.16322064171495,Non-essential,85.3,14.6,10.8,0.2406326904840705,1361,0.2266708053029855,1368,0.330435040127244,1588,0.3296,Pancreatic,2.391,0.78,0.5119831327058437,0.5088996763754046,1215,0
SPNS3,1463,0.1651266807670301,0.2773109241367135,0.1436153724497864,0.0370589979246961,0.000625,15,9,TYR,Q6ZMD2,-1.026,0.299,0.011251761930724,Non-essential,84.5,16.6,14.3,0.2406274160414703,1362,0.2328081846639596,1315,0.5987590144747094,478,1.9096,AML,10.404,0.988,0.5144852564221217,0.7617313915857605,590,0
TYRP1,1526,0.1587991187075236,0.252100840124285,0.049881385418314,0.1433145567743848,0.002417,21,8,LYS,P17643,-2.826,0.177,-0.0173193681991946,Non-essential,91.7,11.0,7.1,0.2405342795916744,1363,0.2280283488625901,1355,0.6545944842858735,333,3.8627,Uveal Melanoma,14.453,1.0,0.6399470039736513,0.860032362459547,347,0
OR8H2,1565,0.1548710880660106,0.2605042014617612,0.0468701565712478,0.1220278683664393,0.002058,11,10,LYS,Q8N162,-9.966,0.0,-0.0017026656200366,Non-essential,88.4,8.0,2.6,0.2404009767460382,1364,0.2277444845746005,1359,0.0422868539060946,2344,0.0,AML,0.0,0.0,0.0390966598369629,0.08050161812297729,2274,0
GPR65,1395,0.1721203513712925,0.302521008149142,0.0390953661236754,0.1312777942484435,0.002214,14,10,LYS,Q8IYL9,-0.472,0.394,0.1102768426747633,Non-essential,82.6,23.1,4.2,0.2403756429452294,1365,0.2273304112514132,1361,0.4892085764156052,873,0.8472,Glioblastoma,5.0,0.881,0.598023630767872,0.729368932038835,670,0
AXL,1304,0.1818216332800572,0.2184873947743803,0.0853455638146449,0.2294100207530388,0.003869,28,14,LYS,P30530,3.388,0.973,-0.0264226856931326,Non-essential,75.1,29.8,20.4,0.240359484312954,1366,0.2296267625036862,1343,0.5321099654370977,700,0.6904,Pancreatic,3.866,0.994,0.5494049554723442,0.735032362459547,656,0
LRIT2,1336,0.1787130971013132,0.252100840124285,0.0110137592914755,0.2485621108805218,0.004192,11,5,LYS,A6NDA9,-9.966,0.017,0.092794594413285,Non-essential,77.2,27.8,15.6,0.2403292615864991,1367,0.2258799495510728,1376,0.1857397298442776,2015,0.1384,Low Grade Glioma,1.44,0.215,0.0463772373174597,0.15533980582524276,2089,0
OPN1MW,1279,0.1842975780885772,0.2605042014617612,0.0302830934682903,0.236703231544619,0.003992,14,11,LYS,P04001,-9.966,0.0,,No data,82.9,17.6,15.1,0.2403230517648437,1368,0.2418372064382582,1184,0.080885105361696,2177,-0.0,AML,-3.02,0.0,0.0694070019241214,0.14077669902912626,2125,0
MFSD12,1481,0.1629729461857101,0.302521008149142,0.0872876798987822,0.0525941298547287,0.000887,19,13,LYS,Q6NUT3,5.456,1.0,0.0317815795298995,Non-essential,84.7,15.6,10.0,0.2402528052905774,1369,0.2296171892855165,1344,0.5523913998169732,619,0.4658,Melanoma,2.635,1.0,0.5695748009909429,0.7657766990291262,580,0
GYPA,756,0.235333978593297,0.2605042014617612,0.0020053771943697,0.4351022828342721,0.007338,1,2,LYS,P02724,-9.966,0.009,-0.0225852611527383,Non-essential,59.4,75.3,37.3,0.2401533855187768,1370,0.2252536543784953,1386,0.2872626707362498,1739,0.0356,Mesothelioma,3.459,0.023,0.1281768279928026,0.23341423948220064,1896,0
CHRNB1,1398,0.1718595379893125,0.2689075627992374,0.0224450419104855,0.1918766676549066,0.003236,22,1,LYS,P11230,2.905,0.993,-0.0241909223416368,Non-essential,79.5,23.0,15.6,0.2396980743710811,1371,0.2258203264666054,1377,0.4878803420735862,881,0.254,Kidney Papillary,1.437,1.0,0.4100077343292197,0.5926375404530744,1008,0
PCDH7,1355,0.1759794662718393,0.302521008149142,0.0208888185987664,0.1623480581085087,0.002738,17,3,LYS,O60245,1.774,0.73,-0.0740027964963625,Non-essential,75.8,27.0,23.4,0.2396915720290184,1372,0.2257360129589568,1380,0.5892996076181525,511,1.2454,Sarcoma,7.121,0.909,0.3166946537172466,0.6112459546925566,962,0
ROBO2,1162,0.1961937528762091,0.2773109241367135,0.02558911908904,0.2586421583160391,0.004362,31,6,LYS,Q9HCK4,-0.653,0.407,-0.0390201757317485,Non-essential,67.4,43.6,40.3,0.2395166427991195,1373,0.2257960987535714,1378,0.4657464195377157,967,1.2561,Pheochromocytoma,6.631,0.966,0.2994422455895492,0.4931229773462783,1254,0
MAMDC4,1406,0.1704158458484018,0.1848739494244757,0.1050703779851336,0.2164838422769048,0.003651,60,5,LYS,Q6UXC1,1.164,0.773,0.0493128678290136,Non-essential,79.1,20.6,10.0,0.2394944373640761,1374,0.2297479562633327,1340,0.4273778095259065,1138,0.2421,AML,1.377,0.994,0.4456491046895037,0.5647249190938511,1077,0
F2R,1308,0.1812335336585282,0.3697478988489514,0.0511086509568242,0.0600059294396679,0.001012,14,13,LYS,P25116,3.694,0.979,-0.1029388174251173,Non-essential,74.6,32.7,25.4,0.239490409696256,1375,0.2270458422440971,1366,0.6775348874544315,270,1.0953,Glioblastoma,6.196,1.0,0.7461679402599013,0.9243527508090614,188,0
TAAR6,1602,0.1506949950547363,0.2605042014617612,0.0670441246243871,0.0879335902757189,0.001483,14,16,CYS,Q96RI8,-9.966,0.0,0.0525726652928098,Non-essential,90.7,5.5,2.9,0.2394208992366429,1376,0.2277731054678622,1358,0.0621739994846039,2234,0.0,AML,0.0,0.0,0.0520573974949227,0.12014563106796117,2176,0
GPR153,1054,0.207507422111013,0.2689075627992374,0.0238684168907164,0.3092795730803439,0.005216,18,7,LYS,Q6NV75,2.173,0.893,-0.063423485138624,Non-essential,65.1,53.0,46.0,0.2394046444724981,1377,0.2255980653170339,1382,0.3345813311274421,1574,0.708,Pancreatic,4.051,0.989,0.2408226046796462,0.32847896440129454,1661,0
SLC22A7,1535,0.1576576085476239,0.2352941174493327,0.1540471295271231,0.0577527423658464,0.000974,24,12,TYR,Q9Y694,-6.506,0.079,-0.101168955733473,Non-essential,85.0,10.9,5.7,0.2394029090805088,1378,0.2321052655568649,1321,0.443060379163571,1070,0.0377,AML,4.312,0.023,0.4028363360470096,0.5521844660194175,1108,0
CX3CL1,802,0.2318882854077743,0.2857142854741897,0.0103305393009647,0.3816780314260302,0.006437,15,2,LYS,P78423,4.161,0.987,0.0653212825919753,Non-essential,55.9,73.6,54.9,0.2394021425977151,1379,0.2249186695627633,1387,0.4891108068608721,874,0.7458,DLBCL,4.266,0.957,0.4764280268735922,0.6484627831715211,870,0
SLC22A12,1576,0.1538783772069353,0.2605042014617612,0.0995350308397912,0.0660539579009783,0.001114,27,8,LYS,Q96S37,-9.966,0.078,-0.0016088404305129,Non-essential,86.6,8.3,2.5,0.2392737176968087,1380,0.2292504692387983,1345,0.3671887745456796,1426,0.4842,Liver,2.266,0.302,0.3262174549854316,0.4227346278317152,1428,0
ABCG5,1510,0.1599848068033154,0.2689075627992374,0.0157709947809584,0.1589682774977764,0.002681,31,7,LYS,Q9H222,-4.608,0.061,0.0459065792971228,Non-essential,85.0,13.7,6.5,0.2391024650494168,1381,0.2248910147884646,1388,0.2759293688086325,1772,0.2512,Stomach,3.396,0.165,0.2644839548629191,0.3021844660194175,1726,0
TRPV6,1416,0.1696106422346022,0.2605042014617612,0.027398386841689,0.1906314853246368,0.003215,41,5,LYS,Q9H1D0,-1.117,0.375,-0.0189456078237308,Non-essential,80.6,21.7,15.8,0.2389839385531978,1382,0.2253538578952823,1385,0.5475231912380428,636,0.3723,Cholangiocarcinoma,2.445,0.806,0.597499224188161,0.7803398058252426,544,0
IGSF6,1344,0.1771980896125719,0.4369747895487607,0.001682745532184,0.0063445004447079,0.000107,4,2,CYS,O95976,1.864,0.885,0.0077288746026873,Non-essential,79.6,31.1,11.2,0.2388479878362892,1383,0.2239321251128984,1399,0.6259880816291412,412,0.8044,Testicular,4.645,0.98,0.3717400377999084,0.674757281553398,805,0
SLC51A,1486,0.1624636449291391,0.2352941174493327,0.0393231061205124,0.1884968870441743,0.003179,16,11,LYS,Q86UW1,1.982,0.981,-0.0140982880081871,Non-essential,82.3,15.6,6.2,0.2387079393984381,1384,0.2256740947044637,1381,0.3882014064709622,1335,0.2725,AML,1.541,1.0,0.5689359068538627,0.6047734627831716,978,0
CDH9,1380,0.1735168136109754,0.2605042014617612,0.0106531709631504,0.2203972724577527,0.003717,19,3,LYS,Q9ULB4,-9.966,0.051,0.0817426418191528,Non-essential,77.9,25.3,20.2,0.2386390813668422,1385,0.2241717399149997,1396,0.2670267509569832,1803,0.3722,Pheochromocytoma,5.672,0.114,0.1833536486924881,0.24878640776699024,1858,0
ABCA7,1377,0.1742197371995019,0.2268907561118565,0.1880246718329906,0.0901867773495404,0.001521,121,17,LYS,Q8IZY2,2.81,0.986,0.0727093217342565,Non-essential,75.3,25.4,10.9,0.2385646269347825,1386,0.232965860526432,1310,0.6736044026865069,280,0.3257,Thymoma,1.843,1.0,0.5388029507631046,0.8163430420711975,455,0
SIRPB2,1300,0.1820557616515865,0.252100840124285,0.0092297959829195,0.2614882893566557,0.00441,16,2,LYS,Q5JXA9,0.03,0.509,-0.0092543114195932,Non-essential,76.3,32.7,20.8,0.2382148153783935,1387,0.2236763051775395,1402,0.4548464736548381,1012,0.952,AML,5.362,0.988,0.2978338219350815,0.48422330097087374,1276,0
TSPAN11,1590,0.1519575423082795,0.2436974787868088,0.022508303020718,0.1590868662911354,0.002683,9,5,LYS,A1L157,0.126,0.523,-0.1201321853263311,Non-essential,87.7,7.5,2.8,0.2381929099033464,1388,0.2243183250543823,1395,0.2731464050751436,1782,0.6237,Low Grade Glioma,3.365,0.998,0.2864368561021074,0.3183656957928802,1686,0
TXNDC15,1063,0.2068633084276903,0.2941176468116659,0.0073193104538984,0.2900681885561814,0.004892,9,1,LYS,Q96J42,5.296,1.0,-0.0282694871539512,Non-essential,64.2,54.2,42.8,0.238088051136603,1389,0.2234540166592979,1403,0.4744916997174019,925,0.3616,Sarcoma,2.046,1.0,0.4042994158812714,0.5841423948220065,1029,0
OR2M5,1541,0.1570898628213392,0.2605042014617612,0.0610849280404871,0.1152090127482952,0.001943,13,12,LYS,A3KFT3,-9.966,0.0,0.0200615029611596,Non-essential,85.4,12.2,3.8,0.238049955708812,1390,0.2261042021108363,1374,0.0447783903251522,2299,0.0,AML,0.0,0.0,0.0373736772678823,0.09021035598705507,2250,0
IL2RB,1045,0.2085373235668734,0.4201680668738084,0.0256207496441562,0.1092795730803439,0.001843,10,5,CYS,P14784,1.571,0.771,0.0228377695227635,Non-essential,64.6,57.9,38.8,0.2378839040869579,1391,0.2241649415691657,1397,0.629532462296191,401,0.7845,Kidney Clear Cell,4.474,0.976,0.5085595524888791,0.7710355987055016,567,0
CEACAM5,1606,0.1504457114316255,0.3697478988489514,0.0032705993990194,0.0052179069077972,8.8e-05,12,2,SER,P06731,-1.552,0.431,0.0598464128320044,Non-essential,87.1,8.7,8.1,0.2378338911738371,1392,0.2229974211437881,1406,0.7722221039679225,104,2.6105,Pancreatic,10.846,0.932,0.7015496297494512,0.9352750809061489,161,1
CD9,1617,0.1496486801002724,0.3613445375114751,0.0170362169856081,0.0,0.0,8,0,,P21926,8.593,1.0,-0.043113268916245,Non-essential,88.6,7.9,0.0,0.2378296423754183,1393,0.2236814532246987,1401,0.6666021754636968,304,0.7396,Testicular,4.184,1.0,0.7588370850901481,0.9223300970873787,193,0
TSPAN5,1588,0.1524359441382274,0.252100840124285,0.0399367388897675,0.1320486214052771,0.002227,10,3,LYS,P62079,2.734,0.918,0.0009070461518075,Non-essential,89.2,8.6,4.5,0.2376316341172609,1394,0.2246284710617493,1392,0.3840504814959655,1353,0.8046,Kidney Chromophobe,4.551,1.0,0.3953349972562651,0.48139158576051777,1283,0
OR7A10,1798,0.1339014642300195,0.2605042014617612,0.05713743476198,0.0418618440557367,0.000706,11,9,TYR,O76100,-9.966,0.0,-0.3305739391408677,Context-dependent,87.9,13.3,3.2,0.2376262902160456,1395,0.2054831619541446,1628,0.0448512684886033,2298,0.0,AML,0.0,0.0,0.0701863538909109,0.11974110032362462,2177,0
ICOS,1223,0.190303866443758,0.3697478988489514,0.0030744899572987,0.1382745330566261,0.002332,6,4,LYS,Q9Y6W8,-1.43,0.257,0.0527095687187001,Non-essential,74.0,42.2,9.0,0.2375490203506141,1396,0.222702744848479,1410,0.6179198831016267,432,1.4245,Thymoma,5.493,0.898,0.48613108056818,0.7516181229773463,615,0
BAMBI,1085,0.2045546936529397,0.352941176173999,0.0052127154831567,0.2060480284613103,0.003475,12,1,LYS,Q13145,3.147,0.89,-0.0757598947177074,Non-essential,64.6,53.8,29.2,0.2375445976470164,1397,0.2228052334211742,1407,0.674967345954865,278,0.7438,Melanoma,4.227,0.995,0.7345187821939618,0.9170711974110033,206,0
TMEM132B,1226,0.1896153642673693,0.2352941174493327,0.0809109599873477,0.2374147643047731,0.004004,34,10,LYS,Q14DG7,-2.826,0.143,0.0051272403505022,Non-essential,70.0,39.4,29.6,0.2375343721802966,1398,0.226579920179664,1369,0.3764100639302591,1384,0.2335,Low Grade Glioma,1.179,0.97,0.2540374101852496,0.37783171521035597,1539,0
PCDHA8,1313,0.1809214744243795,0.2605042014617612,0.0139300964731931,0.2418025496590572,0.004078,16,3,LYS,Q9Y5H6,-4.608,0.016,-0.0144404024889825,Non-essential,73.4,32.8,28.4,0.2373096320446789,1399,0.2230061368683386,1405,0.216403285120114,1941,0.6179,Pheochromocytoma,7.5,0.165,0.0889457834647157,0.18851132686084138,2007,0
FFAR1,1613,0.1502024340266947,0.252100840124285,0.0143476198007275,0.1501927067892084,0.002533,16,3,LYS,O14842,-9.966,0.014,-0.0298410092997064,Non-essential,89.8,7.3,5.7,0.2370703756909837,1400,0.2227877566810201,1409,0.1870027916081421,2008,0.2384,DLBCL,2.801,0.255,0.1288048720774889,0.1893203883495146,2005,0
OR2M3,1557,0.1552977241442831,0.2605042014617612,0.0570678475407243,0.1132522976578713,0.00191,11,12,LYS,Q8NG83,-9.966,0.0,0.0176203044340392,Non-essential,85.1,11.9,3.8,0.2368565068112653,1401,0.2247098991883015,1391,0.0444572366569758,2307,0.0,AML,0.0,0.006,0.0414721182585272,0.09425566343042069,2240,0
OR1I1,1494,0.1617491195483062,0.2605042014617612,0.0595982919500237,0.1322265045953157,0.00223,18,7,LYS,O60431,-9.966,0.0,-0.0753958210526362,Non-essential,83.4,17.5,9.3,0.2366326696479512,1402,0.2246125842454524,1393,0.0850662779451428,2172,0.0,AML,0.0,0.0,0.0841035899561699,0.14846278317152106,2106,0
CRHR2,1383,0.1732256040881915,0.252100840124285,0.063223153566345,0.1780610732285799,0.003003,17,9,LYS,Q13324,-3.816,0.033,0.0504660863268765,Non-essential,78.4,27.0,5.6,0.2365563507422309,1403,0.2247175084205482,1390,0.2790135722421555,1759,0.0524,Cholangiocarcinoma,1.375,0.194,0.304352843412887,0.3398058252427184,1633,0
HLA-G,1601,0.1506969080694572,0.3613445375114751,0.0155495808951447,0.0049807293210791,8.4e-05,15,4,TYR,P17693,-0.302,0.449,-0.046057136443099,Non-essential,90.5,10.1,7.1,0.2365031656830722,1404,0.2222806447278295,1414,0.547084882570526,639,0.9724,Kidney Clear Cell,5.642,0.895,0.4460997367693056,0.6788025889967637,795,0
BST2,1455,0.1659888175300476,0.4117647055363322,0.0042764510517159,0.0,0.0,1,0,,Q10589,7.071,1.0,0.0301697567420419,Non-essential,85.3,23.9,7.2,0.2362867597006452,1405,0.221500582253231,1419,0.7084083859367841,204,0.7972,Pancreatic,4.51,1.0,0.7391297882119119,0.9308252427184466,172,0
TNFRSF11A,946,0.2176515344068708,0.2857142854741897,0.0041436027202277,0.3404091313370886,0.005741,5,4,LYS,Q9Y6Q6,0.058,0.517,0.0688085413812674,Non-essential,58.9,64.9,55.0,0.2362381834302954,1406,0.2214453635663068,1420,0.3351311624195965,1573,0.621,Cholangiocarcinoma,4.222,0.806,0.2636484748527243,0.3483009708737864,1612,0
CR1,1014,0.2121574330211844,0.252100840124285,0.0062185671358532,0.3648384227690482,0.006153,54,3,LYS,P17927,-2.388,0.149,0.213524074640401,Non-essential,65.2,59.9,9.2,0.2360995415197251,1407,0.2214104698765177,1421,0.3298383515711701,1590,0.2544,AML,1.676,0.803,0.1130201110257565,0.26092233009708743,1828,0
OR8J1,1612,0.1502829576076474,0.2605042014617612,0.0588518108492804,0.094752445893863,0.001598,14,6,LYS,Q8NGP2,-9.966,0.0,-0.056516923801679,Non-essential,89.3,8.5,2.2,0.2360775346974022,1408,0.2240201252398663,1398,0.0433565503706931,2324,0.0,AML,0.0,0.0,0.0237889619977945,0.03155339805825241,2395,0
PCDH11Y,1173,0.1954836301314114,0.2436974787868088,0.0220275185829511,0.3046546101393418,0.005138,24,4,LYS,Q9BZA8,-9.966,0.023,0.3758404591090938,Non-essential,64.3,46.0,40.1,0.2359646497559563,1409,0.2220660256851038,1415,0.2339637172770263,1897,0.8304,Pheochromocytoma,5.358,0.347,0.1288960163692818,0.20873786407766992,1957,0
AMN,1423,0.168755858636553,0.3697478988489514,0.0220275185829511,0.0474948117402905,0.000801,19,7,LYS,Q9BXJ7,0.732,0.554,-0.0135289552069191,Non-essential,80.5,26.0,16.6,0.2357923471779434,1410,0.2218937231070909,1417,0.8047509596871149,67,0.8849,Pancreatic,5.143,0.927,0.906668889523822,0.9898867313915858,26,0
CD79A,1328,0.1795770553113202,0.4453781508862369,0.0018472244187885,0.0029054254372961,4.9e-05,5,1,SER,P11912,1.334,0.649,0.1493015289089561,Non-essential,77.1,36.3,9.7,0.235770515274204,1411,0.2208628764951434,1425,0.7886107414890787,86,1.1271,Thymoma,6.6,0.966,0.8139610059339003,0.9728964401294499,68,0
SLC1A3,1466,0.1649053335148576,0.2184873947743803,0.0331678000948916,0.2252001185887933,0.003798,25,3,LYS,P43003,2.257,0.869,0.0423915033297631,Non-essential,82.0,20.3,6.8,0.2357625678419543,1412,0.2224209578466989,1411,0.5697630658575491,563,0.7055,AML,4.412,0.89,0.816935902077672,0.8847087378640777,286,0
OR2B6,1633,0.1481226206946064,0.3277310921615705,0.0345911750751225,0.0221761043581381,0.000374,20,7,TYR,P58173,-4.035,0.048,-0.0936073752941122,Non-essential,88.0,8.3,3.2,0.2355977021148648,1413,0.2223272608686209,1413,0.379796780171737,1373,0.7466,Cervical,8.611,0.194,0.2877794467806466,0.4049352750809061,1472,0
ACP2,1597,0.1514345827404616,0.3361344534990467,0.0120132848331488,0.0445893863029943,0.000752,14,2,LYS,P11117,5.028,1.0,0.0471872676173557,Non-essential,91.6,11.3,2.1,0.2354977265087021,1414,0.2210983907503595,1424,0.3669509424534751,1427,0.4394,Sarcoma,2.485,1.0,0.2777339439851824,0.38592233009708743,1519,0
TNFRSF18,1291,0.1831288527425863,0.3865546215239037,0.0060224576941325,0.0890008894159501,0.001501,3,6,CYS,Q9Y5U5,1.401,0.736,0.0028173290613986,Non-essential,74.4,38.6,20.7,0.2354499543108869,1415,0.2207510771955935,1430,0.5781767119008128,544,0.7573,Pancreatic,4.657,0.876,0.3666946552490426,0.6423948220064725,885,0
TMEM87B,1327,0.1796340114220337,0.3277310921615705,0.1178681005851652,0.0439371479395197,0.000741,37,9,LYS,Q96K49,3.489,0.994,-0.0149364559383467,Non-essential,73.9,34.8,17.1,0.2353571943877209,1416,0.2262505994169791,1373,0.5391403540011104,664,0.5057,Sarcoma,2.872,0.996,0.4830707622428062,0.6966019417475728,751,0
GML,1284,0.1839362031693943,0.2605042014617612,0.0097485370868258,0.2560332048621405,0.004318,3,3,LYS,Q99445,-9.966,0.0,-0.1010659676164533,Non-essential,76.3,37.3,2.5,0.235321905998858,1417,0.2208093328531992,1427,0.1620700672026367,2052,0.0,AML,0.0,0.0,0.1443927360929142,0.18770226537216828,2009,0
TRABD2A,1243,0.1873181170825928,0.2773109241367135,0.1023185196900205,0.1523273050696709,0.002569,27,11,LYS,Q86V40,0.24,0.553,-0.0017231877862416,Non-essential,68.8,40.4,34.3,0.2353202796377725,1418,0.2254362056222736,1384,0.7038762883811239,218,0.7353,Stomach,4.44,0.937,0.7827579129400255,0.9433656957928802,141,0
PCDH17,1218,0.1908512231242806,0.3193277308240944,0.0118235015024513,0.1985769344796916,0.003349,12,3,LYS,O14917,0.567,0.624,0.0451558279268551,Non-essential,67.7,44.1,40.5,0.2352648147839687,1419,0.2208559898590913,1426,0.4123533738301773,1213,0.6514,Kidney Clear Cell,3.833,0.915,0.2682732331914759,0.42435275080906154,1424,0
OR7A5,1587,0.1526087129344089,0.3109243694866181,0.0528609837102641,0.0412689000889415,0.000696,11,8,TYR,Q15622,-5.574,0.065,0.1374096083511715,Non-essential,85.9,12.2,5.0,0.2351560002701177,1420,0.2227990494556309,1408,0.4112687744250514,1220,0.9794,Uveal Melanoma,8.849,0.367,0.5368554863705024,0.6067961165048543,973,0
CD276,1536,0.157282783640842,0.3865546215239037,0.0042448204965997,0.004624962941002,7.8e-05,15,2,SER,Q5ZPR3,6.0,1.0,-0.1997109600566277,Non-essential,83.3,17.4,10.7,0.2351115633927667,1421,0.2203238044175967,1435,0.7477286506594161,135,0.8525,Sarcoma,4.822,1.0,0.7968978712259979,0.9599514563106796,100,1
SSTR2,1458,0.1656407387141932,0.2436974787868088,0.0762422900521904,0.1509635339460421,0.002546,15,13,LYS,P30874,-1.732,0.23,-0.1001827626905446,Non-essential,81.3,22.0,11.7,0.2350955735749412,1422,0.2239076880775507,1400,0.2960438532206964,1712,0.2849,Pheochromocytoma,1.862,0.824,0.330210856007154,0.36690938511326865,1566,1
SLC1A7,1382,0.1732360131980963,0.2184873947743803,0.037634034477305,0.2485028164838422,0.004191,23,4,LYS,O00341,-2.114,0.183,-0.0373877526960298,Non-essential,77.4,28.0,15.0,0.2350048009113199,1423,0.2218865026351851,1418,0.2686079189835512,1794,0.1562,Pancreatic,2.199,0.395,0.2551738789770006,0.29085760517799353,1754,0
CLEC9A,1498,0.1612044745858145,0.2605042014617612,0.0073825715641309,0.1826267417729024,0.00308,6,5,LYS,Q6UXN8,-2.315,0.141,0.1403733791788182,Non-essential,84.1,18.7,11.2,0.2349787988458747,1424,0.2203479274240812,1434,0.283082058960344,1750,0.7448,Thymoma,3.853,0.864,0.2803038493488916,0.3191747572815534,1684,0
ERVFC1,843,0.2268512342426872,0.2605042014617612,0.0770204017080499,0.3318114438185591,0.005596,28,6,LYS,P60507,-9.966,0.005,,No data,65.2,58.6,22.3,0.2347844318932686,1425,0.2386354519786711,1230,0.1593357723320674,2059,0.0,AML,0.0,0.0,0.0490756677583497,0.1488673139158576,2105,0
GABRD,1483,0.16288073992148,0.3781512601864275,0.00297959829195,0.0357545211977468,0.000603,16,1,TYR,O14764,0.099,0.519,-0.0612941140562545,Non-essential,79.2,22.3,17.7,0.2347364709376738,1426,0.2198854508522713,1438,0.716783618570537,189,1.0769,Cholangiocarcinoma,5.586,0.944,0.6818938483082704,0.9134304207119741,215,0
SLC1A6,1433,0.1682532837787084,0.2436974787868088,0.0222173019136485,0.2136970056329676,0.003604,29,1,LYS,P48664,-5.574,0.143,-0.0122907634754699,Non-essential,80.2,24.6,10.3,0.2346726944620371,1427,0.2207835595577195,1428,0.63223445447689,393,1.7425,Bladder,9.267,0.461,0.6729327550511495,0.8632686084142395,339,0
GPR176,1185,0.1944952829368624,0.2605042014617612,0.1505487901312668,0.1504298843759264,0.002537,14,18,LYS,Q14439,1.911,0.871,-0.0228645506774901,Non-essential,66.5,46.8,32.8,0.2346211391384147,1428,0.227148578644978,1364,0.5529834952016818,615,0.7517,Pheochromocytoma,4.209,0.994,0.524755637536458,0.73584142394822,654,0
PCDHB3,1523,0.1590220648888327,0.252100840124285,0.0135062470346354,0.1804328490957604,0.003043,14,2,LYS,Q9Y5E6,-1.117,0.284,-0.00955818000709,Non-essential,81.7,17.6,15.3,0.2341200680760987,1429,0.2197953804278304,1441,0.3248817414209749,1610,0.2699,Pheochromocytoma,2.46,0.591,0.2501728524027806,0.3276699029126213,1663,0
CSF3R,1348,0.1765553581120133,0.2436974787868088,0.0426569666297643,0.2209309220278683,0.003726,24,7,LYS,Q99062,2.278,0.905,-0.1055361907021585,Non-essential,73.7,32.2,23.4,0.2339910897397912,1430,0.2211239380712794,1423,0.729320191904367,175,0.5243,AML,2.966,1.0,0.7575634747537081,0.94457928802589,138,0
PDCD1LG2,1525,0.1588381206406106,0.2941176468116659,0.010235647635616,0.127067892084198,0.002143,7,2,LYS,Q9BQ51,0.139,0.533,0.1019913340586464,Non-essential,86.4,18.3,4.8,0.2339670613140365,1431,0.2194788436958173,1445,0.3040293305732178,1676,0.7747,Glioblastoma,4.864,0.843,0.2715855896513806,0.33009708737864074,1657,0
TM9SF1,1564,0.1549400898862641,0.3193277308240944,0.0834034477305076,0.0072932107915801,0.000123,33,8,TYR,O15321,5.057,1.0,-0.0910534078082214,Non-essential,84.2,15.5,7.8,0.2339388704189549,1432,0.2231090428054803,1404,0.4058502079498338,1249,0.3787,Glioblastoma,2.142,1.0,0.2664531210437673,0.415453074433657,1446,0
TMEM150B,1658,0.1458045766811426,0.3361344534990467,0.0319658390004744,0.0058701452712718,9.9e-05,7,4,TYR,A6NC51,0.276,0.553,0.0680331767959267,Non-essential,93.0,8.2,0.4,0.2339060547926029,1433,0.2205043467426266,1432,0.4683624936289876,950,0.7212,Pancreatic,4.676,0.831,0.4032353878811646,0.5772653721682848,1046,0
HLA-DMA,1556,0.1553533478654381,0.3781512601864275,0.0052823027044124,0.0083605099318114,0.000141,12,2,TYR,P28067,5.986,1.0,-0.1106432410619033,Non-essential,88.3,16.9,2.7,0.2338636442243055,1434,0.2191277593595262,1450,0.7549210390054558,125,0.7808,AML,4.417,1.0,0.7442606773340353,0.9498381877022654,125,0
GPR142,1133,0.1989627881680245,0.2605042014617612,0.0382539933575834,0.2776163652534835,0.004682,24,10,LYS,Q7Z601,-6.506,0.007,-0.0769517020410789,Non-essential,63.7,51.3,37.9,0.2338440601643831,1435,0.2207567598322623,1429,0.1580490436809738,2062,0.0411,Pancreatic,0.992,0.124,0.1132077450149581,0.17839805825242716,2032,0
MPL,1339,0.177825810656524,0.2605042014617612,0.031776055669777,0.2136377112362881,0.003603,30,12,LYS,P40238,-4.293,0.001,-0.0669025869345004,Non-essential,72.7,33.7,23.0,0.2338299122381327,1436,0.2204187150216215,1433,0.5351001063715544,683,2.4647,AML,9.89,0.827,0.4989075663965449,0.7034789644012944,734,0
CLDN8,1467,0.1648488095158902,0.403361344198856,0.0104950181875691,0.0011858879335902,2e-05,8,1,SER,P56748,-4.035,0.305,0.0853548906027689,Non-essential,80.4,25.3,10.2,0.2337966969998894,1437,0.2193214479092678,1447,0.590034497359733,509,0.8464,Prostate,3.07,0.994,0.5088683843787694,0.7504045307443366,618,0
ICAM1,1631,0.1483944940327009,0.3697478988489514,0.0016511149770678,0.0,0.0,11,0,,P05362,4.656,0.996,0.0496684861323534,Non-essential,88.4,11.1,6.2,0.2337245433413999,1438,0.2188070990902533,1454,0.5223542062404677,733,0.6383,Pancreatic,3.611,1.0,0.5374588911577053,0.7200647249190939,693,0
OR1D2,1898,0.1273959532880089,0.2605042014617612,0.0212810374822078,0.0560332048621405,0.000945,13,7,CYS,P34982,-9.966,0.0,-0.4283490362205984,Context-dependent,86.3,11.9,2.6,0.2336050310977035,1439,0.1996690829718138,1730,0.0744767996554405,2194,0.0,AML,0.0,0.0,0.0782726240402648,0.14401294498381878,2117,0
TMPRSS5,1447,0.1666722177285778,0.2352941174493327,0.0225778902419737,0.2192706789208419,0.003698,18,4,LYS,Q9H3S3,-2.315,0.132,0.0497646509986883,Non-essential,79.3,24.3,17.7,0.2335150833979703,1440,0.219643977910069,1444,0.464983121045798,976,0.2,Low Grade Glioma,1.116,0.998,0.6127989332125298,0.7119741100323624,713,0
MXRA8,1321,0.1804798469889854,0.1932773107619518,0.0180736991934208,0.3258227097539282,0.005495,20,5,LYS,Q9BRK3,5.374,0.997,0.0245072113152039,Non-essential,75.8,35.3,21.0,0.2333211610035203,1441,0.2192248459631914,1448,0.6703944808209075,290,0.7116,Pancreatic,4.026,1.0,0.7090615616354864,0.9033171521035599,240,0
TNFRSF10D,967,0.2157197785311567,0.2268907561118565,0.0045674521587853,0.4119774681292618,0.006948,5,2,LYS,Q9UBN6,0.979,0.711,0.0319020095711657,Non-essential,61.0,65.3,52.8,0.2332479947111615,1442,0.2184763673191008,1462,0.273957643026339,1779,0.9472,AML,5.304,0.994,0.2244416325229868,0.27508090614886727,1793,0
CD82,1668,0.1446083990158661,0.352941176173999,0.0104317570773367,0.0010080047435517,1.7e-05,12,1,TYR,P27701,5.51,0.998,-0.0451337384464765,Non-essential,88.3,8.2,0.4,0.2331893521161217,1443,0.2187109399699885,1456,0.5302308680421317,706,0.5661,Pancreatic,3.202,1.0,0.5675827673013508,0.7455501618122977,630,0
BTN2A2,1585,0.1527609223488986,0.2689075627992374,0.013215245927566,0.1374444115031129,0.002318,17,4,LYS,Q8WVV5,2.703,0.987,0.0922280297012707,Non-essential,86.0,13.6,6.9,0.2331825613374028,1444,0.2188433236337811,1453,0.2366238117804134,1892,0.4872,Sarcoma,2.789,0.988,0.1452772380582101,0.21601941747572817,1939,0
GJB4,1456,0.165927775999375,0.3949579828613799,0.0158089514470979,0.0106729914023124,0.00018,10,2,TYR,Q9NTQ9,-3.458,0.274,-0.0681585021305277,Non-essential,78.1,26.7,15.4,0.2331557797138355,1445,0.2189462272861904,1451,0.8129819176250135,59,2.881,Head&Neck,8.164,0.934,0.6562409681140388,0.9259708737864077,184,0
SLC16A5,1488,0.1623747901209979,0.2605042014617612,0.1504475723548948,0.0434627927660836,0.000733,13,12,CYS,O15375,2.462,0.848,-0.214006790785905,Non-essential,80.5,21.6,18.2,0.233054061791861,1446,0.2255764404096057,1383,0.6283160209987632,404,0.5274,Pancreatic,3.07,0.972,0.7867413230501678,0.9073624595469256,230,0
CLEC1A,1485,0.1625109513684575,0.1932773107619518,0.0022331171912067,0.2817669730210494,0.004752,7,5,LYS,Q8NC01,0.423,0.647,-0.0288152266257413,Non-essential,84.2,20.7,15.7,0.2329470813197471,1447,0.2180587371793075,1466,0.1971422841335798,1987,0.5089,Thymoma,2.907,0.975,0.1752900608458581,0.2139967637540453,1944,0
BCAN,1248,0.1869888040442881,0.2352941174493327,0.0436944488375771,0.2658760747109398,0.004484,34,8,LYS,Q96GW7,-3.047,0.188,-0.1987409098618854,Non-essential,68.9,41.8,37.2,0.2329455719943957,1448,0.2201302944362745,1436,0.6583142916145246,324,1.4449,Uveal Melanoma,7.646,1.0,0.7705222308596033,0.919093851132686,201,0
IFNLR1,1095,0.2032266565230004,0.352941176173999,0.0148979914597501,0.1919359620515861,0.003237,13,3,LYS,Q8IU57,1.043,0.758,-0.2015588405093351,Non-essential,64.2,57.3,45.6,0.2329379000387337,1449,0.2186827996117212,1457,0.4752340281209923,920,0.6209,Cervical,4.048,0.84,0.439112340591518,0.6063915857605178,974,0
RHCG,1639,0.1474409830400546,0.2184873947743803,0.0147398386841689,0.1854135784168396,0.003127,15,6,LYS,Q9UBD6,-1.732,0.327,-0.0452143031241502,Non-essential,92.3,8.6,3.5,0.2329089424462852,1450,0.2186459343804937,1458,0.6792305920064183,264,1.2413,Head&Neck,7.322,0.959,0.7691163880842289,0.9292071197411003,176,0
SLC22A5,1647,0.146772378273905,0.2689075627992374,0.0852190415941799,0.045478802253187,0.000767,21,10,TYR,O76082,2.816,0.987,-0.1336501835840983,Non-essential,86.5,9.0,5.2,0.2327921079415748,1451,0.2220530600212838,1416,0.3113882521475286,1657,0.2792,AML,1.598,0.988,0.3168296363822336,0.36933656957928807,1560,0
FGFR4,1372,0.1747596624684925,0.302521008149142,0.0463514154673414,0.1328194485621108,0.00224,35,5,CYS,P22455,1.644,0.748,0.0019160348273239,Non-essential,73.6,32.9,24.4,0.2327750688595627,1452,0.2200926396329298,1437,0.6136998907708404,444,0.4113,Stomach,2.367,0.983,0.5009783598936447,0.7564724919093851,603,0
OR4N2,2097,0.1164373084336405,0.2605042014617612,0.0380578839158627,0.0027275422472576,4.6e-05,15,5,TYR,Q8NGD1,-9.966,0.03,-0.3210554805506376,Context-dependent,87.5,3.6,2.0,0.2327728270523964,1453,0.1996757212481896,1728,0.3858738772051477,1346,2.6505,Low Grade Glioma,8.718,0.43,0.190434769541416,0.35477346278317157,1596,0
LILRB1,1326,0.1799578539199166,0.2941176468116659,0.0177826980863514,0.1899199525644826,0.003203,19,3,LYS,Q8NHL6,1.138,0.747,0.0718895942570695,Non-essential,73.4,37.2,31.5,0.2326668390467915,1454,0.2185559739511091,1460,0.5959637073309816,488,0.7731,AML,4.406,0.977,0.7513140252367188,0.883495145631068,289,0
GABRG1,1425,0.1686235027828603,0.2268907561118565,0.0093942748695239,0.2501630595908686,0.004219,17,5,LYS,Q8N1C3,-9.966,0.054,0.101285358933287,Non-essential,78.6,26.7,22.6,0.2326010982542479,1455,0.218070811997724,1465,0.21425550782628,1946,0.0099,Kidney Clear Cell,2.663,0.01,0.1748699893138403,0.21885113268608414,1932,0
LAYN,1153,0.1970090710417869,0.252100840124285,0.0124687648268227,0.3080936851467536,0.005196,10,3,LYS,Q6UX15,2.284,0.922,-0.0450095845956094,Non-essential,68.5,50.8,35.3,0.2325759065368938,1456,0.2181993447782349,1464,0.3167829357770088,1638,0.6479,Pancreatic,3.691,0.977,0.2007995609089346,0.2920711974110033,1751,0
CXCR5,1452,0.1661744225993909,0.3109243694866181,0.0616732563656492,0.077675659650163,0.00131,14,7,LYS,P32302,1.692,0.866,0.0692289928016623,Non-essential,81.1,26.1,10.2,0.2325607583242694,1457,0.2206444211425518,1431,0.518160665498144,749,0.5451,Pancreatic,3.173,0.972,0.5775211463092463,0.7443365695792881,633,0
PCDHGC4,1384,0.1731049564963324,0.2436974787868088,0.0108176498497548,0.2412689000889415,0.004069,15,5,LYS,Q9Y5F7,-3.308,0.103,0.0205265150365623,Non-essential,75.0,30.8,26.4,0.2325157550600571,1458,0.2180566375525449,1467,0.3548312835466194,1485,0.5835,AML,9.347,0.312,0.2431258213667517,0.3535598705501618,1599,0
CADM4,1811,0.1327516653182115,0.3277310921615705,0.0026253360746481,0.0029054254372961,4.9e-05,7,1,SER,Q8NFZ8,3.779,0.973,-0.3152195922148757,Context-dependent,85.3,18.6,13.9,0.2324885726345357,1459,0.1976198394382681,1768,0.4612636964666746,992,0.4401,Cholangiocarcinoma,2.489,1.0,0.5899688757596983,0.6974110032362459,749,0
PCDHB16,1567,0.1547059719255504,0.2689075627992374,0.0089071643207338,0.1482359916987844,0.0025,22,2,LYS,Q9NRJ7,0.252,0.546,-0.0321736538410952,Non-essential,82.6,16.0,13.4,0.2324034359846126,1460,0.2178487942006493,1472,0.3303782859436924,1589,0.5567,Cholangiocarcinoma,4.497,0.667,0.3078126732806047,0.37702265372168287,1541,0
ITGB7,1594,0.1516528158454408,0.352941176173999,0.028695239601455,0.0062259116513489,0.000105,26,12,SER,P26010,1.945,0.84,-0.1046214175371983,Non-essential,83.0,14.9,6.3,0.2323596994741006,1461,0.2187944614541734,1455,0.5812510010409624,538,0.5075,Pancreatic,3.043,0.944,0.6906513894015481,0.8442556634304207,386,0
EFNA3,1285,0.1838707909187963,0.4453781508862369,0.0035299699509726,0.0155351319300326,0.000262,6,4,TYR,P52797,2.749,0.966,-0.224859424802504,Non-essential,73.2,43.3,22.3,0.2323486282804342,1462,0.2175251267779828,1479,0.7405964460100622,152,0.6974,Colorectal,3.945,1.0,0.7210047616374111,0.9340614886731392,164,0
OR6P1,1619,0.1495998805313554,0.2605042014617612,0.0260382729716906,0.1252890601838126,0.002113,14,10,LYS,Q8NGX9,-9.966,0.0,-0.020561250277794,Non-essential,85.6,11.7,6.0,0.2323083038004922,1463,0.2186102174490767,1459,0.0424643948394319,2338,0.0,AML,0.0,0.0,0.0319311346232733,0.059061488673139206,2327,0
OR10W1,1673,0.1441638146934755,0.2605042014617612,0.0812652222046496,0.051941891491254,0.000876,11,15,CYS,Q8NGF6,-9.966,0.0,0.0487348870809851,Non-essential,85.9,7.2,0.7,0.2322782489355923,1464,0.2213415100458247,1422,0.0590745760562221,2247,0.0,AML,0.0,0.0,0.0498273811075982,0.11569579288025889,2187,0
IL6ST,1362,0.1753699248986669,0.2268907561118565,0.0152206231219357,0.266824785057812,0.0045,25,4,LYS,P40189,4.487,0.998,-0.1177724558250302,Non-essential,74.6,32.8,28.4,0.2321231166840867,1465,0.2178841478401834,1471,0.4121961553434448,1215,0.3145,Kidney Clear Cell,1.779,1.0,0.5678308214995433,0.6326860841423948,909,0
SLC22A1,1635,0.1480585947102898,0.252100840124285,0.1053930096473193,0.0520011858879335,0.000877,30,13,TYR,O15245,-1.355,0.185,0.0849573013737162,Non-essential,84.2,10.5,5.1,0.232083842927313,1466,0.2223534934096789,1412,0.5177287333026253,751,0.07,Esophageal,1.007,0.393,0.4713475045154584,0.6703074433656958,816,0
ADRB2,1400,0.1714443375856153,0.2184873947743803,0.0661711213031788,0.2139934776163652,0.003609,11,8,LYS,P07550,-0.357,0.433,-0.0047498863153988,Non-essential,79.1,30.0,21.1,0.2315117379009191,1467,0.219820293966078,1440,0.4523908888679109,1030,0.8944,AML,5.19,0.96,0.6151612532878692,0.7026699029126213,736,0
ENPP4,1638,0.1476597195792078,0.2436974787868088,0.0090716432073382,0.1581974503409427,0.002668,14,4,LYS,Q9Y6X5,2.542,0.879,0.1190480475584016,Non-essential,92.3,10.6,6.0,0.2315113909624533,1468,0.2169649731228202,1483,0.3223814591917759,1621,0.9151,AML,5.509,0.925,0.2375293188477051,0.31715210355987056,1689,0
TMX4,1260,0.1861720724908458,0.2605042014617612,0.0060540882492487,0.267180551437889,0.004506,4,1,LYS,Q9H1E5,3.791,0.998,0.1180517232148246,Non-essential,72.4,43.0,24.4,0.2314851304334008,1469,0.2167878348458632,1486,0.5214219916953332,739,0.4922,Pheochromocytoma,2.784,1.0,0.5167386017652971,0.7046925566343042,731,0
ART4,1440,0.1676033511269508,0.2352941174493327,0.0112731298434287,0.2336792173139638,0.003941,11,9,LYS,Q93070,-3.383,0.136,0.0678844032049194,Non-essential,80.3,27.4,16.6,0.2311910278966145,1470,0.216754684388786,1487,0.2995551333891851,1691,0.2012,Pancreatic,1.562,0.644,0.39802572441486,0.41464401294498376,1448,0
PCDHB15,1542,0.1568772949454608,0.2184873947743803,0.0105582792978016,0.2210495108212273,0.003728,15,3,LYS,Q9Y5E8,-0.512,0.361,-0.0797432160536626,Non-essential,81.8,18.2,14.1,0.2311725357007903,1471,0.2167004496656804,1489,0.2595966769352233,1822,0.1789,Kidney Clear Cell,1.227,0.799,0.1749723226212342,0.23988673139158578,1880,0
PCDHB4,1550,0.1560031163807194,0.2100840334369042,0.0160619958880278,0.2238363474651645,0.003775,17,3,LYS,Q9Y5E5,-0.472,0.399,-0.0540445410709612,Non-essential,82.5,17.4,14.0,0.2311039975412145,1472,0.2169070973356159,1484,0.2530172854772616,1839,0.3357,Kidney Clear Cell,2.263,0.799,0.1789615904855914,0.23867313915857602,1883,0
TAS1R3,1659,0.1457436177259859,0.2605042014617612,0.0734271706468448,0.0650459531574266,0.001097,37,11,LYS,Q7RTX0,-1.732,0.172,-0.0013150500986069,Non-essential,87.0,9.7,4.8,0.2310947514626842,1473,0.2197661099950265,1442,0.2341587501171987,1896,0.0809,Lung Adeno,0.982,0.459,0.2545524954792951,0.27346278317152106,1797,0
LILRA4,1586,0.1527117049902853,0.352941176173999,0.0343001739680531,0.0041506077675659,7e-05,17,1,SER,P59901,-1.248,0.302,-0.040085382327088,Non-essential,83.1,17.4,14.2,0.2307421070948044,1474,0.217457115793207,1480,0.7197690245080531,182,1.7261,Kidney Papillary,10.312,0.555,0.7341515100710546,0.9336569579288025,165,0
LRRC4,1393,0.1722481950367876,0.2605042014617612,0.0804238494385576,0.1463978654017195,0.002469,17,9,LYS,Q9HBW1,-0.199,0.464,0.0583433217107962,Non-essential,76.5,32.2,26.8,0.2306818992216857,1475,0.2197030916936135,1443,0.5140173382733549,770,0.5163,AML,3.07,0.936,0.6686966639294895,0.7888349514563107,523,0
SSPN,1368,0.1750429645946279,0.2352941174493327,0.0195287047287679,0.2502223539875481,0.00422,6,7,LYS,Q14714,2.651,0.901,-0.0265188207200574,Non-essential,74.1,34.2,27.6,0.2305907057863454,1476,0.2165671410227838,1493,0.3732661147566631,1400,0.628,Cholangiocarcinoma,4.06,0.861,0.6435482866181632,0.6415857605177994,887,0
GDPD2,1708,0.1411001608973565,0.2605042014617612,0.0226095207970899,0.1003854135784168,0.001693,30,4,CYS,Q9HCC8,-3.626,0.249,-0.0057296900452216,Non-essential,90.4,6.5,1.9,0.2304252041054931,1477,0.2165556801453476,1494,0.5669447470617296,575,1.7167,Testicular,6.453,0.959,0.7027454483479332,0.8422330097087378,391,0
TMEFF2,1191,0.1941325454170662,0.1848739494244757,0.0124687648268227,0.3881411206640972,0.006546,11,4,LYS,Q9UIK5,-5.574,0.168,0.014695989861323,Non-essential,69.0,49.5,23.3,0.2303583536712964,1478,0.2159817919126375,1500,0.3685387121124761,1419,0.8218,Prostate,3.409,0.994,0.3186605982828076,0.4194983818770227,1436,0
P2RY2,1442,0.1672104845754197,0.2941176468116659,0.0537972481417048,0.1114141713608063,0.001879,14,12,LYS,P41231,0.994,0.616,-0.1100464782147654,Non-essential,78.9,28.9,20.2,0.2303440312597108,1479,0.2180338936667961,1468,0.6014385920553796,473,0.9521,AML,5.525,0.96,0.7250630596238257,0.8709546925566343,320,0
BDKRB1,1561,0.1550876685169034,0.252100840124285,0.0484200537719436,0.1324043877853543,0.002233,14,3,LYS,P46663,-0.664,0.395,0.1395024205627642,Non-essential,85.1,18.1,8.5,0.2303414044328242,1480,0.2177624071214214,1476,0.3768214926422994,1381,0.9539,Mesothelioma,4.94,0.966,0.3184412388310773,0.42758899676375406,1416,0
RNF128,1392,0.1723288035648821,0.403361344198856,0.0269492329590384,0.0096649866587607,0.000163,14,3,LYS,Q8TEB7,2.055,0.674,-0.0001540110254724,Non-essential,75.5,35.0,27.1,0.2303300253740493,1481,0.2166774870220012,1490,0.7438435863556785,147,1.212,Esophageal,6.818,0.871,0.5787937155115339,0.8644822006472492,336,0
CD47,1624,0.149382690152833,0.3697478988489514,0.0034034477305076,0.0015416543136673,2.6e-05,13,1,SER,Q08722,6.316,1.0,0.0362748122216109,Non-essential,86.3,15.5,6.5,0.2301480401081767,1482,0.215318212494702,1503,0.5044237055206348,803,0.5135,Sarcoma,2.905,1.0,0.4716974165870323,0.6605987055016181,840,0
CNR2,1573,0.1540938770783347,0.2689075627992374,0.0425620749644156,0.1125407648977171,0.001898,11,10,LYS,P34972,-5.574,0.031,0.0330047953771054,Non-essential,84.5,17.8,11.4,0.2300933569452662,1483,0.217221460693487,1481,0.4034353122341222,1260,1.3987,AML,5.578,0.561,0.3337472271613251,0.45590614886731395,1346,0
OR6C1,1733,0.1382258976991604,0.2605042014617612,0.0422014866360904,0.071212570412096,0.001201,12,6,LYS,Q96RD1,-9.966,0.0,-0.0025393162862945,Non-essential,90.4,4.5,1.0,0.230029984773663,1484,0.2171400591054675,1482,0.042464519686359,2337,0.0,AML,0.0,0.0,0.0252583923328828,0.035598705501618144,2385,0
SLITRK6,1311,0.1811750669793478,0.3109243694866181,0.0706436817966155,0.1187073821523865,0.002002,30,10,LYS,Q9H5Y7,-1.552,0.362,0.0966976676205671,Non-essential,67.6,41.4,34.5,0.2297612953075668,1485,0.2182934793973976,1463,0.5324022501532109,696,0.7406,Head&Neck,4.489,0.68,0.5058536658417,0.7067152103559871,726,0
TMEM116,1404,0.1709591260840892,0.2689075627992374,0.0829479677368337,0.1283723688111473,0.002165,9,11,LYS,Q8NCL8,2.941,0.997,-0.0129092900979341,Non-essential,73.6,32.2,15.5,0.2297477311167283,1486,0.21889512950357,1452,0.5286227063889538,711,0.3627,Kidney Chromophobe,2.052,1.0,0.5103502853506215,0.7075242718446602,724,0
ITGA11,1669,0.1444585498053409,0.302521008149142,0.064292266329274,0.0138748888230062,0.000234,64,13,CYS,Q9UKX5,1.125,0.689,-0.1176457481843052,Non-essential,85.3,10.7,4.3,0.2297241416402697,1487,0.2179387549567334,1470,0.5396158558237357,662,0.8222,Pancreatic,4.802,0.938,0.6338720857061992,0.7924757281553398,514,0
ADIPOR2,1502,0.1605518234675915,0.2689075627992374,0.0618946702514629,0.1147346575748591,0.001935,12,14,LYS,Q86V24,4.792,1.0,0.0733957859110926,Non-essential,82.5,23.6,19.2,0.2296749789363136,1488,0.2177697124488867,1475,0.4943700822559609,851,0.3342,Kidney Chromophobe,1.891,1.0,0.5182639342169828,0.6812297734627832,789,0
HEPACAM,1263,0.1859874038336234,0.2184873947743803,0.0014550055353471,0.3271864808775571,0.005518,5,2,LYS,Q14CZ8,-6.506,0.091,0.0847122150026085,Non-essential,72.6,44.2,30.0,0.2294309597742592,1489,0.2145037100510265,1510,0.3630746977599639,1444,0.477,Low Grade Glioma,1.656,0.998,0.2266990047711508,0.35315533980582525,1600,0
GLDN,1237,0.1883604407048097,0.201680672099428,0.04819863988613,0.3107619329973317,0.005241,16,14,LYS,Q6ZMI3,-0.664,0.362,-0.0435698995066586,Non-essential,72.7,45.9,27.6,0.2294283784556652,1490,0.2168383104499717,1485,0.4093243826600871,1229,0.7443,Kidney Chromophobe,5.096,0.8,0.4606530750813858,0.5558252427184466,1099,0
SLC2A5,1718,0.1395987709291269,0.2689075627992374,0.0825937055195318,0.0241921138452416,0.000408,16,11,TYR,P22732,0.964,0.683,-0.0240203661986522,Non-essential,90.6,6.4,2.2,0.2294141018209264,1491,0.218543787096903,1461,0.5462720889246279,641,1.0181,AML,5.826,0.988,0.6764467819203265,0.8211974110032363,443,0
DLL3,1267,0.1854298076783714,0.352941176173999,0.0295745690336865,0.1179365549955529,0.001989,18,10,LYS,Q9NYJ7,-2.727,0.225,-0.0624363632910149,Non-essential,65.2,46.0,27.5,0.2294071926682095,1492,0.2158859211198938,1501,0.6691454656811248,293,3.4356,Uterine Carcinosarcoma,11.156,0.754,0.6375217547139865,0.8661003236245954,332,1
LYPD8,1469,0.164719498181763,0.2941176468116659,0.0079013126680373,0.1490068188556181,0.002513,8,6,LYS,Q6UX82,-4.035,0.159,-0.0329336984745169,Non-essential,79.3,27.8,11.0,0.2293682092649969,1493,0.2147632748983988,1507,0.7053113523010046,213,2.219,Mesothelioma,10.707,0.586,0.6333218584353041,0.8855177993527508,284,0
RXFP3,1346,0.1767582695748987,0.2605042014617612,0.1007939269334176,0.1410613697005633,0.002379,18,14,LYS,Q9NSD7,-9.966,0.005,0.0165104078036102,Non-essential,73.0,37.3,32.8,0.2293402946701116,1494,0.2193799910167825,1446,0.2498786349331059,1849,0.1878,Pheochromocytoma,1.066,0.176,0.1207098109921652,0.21440129449838186,1943,0
TMC7,1512,0.159901520302781,0.3109243694866181,0.0721303178870789,0.0463089238067002,0.000781,30,10,TYR,Q7Z402,0.288,0.573,0.031288113724768,Non-essential,77.4,24.2,12.4,0.2292333397437611,1495,0.217839855638115,1473,0.6019566716392789,471,0.7796,Pancreatic,4.637,0.921,0.6349504105968496,0.8337378640776699,412,0
DRD2,1334,0.1791102389772107,0.2436974787868088,0.0718076862248932,0.2002964719833975,0.003378,16,12,LYS,P14416,-3.047,0.156,0.0276963836764905,Non-essential,72.5,39.1,26.4,0.2292201571274557,1496,0.2178105414387004,1474,0.7880920471986381,87,1.9316,Pheochromocytoma,9.317,0.994,0.802370710148825,0.9704692556634305,74,0
OR10G6,1642,0.1469643600368797,0.2605042014617612,0.0332626917602403,0.1092795730803439,0.001843,9,8,CYS,Q8NH81,-9.966,0.0,0.0356975900487808,Non-essential,85.4,12.7,6.6,0.2291120367217624,1497,0.2157751713097744,1502,0.0560457102823912,2259,0.0,AML,0.0,0.0,0.0320033074778237,0.08292880258899671,2268,0
TAAR8,1749,0.1367837728235481,0.2605042014617612,0.0736232800885655,0.0349836940409131,0.00059,16,16,TYR,Q969N4,-9.966,0.0,0.1011872459110233,Non-essential,91.2,4.4,1.5,0.228928214043986,1498,0.2176093780484143,1477,0.0510209037112529,2273,0.0,AML,0.0,0.0,0.0573605008823613,0.11407766990291257,2191,0
KIAA1549L,864,0.2250172541885453,0.302521008149142,0.0738826506405187,0.2728135191224429,0.004601,24,11,LYS,Q6ZVL6,-1.685,0.311,0.0766223388592655,Non-essential,44.3,78.7,75.0,0.2288563952929401,1499,0.217550527824966,1478,0.482290915855666,897,0.7605,Melanoma,3.142,0.873,0.4321955795538039,0.6059870550161812,975,0
SLCO3A1,1430,0.1683424591583419,0.2268907561118565,0.1223027044124624,0.1363178179662021,0.002299,21,11,LYS,Q9UIG8,3.612,0.98,0.0290571450350897,Non-essential,75.5,30.3,21.1,0.2287668952338158,1500,0.219882030454439,1439,0.6261700995331763,411,0.6975,AML,3.945,1.0,0.5076139158468195,0.7677993527508091,575,0
RNF43,1025,0.2109186472052951,0.4705882348986654,0.0134113553692867,0.0621998221168099,0.001049,15,5,LYS,Q68DV7,2.491,0.82,0.044748576703596,Non-essential,55.5,69.9,59.6,0.228708676586057,1501,0.2143792443545213,1512,0.6133515730077872,447,0.9855,Esophageal,5.368,0.989,0.4385446386006141,0.7148058252427185,706,0
OR7D2,1762,0.1357121389937831,0.2605042014617612,0.0580736991934208,0.0469611621701749,0.000792,11,8,TYR,Q96RA2,-5.574,0.013,0.0336886415812929,Non-essential,88.4,3.8,2.6,0.2286351858525153,1502,0.2165388708121864,1495,0.1434119852300358,2081,0.019,Low Grade Glioma,0.477,0.069,0.077416393593257,0.1610032362459547,2075,0
CD80,1610,0.1503341758897504,0.3361344534990467,0.0025937055195318,0.0503409427809072,0.000849,6,3,LYS,P33681,-1.214,0.25,0.0374145540455135,Non-essential,86.1,17.4,6.6,0.2284807207997761,1503,0.2136104060757526,1519,0.4104938836379644,1222,1.0062,DLBCL,3.765,1.0,0.2956872644265539,0.4401294498381877,1385,0
GRIN2C,1299,0.1821875749820065,0.2352941174493327,0.0903052348568717,0.2032611918173732,0.003428,40,17,LYS,Q14957,-2.635,0.163,-0.0427606487337621,Non-essential,67.5,42.3,31.1,0.2284445477758276,1504,0.2179598095186712,1469,0.4177237469464428,1186,0.3075,AML,2.973,0.566,0.5156067584192517,0.5995145631067962,991,0
TNFSF11,1446,0.166706464092963,0.4117647055363322,0.0034667088407401,0.0032018974206937,5.4e-05,12,2,SER,O14788,-1.938,0.222,0.0518459136252147,Non-essential,79.2,32.5,16.4,0.2282847985030747,1505,0.2134581339451117,1521,0.6682953932513983,298,2.3849,Pancreatic,6.169,0.864,0.354536839097023,0.6864886731391586,776,0
OR4F6,1746,0.1371522062422376,0.2605042014617612,0.0387411039063735,0.071093981618737,0.001199,16,6,LYS,Q8NGB9,-9.966,0.0,-0.0453846823722602,Non-essential,87.5,5.4,1.3,0.228235241892894,1506,0.2151722970882127,1505,0.0417483640889467,2352,0.0,AML,0.0,0.0,0.0338566723086133,0.06270226537216828,2318,0
TSPAN3,1675,0.1440691251557397,0.3193277308240944,0.0153851020085402,0.0390750074117995,0.000659,10,3,TYR,O60637,7.392,1.0,0.1335465063110955,Non-essential,87.0,12.3,2.4,0.2280797331435179,1507,0.2138489882439449,1516,0.6070997144240462,461,0.5123,Pancreatic,2.898,1.0,0.6195350211340731,0.8244336569579288,435,0
CD14,1608,0.1503751950803962,0.3697478988489514,0.0057630871421793,0.0024903646605395,4.2e-05,21,2,SER,P08571,5.423,0.999,0.0181977269828109,Non-essential,84.7,18.4,14.1,0.2280751275478126,1508,0.2133632819049216,1523,0.6911088113513136,245,0.9557,Sarcoma,5.406,1.0,0.7095909875539397,0.9130258899676376,216,0
PCDHGA5,1448,0.1665555455697058,0.2436974787868088,0.0218946702514629,0.2083605099318114,0.003514,16,8,LYS,Q9Y5G8,-1.552,0.165,-0.0071137851057144,Non-essential,74.9,29.9,25.9,0.2279579126212016,1509,0.2140526461337747,1514,0.2540576855871381,1835,0.1506,AML,3.422,0.237,0.2376821345661016,0.27427184466019416,1795,0
SGCB,1491,0.1619238729783463,0.2100840334369042,0.0611165585956033,0.1985176400830121,0.003348,7,4,LYS,Q16585,3.441,0.986,0.0621748067405923,Non-essential,76.4,25.5,7.9,0.2279379613725703,1510,0.2159937893023504,1498,0.4125811902668159,1212,0.5192,Pancreatic,2.891,1.0,0.3920914138925331,0.5093042071197411,1214,0
ADRA2A,1296,0.1825249335639985,0.201680672099428,0.0629005219041594,0.2766083605099317,0.004665,12,8,LYS,P08913,0.434,0.57,-0.010480620007985,Non-essential,70.2,42.6,34.4,0.2278654558383225,1511,0.2160104819335305,1497,0.3986654569735278,1275,0.4542,Cholangiocarcinoma,3.317,0.75,0.6169661733643979,0.6516990291262136,862,0
CLEC4G,1682,0.1435112326436445,0.2436974787868088,0.0015878538668353,0.1518529498962348,0.002561,4,3,LYS,Q6UXB4,-3.458,0.081,-0.0846101828517938,Non-essential,89.7,10.9,9.2,0.2277543185161506,1512,0.2128337112094923,1526,0.2574857668549642,1826,0.3416,AML,4.798,0.37,0.2299998868707852,0.27265372168284785,1799,0
SUCNR1,1712,0.1405331672950743,0.3277310921615705,0.0162897358848647,0.0151793655499555,0.000256,7,5,TYR,Q9BXA5,-1.283,0.267,0.0605269615082028,Non-essential,87.5,9.9,2.1,0.2276731576152547,1513,0.2134876444094979,1520,0.4488992541730083,1051,1.2755,AML,5.317,0.96,0.3833768942177563,0.5424757281553398,1132,0
MEP1B,1694,0.14210748501663,0.2605042014617612,0.0412652222046496,0.0850874592351022,0.001435,34,5,LYS,Q16820,-6.506,0.016,0.066401597080563,Non-essential,89.8,10.1,6.4,0.2276646408715543,1514,0.2147279019817868,1508,0.2624302439799353,1815,0.2003,Stomach,2.69,0.129,0.0766139698761353,0.2038834951456311,1969,0
SLC11A2,1622,0.1494883977340578,0.2689075627992374,0.0212810374822078,0.1184702045656685,0.001998,37,3,CYS,P49281,4.501,1.0,-0.1293712009891995,Non-essential,80.6,16.5,13.7,0.2275554574917022,1515,0.2136195093658125,1518,0.5217124282178421,735,0.3701,AML,2.093,1.0,0.4152691832552163,0.6383495145631068,895,0
NRG1,987,0.2142691316885128,0.2605042014617612,0.0032389688439032,0.363652534835458,0.006133,9,2,LYS,Q02297,0.402,0.558,0.1963058793976267,Non-essential,56.7,70.5,61.6,0.2273993464314567,1516,0.2125612948736518,1532,0.3380151974332469,1561,0.6842,Pheochromocytoma,4.046,0.926,0.1772840602045959,0.29490291262135926,1744,0
ERBB4,1408,0.1703382541146153,0.2184873947743803,0.0751731772892614,0.2013044767269493,0.003395,61,12,LYS,Q15303,-2.932,0.245,-0.0800502689882353,Non-essential,73.1,33.3,26.9,0.2272900016750857,1517,0.2160486605395488,1496,0.3535942975080664,1493,0.5187,Ovarian,3.161,0.752,0.3719527822780419,0.43446601941747576,1399,0
OR52E6,1623,0.1494702674626941,0.2605042014617612,0.0933797248141704,0.0575155647791283,0.00097,10,7,CYS,Q96RD3,-9.966,0.001,0.0837308206469488,Non-essential,80.9,16.9,3.5,0.2270002929099411,1518,0.2166692791506496,1491,0.2327806838653411,1901,0.0,AML,0.0,0.0,0.1289125904651587,0.20833333333333337,1958,0
CCKBR,1422,0.1687775408173286,0.252100840124285,0.0954167325636564,0.1310406166617254,0.00221,18,11,LYS,P32239,-4.608,0.109,0.010277786171936,Non-essential,75.7,32.9,25.3,0.2269496313498452,1519,0.216720467978028,1488,0.3725199118964425,1402,0.2652,Uterine Carcinosarcoma,2.667,0.298,0.6411761504097435,0.6383495145631068,895,1
CLEC12A,1546,0.1563861855589467,0.2773109241367135,0.0050229321524592,0.1465164541950785,0.002471,9,4,LYS,Q5QGZ9,-0.357,0.431,-0.0358793898618564,Non-essential,83.1,23.0,12.8,0.2269436700347341,1520,0.2121948166423571,1535,0.5986364944799941,480,1.398,AML,7.657,1.0,0.489543145210392,0.7402912621359223,643,0
ATP4B,1785,0.1344835061590363,0.252100840124285,0.003694448837577,0.1084494515268306,0.001829,11,3,LYS,P51164,-6.506,0.016,0.0564369131415713,Non-essential,90.6,4.5,0.7,0.2267712691346016,1521,0.2119559915764804,1539,0.369569841222293,1412,0.0227,Thymoma,2.012,0.034,0.2510180400313192,0.37095469255663427,1556,0
GGT3P,1618,0.1496326254678442,0.2857142854741897,0.0087806421002688,0.1090423954936258,0.001839,27,3,LYS,A6NGU5,-4.035,0.145,,No data,94.3,2.8,0.5,0.22665575931444,1522,0.2270947914194535,1365,0.267456225003737,1800,0.1309,Uterine,2.846,0.153,0.219809336866344,0.2722491909385113,1800,0
HTR1D,1544,0.1565109977703543,0.3613445375114751,0.0361157678317254,0.0037948413874888,6.4e-05,13,8,TYR,P28221,-2.826,0.174,0.0779745180257373,Non-essential,79.0,24.9,17.8,0.2265482404338198,1523,0.2133540288254061,1524,0.7554678266978077,122,2.3307,Stomach,10.473,0.589,0.8693653444005467,0.9761326860841424,60,0
OR52E4,1821,0.132299391336172,0.2605042014617612,0.0689925668195476,0.0246664690186777,0.000416,10,5,TYR,Q8NGH9,-9.966,0.0,-0.0227098163790666,Non-essential,89.0,3.2,1.3,0.2263912294711727,1524,0.2148408578121501,1506,0.0758313293406937,2189,0.0,AML,0.0,0.0,0.0349640508333155,0.10598705501618122,2211,0
PCDHB8,1603,0.1506778494251624,0.2857142854741897,0.012146133164637,0.1091609842869848,0.001841,17,2,LYS,Q9UN66,-1.283,0.315,0.0193149958383661,Non-essential,81.0,19.0,16.1,0.2263267792788718,1525,0.2119340859371037,1540,0.4565737629617806,1004,0.7286,Cholangiocarcinoma,6.425,0.556,0.3499375171585475,0.5238673139158576,1178,0
OR52B6,1728,0.1387640226224108,0.2605042014617612,0.0780895144709789,0.0371182923213756,0.000626,10,8,TYR,Q8NGF0,-9.966,0.001,0.1301625670619356,Non-essential,86.8,8.7,6.0,0.226278422209705,1526,0.2151828979332539,1504,0.3711782335827919,1407,2.5791,AML,9.106,0.283,0.2271079518960064,0.3612459546925566,1580,0
OR2F2,1773,0.1351578608252289,0.2605042014617612,0.0617997785861141,0.0413874888823006,0.000698,12,9,LYS,O95006,-9.966,0.0,-0.0041679676500735,Non-essential,88.8,5.7,1.9,0.2262732873787201,1527,0.2143632763080258,1513,0.0740263654854326,2196,0.0,AML,0.0,0.0,0.0480568873560965,0.12702265372168287,2159,0
OR6C74,1732,0.1382307494680919,0.2605042014617612,0.0693151984817333,0.0441150311295582,0.000744,19,10,LYS,A6NCV1,-9.966,0.0,0.0224215486049237,Non-essential,87.6,8.3,1.6,0.2262340279144393,1528,0.2146997878385259,1509,0.0690320820784967,2208,0.0,AML,0.0,0.0,0.0644588935841627,0.13430420711974111,2141,0
SLC38A1,1580,0.1535471677299955,0.3361344534990467,0.0163276925510042,0.047316928550252,0.000798,22,3,TYR,Q9H2H9,4.54,0.97,-0.092838830306721,Non-essential,79.9,22.4,13.1,0.2261582139999803,1529,0.2119745986275306,1537,0.6139599239747966,443,0.7092,Cholangiocarcinoma,4.012,1.0,0.6612751961939346,0.8507281553398058,370,0
OR5AN1,1760,0.1358481190596878,0.2605042014617612,0.066531709631504,0.0389564186184405,0.000657,12,14,TYR,Q8NGI8,-9.966,0.0,-0.0639131797874068,Non-essential,89.1,6.4,1.9,0.2261485025741025,1530,0.2144750880556777,1511,0.0467131913621938,2286,0.0,AML,0.0,0.0,0.0513184161195907,0.10598705501618122,2211,0
TLR3,1758,0.1359684161110161,0.3361344534990467,0.003922188834414,0.0011265935369107,1.9e-05,29,3,TYR,O15455,1.34,0.783,0.1359910177743511,Non-essential,90.6,7.9,4.1,0.2260092543174975,1531,0.2112053637592182,1547,0.3152769777600773,1644,0.8564,Kidney Clear Cell,4.756,0.986,0.2357538930568851,0.3090614886731392,1709,0
CD58,1571,0.1542916454588252,0.2773109241367135,0.0010058516526965,0.1435517343611028,0.002421,3,1,LYS,P19256,3.81,0.997,-0.0681942554113519,Non-essential,83.0,22.4,7.6,0.2257982199512995,1532,0.2108485125339343,1556,0.3690544525463595,1417,0.6206,Cholangiocarcinoma,3.511,1.0,0.2907183789315842,0.3996763754045307,1485,0
CD70,1592,0.15186218672241,0.3613445375114751,0.0159354736675628,0.0084790987251704,0.000143,7,2,TYR,P32970,-0.472,0.425,0.0898884224555567,Non-essential,83.2,21.8,6.2,0.2257742312271995,1533,0.2115710049105777,1543,0.7037979106380299,219,1.7129,Sarcoma,11.568,0.679,0.6259286971577744,0.8770226537216829,305,0
CD27,1302,0.1820269177156753,0.453781512223713,0.0017143760873003,0.0,0.0,3,0,,P26842,1.88,0.786,-0.1243968942022646,Non-essential,71.7,48.5,28.8,0.2257521233001246,1534,0.2108378421044896,1558,0.6517405112916653,339,0.9758,Testicular,5.456,0.98,0.5976005859960504,0.8402103559870551,396,0
CALY,760,0.2349783303740632,0.2268907561118565,0.0004554799936738,0.4802846131040616,0.0081,1,2,LYS,Q9NYX4,-3.458,0.149,0.1449378618055313,Non-essential,54.7,88.9,39.2,0.2256967879135836,1535,0.2107195619132673,1562,0.7550980910503563,123,1.5449,Pheochromocytoma,8.36,0.96,0.7857869694543084,0.9583333333333334,104,0
ITFG1,1750,0.1365653282951943,0.302521008149142,0.0395824766724656,0.0122739401126593,0.000207,30,8,TYR,Q8TB96,5.341,1.0,0.1060053165486988,Non-essential,89.5,8.2,5.1,0.2256464570484809,1536,0.2126255808821042,1530,0.3826720183333137,1359,0.3516,Pancreatic,1.989,1.0,0.3617693233910699,0.45145631067961167,1357,0
NPY4R,1815,0.1326216879359506,0.2773109241367135,0.0593389213980705,0.0129854728728135,0.000219,15,9,TYR,P50391,-3.816,0.12,-0.3669160205053114,Context-dependent,80.3,24.5,17.1,0.2256399220155707,1537,0.1936068680854742,1854,0.5886304761606048,517,1.2338,Mesothelioma,5.194,0.713,0.714889517429371,0.8567961165048543,355,0
IL18R1,1506,0.1603826387799677,0.2100840334369042,0.0311940534556381,0.2233026978950489,0.003766,25,4,LYS,Q13478,0.001,0.502,0.0248854106252899,Non-essential,79.3,26.6,6.7,0.2255535995405882,1538,0.2121133022133701,1536,0.3829318702717028,1358,0.3387,Pancreatic,2.174,0.881,0.4254126292713245,0.49878640776699024,1240,0
PROM1,1730,0.1384494075152465,0.302521008149142,0.053215245927566,0.0049214349243996,8.3e-05,42,7,SER,O43490,1.043,0.59,0.1246076266244285,Non-essential,85.5,9.9,7.9,0.2255165230651911,1539,0.2131772853615694,1525,0.6701139695746764,292,1.7982,AML,12.104,0.786,0.572892920098402,0.837378640776699,403,0
TAS2R4,1705,0.1412444368813219,0.252100840124285,0.0465095682429226,0.088170767862437,0.001487,14,12,LYS,Q9NYW5,-2.466,0.046,0.0035887454145867,Non-essential,84.8,11.4,4.3,0.2255053780698396,1540,0.2128308564819858,1527,0.2371040318709471,1890,0.3945,AML,3.04,0.723,0.4003916015273429,0.37540453074433655,1545,0
NPY5R,1468,0.1648395724356203,0.2352941174493327,0.0593389213980705,0.1764008301215535,0.002975,18,7,LYS,Q15761,-5.012,0.064,0.0962822438032701,Non-essential,75.7,30.8,18.2,0.2254878789871724,1541,0.2134548250570759,1522,0.2454725051415271,1866,0.0011,Cholangiocarcinoma,0.033,0.167,0.4728439477351677,0.42758899676375406,1416,0
PCDHA1,1454,0.1660064584472707,0.2773109241367135,0.0140249881385418,0.1695819745034094,0.00286,18,2,LYS,Q9Y5I3,-3.816,0.114,-0.0212045997279317,Non-essential,73.8,32.5,27.6,0.2254605641083375,1542,0.2111618135152646,1548,0.3759095060145022,1386,1.0645,Pheochromocytoma,4.804,0.443,0.2244068737570433,0.36326860841423947,1575,0
GPRC5D,1460,0.1653667258741792,0.2857142854741897,0.0484200537719436,0.1218499851764008,0.002055,9,4,CYS,Q9NZD1,-0.834,0.33,0.0753831401578715,Non-essential,76.0,32.2,22.6,0.2253675096530524,1543,0.2127885123416496,1528,0.4933632010005477,855,0.4026,Esophageal,2.662,0.815,0.4570204815022199,0.6375404530744336,897,0
BTN3A2,1754,0.1361482370828244,0.3361344534990467,0.0009046338763245,0.0047435517343611,8e-05,5,1,SER,P78410,4.251,0.999,0.0938933306409299,Non-essential,90.0,8.7,2.7,0.2253591051273377,1544,0.2104043368211539,1565,0.4215879192580091,1168,0.5911,Sarcoma,3.344,1.0,0.318389904611749,0.4664239482200647,1320,0
BTN1A1,1628,0.1488602746923343,0.2605042014617612,0.0101723865253835,0.1386895938333827,0.002339,21,3,LYS,Q13410,-5.574,0.01,0.0120606356969152,Non-essential,84.2,18.1,11.8,0.2252919656013079,1545,0.2108005849275771,1560,0.1069031831528965,2137,0.0814,Stomach,3.048,0.046,0.0614697642501462,0.14239482200647247,2121,0
FCAMR,1052,0.2079398371887477,0.50420168024857,0.0152902103431915,0.0055736732878742,9.4e-05,12,1,SER,Q8WWV6,-4.608,0.137,0.0318157356613554,Non-essential,55.3,71.4,63.3,0.2252865589947659,1546,0.2110510695119254,1552,0.6800562928952192,263,1.3412,Stomach,8.997,0.333,0.4667051793545202,0.7718446601941747,565,0
SIGLEC12,1509,0.1600055828137897,0.302521008149142,0.0103938004111972,0.1195967981025793,0.002017,15,3,CYS,Q96PQ1,-2.315,0.171,-0.008654639702354,Non-essential,75.4,28.1,21.5,0.2252800024806438,1547,0.2107996925012036,1561,0.4903798260483468,870,0.5353,AML,2.549,0.757,0.5153777072103692,0.6743527508090614,806,0
MRGPRX4,1555,0.1553591547521857,0.2605042014617612,0.0352743950656334,0.1352505188259709,0.002281,14,8,LYS,Q96LA9,-9.966,0.002,0.0754387656924243,Non-essential,81.5,23.6,9.9,0.2252076989845175,1548,0.2119714187377991,1538,0.3358799701436058,1570,1.087,Melanoma,7.033,0.155,0.265757887668188,0.35153721682847894,1604,0
FZD1,1517,0.1593750357153727,0.302521008149142,0.0520512414992883,0.0758375333530981,0.001279,25,5,CYS,Q9UP38,2.67,0.944,0.0088917788792074,Non-essential,78.2,27.8,19.6,0.2250545465652963,1549,0.2126571086402607,1529,0.5213696953984597,740,0.7579,Sarcoma,4.304,0.996,0.3794607847145445,0.6035598705501618,981,0
LMBR1,1600,0.1509916143546846,0.3109243694866181,0.0161632136643998,0.0725763415357248,0.001224,26,3,CYS,Q8WVP7,4.171,1.0,0.0512480475118681,Non-essential,79.4,21.0,6.3,0.2250084181203475,1550,0.2108165788035675,1559,0.4560370609760403,1007,0.3221,Pancreatic,1.822,1.0,0.3103453511258223,0.49595469255663427,1247,0
OR5B17,1703,0.1413135577081094,0.2605042014617612,0.0470978965680847,0.0766083605099318,0.001292,17,11,LYS,Q8NGF7,-9.966,0.0,-0.0888403727536956,Non-essential,85.0,12.1,1.9,0.2250030347811205,1551,0.2123579296095247,1533,0.0441619601476936,2311,0.0,AML,0.0,0.0,0.0405571131845347,0.09304207119741104,2243,0
GPR139,1522,0.1590360393947635,0.2605042014617612,0.0813284833148821,0.101452712718648,0.001711,19,8,CYS,Q6DWJ6,-9.966,0.015,0.0272683271046642,Non-essential,77.8,26.9,17.0,0.2249717695199989,1552,0.214038193685743,1515,0.2710484465241395,1788,0.2022,Glioblastoma,5.358,0.038,0.1842709423664107,0.2524271844660194,1849,0
CD160,1378,0.1737918447105254,0.2605042014617612,0.0091981654278032,0.2227690483249332,0.003757,8,3,LYS,O95971,-2.114,0.082,-0.0461312489452036,Non-essential,75.2,39.2,20.4,0.2249682739498005,1553,0.2104281822211906,1564,0.4116522119379225,1218,0.749,AML,3.96,0.983,0.4918079588978997,0.5788834951456311,1042,0
PCDHGA6,1471,0.1640867408421628,0.2352941174493327,0.007970899889293,0.2252594129854728,0.003799,22,4,LYS,Q9Y5G7,-0.783,0.299,0.0143078912675378,Non-essential,74.4,30.7,25.6,0.2249605193259579,1554,0.2103590643204225,1567,0.2893483161072233,1730,0.4339,AML,4.353,0.555,0.1651960677069459,0.25283171521035597,1848,0
SLC5A2,1678,0.1438530634790447,0.2605042014617612,0.0259750118614581,0.1061962644530091,0.001791,29,8,LYS,P31639,-1.639,0.191,-0.0639662197629055,Non-essential,83.8,14.4,7.4,0.2248192895902332,1555,0.2111180401833061,1550,0.3426213238797754,1539,0.348,AML,2.819,0.653,0.3445567099224469,0.41059870550161814,1458,0
ABCC2,1680,0.1437510147115686,0.2352941174493327,0.1370425430966313,0.0284020160094871,0.000479,82,13,LYS,Q92887,-2.466,0.196,-0.0157792530814745,Non-essential,81.2,13.9,8.1,0.224814080883796,1556,0.2166662080386276,1492,0.6480155278901679,348,0.3376,AML,3.177,0.572,0.6065217610366331,0.8418284789644013,392,0
LRRC37B,1228,0.1892229073384997,0.1932773107619518,0.0723580578839158,0.3006818855618143,0.005071,20,11,LYS,Q96QE4,2.712,0.996,-0.434738413193519,Context-dependent,52.9,71.3,58.3,0.2246070446281156,1557,0.1932249475223114,1868,0.3557081083636141,1479,0.4244,AML,2.401,1.0,0.5116726682804408,0.5335760517799353,1154,0
SLC23A2,1554,0.1555513891504065,0.2184873947743803,0.042011703305393,0.1851764008301215,0.003123,29,5,LYS,Q9UGH3,2.806,0.988,0.0242606384926592,Non-essential,77.4,23.7,19.1,0.2245676142049117,1558,0.2116681993701814,1542,0.4302434839131117,1125,0.4051,AML,2.291,1.0,0.3642610096508394,0.5068770226537217,1220,0
CD69,1508,0.1602855119648689,0.2605042014617612,0.0016511149770678,0.1852949896234805,0.003125,3,2,LYS,Q07108,1.368,0.762,0.1035941534294971,Non-essential,82.1,28.6,18.1,0.2243129966617535,1559,0.2093955524106068,1577,0.4617644242244004,989,0.5058,AML,2.861,1.0,0.3413763586179714,0.5214401294498382,1184,0
HLA-F,1716,0.1398001729283444,0.3109243694866181,0.034654436185355,0.0167803142603024,0.000283,12,11,TYR,P30511,6.398,1.0,-0.1021439633892031,Non-essential,89.6,12.4,7.2,0.2242822169317307,1560,0.2110149387409984,1554,0.6319962977542487,394,0.6532,Pancreatic,3.695,1.0,0.6599131473504876,0.8563915857605178,356,0
IL10RB,1519,0.1593115652022168,0.3193277308240944,0.0006136327692551,0.1046546101393418,0.001765,4,2,LYS,Q08334,4.675,1.0,0.0307767371289637,Non-essential,82.1,28.9,15.7,0.2241817665155822,1561,0.209212448154045,1579,0.4887620477715561,877,0.4504,Sarcoma,2.548,1.0,0.3728140425223391,0.5707928802588997,1062,0
SPAM1,1684,0.1431959450263668,0.2605042014617612,0.0056998260319468,0.1242810554402609,0.002096,27,3,LYS,P38567,-9.966,0.0,0.069210154499615,Non-essential,88.2,14.5,10.6,0.2241716908796683,1562,0.2094566821812656,1574,0.1350126940493598,2093,0.0,AML,0.0,0.0,0.0372625069796304,0.13511326860841422,2139,0
CLN3,1609,0.1503694304098206,0.3193277308240944,0.0687015657124782,0.0067595612214645,0.000114,15,11,SER,Q13286,5.407,1.0,-0.0545205527341832,Non-essential,81.5,21.5,18.3,0.2241299875219187,1563,0.2125650658075426,1531,0.6263770717340155,410,0.335,Sarcoma,1.895,1.0,0.6278293176784645,0.8406148867313916,395,0
SLC3A2,1824,0.1320499697280506,0.3109243694866181,0.0208571880436501,0.0047435517343611,8e-05,26,5,TYR,P08195,7.014,1.0,-0.4082431109778542,Context-dependent,78.7,26.3,24.9,0.2239237142648191,1564,0.1899665736670016,1946,0.7642933134064385,116,0.4598,Uveal Melanoma,2.601,1.0,0.8808693099125093,0.9793689320388349,52,0
IL12RB1,1589,0.1524293042433428,0.352941176173999,0.0245832674363435,0.012926178476134,0.000218,26,3,TYR,P42701,0.402,0.601,-0.1086448771203396,Non-essential,77.5,24.0,15.4,0.223906773139019,1565,0.2101359365108362,1568,0.599894771629114,476,0.6691,AML,3.752,0.977,0.5906922814553959,0.8062297734627832,480,0
OR52K1,1775,0.1350400122975149,0.2605042014617612,0.0949675786810058,0.0078268603616958,0.000132,10,8,TYR,Q8NGK4,-9.966,0.0,-0.0199791814387286,Non-essential,88.3,8.0,1.9,0.2238750802722918,1566,0.2136234592063421,1517,0.152548287458608,2069,0.795,AML,7.238,0.11,0.1297470035065701,0.1816343042071198,2024,0
OR8U1,1802,0.1335863181220336,0.2605042014617612,0.0471927882334334,0.0507560035576638,0.000856,14,7,LYS,Q8NH10,-9.966,0.0,0.0208119133779817,Non-essential,89.8,6.8,2.6,0.2238636684593907,1567,0.2112233078710624,1546,0.0435495876976241,2318,0.0,AML,0.0,0.0,0.0344443662591311,0.07322006472491904,2292,0
GAS1,1272,0.1849914807839701,0.1848739494244757,0.0342369128578206,0.3359027571894455,0.005665,13,6,LYS,P54826,1.919,0.771,-0.1723068533279116,Non-essential,69.8,48.4,27.2,0.223840799810383,1568,0.210552645453274,1563,0.4075262602802391,1238,0.5832,Glioblastoma,3.194,1.0,0.69290565197463,0.6990291262135923,745,0
SUSD4,1371,0.1748415885985212,0.3865546215239037,0.0053771943697611,0.0620219389267714,0.001046,5,3,TYR,Q5VX71,2.571,0.794,-0.1172837426247552,Non-essential,70.9,43.5,30.6,0.2236439008574994,1569,0.2089127605759874,1582,0.7587191678341703,119,0.9151,Cervical,5.595,0.925,0.6916403298321843,0.9279935275080906,179,0
PCDHB6,1636,0.1480111990953757,0.2436974787868088,0.0124371342717064,0.1560035576638007,0.002631,11,2,LYS,Q9Y5E3,-1.47,0.262,-0.0357357082346065,Non-essential,81.6,18.8,14.2,0.2236042905592598,1570,0.2092261472728451,1578,0.3810820892407013,1368,0.312,Kidney Clear Cell,2.753,0.6,0.2524020825349246,0.3794498381877023,1535,0
ABCC10,1674,0.1441394513366168,0.252100840124285,0.0505266487426854,0.0938037355469908,0.001582,85,6,LYS,Q5T3U5,3.531,1.0,-0.1252449255016481,Non-essential,80.9,15.8,8.0,0.2235178901159188,1571,0.211044222553053,1553,0.443728826142972,1068,0.286,Sarcoma,1.618,1.0,0.1860032106953726,0.40614886731391586,1469,0
IL27RA,1582,0.153336506683058,0.3613445375114751,0.023577415783647,0.0057515564779128,9.7e-05,27,5,SER,Q6UWB1,2.384,0.949,-0.0357573560129483,Non-essential,79.0,25.5,13.1,0.2233028311944062,1572,0.2094817019835885,1573,0.5604351062157117,594,0.5399,Cholangiocarcinoma,3.142,0.972,0.4755699744130153,0.7083333333333333,722,0
NOTCH3,1166,0.1958718083531514,0.302521008149142,0.0648426379882966,0.1847020456566854,0.003115,48,3,CYS,Q9UM47,4.593,0.99,-0.0520150889501372,Non-essential,61.4,60.1,25.0,0.2231685237634452,1573,0.21141065566286,1545,0.6778975496928075,269,0.7683,Cholangiocarcinoma,4.346,1.0,0.5109010331460258,0.8005663430420712,494,0
CLEC17A,1319,0.1806296556849752,0.2773109241367135,0.0105899098529179,0.2217610435813815,0.00374,4,9,LYS,Q6ZS10,-3.458,0.085,0.0294879325210168,Non-essential,70.2,47.1,39.2,0.2230465618064245,1574,0.2085760572990704,1587,0.3927912951081409,1310,0.9803,AML,4.986,0.52,0.6299067541384233,0.6537216828478964,857,0
CASR,1534,0.1577907194903643,0.3109243694866181,0.0369887711529337,0.0744144678327898,0.001255,48,6,CYS,P41180,-6.506,0.051,-0.0031469123947249,Non-essential,75.7,28.7,20.5,0.2229743390667472,1575,0.2098237776243939,1571,0.340793920821906,1547,0.1219,Uterine Carcinosarcoma,5.672,0.053,0.1530621319123347,0.2835760517799353,1772,0
OR2M2,1598,0.1513023506639013,0.2605042014617612,0.0625462596868575,0.0944559739104654,0.001593,15,15,LYS,Q96R28,-9.966,0.0,0.0009349291609825,Non-essential,79.7,22.5,11.0,0.2229270289109471,1576,0.21105434189529,1551,0.1766601901147901,2030,0.0,AML,0.0,0.0,0.1704651352527238,0.20186084142394822,1974,0
BDKRB2,1575,0.1540232443957435,0.2941176468116659,0.0476103115609679,0.0736436406759561,0.001242,15,10,LYS,P30411,1.47,0.754,0.0621559343188183,Non-essential,79.5,25.6,14.6,0.2226546644433141,1577,0.2100351800213624,1570,0.5964817263859167,486,1.0819,Cholangiocarcinoma,5.889,0.972,0.6450095859615508,0.8365695792880259,405,0
RTN4RL2,1496,0.1613224450611794,0.3361344534990467,0.0363751383836786,0.0531870738215238,0.000897,16,6,TYR,Q86UN3,1.568,0.786,-0.0921258363141843,Non-essential,79.0,32.4,27.6,0.2226376117759669,1578,0.2094563686951508,1575,0.5518301141803753,622,0.5109,Low Grade Glioma,2.931,0.986,0.6583962304773502,0.8139158576051779,461,0
ITGAX,1789,0.1342645393458768,0.302521008149142,0.0333955400917286,0.0107915801956715,0.000182,51,10,TYR,P20702,2.339,0.922,-0.0379316755819255,Non-essential,88.0,9.4,3.4,0.2225291329240497,1579,0.2091989099286361,1580,0.4491950113595341,1049,0.5873,Testicular,3.322,1.0,0.4616723186585851,0.5910194174757282,1012,0
IL13RA2,1689,0.1427845228401603,0.2773109241367135,0.0049849754863197,0.10121553513193,0.001707,12,2,CYS,Q14627,-1.214,0.305,0.0499768733772723,Non-essential,86.2,16.1,8.4,0.2225089511024121,1580,0.2077581998767281,1598,0.5030489997949934,810,1.4141,Pheochromocytoma,6.99,0.949,0.3905125048325407,0.5950647249190939,1002,0
OR10D3,1849,0.1301404666925234,0.2605042014617612,0.0596615530602562,0.0268010672991402,0.000452,14,7,TYR,Q8NH80,-9.966,0.0,-0.0225414771162519,Non-essential,89.0,5.4,2.6,0.2223921256014655,1581,0.2103752032544783,1566,0.0982631249535864,2150,-0.0,AML,-2.965,0.0,0.0363456169802371,0.11933656957928807,2178,0
LTBR,1271,0.1850013861629913,0.2941176468116659,0.0752111339554009,0.1493032908390157,0.002518,6,12,LYS,P36941,6.452,1.0,0.0297366819569311,Non-essential,66.6,51.7,37.0,0.2223697825826872,1582,0.2111303392804572,1549,0.7045363028011872,216,0.4204,Sarcoma,2.378,1.0,0.6528347871729469,0.8968446601941747,256,0
LRRC37A3,1116,0.2003455245916052,0.2436974787868088,0.0509821287363593,0.2919063148532463,0.004923,38,6,LYS,O60309,1.971,0.932,-0.4113174607361486,Context-dependent,42.3,83.7,76.5,0.2223162284727844,1583,0.1898653349096024,1950,0.396906161506828,1286,0.7729,AML,4.372,1.0,0.3696414310078998,0.47491909385113273,1299,0
LY6K,1361,0.1754562521182857,0.2436974787868088,0.0277273446148979,0.232196857396976,0.003916,4,5,LYS,Q17RY6,-0.216,0.478,-0.0811441604820986,Non-essential,72.8,43.0,17.0,0.2222751680783515,1584,0.2086615353090964,1583,0.611115154447929,458,1.062,Head&Neck,5.63,0.998,0.5979038084635758,0.8175566343042071,452,0
MPZL3,1479,0.1633055778977934,0.3697478988489514,0.0011323738731614,0.0502223539875481,0.000847,3,3,TYR,Q6UWV2,2.131,0.85,0.0416650947086814,Non-essential,80.5,35.3,4.3,0.2219504465623104,1585,0.2070070652559684,1606,0.5399220259080834,658,0.4523,Esophageal,2.573,0.994,0.3971805275698551,0.6411812297734627,888,0
GRIA4,1676,0.1440278931470473,0.2268907561118565,0.0194338130634192,0.1581381559442632,0.002667,42,6,LYS,P48058,-4.293,0.153,0.0353048680038483,Non-essential,82.7,16.9,8.9,0.2219047568910703,1586,0.2078764475442413,1596,0.5313802913407043,703,1.5487,Pheochromocytoma,7.616,0.932,0.3637531047937239,0.5970873786407767,997,0
MC4R,1611,0.1502987396391441,0.2857142854741897,0.0833401866202751,0.036703231544619,0.000619,13,14,TYR,P32245,-6.506,0.027,0.1157089293903299,Non-essential,80.1,23.2,14.5,0.2218108544571899,1587,0.2109778637882036,1555,0.5835270388394093,528,1.5169,Pheochromocytoma,8.257,0.318,0.4059972693938785,0.6759708737864077,802,0
OR4D2,1901,0.1272369645955338,0.2605042014617612,0.016422584216353,0.060361695819745,0.001018,16,4,LYS,P58180,-9.966,0.0,-0.2264887398744575,Non-essential,89.8,3.6,2.3,0.2217725405206409,1588,0.2075936697314585,1600,0.0398476628425689,2371,0.0,AML,0.0,0.0,0.0699900976543349,0.10194174757281549,2221,0
OR2AT4,1847,0.1302098858676636,0.2605042014617612,0.0585291791870947,0.028164838422769,0.000475,4,13,TYR,A6NND4,-9.966,0.0,0.0670336145085991,Non-essential,89.8,6.6,2.8,0.2212499749140823,1589,0.209176433873437,1581,0.0956731706779245,2154,0.0,Adrenocortical,0.0,0.0,0.0490291642285297,0.13592233009708743,2137,0
SLAMF9,1626,0.148918656265763,0.3613445375114751,0.0026253360746481,0.0119774681292617,0.000202,5,2,CYS,Q96A28,-1.831,0.234,-0.202368803495411,Non-essential,82.0,23.9,9.0,0.2212212891799937,1590,0.2063525559837261,1615,0.6570703450411505,327,2.0474,Glioblastoma,10.345,0.56,0.6174588945972687,0.8491100323624595,374,0
CNNM2,1445,0.1667538690070573,0.2689075627992374,0.0487110548790131,0.1485917580788615,0.002506,36,7,LYS,Q9H8M5,1.67,0.969,-0.0638702967528098,Non-essential,70.4,37.3,27.4,0.2211433502192017,1591,0.2085789029631524,1586,0.3669184146604097,1428,0.391,AML,2.212,1.0,0.2928246058306222,0.3980582524271845,1489,0
OR6C70,1839,0.1306413528966547,0.2605042014617612,0.066430491855132,0.021701749184702,0.000366,16,6,TYR,A6NIJ9,-9.966,0.005,-0.0464779573082978,Non-essential,89.4,7.1,1.9,0.2211095307715749,1592,0.2094310553643315,1576,0.0466876988213884,2288,0.0,AML,0.0,0.0,0.0305302201107292,0.06836569579288021,2304,0
ITGA3,1737,0.1378725636672381,0.3277310921615705,0.0207622963783014,0.0018381262970649,3.1e-05,53,4,SER,P26006,5.631,0.992,-0.0913076748329221,Non-essential,83.6,14.3,6.9,0.2210559879253912,1593,0.2070941027443063,1605,0.5685562297309746,569,0.8392,Cholangiocarcinoma,4.747,1.0,0.7175720944735351,0.8499190938511327,372,0
OR5B3,1791,0.1341929749144281,0.2605042014617612,0.0392535188992566,0.0607174621998221,0.001024,15,6,LYS,Q8NH48,-9.966,0.0,-0.0855656703545145,Non-essential,86.5,10.2,1.3,0.2209692157863861,1594,0.2079318917313489,1594,0.042569728008281,2334,0.0,AML,0.0,0.0,0.0294719108094713,0.04975728155339809,2350,0
OR4F21,1660,0.1456569453161807,0.2605042014617612,0.0791269966787917,0.0590572190927957,0.000996,11,10,LYS,O95013,-9.966,0.0,,No data,90.1,4.8,1.0,0.2209225244545132,1595,0.2248788742884528,1389,0.0892094160863397,2162,0.0,Adrenocortical,0.0,0.0,0.0400996975060801,0.125,2164,0
ITGAD,1787,0.1343729425975178,0.2689075627992374,0.0775075122568401,0.0118588793359027,0.0002,51,12,TYR,Q13349,-3.816,0.046,-0.0050254245805263,Non-essential,85.5,10.7,4.8,0.2207592448779188,1596,0.2096346204907608,1572,0.3376189494406541,1564,0.3644,Kidney Papillary,3.926,0.246,0.2277758506176425,0.32322006472491904,1674,0
STS,1890,0.1276348718195216,0.2773109241367135,0.0496536454214771,0.0060480284613104,0.000102,34,8,LYS,P08842,1.812,0.927,0.0425928049597606,Non-essential,94.4,5.3,2.7,0.2206842419185466,1597,0.2081669241896204,1591,0.3234404747243831,1617,0.5231,Pancreatic,3.028,0.977,0.2519113173850155,0.32645631067961167,1666,0
SLC37A2,1726,0.1390477060730411,0.3361344534990467,0.0113996520638937,0.0039134301808479,6.6e-05,21,4,TYR,Q8TED4,2.144,0.889,-0.0230992667295564,Non-essential,83.9,15.8,8.8,0.2206753292858517,1598,0.2062453118890464,1616,0.4727246822740035,932,0.5949,Sarcoma,3.687,0.913,0.5584022027373738,0.6905339805825244,766,0
PCDHA4,1504,0.1605066051837053,0.2689075627992374,0.0086161632136643,0.1678624369997035,0.002831,11,2,LYS,Q9UN74,-2.466,0.24,-0.1693740956871602,Non-essential,73.8,32.6,27.8,0.220637297033075,1599,0.2060681051937582,1620,0.2599873340643386,1821,0.2433,Pheochromocytoma,3.011,0.352,0.2890654741600478,0.3106796116504854,1705,0
OR4F3,1665,0.1448145948442847,0.2605042014617612,0.0770899889293057,0.058286391935962,0.000983,16,10,LYS,Q6IEY1,-9.966,0.001,,No data,90.0,4.5,1.0,0.2205205657279333,1600,0.2243750651743986,1394,0.0566568199968666,2255,0.0,AML,0.0,0.0,0.0399757510862076,0.10113268608414239,2223,0
OR5D18,1840,0.1306163896086824,0.2605042014617612,0.0546069903526806,0.0334420397272457,0.000564,10,12,LYS,Q8NGL1,-9.966,0.0,-0.0286277978725992,Non-essential,88.5,7.7,1.9,0.220488728031598,1601,0.208219077549232,1590,0.0651923040769042,2222,0.0,AML,0.0,0.0,0.0447409812893448,0.11690938511326865,2184,0
PCDHAC1,1515,0.1596798028205919,0.2857142854741897,0.061186145816859,0.0901274829528609,0.00152,17,3,CYS,Q9H158,-2.826,0.115,-0.0820583941917052,Non-essential,73.1,32.5,29.4,0.2203284071083963,1602,0.2083877143992393,1589,0.47333695537443,929,1.1223,Pheochromocytoma,4.469,0.71,0.5630326221401177,0.6949838187702265,755,0
DPEP1,1820,0.1324110506585979,0.3277310921615705,0.0022014866360904,0.002193892677142,3.7e-05,14,1,TYR,P16444,-0.533,0.412,-0.0434543296581255,Non-essential,93.3,10.5,6.3,0.2203047270848577,1603,0.2054148014166623,1629,0.6293205610966894,402,0.9611,Glioblastoma,5.712,0.874,0.6539587007531971,0.854368932038835,361,0
ADRA1B,1320,0.1805141651071897,0.2184873947743803,0.0394812588960936,0.2709160984286984,0.004569,18,10,LYS,P35368,-1.355,0.317,0.0370511221636028,Non-essential,67.4,48.8,36.5,0.2202699275022311,1604,0.2072439904470358,1604,0.3204431434815621,1627,0.3769,Kidney Clear Cell,2.129,0.937,0.4442860562737782,0.45145631067961167,1357,0
HAVCR1,1175,0.1954337495516098,0.252100840124285,0.0162897358848647,0.2990216424547879,0.005043,5,4,LYS,Q96D42,-4.293,0.165,0.0310199521835559,Non-essential,65.8,61.8,32.1,0.2202631386284129,1605,0.2060776254226561,1619,0.4246068794898407,1150,1.5294,Kidney Papillary,4.829,0.95,0.4539043742940805,0.566747572815534,1072,0
SUCO,1071,0.2063092633361594,0.3193277308240944,0.0153218408983077,0.2466053957900978,0.004159,17,2,LYS,Q9UBS9,3.592,0.998,-0.1084706913556817,Non-essential,52.4,72.0,66.1,0.2202465149605343,1606,0.2060126070054497,1621,0.3271879419076293,1602,0.503,Sarcoma,2.845,1.0,0.3079475462505749,0.3733818770226537,1550,0
CD300C,1417,0.1695402530364317,0.3277310921615705,0.0167452158785386,0.1114141713608063,0.001879,4,3,LYS,Q08708,0.03,0.512,-0.0647306482417098,Non-essential,74.0,41.5,21.0,0.2202457290663859,1607,0.2060829898603128,1618,0.5244797200816704,725,0.7439,Glioblastoma,4.437,0.918,0.4850218074836908,0.6848705501618123,780,0
KLRG1,1558,0.1552411315219883,0.2436974787868088,0.0022647477463229,0.1902757189445597,0.003209,6,3,LYS,Q96E93,0.391,0.608,0.1230114647726353,Non-essential,81.3,28.2,19.0,0.2202292342481037,1608,0.2053424716354198,1631,0.3464674070433162,1524,0.3739,AML,2.115,1.0,0.1944147221993435,0.31472491909385114,1695,0
UMODL1,1476,0.1633975060726477,0.2689075627992374,0.0986557014075597,0.0874592351022828,0.001475,53,10,LYS,Q5DID0,-4.035,0.091,0.0210349763725253,Non-essential,69.1,35.5,24.7,0.2201463811071937,1609,0.2100791661775717,1569,0.6846464946094547,253,2.376,AML,8.28,0.642,0.4842849211219707,0.7864077669902912,529,0
OR1E2,2190,0.1118244144296188,0.2605042014617612,0.0230966313458801,0.002312481470501,3.9e-05,12,7,SER,P47887,-9.966,0.0,-0.328150244691853,Context-dependent,85.9,12.4,6.8,0.2201287487157117,1610,0.1862835802830057,2018,0.0536567076086921,2264,0.0,AML,0.0,0.0,0.0632748692885311,0.12135922330097082,2173,0
SLC6A20,1979,0.1231015997444783,0.2689075627992374,0.0455100427012494,0.0062852060480284,0.000106,23,11,TYR,Q9NP91,-2.548,0.239,-0.0319372515547807,Non-essential,93.1,2.0,0.5,0.2200664591670525,1611,0.207341961302115,1603,0.4389945641001667,1088,0.7373,Kidney Papillary,3.716,0.865,0.5117081022152548,0.6225728155339806,934,0
ROBO1,1280,0.1842809229555444,0.2605042014617612,0.0149296220148663,0.2520011858879336,0.00425,30,4,LYS,Q9Y6N7,3.176,0.951,0.0343052728265976,Non-essential,60.0,52.9,50.6,0.2200091724873163,1612,0.2057556535880597,1624,0.3385720758562396,1559,0.6238,Pancreatic,3.536,0.966,0.1609185525927519,0.28478964401294493,1769,0
PCDHA7,1521,0.1591377380531,0.2605042014617612,0.0114629131741262,0.1716572783871923,0.002895,16,1,LYS,Q9UN72,-3.047,0.065,-0.0592685552595593,Non-essential,74.4,32.0,26.9,0.219956518401946,1613,0.2055296640606523,1626,0.2424520844183439,1875,0.2093,Sarcoma,7.033,0.119,0.2662106640612885,0.28114886731391586,1778,0
IGDCC3,1552,0.1558049102482654,0.2689075627992374,0.0139933575834255,0.1468129261784761,0.002476,21,3,LYS,Q8IVU1,-4.293,0.167,-0.1228329639929324,Non-essential,74.4,29.4,25.7,0.2199192179202084,1614,0.2056188857993797,1625,0.5251747148114717,723,1.2531,Thymoma,5.331,0.847,0.4792234558795418,0.6836569579288025,783,0
OR8J3,1854,0.1297812861255187,0.2605042014617612,0.0364067689387948,0.0488585828639193,0.000824,19,7,LYS,Q8NGG0,-9.966,0.0,-0.0280063279166795,Non-essential,89.6,7.6,1.0,0.2198928084622949,1615,0.2067131469092347,1611,0.0417378844146547,2353,0.0,AML,0.0,0.0,0.0374180143211411,0.07241100323624594,2294,0
SLC5A8,1744,0.1373040497864277,0.2605042014617612,0.0576878064210026,0.0526534242514082,0.000888,23,9,TYR,Q8N695,-6.506,0.157,0.0069205933142212,Non-essential,85.7,13.9,10.7,0.2198617781797191,1616,0.2077461685007692,1599,0.3936984293428666,1304,0.896,Kidney Clear Cell,3.85,0.698,0.4604481956167493,0.5392394822006472,1140,0
LY6E,1566,0.1548665910387171,0.3781512601864275,0.007869682112921,0.0041506077675659,7e-05,7,7,SER,Q16553,7.959,1.0,0.0348989223315667,Non-essential,77.6,30.5,3.1,0.2198580135353713,1617,0.2052514976410174,1633,0.7720554790153454,105,0.7698,Pancreatic,4.354,1.0,0.6983926731308019,0.933252427184466,166,1
OR6C75,1881,0.1282292506505336,0.2605042014617612,0.0663356001897833,0.0137563000296471,0.000232,14,7,TYR,A6NL08,-9.966,0.0,-0.0064735430529578,Non-essential,89.8,6.4,1.0,0.219799445566474,1618,0.2081162255759631,1592,0.0463813190596456,2291,0.0,AML,0.0,0.0,0.0433094792569172,0.09708737864077666,2233,0
SLC47A1,1719,0.1394969148724937,0.2268907561118565,0.1222078127471137,0.0402608953453898,0.000679,12,17,LYS,Q96FL8,0.614,0.61,-0.080405990380907,Non-essential,85.8,15.3,13.7,0.2197289416622756,1619,0.2108393322996313,1557,0.5685718157003916,568,0.4389,Kidney Clear Cell,2.554,0.957,0.6403434732924252,0.8183656957928802,450,0
HTR2A,1443,0.167044751068396,0.2436974787868088,0.0677589751700142,0.1641268900088941,0.002768,17,11,LYS,P28223,-3.816,0.092,0.0450929132471536,Non-essential,73.7,38.6,27.4,0.2196655838701101,1620,0.2080535326286108,1593,0.3956190139912681,1292,0.6177,Sarcoma,4.651,0.563,0.5347498336266839,0.5902103559870551,1014,0
SLC18A3,1574,0.1540853676346366,0.2605042014617612,0.1385291791870947,0.0277497776460124,0.000468,15,10,LYS,Q16572,-9.966,0.065,-0.0968156270246493,Non-essential,76.2,28.2,20.3,0.2195462097198932,1621,0.2114726686792479,1544,0.5411114115150778,652,0.976,Uterine Carcinosarcoma,7.418,0.263,0.5806978886219785,0.7669902912621359,577,0
SLC38A4,1579,0.153598167998899,0.2605042014617612,0.0506911276292898,0.1139638304180254,0.001922,20,12,LYS,Q969I6,-1.994,0.221,0.0351399210421266,Non-essential,75.5,28.0,24.7,0.2193402100234452,1622,0.2068747664049097,1608,0.5577944257930397,602,0.2349,Thymoma,2.199,0.534,0.7600221340580091,0.8596278317152104,348,0
CNNM4,1604,0.1506542832046586,0.3193277308240944,0.0505582792978016,0.025852356952268,0.000436,25,5,TYR,Q6P4Q7,2.806,0.983,-0.01749335406818,Non-essential,76.5,26.6,16.9,0.2192673648509504,1623,0.2067952788158404,1610,0.4300204990335532,1128,0.4594,Cholangiocarcinoma,2.599,1.0,0.3352809843192128,0.4878640776699029,1267,0
CDH7,1607,0.1503910198804642,0.3277310921615705,0.0023659655226949,0.0619626445300919,0.001045,19,2,TYR,Q9ULB5,-6.506,0.089,0.0838095688301419,Non-essential,78.4,26.6,16.4,0.2191880347697464,1624,0.2043063330458811,1640,0.7065815824930732,210,2.7082,Pheochromocytoma,10.811,0.614,0.4447464402993963,0.7690129449838188,572,0
PTPRH,1752,0.1363978601178043,0.3193277308240944,0.0263988613000158,0.0024903646605395,4.2e-05,28,3,SER,Q9HD43,-0.166,0.481,0.0334361697092724,Non-essential,83.6,14.9,8.6,0.2190870122785718,1625,0.2054069553435726,1630,0.3977612936104998,1282,0.6809,Lung Adeno,4.73,0.748,0.3480501905432061,0.46116504854368934,1333,0
KLRB1,1559,0.1552362352896855,0.3781512601864275,0.0024608571880436,0.0107915801956715,0.000182,7,1,LYS,Q12918,0.3,0.559,0.0567154942711822,Non-essential,81.0,31.6,12.0,0.2190660504111783,1626,0.2041890932705805,1642,0.6158088542775573,437,0.8073,Testicular,4.728,0.871,0.5085727826584481,0.7645631067961165,583,0
GP5,1745,0.1371734565737934,0.2605042014617612,0.0809109599873477,0.0289949599762822,0.000489,14,4,TYR,P40197,-5.012,0.004,0.0779704274722749,Non-essential,86.5,14.8,11.8,0.2188529505025239,1627,0.2078984985018912,1595,0.1660776518610824,2047,0.2267,Testicular,2.898,0.156,0.0542120984025781,0.15453074433656955,2091,0
JAG2,1530,0.1584278555583148,0.2605042014617612,0.0076735726712003,0.1730803439075007,0.002919,36,5,LYS,Q9Y219,3.562,0.992,0.0440510660798673,Non-essential,72.6,32.6,14.9,0.2187649496562916,1628,0.2041486282898517,1643,0.4951093557709513,844,0.6729,Cholangiocarcinoma,3.807,1.0,0.4276697690637895,0.6169093851132685,948,0
S1PR4,1650,0.1463018320798188,0.302521008149142,0.0815245927566028,0.0027868366439371,4.7e-05,20,9,TYR,O95977,0.402,0.597,-0.0851979851125177,Non-essential,78.4,23.2,12.0,0.2187602102023346,1629,0.2078364398401648,1597,0.671454722075585,287,0.7427,AML,4.135,1.0,0.7991482651863769,0.9328478964401294,167,0
XCR1,1747,0.1370901526309725,0.302521008149142,0.03154831567294,0.0220575155647791,0.000372,9,10,TYR,P46094,-2.932,0.095,-0.0089051573573912,Non-essential,84.9,15.6,10.8,0.2186838106616294,1630,0.2052612264452764,1632,0.2971737356124884,1704,0.7921,Thymoma,4.558,0.492,0.4357538716197561,0.433252427184466,1402,0
ATP1B3,2376,0.1022105716973496,0.252100840124285,0.0045674521587853,0.0,0.0,10,0,,P54709,6.509,1.0,-0.3202935666570509,Context-dependent,89.7,5.7,1.1,0.218677157083196,1631,0.1839055296911353,2057,0.443074722041816,1069,0.5355,Cholangiocarcinoma,3.029,1.0,0.5437906231495677,0.6525080906148868,860,0
OR2M4,1841,0.1305974202780831,0.2605042014617612,0.0510453898465918,0.036940409131337,0.000623,14,10,LYS,Q96R27,-9.966,0.0,-0.0752610008814647,Non-essential,86.5,9.6,2.6,0.2185729202560986,1632,0.2061251897484282,1617,0.0451230285181232,2295,0.0,AML,0.0,0.006,0.0326795514799555,0.0736245954692557,2291,0
OR52B2,1863,0.1289365893847553,0.2605042014617612,0.0711244662343824,0.0113252297657871,0.000191,10,5,TYR,Q96RD2,-9.966,0.0,0.0255225024536207,Non-essential,86.8,8.4,2.8,0.2183888945116588,1633,0.2069451178233779,1607,0.0771633798168672,2186,0.0,AML,5.931,0.0,0.0383586833576384,0.11650485436893199,2185,0
SLC37A1,1666,0.1447235299228055,0.352941176173999,0.0083251621065949,0.0034983694040913,5.9e-05,26,6,TYR,P57057,3.45,0.985,-0.0580065006884277,Non-essential,79.5,23.1,17.8,0.2183852945385712,1634,0.2038015526439009,1650,0.5816616393174264,536,0.6962,AML,3.938,1.0,0.4853317895132312,0.7269417475728155,676,0
TMEM9B,1480,0.1632835482967237,0.302521008149142,0.0130191364858453,0.1278980136377112,0.002157,5,1,LYS,Q9NQ34,5.391,1.0,-0.0571412563154408,Non-essential,72.4,37.9,13.6,0.2182116403830888,1635,0.2038625972073811,1649,0.4942861407772346,852,0.3201,Cholangiocarcinoma,1.811,1.0,0.4899678654950555,0.6622168284789645,836,0
OR1K1,1844,0.1303962358811837,0.2605042014617612,0.0683409773841531,0.0189742069374444,0.00032,15,6,TYR,Q8NGR3,-9.966,0.001,-0.0482595196908086,Non-essential,85.5,9.8,5.1,0.2182052665920157,1636,0.2066223154612234,1613,0.1229322823646769,2109,0.0174,Esophageal,4.392,0.006,0.0441735373009441,0.13915857605177995,2129,0
GPC4,1685,0.143169168859066,0.3277310921615705,0.0346228056302388,0.0056329676845538,9.5e-05,27,8,SER,O75487,3.089,0.889,0.1286956397575518,Non-essential,83.2,21.6,15.1,0.2181698255852478,1637,0.2049009658667597,1636,0.4656475252586399,968,0.6803,Cholangiocarcinoma,3.833,0.972,0.452304786031873,0.6051779935275081,977,0
PTPRJ,1652,0.1461209592204735,0.352941176173999,0.0080025304444093,0.0084790987251704,0.000143,36,3,TYR,Q12913,2.83,0.964,0.0617104557126969,Non-essential,77.8,24.6,18.1,0.2180498189532946,1638,0.203449945475515,1654,0.5232081539993968,731,0.5621,Melanoma,3.18,1.0,0.2560066502099622,0.5137540453074434,1203,0
SLC2A14,1826,0.1320005527823151,0.252100840124285,0.073686541198798,0.0301808479098725,0.000509,26,5,TYR,Q8TDB8,-3.626,0.079,-0.0648613969705051,Non-essential,87.6,11.2,9.2,0.2180021413206674,1639,0.2066864683806072,1612,0.4461614938375745,1059,0.2749,Adrenocortical,1.306,0.842,0.5357758129789905,0.6480582524271845,871,0
OR3A3,1830,0.1314539710218442,0.2605042014617612,0.0598892930570931,0.0309516750667061,0.000522,18,10,TYR,P47888,-9.966,0.002,0.2896473616094925,Non-essential,86.2,10.9,6.5,0.2179867125425662,1640,0.2059811771954208,1623,0.0790561573521854,2180,0.0,AML,0.0,0.0,0.0373467060603014,0.11569579288025889,2187,0
PCDHA5,1545,0.1564326307124715,0.2605042014617612,0.0099762770836628,0.1641268900088941,0.002768,14,2,LYS,Q9Y5H7,-4.035,0.058,0.0964371685313062,Non-essential,74.3,31.8,26.8,0.2179022622847556,1641,0.2034010761389387,1656,0.2318523798635103,1902,0.2327,Pheochromocytoma,3.46,0.165,0.1902178898024205,0.23260517799352753,1898,0
NTSR1,1614,0.1501178039108603,0.2605042014617612,0.1121999051083346,0.0408538393121849,0.000689,19,12,TYR,P30989,-4.608,0.075,0.1083707791069105,Non-essential,79.6,26.6,20.8,0.2178399066167463,1642,0.208449901872163,1588,0.5237665760674377,727,0.2741,Uterine Carcinosarcoma,3.521,0.281,0.7453570783403298,0.8325242718446602,415,1
PCDHA2,1538,0.1571879464251256,0.2605042014617612,0.0085212715483156,0.1680996145864215,0.002835,16,2,LYS,Q9Y5H9,-3.626,0.079,-0.0456959424704854,Non-essential,73.6,32.6,27.8,0.2177316920453006,1643,0.2031577556227164,1660,0.3105547624517852,1659,0.2627,Pheochromocytoma,3.655,0.278,0.2380456736560177,0.3074433656957929,1713,0
CA14,1790,0.1342341889284344,0.252100840124285,0.0502989087458484,0.0610139341832196,0.001029,11,8,LYS,Q9ULX7,-0.834,0.315,0.0176499270693158,Non-essential,90.7,13.4,5.6,0.2176635047757668,1644,0.2051784502130592,1634,0.4733096844360391,930,1.3801,Uveal Melanoma,7.559,1.0,0.4997929126282658,0.6521035598705502,861,0
TAS2R8,1748,0.1370857381894499,0.2605042014617612,0.0305740945753597,0.0790394307737918,0.001333,13,9,LYS,Q9NYW2,-9.966,0.0,0.1205910033516811,Non-essential,81.8,16.2,2.9,0.2173798518489043,1645,0.2039085565776722,1646,0.2014487406775479,1975,0.0,AML,5.672,0.0,0.1375790815522988,0.19902912621359226,1981,0
OR5L2,1942,0.125267994892176,0.2605042014617612,0.0285370868258737,0.0416839608656981,0.000703,12,8,LYS,Q8NGL0,-9.966,0.0,-0.1879484859141439,Non-essential,89.4,6.4,1.9,0.2173317324345093,1646,0.203758586775803,1651,0.0434338875102473,2321,0.0,AML,0.0,0.0,0.0782195162590704,0.12055016181229772,2175,0
CD151,1895,0.1274203755786436,0.3109243694866181,0.0080341609995255,0.0021345982804624,3.6e-05,12,2,TYR,P48509,7.881,1.0,-0.161314132850299,Non-essential,88.3,9.1,4.0,0.2172657191403133,1647,0.2026674271902896,1671,0.5400440135026029,656,0.4948,Glioblastoma,2.799,1.0,0.6625626630564377,0.8078478964401294,476,0
GHSR,1679,0.1437520197504352,0.2605042014617612,0.0913363909536612,0.0404980729321079,0.000683,16,8,TYR,Q92847,-9.966,0.002,0.0848096969388345,Non-essential,81.6,21.9,10.4,0.2172350864830586,1648,0.2068019060307417,1609,0.3615961466123523,1453,0.0048,Pancreatic,0.403,0.017,0.2701189451119261,0.37621359223300976,1543,0
PCDHB5,1713,0.1403210972336625,0.2268907561118565,0.0093310137592914,0.1558849688704417,0.002629,13,2,LYS,Q9Y5E4,-0.413,0.438,-0.0409052466743017,Non-essential,81.6,18.5,13.8,0.217215760296583,1649,0.2026823109845476,1670,0.3908706500459655,1323,0.3239,Adrenocortical,2.043,0.868,0.2670852916869936,0.4008899676375405,1482,0
LRFN2,1420,0.1691100675994929,0.2689075627992374,0.0353376561758658,0.1698191520901274,0.002864,16,2,LYS,Q9ULH4,-5.012,0.067,0.157614589030144,Non-essential,69.3,43.2,35.7,0.2172068490462314,1650,0.2039737318550246,1645,0.4672341485598711,954,1.6936,Pheochromocytoma,7.158,0.58,0.388849650767092,0.5659385113268609,1074,0
TAS2R39,1656,0.1458171212094496,0.2605042014617612,0.0476419421160841,0.0910761932997331,0.001536,14,15,LYS,P59534,-9.966,0.0,0.0576292338962838,Non-essential,81.2,23.7,8.6,0.2171560043655707,1651,0.2045381014713749,1638,0.2049840034578713,1965,0.0,AML,5.672,0.0,0.1578908123500322,0.20833333333333337,1958,0
SLC2A13,1702,0.1415804065492068,0.2352941174493327,0.1304001265222204,0.0278090720426919,0.000469,20,7,CYS,Q96QE2,0.964,0.76,-0.0955074821171125,Non-essential,80.0,19.8,15.1,0.2171052407484945,1652,0.2086252470746055,1584,0.5818853751090987,535,0.4552,Sarcoma,3.032,0.849,0.6254120816113169,0.8143203883495146,460,0
PLET1,1497,0.1612294738836686,0.2605042014617612,0.0052127154831567,0.1848799288467239,0.003118,4,7,LYS,Q6UQ28,-9.966,0.0,0.0058770360913857,Non-essential,76.2,36.7,17.9,0.2169996315940865,1653,0.2022602673682444,1677,0.2427146546807493,1874,0.2432,AML,8.414,0.029,0.0983181986678055,0.20307443365695788,1971,0
GRIA2,1786,0.1344285148545955,0.201680672099428,0.0209900363751383,0.1581974503409427,0.002668,48,6,LYS,P42262,-5.012,0.163,0.1282206085373854,Non-essential,84.9,13.4,8.9,0.21698510691382,1654,0.2030346087325769,1664,0.3992415001620991,1273,1.3087,Pheochromocytoma,5.886,0.994,0.2996857306216324,0.43284789644012944,1403,0
CLEC2D,1677,0.1439695547462346,0.2352941174493327,0.0003858927724181,0.1657871331159205,0.002796,1,2,LYS,Q9UHP7,1.938,0.921,0.1539398768768707,Non-essential,86.1,22.0,6.3,0.216896197579351,1655,0.201915492217972,1686,0.2530227104304718,1838,0.3902,AML,2.207,1.0,0.2017318001217027,0.25202265372168287,1850,0
ACKR3,1711,0.1406430537105626,0.2268907561118565,0.0727819073224735,0.0935072635635932,0.001577,21,16,CYS,P25106,3.94,0.985,0.0515638906022651,Non-essential,82.5,19.1,7.2,0.2168840573606664,1656,0.2055231527267901,1627,0.5149823563904156,768,0.6721,AML,4.559,0.821,0.6423643610073752,0.776294498381877,554,0
CEACAM3,1493,0.1618008016059934,0.2605042014617612,0.0010691127629289,0.1909279573080343,0.00322,2,3,LYS,P40198,-2.932,0.062,0.016223621555655,Non-essential,78.5,37.3,10.7,0.2168757380293572,1657,0.2019291936675036,1685,0.3588078492950411,1464,0.1694,AML,2.016,0.376,0.2492275203681614,0.36084142394822005,1581,0
CDH12,1620,0.149560227603704,0.252100840124285,0.0117918709473351,0.150607767565965,0.00254,27,1,CYS,P55289,-6.506,0.075,0.0969653501106362,Non-essential,77.3,27.0,21.3,0.2168352036718248,1658,0.2024247972191915,1673,0.3936500059115814,1305,0.7574,Kidney Chromophobe,5.189,0.462,0.2993978344760494,0.4288025889967637,1413,0
PCDHA10,1547,0.1563085637282771,0.2605042014617612,0.0096220148663609,0.1640675956122146,0.002767,14,4,LYS,Q9Y5I2,-2.388,0.2,0.0273486658540472,Non-essential,73.3,32.8,27.8,0.2167988731312602,1659,0.2022799738745783,1675,0.247216098364849,1858,0.1791,Pheochromocytoma,2.099,0.409,0.2199961231035568,0.2593042071197411,1832,0
IGSF8,1891,0.1276055535830388,0.3109243694866181,0.0107860192946386,0.0,0.0,23,0,,Q969P0,5.267,1.0,-0.0195372765051796,Non-essential,88.1,9.8,3.1,0.216720034143976,1660,0.2022593351087079,1678,0.3239915904879328,1615,0.3572,Sarcoma,2.02,1.0,0.3110144710906471,0.37297734627831713,1551,0
OR8K5,1954,0.1248160669357589,0.2605042014617612,0.0342052823027044,0.034509338867477,0.000582,20,8,LYS,Q8NH50,-9.966,0.0,-0.0987446467357878,Non-essential,89.4,6.8,2.6,0.2165551258041617,1661,0.203265389919297,1659,0.0417789432935913,2351,0.0,AML,0.0,0.0,0.047238945074036,0.09142394822006472,2247,0
CLDN12,1630,0.1484394999196768,0.3193277308240944,0.0102672781907322,0.0587607471093981,0.000991,4,4,TYR,P56749,4.101,0.997,0.0584826159470383,Non-essential,81.0,27.5,17.2,0.2165217121134656,1662,0.2020350760230022,1681,0.4696630742148097,945,0.3179,Pancreatic,1.77,1.0,0.3068104562140749,0.5072815533980582,1219,0
OR5D16,1813,0.1326763365906956,0.2605042014617612,0.026430491855132,0.0684850281648384,0.001155,19,5,CYS,Q8NGK9,-9.966,0.0,-0.0420923090463271,Non-essential,84.7,13.4,7.3,0.216505350516609,1663,0.2028268751093656,1668,0.0434707252871108,2320,0.0,AML,0.0,0.0,0.0296237291258225,0.05663430420711979,2333,0
TSPAN14,1883,0.1281786992417451,0.3109243694866181,0.0126965048236596,0.0,0.0,9,0,,Q8NG11,5.536,1.0,-0.0432960007602962,Non-essential,88.1,10.7,2.2,0.2162976555262312,1664,0.2019324807674142,1684,0.3629814531016508,1445,0.3773,Pancreatic,2.134,1.0,0.2434392678166594,0.36165048543689315,1579,0
FZD7,1727,0.1389323309809268,0.2689075627992374,0.0721303178870789,0.032434034983694,0.000547,16,16,LYS,O75084,2.583,0.913,0.0842357563538095,Non-essential,83.2,19.0,13.8,0.2162587351974263,1665,0.2048652510917802,1637,0.4646152805625794,979,0.6404,Pancreatic,3.712,0.96,0.4647715828960889,0.61084142394822,963,0
BCAM,1767,0.1354254720527896,0.3361344534990467,0.0032389688439032,0.0,0.0,14,0,,P50895,6.371,1.0,0.0355127898532437,Non-essential,83.5,17.2,11.9,0.2162568009356421,1666,0.2014187493778373,1698,0.6462456971858751,349,0.5868,Ovarian,3.328,0.998,0.6926999718061757,0.8859223300970873,283,0
TNFRSF8,1230,0.188823445352037,0.252100840124285,0.002853076071485,0.2904239549362585,0.004898,9,4,LYS,P28908,-1.283,0.196,-0.2372198660327844,Non-essential,61.2,60.3,48.4,0.2162545517954356,1667,0.2013972055990099,1699,0.3648704516522578,1437,0.5796,Mesothelioma,3.378,0.908,0.3713456375758752,0.44377022653721687,1376,0
TMEM62,1983,0.1228406516016409,0.2857142854741897,0.0209267752649059,0.0075896827749777,0.000128,26,6,TYR,Q0P6H9,3.767,0.999,-0.0219107168029305,Non-essential,91.8,5.9,1.7,0.2162291144259372,1668,0.2022754531891825,1676,0.2920352978731574,1724,0.3878,Cholangiocarcinoma,2.194,1.0,0.1588893705649511,0.25121359223300976,1852,0
ABCB1,1843,0.1304513200338563,0.2100840334369042,0.0605661869365807,0.0941595019270678,0.001588,68,10,LYS,P08183,1.078,0.722,-0.0872280081659223,Non-essential,84.6,11.0,7.7,0.2162108339188286,1669,0.2042391432656576,1641,0.5185000759375638,748,0.4669,Kidney Papillary,2.709,0.975,0.5584250557582001,0.7301779935275081,668,0
OR5B2,1974,0.1234208978208344,0.2605042014617612,0.0437260793926933,0.0203379780610732,0.000343,19,9,LYS,Q96R09,-9.966,0.001,0.0140161972848535,Non-essential,90.2,6.1,1.0,0.216092484875058,1670,0.2032787888446927,1658,0.0656513901062399,2217,0.0,AML,0.0,0.0,0.049952560926873,0.12257281553398058,2170,0
OR11H12,1980,0.1230496933292018,0.2605042014617612,0.0179408508619326,0.0448858582863919,0.000757,17,4,LYS,B2RN74,-9.966,0.0,-0.3538459535466489,Context-dependent,78.9,25.8,8.3,0.2160831477986975,1671,0.1819801903417942,2094,0.1580530824462678,2061,0.0,AML,0.0,0.0,0.0654749511591211,0.15614886731391586,2087,0
TIGIT,1474,0.1637877350213379,0.403361344198856,0.0041119721651114,0.0040320189742069,6.8e-05,1,2,SER,Q495A1,0.085,0.516,-0.0691953650329126,Non-essential,74.6,42.2,21.7,0.2160124682544291,1672,0.2012180668626847,1701,0.5398601290103753,659,0.637,Kidney Clear Cell,4.291,0.712,0.4058956483661839,0.6472491909385114,873,0
SIGLEC10,1562,0.155086940573367,0.3445378148365229,0.0374126205914913,0.0201600948710346,0.00034,21,9,TYR,Q96LC7,1.374,0.768,-0.0723758908963669,Non-essential,73.2,34.0,24.1,0.2159814140584144,1673,0.202852045087989,1666,0.6725343575829165,285,0.6493,Glioblastoma,3.661,0.987,0.7553294223122207,0.9251618122977346,186,0
HTR3B,1722,0.1394319035285413,0.2605042014617612,0.0160999525541673,0.101334123925289,0.001709,16,2,CYS,O95264,-9.966,0.011,0.0853971857375523,Non-essential,81.7,19.7,12.2,0.2158349896314805,1674,0.2016399872591888,1693,0.1955626254908738,1993,0.1492,Kidney Chromophobe,1.246,0.169,0.0910750580506358,0.18203883495145634,2023,0
EDA,1366,0.1751291145815275,0.2184873947743803,0.0077747904475723,0.2846723984583456,0.004801,8,1,LYS,Q92838,0.276,0.563,-0.0489542797883933,Non-essential,69.6,48.8,33.0,0.2157823853975125,1675,0.2011711249198911,1702,0.2544124965493676,1833,0.3615,Cholangiocarcinoma,2.415,0.833,0.222312220850602,0.26496763754045305,1818,0
SIDT1,1709,0.1409963926511831,0.302521008149142,0.0631282619009963,0.0034983694040913,5.9e-05,39,12,TYR,Q9NXL6,0.754,0.628,0.0625546765151968,Non-essential,80.3,21.8,13.4,0.2157390106784716,1676,0.2038954237735214,1647,0.568433565459553,570,0.9088,AML,5.15,0.983,0.4927273678006956,0.7261326860841424,678,0
SLC6A1,1846,0.1303092502178116,0.2184873947743803,0.0668543412936897,0.0761932997331752,0.001285,26,12,LYS,P30531,-1.595,0.234,0.0231211102911691,Non-essential,88.0,11.5,9.0,0.2157324984277493,1677,0.2040752154924338,1644,0.3460783939863719,1525,0.2865,Kidney Clear Cell,2.138,0.734,0.5491744300923413,0.5533980582524272,1105,0
PCDHA9,1551,0.1559366592945651,0.2605042014617612,0.005832674363435,0.1666172546694337,0.00281,21,1,LYS,Q9Y5H5,-6.506,0.012,-0.0374310782736531,Non-essential,73.2,33.6,28.9,0.2156889527698335,1678,0.2009805864880053,1705,0.2492344505138883,1850,0.3019,Pheochromocytoma,4.42,0.097,0.1157540986775598,0.2131877022653722,1946,0
OR52E2,1876,0.128435030245956,0.2605042014617612,0.0758563972797722,0.0049214349243996,8.3e-05,7,6,TYR,Q8NGJ4,-9.966,0.001,0.0306980416199034,Non-essential,86.3,10.8,0.6,0.2155709285626593,1679,0.2043637484266479,1639,0.0568805830114577,2253,0.0,AML,0.0,0.0,0.025289952160717,0.055420711974110026,2336,0
OR6K2,1959,0.1246710967777763,0.2605042014617612,0.0442764510517159,0.0239549362585235,0.000404,11,5,TYR,Q8NGY2,-9.966,0.0,-0.0717574778783854,Non-essential,88.2,7.7,3.4,0.2155343173391762,1680,0.202748139891762,1669,0.0440254853094359,2312,0.0,AML,0.0,0.0,0.0276474409049541,0.047330097087378675,2356,0
AQP9,1921,0.1263784147372546,0.2941176468116659,0.0275628657282935,0.0015416543136673,2.6e-05,4,3,CYS,O43315,-0.267,0.46,-0.0687848061500193,Non-essential,91.5,9.8,7.1,0.2154173063945733,1681,0.2017954496809879,1688,0.4095664991410309,1227,0.5171,Pancreatic,4.109,0.712,0.4572948592491612,0.55542071197411,1100,0
OR13G1,1930,0.1257999941969227,0.2605042014617612,0.0323264273287996,0.0396679513785947,0.000669,18,6,TYR,Q8NGZ3,-9.966,0.0,0.1007610421943975,Non-essential,86.5,8.8,0.7,0.215375065188465,1682,0.2019913865549049,1682,0.1404072073672301,2085,0.097,AML,5.931,0.023,0.0413051268950558,0.13996763754045305,2127,0
FPR1,1755,0.1361424109414004,0.2941176468116659,0.0110137592914755,0.0506374147643047,0.000854,11,3,LYS,P21462,1.561,0.776,0.0953787939376135,Non-essential,83.8,18.0,8.6,0.2153539698980281,1683,0.2009046578626019,1707,0.6401411927413845,368,0.8532,Glioblastoma,4.857,0.994,0.6811765275168481,0.8745954692556634,311,0
OR2J3,1969,0.1237345675236624,0.2605042014617612,0.027398386841689,0.0377112362881707,0.000636,16,7,CYS,O76001,-9.966,0.0,-0.0659303806755921,Non-essential,88.4,7.1,3.5,0.2153538762940813,1684,0.2017237956361658,1692,0.0801110403745657,2178,0.0,AML,0.0,0.0,0.0454546559497205,0.12864077669902918,2155,0
KIAA0319,1537,0.1572346228261924,0.2773109241367135,0.0167452158785386,0.1376222946931515,0.002321,18,4,LYS,Q5VV43,-2.826,0.154,-0.0193153768514986,Non-essential,70.8,35.4,29.9,0.2152507010907722,1685,0.2010879618846991,1704,0.5279056647573708,714,1.2675,Pheochromocytoma,6.005,0.79,0.3352772080632611,0.5829288025889967,1032,0
OR52H1,1931,0.125762327860456,0.2605042014617612,0.0693784595919658,0.0024903646605395,4.2e-05,13,4,SER,Q8NGJ2,-9.966,0.0,0.0642456920097631,Non-essential,86.9,8.9,2.9,0.2152436765747427,1686,0.203712599554341,1652,0.3353541010766334,1572,3.0326,AML,9.369,0.324,0.1248582216274503,0.26860841423948223,1809,0
GPR31,1818,0.1324578521172974,0.2689075627992374,0.0647793768780642,0.0182033797806107,0.000307,11,13,CYS,O00270,-5.574,0.001,-0.0147253314615458,Non-essential,83.2,14.7,6.0,0.2151633361444018,1687,0.203402304988305,1655,0.2304162747925291,1907,0.3609,DLBCL,4.24,0.085,0.1442578711648458,0.2115695792880259,1950,0
OPRM1,1591,0.1519182361138413,0.2605042014617612,0.0433718171753914,0.1156833679217314,0.001951,19,9,LYS,P35372,-9.966,0.011,0.0698411727024179,Non-essential,76.6,30.8,17.8,0.2151402667858971,1688,0.2023088576446666,1674,0.699015111180838,225,2.8834,Pheochromocytoma,9.988,0.5,0.3941147283846991,0.7326051779935275,662,0
OR1N2,1907,0.1270743197747371,0.2605042014617612,0.0573272180926775,0.0189149125407648,0.000319,18,7,TYR,Q8NGR9,-9.966,0.0,-0.0366293329187105,Non-essential,88.4,10.1,5.1,0.2151370031699769,1689,0.2030033640746108,1665,0.0443071773069237,2310,0.0,AML,0.0,0.006,0.0339629702519117,0.07483818770226536,2288,0
TAS2R46,1928,0.1258575031036247,0.2605042014617612,0.0594970741736517,0.0126890008894159,0.000214,14,6,TYR,P59540,-9.966,0.002,-0.1089223652294422,Non-essential,86.1,9.1,0.3,0.2151229892773833,1690,0.2030978429860659,1662,0.4496541316369192,1044,5.4155,AML,7.873,0.688,0.2141742137317964,0.42354368932038833,1426,0
IGSF9B,1341,0.1776391089908376,0.1932773107619518,0.0098497548631978,0.3245775274236584,0.005474,28,5,LYS,Q9UPX0,-0.088,0.484,0.0349413583759555,Non-essential,62.2,51.2,47.0,0.2150538793383972,1691,0.200546367081557,1713,0.2889378098520407,1732,0.704,Pheochromocytoma,3.878,0.994,0.115360284302356,0.23139158576051777,1901,0
SLC28A1,1788,0.1342723056680429,0.2689075627992374,0.0472876798987822,0.0417432552623777,0.000704,28,11,TYR,O00337,-4.293,0.136,0.0290077481607346,Non-essential,82.3,16.5,10.8,0.214875380770023,1692,0.2022397647649622,1679,0.6317208681275694,396,0.7577,Kidney Clear Cell,2.632,0.955,0.6753574871223859,0.8652912621359223,334,0
ZPLD1,1648,0.1467617736433037,0.2857142854741897,0.0152206231219357,0.0930329083901571,0.001569,16,7,LYS,Q8TCW7,-5.012,0.044,0.0227721492475783,Non-essential,77.3,27.2,14.7,0.2148633827939896,1693,0.2006244139500863,1709,0.4122282470190391,1214,1.3999,Cholangiocarcinoma,5.091,0.389,0.4171921719860026,0.529126213592233,1165,0
STAB2,1487,0.1624548098466405,0.252100840124285,0.0691823501502451,0.1361992291728431,0.002297,89,15,LYS,Q8WWQ8,-3.308,0.023,-0.0006595743200592,Non-essential,70.5,39.9,9.2,0.2146806888742718,1694,0.203139806381784,1661,0.5382280501780207,672,0.1083,AML,1.948,0.289,0.2932536333860688,0.5594660194174756,1090,0
LRIG3,1572,0.1542549595527861,0.2268907561118565,0.0298655701407559,0.1817966202193892,0.003066,26,10,LYS,Q6UXM1,3.096,0.939,0.0160990466174324,Non-essential,73.0,32.7,30.3,0.214627312229186,1695,0.2011205907362238,1703,0.3996202715305262,1270,0.5313,Cholangiocarcinoma,2.91,1.0,0.2311142676559828,0.3879449838187702,1514,0
ABCB4,1878,0.1283678982609708,0.2605042014617612,0.0756919183931678,0.0048621405277201,8.2e-05,70,11,CYS,P21439,-0.687,0.336,-0.0369937116556792,Non-essential,83.2,11.7,8.9,0.2146149852418384,1696,0.2033995811614967,1657,0.5404294186557351,653,0.5101,Pancreatic,4.57,0.621,0.5731293978002867,0.7629449838187703,587,0
IL2RA,1505,0.1604997201096002,0.3949579828613799,0.0083884232168274,0.0,0.0,9,2,CYS,P01589,0.03,0.505,0.0338986656835609,Non-essential,72.5,40.8,28.7,0.2145323998056898,1697,0.1999518209665312,1724,0.5340357824729092,687,1.0321,Pancreatic,5.753,0.802,0.3851790057746572,0.6262135922330097,925,0
OR51L1,2023,0.1202234729400034,0.2605042014617612,0.0432073382887869,0.0101986362288763,0.000172,13,6,TYR,Q8NGJ5,-9.966,0.0,0.1178156759914867,Non-essential,89.7,5.1,2.9,0.2144279641410322,1698,0.2015883310554715,1694,0.0435016168608757,2319,0.0,AML,0.0,0.0,0.0241036283332541,0.03478964401294493,2387,0
SLC35A5,1621,0.1494935807614972,0.3109243694866181,0.0485845326585481,0.0351615772309516,0.000593,22,9,LYS,Q9BS91,4.202,0.999,-0.0329463172299918,Non-essential,76.8,30.4,18.9,0.2143600567926912,1699,0.2017892834256186,1689,0.471947914226712,937,0.4777,AML,2.702,1.0,0.4342012151923091,0.5962783171521036,999,0
CDH22,1578,0.1536291308742067,0.2268907561118565,0.0129558753756128,0.1966202193892677,0.003316,20,4,LYS,Q9UJ99,-4.035,0.182,0.0158482988104576,Non-essential,75.4,32.5,23.9,0.2143057883303699,1700,0.1999535820991505,1723,0.5117404218017318,779,1.7678,Pheochromocytoma,7.778,0.909,0.3552838197435503,0.5792880258899676,1041,0
FAM187B,1862,0.1290769435260019,0.2605042014617612,0.0048268227107385,0.0780907204269196,0.001317,15,2,LYS,Q17R55,-9.966,0.0,-0.0272492568441018,Non-essential,86.4,12.7,7.6,0.2142058562960309,1701,0.1994471974315678,1735,0.2112628462448668,1951,-0.0,AML,-2.679,0.0,0.1027192240814292,0.19053398058252424,2002,0
DUOXA1,1734,0.1381707017197795,0.302521008149142,0.0201486636090463,0.0370589979246961,0.000625,11,4,TYR,Q1HG43,0.246,0.527,-0.066962185193036,Non-essential,82.5,21.0,17.5,0.2141842682356353,1702,0.2001917014160876,1718,0.7550355721942452,124,1.0337,Head&Neck,5.588,0.996,0.7396801367856869,0.948220064724919,129,0
OR8K3,1738,0.1378534491786391,0.2605042014617612,0.0373430333702356,0.0748295286095463,0.001262,12,9,LYS,Q8NH51,-9.966,0.0,,No data,89.3,5.1,1.3,0.2141196110065618,1703,0.2159867626750736,1499,0.0408246038044341,2363,0.0,AML,0.0,0.0,0.0300956549024609,0.04571197411003236,2360,0
OR52E8,2011,0.1206880347384232,0.2605042014617612,0.0530570931519848,0.0018974206937444,3.2e-05,5,4,TYR,Q6IFG1,-9.966,0.0,0.0475617572586164,Non-essential,88.4,5.8,1.9,0.2141150989730487,1704,0.2017679536306479,1691,0.0380717938231881,2380,0.0,AML,0.0,0.006,0.0194997614095029,0.012540453074433633,2442,0
OR14A2,1961,0.1242848063962455,0.2605042014617612,0.0308334651273129,0.0361102875778238,0.000609,22,8,TYR,Q96R54,-9.966,0.001,0.0576607708379986,Non-essential,87.0,8.9,1.6,0.2140124086879006,1705,0.2005540819442662,1712,0.1144891496579885,2123,0.0,AML,0.0,0.006,0.0379823764201783,0.13025889967637538,2151,0
CD300A,1363,0.1753348360683547,0.3613445375114751,0.0106911276292898,0.0919656092499258,0.001551,4,4,LYS,Q9UGN4,2.519,0.953,0.1104696892742748,Non-essential,70.7,53.2,24.7,0.2139347723488202,1706,0.1994693287302847,1734,0.6968877946185746,232,0.7758,Sarcoma,4.495,0.976,0.7226183114996445,0.9199029126213593,199,0
NRCAM,1701,0.1415966146447693,0.3193277308240944,0.0273034951763403,0.0189149125407648,0.000319,45,6,TYR,Q92823,1.712,0.721,0.0256890861392768,Non-essential,77.4,24.4,15.6,0.2139193077177092,1707,0.2002844824765263,1717,0.6831422386634884,259,0.6356,Uterine,3.939,0.898,0.6731532499497335,0.8976537216828478,254,0
OR7G3,1967,0.1238439160312849,0.2605042014617612,0.0348189150719595,0.0306552030833086,0.000517,13,8,TYR,Q8NG95,-9.966,0.001,-0.1864172472209236,Non-essential,87.5,8.7,3.5,0.2138450000504334,1708,0.2005859458040314,1711,0.0425061816175749,2335,0.0,AML,0.0,0.0,0.0766268588754712,0.11448220064724923,2190,0
OXGR1,1884,0.1281677568872378,0.2352941174493327,0.0428214455163688,0.0706789208419804,0.001192,16,9,LYS,Q96P68,-3.171,0.186,0.0402498349496984,Non-essential,86.4,11.9,6.5,0.2138280326968537,1709,0.2009691049726722,1706,0.2989758483712009,1695,0.6279,Kidney Chromophobe,3.495,0.862,0.4400120296017283,0.4393203883495146,1387,0
SLC10A4,1507,0.1603173774759416,0.252100840124285,0.0330033212082872,0.1652534835458049,0.002787,17,5,LYS,Q96EP9,-3.308,0.14,-0.0351496629459848,Non-essential,70.9,39.1,31.1,0.2136994952320228,1710,0.2003496612924371,1715,0.5803234584303713,539,1.8005,Pheochromocytoma,8.287,0.972,0.5036527546012097,0.7366504854368932,652,0
OR10G3,1970,0.1237032805628359,0.2605042014617612,0.0604396647161157,0.0045656685443225,7.7e-05,13,9,CYS,Q8NGC4,-9.966,0.0,-0.0338388581142166,Non-essential,87.7,8.9,3.5,0.2135278038267259,1711,0.2015497870625317,1695,0.0847816594844941,2173,0.0,AML,0.0,0.0,0.036245991272632,0.11286407766990292,2194,0
CRB2,1707,0.1411212190807239,0.2773109241367135,0.0235141546734145,0.0771420100800474,0.001301,43,4,CYS,Q5IJ48,-3.816,0.16,-0.0703393670132882,Non-essential,76.4,23.8,9.2,0.2134228646362151,1712,0.1995985723698859,1731,0.7119176633679994,201,2.4461,Mesothelioma,8.935,0.908,0.6638558846192265,0.9029126213592233,241,0
HTR3C,1743,0.137372010561351,0.2605042014617612,0.0232864146765775,0.0872813519122442,0.001472,19,3,CYS,Q8WXA8,-9.966,0.006,0.0139970731561214,Non-essential,80.4,20.4,15.0,0.2134184121588218,1713,0.1995827328926507,1732,0.367981211010028,1421,0.2843,Pancreatic,5.931,0.068,0.2773154194850142,0.38673139158576053,1517,0
NTNG1,1776,0.1349322395086802,0.2100840334369042,0.0230270441246243,0.1466350429884375,0.002473,21,8,LYS,Q9Y2I2,-2.826,0.244,0.0016404889296965,Non-essential,83.6,17.6,11.1,0.2133449334811819,1714,0.1994962856874131,1733,0.3829427212329502,1357,1.1353,Pheochromocytoma,6.398,0.869,0.5728025810534704,0.6031553398058253,982,0
GRM1,1548,0.1561043809460552,0.2605042014617612,0.1045832674363435,0.0684257337681589,0.001154,38,18,LYS,Q13255,-5.574,0.038,0.0115745360571997,Non-essential,70.9,36.1,33.3,0.213328720812742,1715,0.2035578841845591,1653,0.4951131214363851,843,0.6552,Kidney Chromophobe,3.207,0.354,0.2765909793809303,0.5052588996763754,1224,0
ADAM19,1511,0.1599408924727211,0.252100840124285,0.0717127945595445,0.1252890601838126,0.002113,33,15,LYS,Q9H013,1.532,0.809,0.1342843014916617,Non-essential,69.9,39.2,32.6,0.213285757729339,1716,0.2018713974573162,1687,0.4998895556623363,820,0.8557,Pancreatic,5.13,0.944,0.4307685331037075,0.6274271844660194,922,0
TSPAN31,1988,0.1223597372367399,0.2941176468116659,0.0139300964731931,0.0017788319003854,3e-05,6,3,TYR,Q12999,5.304,1.0,-0.2255274706315229,Non-essential,89.3,8.6,0.5,0.2132684084774777,1717,0.1989649133011373,1742,0.3166032826129809,1639,0.3307,Cholangiocarcinoma,1.871,1.0,0.4699580368356309,0.46804207119741104,1316,0
TAS1R2,1919,0.1265727966458198,0.2605042014617612,0.0480657915546417,0.0265045953157426,0.000447,35,13,TYR,Q8TE23,-9.966,0.0,-0.0535419604355768,Non-essential,86.0,11.6,3.0,0.2132190672292125,1718,0.2006223568069445,1710,0.0618717509421549,2237,0.0,AML,0.0,0.0,0.0448612310798934,0.11367313915857602,2192,0
C19orf18,1316,0.1807085112820728,0.2352941174493327,0.0135695081448679,0.2750667061962644,0.004639,2,3,LYS,Q8NEA5,-0.886,0.283,-0.0101934565684518,Non-essential,61.5,56.3,38.6,0.2132119946925495,1719,0.1988904700997929,1744,0.2937207924780417,1720,0.4848,AML,6.563,0.405,0.3341663001047756,0.36852750809061485,1562,0
PCDH20,1723,0.1393721376769224,0.2352941174493327,0.0336232800885655,0.1172250222353987,0.001977,21,10,LYS,Q8N6Y1,-2.388,0.225,-0.0770383356174884,Non-essential,78.1,21.9,17.0,0.2131650166882575,1720,0.1998461806926857,1725,0.411525549942284,1219,0.4678,Pheochromocytoma,4.419,0.54,0.5695766374562026,0.6351132686084142,903,0
OR2AG2,2058,0.1187001947316413,0.2605042014617612,0.0231282619009963,0.0252001185887933,0.000425,17,5,TYR,A6NM03,-9.966,0.0,0.0563133845083053,Non-essential,86.8,5.1,3.2,0.2131585656340638,1721,0.1993149787291136,1737,0.0744527890871316,2195,0.0,Adrenocortical,0.0,0.0,0.0405438844852412,0.1173139158576052,2183,0
OR8K1,1978,0.1231357316274929,0.2605042014617612,0.0461553060256207,0.0169581974503409,0.000286,13,7,TYR,Q8NGG5,-9.966,0.0,-0.0030585830447261,Non-essential,88.3,8.8,4.4,0.2131548463806068,1722,0.2004626116818878,1714,0.0433732172836659,2323,0.0,AML,0.0,0.0,0.0324142529978662,0.06391585760517804,2315,0
LRIG2,1616,0.1498703935194542,0.2268907561118565,0.0246781591016922,0.1723688111473465,0.002907,33,10,LYS,O94898,1.665,0.95,-0.0702679984905652,Non-essential,74.5,30.6,26.8,0.2130735072014094,1723,0.199307415156494,1738,0.2872337926793494,1740,0.3862,AML,2.185,1.0,0.1843882999832804,0.2637540453074434,1821,0
OR9K2,1935,0.125664531210416,0.2605042014617612,0.0354325478412146,0.0361102875778238,0.000609,16,8,CYS,Q8NGE7,-9.966,0.0,0.0616878564584812,Non-essential,86.8,11.0,9.9,0.213062179366376,1724,0.1998338067584367,1726,0.0426991385149823,2330,0.0,AML,0.0,0.0,0.0372272696460286,0.07847896440129454,2279,0
HFE,1886,0.1279679778526864,0.3109243694866181,0.0110453898465918,0.0009487103468722,1.6e-05,12,1,TYR,Q30201,2.224,0.894,0.076038847774202,Non-essential,88.1,13.8,4.3,0.2130220543686823,1725,0.1985743238610119,1749,0.2580129608097352,1825,0.4906,Glioblastoma,2.922,0.95,0.1329099047512503,0.22289644012944987,1922,0
CD1D,1924,0.1261349908938238,0.252100840124285,0.0675944962834097,0.0167210198636228,0.000282,9,7,CYS,P15813,-0.072,0.476,-0.1599153565334657,Non-essential,89.9,11.3,7.2,0.2130141730802578,1726,0.2013938978944283,1700,0.3639211331065651,1441,0.6022,Thymoma,3.445,0.958,0.4228502919663396,0.4809870550161812,1284,0
SLC12A9,1799,0.1338653966743345,0.2773109241367135,0.0694733512573145,0.0069967388081826,0.000118,36,14,TYR,Q9BXP2,4.155,1.0,-0.0633077402116479,Non-essential,81.3,18.2,9.8,0.212976345964224,1727,0.2014500135270897,1697,0.612001113585505,453,0.5052,Sarcoma,2.858,1.0,0.5233086654734156,0.770631067961165,568,0
RTN4R,1539,0.157141641924947,0.3781512601864275,0.0158089514470979,0.0037948413874888,6.4e-05,10,2,SER,Q9BZR6,2.125,0.91,-0.0554535306226079,Non-essential,75.1,39.3,34.5,0.2129538892738963,1728,0.1987443368462511,1746,0.5372245370850696,676,0.484,Bladder,3.222,0.85,0.3818512686872704,0.6237864077669903,931,0
GPR4,1717,0.1396289742209883,0.2352941174493327,0.0150308397912383,0.1366735843462792,0.002305,15,4,LYS,P46093,1.423,0.859,0.0347205751385681,Non-essential,80.7,22.4,15.7,0.2128790471416458,1729,0.1986305891312077,1748,0.4268290446306328,1143,0.3293,Kidney Clear Cell,1.844,0.994,0.3813101803202299,0.5161812297734627,1197,0
CD163L1,1595,0.1516124368174076,0.2941176468116659,0.081910485529021,0.0313074414467832,0.000528,63,11,CYS,Q9NR16,0.934,0.708,0.1565912113670791,Non-essential,72.9,33.4,13.0,0.2128456581280341,1730,0.2019411824044851,1683,0.5929564375681153,497,0.7114,Pheochromocytoma,4.07,0.989,0.4864308937863362,0.7346278317152104,657,0
OR52M1,2040,0.1195813413500485,0.2605042014617612,0.0490716432073382,0.002193892677142,3.7e-05,11,7,TYR,Q8NGK5,-9.966,0.0,-0.0392813071575645,Non-essential,88.4,6.3,2.5,0.2126928544827364,1731,0.2001464366431034,1719,0.0377360955991643,2383,0.0,AML,0.0,0.0,0.02825902905888,0.036407766990291246,2383,0
MLNR,1671,0.1443141202201413,0.2773109241367135,0.0819484421951605,0.0293507263563593,0.000495,15,10,TYR,O43193,-5.574,0.012,0.091759786135999,Non-essential,77.2,27.2,22.8,0.2126836155857296,1732,0.2017810376954877,1690,0.403643968716634,1259,0.7842,AML,6.714,0.202,0.357435358432536,0.47127831715210355,1308,0
KLRF1,1596,0.1514966196170311,0.252100840124285,0.0092930570931519,0.1595612214645715,0.002691,2,2,LYS,Q9NZS2,-1.552,0.209,0.1484443185886596,Non-essential,78.1,32.9,21.6,0.2125488636829306,1733,0.1980135165375882,1760,0.3391410720112517,1558,0.1875,Ovarian,1.937,0.53,0.3489302340150658,0.40817152103559873,1464,0
OR52K2,1995,0.1216622072601732,0.2605042014617612,0.0543476198007275,0.0038541357841683,6.5e-05,11,7,SER,Q8NGK3,-9.966,0.0,0.1325577098822076,Non-essential,87.4,8.3,3.5,0.2124269094078403,1734,0.2001442903978767,1720,0.204875073993487,1966,2.4282,AML,8.752,0.277,0.1467385245867555,0.20307443365695788,1971,0
OR13A1,1909,0.1270141950877078,0.2605042014617612,0.0591428119563498,0.0168989030536614,0.000285,24,11,TYR,Q8NGR1,-4.608,0.033,-0.0530174606414322,Non-essential,85.6,12.8,7.0,0.2123868992641192,1735,0.2003440398619367,1716,0.1868139894761014,2010,0.2128,Thymoma,2.898,0.22,0.1533882515569165,0.1986245954692557,1982,0
SCN4B,1672,0.1442285825530071,0.1848739494244757,0.0030744899572987,0.2311888526534242,0.003899,3,4,LYS,Q8IWT1,0.402,0.579,0.0502978350217964,Non-essential,83.0,25.9,5.7,0.2123717179512472,1736,0.1975254424491121,1770,0.309059564553637,1664,0.5792,Thymoma,3.565,0.89,0.16322255923138,0.26739482200647247,1812,0
OR10K2,2007,0.1208743909411418,0.2605042014617612,0.0229637830143919,0.0326119181737325,0.00055,17,8,CYS,Q6IF99,-9.966,0.0,-0.0969586564585173,Non-essential,87.5,7.7,1.9,0.2123703958086475,1737,0.1985185849593671,1751,0.042431777895016,2339,0.0,AML,0.0,0.0,0.0451338845651134,0.09223300970873782,2245,0
OR11A1,1997,0.1215530404899234,0.2605042014617612,0.038804365016606,0.0190335013341239,0.000321,16,10,TYR,Q9GZK7,-9.966,0.0,0.0600938540100429,Non-essential,86.3,8.3,2.9,0.2123359370992988,1738,0.1992761553501291,1739,0.0692212810732324,2206,0.0,AML,0.0,0.0,0.0511738586699906,0.12661812297734631,2160,0
OR5P2,1714,0.1402471081760292,0.2605042014617612,0.0419421160841372,0.0782093092202786,0.001319,16,12,LYS,Q8WZ92,-9.966,0.0,0.0118452928478618,Non-essential,79.2,23.9,5.3,0.2123143268377203,1739,0.1994114326419272,1736,0.1948270629064927,1996,0.0,AML,0.0,0.012,0.1835592638313236,0.21521035598705507,1941,0
TMEM179B,1852,0.1300295102532939,0.3193277308240944,0.0025620749644156,0.0050993181144381,8.6e-05,8,1,SER,Q7Z7N9,6.135,1.0,-0.0470930425896416,Non-essential,85.9,16.4,5.5,0.2122800540581464,1740,0.1974081578063672,1774,0.4655183608871055,969,0.3947,Glioblastoma,2.232,1.0,0.4113905430389886,0.5817152103559871,1035,0
OR8B4,2047,0.1193189322767586,0.2605042014617612,0.0331361695397754,0.0172546694337385,0.000291,12,5,TYR,Q96RC9,-9.966,0.0,-0.0168667526494783,Non-essential,89.8,6.5,1.3,0.2122741802549949,1741,0.1989309887319836,1743,0.0413820857345624,2358,0.0,AML,0.0,0.0,0.0247950256903569,0.028721682847896446,2402,0
OR51E1,2044,0.1194561347076482,0.2773109241367135,0.0256523801992724,0.0027868366439371,4.7e-05,14,4,SER,Q8TCB6,-1.639,0.196,0.0082493593939284,Non-essential,88.5,6.9,3.8,0.2122686276586521,1742,0.1985512466686157,1750,0.2944864893847286,1717,0.737,Kidney Clear Cell,4.082,0.866,0.300482081150289,0.34708737864077666,1615,0
CHODL,1553,0.1557400979492909,0.2436974787868088,0.0050545627075755,0.1891491254076489,0.00319,9,4,LYS,Q9H9P2,-1.639,0.279,-0.0117595905366957,Non-essential,75.8,36.6,23.1,0.2122450396041891,1743,0.1974977677395679,1771,0.4736852916171435,928,0.7704,Ovarian,4.304,0.93,0.3992470663805957,0.5800970873786409,1039,0
DSC1,1657,0.1458069869613489,0.2436974787868088,0.0142210975802625,0.1468722205751556,0.002477,26,8,CYS,Q08554,-6.506,0.052,0.0342803935909257,Non-essential,76.7,28.6,23.6,0.2119674471142376,1744,0.1976785019932507,1766,0.639243816933884,370,1.4306,Head&Neck,5.645,0.507,0.4737528475779408,0.7556634304207119,605,0
CMKLR1,1655,0.1459060476128,0.2605042014617612,0.0910453898465918,0.0479691669137266,0.000809,14,17,TYR,Q99788,1.374,0.796,-0.0029739562783936,Non-essential,79.0,29.0,18.5,0.211930109701696,1745,0.2014823791940256,1696,0.5557287392004531,608,0.5629,Low Grade Glioma,3.268,0.974,0.6431976215571142,0.8090614886731391,473,0
LRRN2,1794,0.1340439474555334,0.2605042014617612,0.0634825241182982,0.0359916987844648,0.000607,32,5,TYR,O75325,0.841,0.615,-0.0808521402622263,Non-essential,81.9,19.2,15.1,0.2118450262373071,1746,0.200019152443222,1722,0.4944526170885045,850,0.7028,Pheochromocytoma,3.981,0.983,0.3844294185164757,0.5857605177993528,1025,0
OTOP2,1698,0.1418636120300478,0.2605042014617612,0.0222489324687648,0.103290839015713,0.001742,28,6,LYS,Q7RTS6,-9.966,0.014,-0.1105950158565573,Non-essential,78.0,25.8,16.0,0.2117614133827358,1747,0.1978738600061741,1763,0.3476708689528479,1521,0.1791,Head&Neck,7.033,0.062,0.1952798913421234,0.31634304207119746,1691,0
LYPD3,1533,0.1579193185074336,0.3865546215239037,0.0107543887395223,0.000237177586718,4e-06,9,2,SER,O95274,1.953,0.732,-0.0527415461742778,Non-essential,74.3,41.3,27.7,0.2117420091149263,1748,0.1972797285519024,1776,0.8356459778823548,42,1.3948,Head&Neck,7.89,1.0,0.884659419826807,0.991504854368932,22,0
BSG,1860,0.1292765745687716,0.3193277308240944,0.0041436027202277,0.0010080047435517,1.7e-05,7,1,SER,P35613,9.099,1.0,-0.1221177799346865,Non-essential,86.1,16.4,8.6,0.2116526076543778,1749,0.1968597877903892,1784,0.5602167958878745,595,0.3975,Pancreatic,2.249,1.0,0.6656611633890087,0.823220064724919,438,0
TSPAN9,2074,0.1179197832241935,0.2773109241367135,0.0233180452316938,0.0,0.0,7,0,,O75954,4.258,0.999,-0.0003463571023615,Non-essential,89.6,6.3,0.4,0.2115883347557731,1750,0.1977542370173578,1765,0.3199726958205387,1629,0.5411,Testicular,3.061,1.0,0.2177107274069367,0.30177993527508096,1727,0
SSR1,1583,0.1529211082181737,0.3781512601864275,0.0055353471453424,0.0,0.0,7,0,,P43307,5.888,1.0,-0.0481945353269584,Non-essential,76.1,37.4,18.9,0.2113367778515852,1751,0.1966135452088523,1793,0.6230617478752697,421,0.4036,Sarcoma,2.283,1.0,0.665850069787201,0.8551779935275081,359,0
CD83,1499,0.1610092183054677,0.3613445375114751,0.0129242448204966,0.0419804328490957,0.000708,6,5,LYS,Q01151,2.926,0.988,-0.0490006736445466,Non-essential,72.6,43.9,21.5,0.2112967575464143,1752,0.1969429697874392,1782,0.6370629953454126,380,0.7226,DLBCL,4.088,1.0,0.518002009709288,0.7823624595469256,539,0
SHISA4,1354,0.1760775707040937,0.201680672099428,0.005832674363435,0.31218499851764,0.005265,5,6,LYS,Q96DD7,3.99,0.986,-0.0197371517034263,Non-essential,69.2,53.8,16.8,0.2112926534550685,1753,0.1965842871732403,1795,0.453608653099446,1024,0.4102,Cholangiocarcinoma,2.32,1.0,0.3710596460207072,0.5360032362459547,1148,0
TNFRSF13B,1245,0.1872299208631416,0.2857142854741897,0.010950498181243,0.232196857396976,0.003916,4,5,LYS,O14836,-2.727,0.155,-0.041436007129262,Non-essential,62.5,64.5,41.3,0.2112868388105211,1754,0.1968343637195833,1786,0.4056887472676375,1250,0.6141,Pancreatic,8.185,0.26,0.4690701840267813,0.5570388349514563,1096,0
CLEC5A,1777,0.1349301375596693,0.3361344534990467,0.0015878538668353,0.0,0.0,2,0,,Q9NY25,0.152,0.535,0.1219136793657777,Non-essential,85.2,21.8,17.0,0.2112440221913751,1755,0.1963234148847169,1799,0.3749330727180668,1391,1.15,AML,7.708,0.803,0.3179731139896902,0.42516181229773464,1422,0
OR51F2,2018,0.1204175960241241,0.2605042014617612,0.0449217143760873,0.0091313370886451,0.000154,11,6,TYR,Q8NH61,-9.966,0.0,0.0280248864713273,Non-essential,86.1,8.5,5.8,0.2111897333777995,1756,0.1984358190966039,1752,0.065334528607067,2220,0.0202,Prostate,4.954,0.004,0.0332879298205403,0.09546925566343045,2237,0
OR5AC2,2086,0.117132592297242,0.2605042014617612,0.0398418472244187,0.0032611918173732,5.5e-05,13,6,TYR,Q9NZP5,-9.966,0.0,-0.0165442799134015,Non-essential,89.8,5.8,1.9,0.2111522302720644,1757,0.1981443226332853,1755,0.0602376032212856,2244,0.0,AML,0.0,0.0,0.0275344115819604,0.066747572815534,2308,0
OR5AP2,2079,0.117701274418556,0.2605042014617612,0.0387727344614898,0.0062259116513489,0.000105,16,8,TYR,Q8NGF4,-9.966,0.0,0.1438267679504156,Non-essential,88.3,6.3,3.8,0.2111261320398261,1758,0.1980647687629005,1758,0.0418111844105654,2347,0.0,AML,0.0,0.0,0.0400119829157495,0.08050161812297729,2274,0
TAS2R30,1925,0.1261207776809072,0.252100840124285,0.053316463703938,0.0309516750667061,0.000522,16,5,TYR,P59541,-9.966,0.005,0.0364748084430154,Non-essential,85.3,13.2,0.6,0.2111023287361608,1759,0.1987681519213576,1745,0.4520123452757161,1031,5.3842,AML,8.317,0.647,0.1304836630936881,0.38470873786407767,1522,0
SHISA6,1080,0.2053932428453509,0.2184873947743803,0.0118867626126838,0.3814408538393121,0.006433,2,4,LYS,Q6ZSJ9,-2.635,0.241,0.050221403841871,Non-essential,55.4,78.8,58.4,0.2110024922840321,1760,0.1965968304146663,1794,0.2050733494034845,1964,0.1629,Thyroid,1.437,0.555,0.1233872692306721,0.19417475728155342,1993,0
OR4K2,2028,0.1199342736398892,0.2605042014617612,0.0128926142653803,0.0395493625852356,0.000667,16,3,TYR,Q8NGD2,-9.966,0.001,-0.0198413817758149,Non-essential,86.1,8.3,2.2,0.2109869647242704,1761,0.1966315954375394,1792,0.0404367717162959,2367,0.0,AML,0.0,0.0,0.0293363888208688,0.043284789644012944,2366,0
SLC17A9,2032,0.1198330483188436,0.2184873947743803,0.0949043175707733,0.0132226504595315,0.000223,11,10,TYR,Q9BYT1,1.609,0.805,-0.0048673528628694,Non-essential,89.5,7.6,5.5,0.2109023301786093,1762,0.200647546057148,1708,0.5788616905030526,543,1.2855,AML,7.157,1.0,0.7000059629254907,0.8466828478964401,380,0
ZACN,1706,0.1412216895991766,0.3361344534990467,0.0188834414043966,0.0036762525941298,6.2e-05,20,9,SER,Q401N2,3.257,0.808,-0.2730282551180168,Non-essential,77.5,27.4,18.4,0.2108869822242979,1763,0.1968311542945177,1788,0.5958122474431964,491,0.9993,Uterine,5.564,1.0,0.7890255310692643,0.8944174757281553,262,0
LSMEM1,1305,0.1817539930800447,0.1932773107619518,0.0003226316621856,0.3478209309220278,0.005866,1,1,LYS,Q8N8F7,-0.375,0.371,0.0537639389501937,Non-essential,67.9,58.8,22.9,0.2108829494127365,1764,0.1958990809958457,1808,0.1699182047187103,2042,-0.0351,Adrenocortical,-0.274,0.724,0.0773316090802751,0.1678802588996764,2058,0
OR5H2,2093,0.116884940523678,0.2605042014617612,0.0392535188992566,0.0030240142306552,5.1e-05,12,6,SER,Q8NGV7,-9.966,0.0,-0.0670020360567659,Non-essential,88.5,6.1,1.3,0.2106458537940944,1765,0.1976085297390571,1769,0.0375523249677436,2385,0.0,AML,0.0,0.0,0.0205462690978415,0.013754045307443397,2439,0
OR6S1,2017,0.1204562515070342,0.2605042014617612,0.0484896409931994,0.0056922620812333,9.6e-05,9,7,SER,Q8NH40,-9.966,0.0,-0.0332482045901868,Non-essential,86.2,9.1,2.4,0.2106219462802246,1766,0.1980464283298845,1759,0.0647971019715348,2223,0.0,AML,0.0,0.0,0.0385851452808147,0.10800970873786409,2206,0
TAAR1,2033,0.1198219470025028,0.2605042014617612,0.0252664874268543,0.0268010672991402,0.000452,16,7,CYS,Q96RJ0,-9.966,0.008,0.0916646573874087,Non-essential,90.1,8.6,2.4,0.210593359193115,1767,0.1968566835644577,1785,0.1214095568672042,2112,0.3616,Stomach,4.954,0.073,0.0730630284105132,0.154126213592233,2092,0
PRLHR,1808,0.1330472783227212,0.2605042014617612,0.0918235015024513,0.0043284909576045,7.3e-05,13,6,TYR,P49683,-9.966,0.061,-0.125107295894771,Non-essential,80.6,19.7,16.2,0.2105144686266303,1768,0.2001056437017529,1721,0.8370760978033606,40,4.1277,Pheochromocytoma,11.175,0.977,0.685420522741939,0.9409385113268608,147,0
OR2T10,2089,0.1170860140776597,0.2605042014617612,0.0275312351731772,0.0154165431366735,0.00026,14,8,CYS,Q8NGZ9,-9.966,0.024,-0.0204453368982369,Non-essential,88.5,6.4,3.2,0.2105134150890791,1769,0.1968899768477379,1783,0.149642527843136,2071,0.3652,Kidney Clear Cell,1.479,0.349,0.0918775116061521,0.1686893203883495,2056,0
TMEM150A,1957,0.1247175419313011,0.2436974787868088,0.0492297959829195,0.0415653720723391,0.000701,8,8,LYS,Q86TG1,3.986,1.0,-0.0113365707587548,Non-essential,89.7,12.5,9.6,0.2104929095891977,1770,0.1979543993883437,1761,0.3002673393323293,1688,0.2499,Glioblastoma,1.414,1.0,0.2410376127842241,0.3038025889967637,1722,0
OR4F15,2110,0.1158597920755187,0.2605042014617612,0.0345911750751225,0.0042691965609249,7.2e-05,10,6,TYR,Q8NGB8,-9.966,0.0,0.0288132481277737,Non-essential,88.1,5.4,1.0,0.2104915634206282,1771,0.1972211221743844,1778,0.040538626947081,2365,0.0,AML,0.0,0.0,0.0266318038916665,0.03519417475728159,2386,0
OR6F1,2045,0.1194362125235238,0.2605042014617612,0.0458010438083188,0.0049807293210791,8.4e-05,15,4,SER,Q8NGZ6,-9.966,0.0,-0.009264615140827,Non-essential,88.1,8.4,2.9,0.2104719137939659,1772,0.1977619659843818,1764,0.1135277883551207,2125,0.0,AML,0.0,0.006,0.0378351939019345,0.12944983818770228,2153,0
OR4D10,2168,0.1127896418716432,0.2605042014617612,0.0254246402024355,0.0032018974206937,5.4e-05,16,3,CYS,Q8NGI6,-9.966,0.011,-0.1858339469218585,Non-essential,90.1,2.9,1.0,0.2104331049173987,1773,0.1967043369275204,1790,0.1366834695949818,2090,1.4798,Thyroid,8.082,0.183,0.0829606610723982,0.16221682847896435,2072,0
AQP10,1963,0.1240175033549437,0.2605042014617612,0.041682745532184,0.0243699970352801,0.000411,4,5,TYR,Q96PS8,-5.574,0.032,-0.2273455618393678,Non-essential,91.3,12.3,6.0,0.2103896561534824,1774,0.1974737934300916,1772,0.2837191388813579,1748,0.4601,Pheochromocytoma,7.651,0.159,0.2817802131723964,0.3207928802588996,1680,0
MEGF9,1397,0.1720213227945609,0.252100840124285,0.0066740471295271,0.2305959086866291,0.003889,15,3,LYS,Q9H1U4,2.799,0.978,0.0910319794266058,Non-essential,66.5,52.2,42.0,0.2103527829975388,1775,0.1956864853540151,1812,0.278218179254958,1762,0.3435,Kidney Chromophobe,1.943,1.0,0.140129550150672,0.2346278317152104,1893,0
OR4D9,2149,0.1141214966117182,0.2605042014617612,0.0197248141704886,0.0133412392528906,0.000225,17,4,CYS,Q8NGE8,-9.966,0.0,-0.2538542254915431,Non-essential,88.7,4.1,1.0,0.2103429838674612,1776,0.1963292245759856,1798,0.0417898002039512,2350,0.0,AML,0.0,0.0,0.0712697910558287,0.10679611650485432,2209,0
CDHR2,1908,0.127024117774334,0.3109243694866181,0.0054088249248774,0.0034390750074117,5.8e-05,29,3,SER,Q9BYE9,-1.884,0.28,0.0421361907078853,Non-essential,80.5,15.7,11.4,0.2103355043033886,1777,0.1956059455496324,1813,0.7681457314779827,110,1.9654,Pancreatic,7.079,0.921,0.7811323861694052,0.9607605177993528,98,0
DCBLD2,1465,0.1649069788510184,0.2773109241367135,0.0442764510517159,0.1356655796027275,0.002288,16,8,LYS,Q96PD2,3.101,0.982,0.0770437816283273,Non-essential,67.7,46.8,42.2,0.2102443311114605,1778,0.1974581536640463,1773,0.391486897048753,1317,0.4492,Pancreatic,2.6,0.977,0.2688888695071217,0.4033171521035599,1476,0
SLC16A12,1725,0.1393119475838822,0.2100840334369042,0.0410058516526965,0.1432552623777053,0.002416,16,14,LYS,Q6ZSM3,-3.626,0.183,-0.0921979379403663,Non-essential,80.3,24.4,15.7,0.2101946902105169,1779,0.1972449827931517,1777,0.469824887613933,944,0.2954,Kidney Clear Cell,1.718,0.893,0.6574103816971438,0.7475728155339806,625,0
SORCS3,1688,0.1429528715751119,0.2268907561118565,0.082853076071485,0.0911354876964126,0.001537,58,14,CYS,Q9UPU3,-6.506,0.117,-0.0143756140450218,Non-essential,74.7,27.8,22.8,0.2101089055811241,1780,0.1992515593846984,1741,0.4381290925845756,1096,0.476,Pheochromocytoma,3.189,0.517,0.5676392163310019,0.6634304207119741,833,0
UPK1A,2052,0.1190638360227663,0.2605042014617612,0.0129558753756128,0.03658464275126,0.000617,9,6,TYR,O00322,-3.458,0.162,-0.1178819663015204,Non-essential,86.4,8.5,2.3,0.2100616000433346,1781,0.1957093938121152,1810,0.412976900121323,1209,0.121,Uterine Carcinosarcoma,1.258,0.333,0.5215240295446104,0.5970873786407767,997,0
TAS1R1,2075,0.1178565131609422,0.252100840124285,0.0525699826031946,0.0041506077675659,7e-05,39,14,SER,Q7RTX1,-4.035,0.042,-0.0309247673980015,Non-essential,88.4,7.4,1.5,0.2100154416361899,1782,0.1976439407663496,1767,0.2564371803175284,1830,0.2406,DLBCL,2.433,0.383,0.2532362757861459,0.28033980582524276,1780,0
CD7,1570,0.154399179958392,0.3781512601864275,0.0052443460382729,0.0052179069077972,8.8e-05,3,2,SER,P09564,2.108,0.856,-0.1185059748019038,Non-essential,77.0,40.0,12.9,0.2099685043017671,1783,0.1952307216036808,1824,0.7943048501962042,78,1.0429,Thymoma,5.899,1.0,0.7695206693669443,0.9652103559870551,87,0
EMP1,2200,0.1116089071021939,0.2605042014617612,0.0062501976909694,0.0184405573673287,0.000311,4,3,TYR,P54849,5.77,0.999,0.0828454140134101,Non-essential,90.7,2.5,0.0,0.2098491592761909,1784,0.1951616691607394,1829,0.6068204249503562,462,0.8234,Glioblastoma,4.658,1.0,0.6232306996739274,0.8284789644012945,425,0
OR5A1,2050,0.119216307489272,0.2605042014617612,0.0378934050292582,0.0121553513193003,0.000205,15,6,TYR,Q8NGJ0,-9.966,0.0,-0.1430942020893419,Non-essential,88.2,8.9,3.2,0.209788659598756,1785,0.1966833298502189,1791,0.0956550527817153,2155,0.0139,Thyroid,3.459,0.004,0.0405345298222335,0.12742718446601942,2158,0
GPC6,1759,0.1358504381762074,0.302521008149142,0.0317444251146607,0.0177290246071746,0.000299,29,6,TYR,Q9Y625,1.029,0.687,0.0145518619309858,Non-essential,82.0,23.6,18.7,0.2096507152826585,1786,0.1962379365383915,1803,0.5605039535312434,593,1.0881,Sarcoma,6.258,0.952,0.5022147589030024,0.7265372168284789,677,0
OR6B1,2055,0.1188087605869869,0.2605042014617612,0.0221856713585323,0.0265045953157426,0.000447,14,5,LYS,O95007,-9.966,0.0,-0.0380784276427852,Non-essential,87.2,8.7,3.5,0.2096490371801851,1787,0.1957583207481117,1809,0.0785617501662551,2182,0.0,AML,0.0,0.0,0.0321286949890555,0.10072815533980584,2224,0
PCDHGA7,1662,0.1454828777686966,0.2436974787868088,0.0123106120512415,0.1477023421286688,0.002491,20,3,LYS,Q9Y5G6,-1.552,0.209,-0.1484679892644417,Non-essential,74.0,30.7,26.6,0.2095973561203606,1788,0.1952128867229227,1825,0.2786700276535047,1761,0.2189,AML,4.824,0.249,0.1957936240332028,0.26658576051779936,1814,0
OR1D5,1763,0.1356158367538419,0.2605042014617612,0.0434034477305076,0.0613104061666172,0.001034,14,7,CYS,P58170,-9.966,0.0,-0.2614180506867111,Non-essential,81.3,22.8,9.3,0.2095549339858976,1789,0.196725106372423,1789,0.1942211063720763,1998,0.0,AML,0.0,0.0,0.2440960294859351,0.241504854368932,1876,0
OR2L3,2198,0.1116376880003019,0.2605042014617612,0.0220591491380673,0.0027275422472576,4.6e-05,17,4,SER,Q8NG85,-9.966,0.0,-0.0415544757003145,Non-essential,91.5,2.9,1.6,0.2094731433579476,1790,0.195576100814851,1814,0.2042261265777055,1968,1.2616,AML,8.574,0.208,0.0714442032371013,0.17839805825242716,2032,0
BTN2A1,1903,0.1271458227455926,0.2100840334369042,0.0067373082397596,0.1369700563296768,0.00231,17,4,LYS,Q7KYR7,3.514,0.998,0.0320874008834768,Non-essential,84.8,15.0,8.0,0.2094562528452755,1791,0.1947931182572635,1835,0.2227223842891549,1926,0.3275,Pancreatic,1.853,1.0,0.172608377194171,0.2200647249190939,1929,0
OR4D1,2178,0.1122731436957454,0.2605042014617612,0.0229321524592756,0.0039727245775274,6.7e-05,15,5,CYS,Q15615,-9.966,0.0,-0.2062968923362926,Non-essential,89.5,3.5,1.3,0.2094026897708171,1792,0.1955492973937809,1817,0.0640649304076617,2229,0.0,AML,0.0,0.0,0.0682102450888908,0.13309061488673135,2144,0
OR51T1,2081,0.1174611740297572,0.2605042014617612,0.0412335916495334,0.0029647198339756,5e-05,14,6,SER,Q8NGJ9,-9.966,0.0,0.0570363139274425,Non-essential,86.5,8.0,7.0,0.2092260483824937,1793,0.1962877279649703,1800,0.0579789306383316,2249,0.0347,Prostate,5.672,0.006,0.0224867284674507,0.04530744336569581,2361,0
OR2F1,1809,0.1330055012331739,0.2605042014617612,0.0513047603985449,0.0447079750963533,0.000754,15,9,LYS,Q13607,-9.966,0.0,,No data,88.4,6.0,2.2,0.2091796543853409,1794,0.2117448924052682,1541,0.0445770056583187,2305,0.0,AML,0.0,0.0,0.0328951760851074,0.07200647249190939,2295,0
OR10AG1,2216,0.1109828027229562,0.2605042014617612,0.0214771469239285,0.0011265935369107,1.9e-05,15,4,CYS,Q8NH19,-9.966,0.0,0.0009548090381639,Non-essential,91.4,2.7,0.0,0.2091274056268262,1795,0.1952012629730226,1827,0.0355664164497429,2408,0.0,AML,0.0,0.0,0.0282178272340817,0.0299352750809061,2399,0
CD28,1670,0.1443853314461421,0.3109243694866181,0.0025620749644156,0.0641565372072339,0.001082,9,2,TYR,P10747,-0.969,0.299,0.0818513924971418,Non-essential,81.3,31.4,1.8,0.2091031823632286,1796,0.1942312861114494,1845,0.4582097972399716,998,0.659,AML,5.269,0.613,0.2925724960906147,0.48260517799352753,1280,0
OR4N5,2159,0.1135844446704175,0.2605042014617612,0.0293784595919658,0.0018974206937444,3.2e-05,14,6,TYR,Q8IXE1,-9.966,0.0,-0.1179075641026904,Non-essential,88.1,4.9,1.3,0.2090954405830439,1797,0.1955643635626422,1816,0.036710563605725,2393,0.0,AML,0.0,0.0,0.0229658275291324,0.017394822006472466,2430,0
OR14A16,2160,0.1135355522532687,0.2605042014617612,0.0288597184880594,0.0022531870738215,3.8e-05,18,4,TYR,Q8NHC5,-9.966,0.0,-0.0202928690759539,Non-essential,89.0,4.9,1.3,0.2090546969020866,1798,0.1954976828264896,1819,0.0652283117850714,2221,0.0,AML,0.0,0.012,0.0306944090329517,0.0881877022653722,2255,0
GJA1,1529,0.1584286476376167,0.2352941174493327,0.0300237229163371,0.1843462792766083,0.003109,13,9,LYS,P17302,5.312,0.993,-0.1347983150356479,Non-essential,69.8,41.9,30.6,0.2090454416555028,1799,0.1955466278013196,1818,0.7109470128549369,203,0.748,Sarcoma,4.231,1.0,0.8098293774445711,0.9522653721682848,119,0
MICB,1700,0.1416388473428661,0.3277310921615705,0.026557014075597,0.0085976875185294,0.000145,18,6,TYR,Q29980,1.401,0.787,-0.20008445825659,Non-essential,78.0,29.5,20.9,0.2089945576550813,1800,0.1953224083588611,1820,0.582788868790867,531,0.6647,Sarcoma,4.12,0.913,0.7769028359487323,0.8790453074433657,300,0
OR5AS1,2084,0.1171617237290442,0.2605042014617612,0.0319342084453582,0.0112659353691076,0.00019,12,8,CYS,Q8N127,-9.966,0.0,-0.0571082673818216,Non-essential,88.2,8.0,1.5,0.2089765064652328,1801,0.1955732168875008,1815,0.0423699363019024,2342,0.0,AML,0.0,0.0,0.0420579998595918,0.08737864077669899,2257,0
PCDHGB5,1686,0.1431406985564443,0.2268907561118565,0.0062185671358532,0.1683960865698191,0.00284,11,3,LYS,Q9Y5G0,-0.028,0.495,0.1250254967684703,Non-essential,75.4,29.1,25.8,0.2089654280655679,1802,0.1942763564223605,1842,0.2934684173297638,1721,0.2221,Uveal Melanoma,1.502,0.81,0.1303934692228823,0.23786407766990292,1885,0
LPAR6,1960,0.1242889895902261,0.2689075627992374,0.0285370868258737,0.0272161280758968,0.000459,17,8,TYR,P43657,3.892,0.997,0.0632939327771643,Non-essential,84.4,14.2,1.7,0.2088559507051757,1803,0.1952828050464694,1821,0.4401209624426199,1083,0.7581,AML,4.27,0.988,0.5236707204500886,0.6306634304207119,914,0
OR51Q1,2051,0.1191238706850909,0.2605042014617612,0.0461236754705045,0.0036169581974503,6.1e-05,12,6,TYR,Q8NH59,-9.966,0.0,-0.0405590496662117,Non-essential,86.0,9.8,4.7,0.2088116289286051,1804,0.1961178127021303,1805,0.0617198023853517,2238,-0.0,AML,-3.17,0.0,0.0205268733005471,0.04288025889967639,2367,0
SCTR,1664,0.1451979640656647,0.252100840124285,0.0649058990985291,0.0829528609546397,0.001399,19,7,CYS,P47872,-3.047,0.207,-0.0605773172488462,Non-essential,76.6,31.4,12.7,0.2087999840567919,1805,0.1970452790117184,1780,0.7826419845905535,91,1.3499,Cholangiocarcinoma,6.907,0.917,0.8042351778804235,0.9700647249190939,75,0
IFNGR2,1735,0.138106677271653,0.3361344534990467,0.0055353471453424,0.0066409724281055,0.000112,3,2,SER,P38484,6.142,1.0,0.1027587071542282,Non-essential,83.8,27.0,8.0,0.2086911386180283,1806,0.1939679059752954,1848,0.5997717609805902,477,0.5595,Pancreatic,3.165,1.0,0.5439576635141894,0.7803398058252426,544,0
MCHR1,1922,0.1263607815727666,0.2689075627992374,0.0474205282302704,0.015238659946635,0.000257,13,6,TYR,Q99705,-2.388,0.197,-0.0450173183504239,Non-essential,84.4,16.1,9.3,0.2086824440239594,1807,0.1960534704354729,1807,0.394473209854271,1298,1.1567,Pheochromocytoma,6.169,0.795,0.3862452893182355,0.48665048543689315,1270,0
GPR33,1962,0.1241068691913841,0.2605042014617612,0.0518235015024513,0.0145271271864808,0.000245,13,11,TYR,Q49SQ1,-9.966,0.001,0.1259658039994445,Non-essential,87.6,14.1,0.0,0.2086641276838494,1808,0.196255302758972,1802,0.0445942694825247,2304,0.0,AML,0.0,0.0,0.029028846002824,0.058252427184465994,2329,0
OR14J1,2030,0.1198703791683486,0.2605042014617612,0.029637830143919,0.0225911651348947,0.000381,15,7,CYS,Q9UGF5,-9.966,0.0,-0.0217740204045429,Non-essential,87.6,10.6,1.9,0.2086337193313198,1809,0.1951156108385157,1832,0.0978015674478534,2151,0.0,AML,0.0,0.0,0.044103753196682,0.1318770226537217,2147,0
OR6C3,2207,0.1113171488498473,0.2605042014617612,0.0203384469397437,0.0033797806107322,5.7e-05,16,3,CYS,Q9NZP0,-9.966,0.0,-0.1256317865431373,Non-essential,91.2,3.5,0.6,0.2086060273992354,1810,0.1946229497462225,1838,0.0388282772431407,2378,0.0,AML,0.0,0.0,0.0332851072139191,0.050970873786407744,2347,0
AQP5,2092,0.1168891777324814,0.2689075627992374,0.0159671042226791,0.015120071153276,0.000255,8,3,TYR,P55064,-0.808,0.44,-0.0536978156227271,Non-essential,94.3,8.3,0.4,0.2085894408237218,1811,0.1943877960348558,1840,0.737955125142439,159,1.2422,Uterine,6.828,0.91,0.7508420618117507,0.9461974110032363,134,0
OR5B12,2105,0.116105453177799,0.2605042014617612,0.0337498023090305,0.0059294396679513,0.0001,14,4,TYR,Q96R08,-9.966,0.002,0.1067651598835756,Non-essential,89.5,7.6,1.9,0.2084962810058618,1812,0.1951837711213134,1828,0.0619552571308591,2236,0.0,AML,0.0,0.0,0.0302082759547703,0.08373786407766992,2266,0
FZD10,1823,0.1320680528813808,0.2773109241367135,0.0256523801992724,0.0448265638897124,0.000756,23,8,LYS,Q9ULW2,-1.181,0.339,0.0565644944433516,Non-essential,80.6,21.2,17.2,0.2084785594700959,1813,0.1947611784800595,1836,0.4969159421165561,832,0.7565,Testicular,4.066,0.912,0.2990154826840439,0.526294498381877,1172,1
IL7R,1432,0.1682734954433965,0.3109243694866181,0.0042764510517159,0.142069374444115,0.002396,8,2,LYS,P16871,1.656,0.734,0.054913667245581,Non-essential,67.5,52.1,38.8,0.208309985694274,1814,0.1935238082468598,1862,0.574056077065583,553,0.7098,AML,3.998,0.988,0.5546596607461527,0.770631067961165,568,0
SLC6A5,1651,0.1462098629863844,0.2605042014617612,0.0290874584848964,0.1109398161873702,0.001871,30,10,LYS,Q9Y345,-9.966,0.005,-0.0165018178602921,Non-essential,73.4,32.9,26.0,0.208283289179683,1815,0.1947376621039279,1837,0.3139234347504565,1649,0.2605,Pheochromocytoma,5.672,0.08,0.1995009964232513,0.28883495145631066,1759,0
OR52J3,2099,0.1163106976888826,0.2605042014617612,0.038703147240234,0.0016602431070263,2.8e-05,9,4,TYR,Q8NH60,-9.966,0.0,0.1138115105555277,Non-essential,88.1,8.0,1.6,0.2082673180984315,1816,0.1952024754604432,1826,0.0360870399232956,2401,0.0,AML,0.0,0.0,0.0205485233404021,0.009708737864077666,2449,0
SEMA4B,1783,0.1346885672379473,0.3193277308240944,0.016194844219516,0.0069967388081826,0.000118,37,3,SER,Q9NPR2,5.244,1.0,-0.0105296365580973,Non-essential,81.6,24.4,16.1,0.2081626015453576,1817,0.1939723437563334,1847,0.7051665213348635,214,0.3362,Lung Squamous,1.902,1.0,0.7159107910228444,0.9207119741100324,197,0
SLC45A2,1782,0.1348192846625235,0.2605042014617612,0.0817207021983235,0.0203379780610732,0.000343,21,13,CYS,Q9UMX9,-3.816,0.069,0.0669173225592828,Non-essential,77.7,23.6,15.7,0.2080911405764656,1818,0.1971771756863817,1779,0.745513657413004,140,3.412,Uveal Melanoma,9.651,1.0,0.8350549371235942,0.9692556634304207,77,0
CDH20,1720,0.1394518297961831,0.2352941174493327,0.0154483631187727,0.1356655796027275,0.002288,18,5,CYS,Q9HBT6,-4.608,0.088,0.0691950110039108,Non-essential,77.3,27.2,20.8,0.2079314267876414,1819,0.1937038449435801,1851,0.431342917460279,1121,0.4466,Low Grade Glioma,1.845,0.998,0.3776474449456751,0.5173948220064725,1194,0
MIP,2080,0.1175712674918114,0.2605042014617612,0.009166534872687,0.0353987548176697,0.000597,8,2,TYR,P30301,-4.035,0.002,-0.1372796973659677,Non-essential,91.0,9.5,7.6,0.2078177929342056,1820,0.1932761196778399,1867,0.1597385828861269,2056,0.0299,AML,5.174,0.012,0.0407456726617305,0.14441747572815533,2116,0
L1CAM,1797,0.133913863451972,0.1932773107619518,0.0150624703463545,0.1736139934776163,0.002928,49,5,LYS,P32004,-0.006,0.5,0.0125773983988587,Non-essential,78.4,22.0,14.0,0.2078161747226758,1821,0.1935692982399935,1858,0.7079404947183516,205,1.5485,Pheochromocytoma,8.81,0.994,0.8232093031458249,0.9538834951456311,115,0
SLC38A2,2189,0.1118489683916392,0.2100840334369042,0.041783963308556,0.0509338867477023,0.000859,17,12,TYR,Q96QD8,5.513,1.0,-0.320463805628952,Context-dependent,79.1,23.9,18.0,0.207808874216981,1822,0.1748980723824088,2189,0.6957527638508283,236,0.3807,AML,2.154,1.0,0.8441170360936086,0.9534789644012945,116,0
OR8I2,2142,0.1143139604279996,0.2605042014617612,0.0287268701565712,0.0049807293210791,8.4e-05,12,8,TYR,Q8N0Y5,-9.966,0.0,-0.2151794633852252,Non-essential,89.9,6.8,1.6,0.207803370381029,1823,0.1942397138888575,1844,0.0423289905561972,2343,0.0,AML,0.0,0.0,0.0772761005191444,0.11286407766990292,2194,0
TAS2R19,2015,0.1205102713937729,0.2605042014617612,0.0439854499446465,0.0103765194189149,0.000175,18,8,CYS,P59542,-3.626,0.021,0.0908078313111161,Non-essential,85.0,12.0,0.7,0.2077669628525068,1824,0.1949662353497391,1834,0.2712508880545533,1787,0.6685,AML,4.502,0.757,0.2682185551088603,0.30177993527508096,1727,0
ADCYAP1R1,1661,0.1456222534573518,0.2100840334369042,0.0331045389846591,0.172190927957308,0.002904,20,10,LYS,P41586,-2.932,0.176,-0.0020551845985611,Non-essential,75.5,32.1,15.8,0.2077532784384082,1825,0.1944085053876412,1839,0.5234982062930543,729,1.2389,Pheochromocytoma,6.868,0.955,0.5729114430489877,0.7459546925566343,629,0
MC5R,1869,0.1286056816389312,0.2605042014617612,0.0486161632136644,0.0327305069670916,0.000552,15,9,CYS,P33032,-9.966,0.017,0.0784350821030939,Non-essential,82.6,18.8,12.6,0.2077131380568054,1826,0.1951439462174886,1831,0.4073727572618303,1239,1.493,Thymoma,8.591,0.246,0.1930315527033965,0.375,1546,0
C5AR2,1910,0.1269954539151788,0.2436974787868088,0.082853076071485,0.0155351319300326,0.000262,13,9,TYR,Q9P296,-0.997,0.3,0.0415799447277937,Non-essential,86.5,17.2,3.9,0.2076911695757625,1827,0.1968338233793367,1787,0.3656789324689054,1434,0.3987,Kidney Chromophobe,2.897,0.754,0.4720397031262789,0.5145631067961165,1201,0
P2RX2,1781,0.1348833268325545,0.2436974787868088,0.0110137592914755,0.1136673584346279,0.001917,21,5,LYS,Q9UBL9,-5.012,0.092,-0.1263173183115251,Non-essential,79.9,23.8,17.0,0.2076643970069089,1828,0.1932150849714827,1870,0.507517770418368,796,0.7921,Uterine Carcinosarcoma,8.326,0.368,0.7116046545802744,0.8021844660194175,490,0
NRROS,1829,0.1315393072655382,0.2857142854741897,0.0307702040170805,0.0267417729024607,0.000451,38,3,CYS,Q86YC3,1.345,0.83,-0.0446556493787482,Non-essential,83.3,21.8,6.8,0.2075779941458517,1829,0.1941165043467057,1846,0.4491918188025679,1050,0.5966,AML,3.375,1.0,0.3924868431840108,0.549757281553398,1114,0
SSTR3,1663,0.1454268313388922,0.2689075627992374,0.099174442511466,0.0270382448858582,0.000456,15,12,TYR,P32745,-4.608,0.06,-0.0133826959871644,Non-essential,74.6,33.3,24.4,0.2073708188290641,1830,0.1973295409546374,1775,0.5716367347499142,560,1.314,Thymoma,6.428,0.678,0.5562415978809357,0.7694174757281553,571,1
ITGAM,2096,0.1164766458536891,0.2605042014617612,0.0266266012968527,0.0142899495997628,0.000241,54,7,TYR,P11215,1.642,0.817,-0.02746872336317,Non-essential,86.3,9.1,3.5,0.2073056082357703,1831,0.1936369383006129,1852,0.3525514327361038,1497,0.4908,Pancreatic,2.891,0.96,0.4785002059305575,0.5060679611650485,1222,0
OR4X1,2268,0.1091228951361289,0.2605042014617612,0.0148030997944013,0.0016009487103468,2.7e-05,15,5,CYS,Q8NH49,-9.966,0.0,-0.0909863775515371,Non-essential,88.0,3.0,1.0,0.2072774826378034,1832,0.1930176376275235,1877,0.0338505725298587,2414,0.0,AML,0.0,0.0,0.0520978165329473,0.07645631067961167,2284,0
SLC2A6,1944,0.1251783928789855,0.2857142854741897,0.0300237229163371,0.0062852060480284,0.000106,24,4,SER,Q9UGQ3,1.59,0.859,0.0010011702030081,Non-essential,81.6,16.8,10.8,0.2072772321570578,1833,0.1937784183028746,1849,0.4966883703642333,833,0.5144,Sarcoma,3.094,0.94,0.4833766622033996,0.6622168284789645,836,0
OR4A16,2128,0.1149504384664963,0.2605042014617612,0.0198197058358374,0.0160094871034687,0.00027,16,6,CYS,Q8NH70,-9.966,0.001,-0.0315936709204145,Non-essential,85.9,7.9,2.4,0.2072337687464429,1834,0.1932247540382348,1869,0.0607213599491866,2242,0.0,AML,0.0,0.0,0.037810225940242,0.10234627831715215,2220,0
SLC38A9,1742,0.1375579008828042,0.2941176468116659,0.0548663609046338,0.0115031129558256,0.000194,22,8,TYR,Q8NBW4,2.846,0.997,0.0620219712050691,Non-essential,76.5,27.3,15.9,0.2072335448491979,1835,0.1949768628944296,1833,0.4544812597238904,1014,0.4651,AML,2.631,1.0,0.4008120936225495,0.5614886731391586,1085,0
SCN2B,1832,0.1312104080612573,0.2268907561118565,0.0022647477463229,0.1325822709753928,0.002236,3,3,CYS,O60939,-3.458,0.158,0.1383856458680669,Non-essential,85.8,20.9,3.3,0.2072235193195787,1836,0.1923367567068948,1888,0.2689310162827958,1792,0.4613,Pheochromocytoma,3.661,0.591,0.3063736748699593,0.334546925566343,1646,0
PCDHB9,1927,0.1259023655034725,0.3109243694866181,0.0032705993990194,0.0018381262970649,3.1e-05,22,1,SER,Q9Y5E1,0.276,0.556,0.2393705786924393,Non-essential,81.6,17.9,15.6,0.2072007107443374,1837,0.1923642407142883,1887,0.4017471277234627,1264,0.7569,Low Grade Glioma,4.109,0.992,0.3204054177943673,0.44741100323624594,1367,0
PILRA,1426,0.1685794268255155,0.252100840124285,0.0070599399019452,0.2187370293507263,0.003689,6,5,LYS,Q9UKJ1,2.799,0.977,-0.1011458245137549,Non-essential,69.5,52.5,36.0,0.2071845363566676,1838,0.1925375333517648,1883,0.3671939343202284,1425,0.409,Sarcoma,2.314,1.0,0.3931864872408471,0.46278317152103565,1329,0
OR5B21,2164,0.113204250086707,0.2605042014617612,0.0221224102482998,0.0078861547583753,0.000133,17,4,TYR,A6NL26,-9.966,0.0,-0.0538111043162349,Non-essential,88.9,6.5,0.6,0.2071786117632852,1839,0.1932847322757002,1866,0.1597532538561408,2055,0.2097,AML,7.331,0.04,0.0391955918197615,0.1411812297734628,2124,0
OR4C6,2294,0.1081363402788952,0.2605042014617612,0.0127597659338921,0.000355766380077,6e-06,12,5,TYR,Q8NH72,-9.966,0.002,-0.0161202755781009,Non-essential,90.2,2.3,1.0,0.2071553535901087,1840,0.1927933418868033,1880,0.0328745454961676,2421,0.0,AML,0.0,0.0,0.0208162066859936,0.006877022653721698,2456,0
OR6M1,2211,0.1111212826623808,0.2605042014617612,0.0209900363751383,0.0020753038837829,3.5e-05,18,5,SER,Q8NGM8,-9.966,0.0,0.0458961048099492,Non-essential,91.0,4.8,1.0,0.2071428055763467,1841,0.1931923073951036,1872,0.068156181509659,2210,0.0,AML,0.0,0.0,0.027115667425084,0.07564724919093846,2286,0
OR13H1,2136,0.114662219310355,0.2605042014617612,0.0336232800885655,0.0012451823302697,2.1e-05,13,9,SER,Q8NG92,-9.966,0.001,-0.0361983246586824,Non-essential,87.3,7.8,2.9,0.2070935861163252,1842,0.1937747501207535,1850,0.036041224306575,2402,0.0,AML,0.0,0.0,0.0297308092556209,0.03762135922330101,2380,0
OR1E1,2114,0.1155296709205524,0.2605042014617612,0.0314154673414518,0.0063445004447079,0.000107,16,6,TYR,P30953,-9.966,0.001,0.0283373643636925,Non-essential,88.5,8.6,2.2,0.2070164624581563,1843,0.1935872358252289,1856,0.1138887548142088,2124,0.0061,Low Grade Glioma,4.392,0.002,0.0468750506963498,0.13915857605177995,2129,0
OR10H4,2126,0.1150410871549793,0.2605042014617612,0.031447097896568,0.0046842573376815,7.9e-05,11,7,TYR,Q8NGA5,-9.966,0.0,0.0005819130132108,Non-essential,86.9,8.2,1.9,0.2070093093201788,1844,0.1935816642150072,1857,0.0614181477982765,2239,0.0,AML,0.0,0.0,0.0443633438017195,0.11084142394822005,2199,0
OR5F1,2147,0.1141747417233416,0.2605042014617612,0.0287964573778269,0.0044470797509635,7.5e-05,10,9,SER,O95221,-9.966,0.0,-0.1085081939406545,Non-essential,89.2,7.6,1.9,0.206887354793814,1845,0.1933271776627053,1865,0.0416586751735076,2356,0.0,AML,0.0,0.0,0.0338468177744199,0.06067961165048541,2323,0
OR1J1,2029,0.1199022130292564,0.2605042014617612,0.0340724339712162,0.0182626741772902,0.000308,17,6,TYR,Q8NGS3,-9.966,0.0,-0.0283685190935588,Non-essential,87.7,12.4,2.8,0.206860247548743,1846,0.1935638692473038,1860,0.0725236776034364,2199,0.0,AML,0.0,0.023,0.0326641848358351,0.09708737864077666,2233,0
OR4C13,2243,0.109924457664921,0.2605042014617612,0.0169413253202593,0.0021345982804624,3.6e-05,17,4,SER,Q8NGP0,-9.966,0.0,-0.0186823756362182,Non-essential,88.2,4.2,1.3,0.2067454514117968,1847,0.1925925176778098,1881,0.0347621377620326,2410,0.0,AML,0.0,0.0,0.0293671291837196,0.03357605177993528,2390,0
OR51M1,2130,0.1149270534241291,0.2605042014617612,0.0321935789973114,0.0035576638007708,6e-05,12,3,SER,Q9H341,-9.966,0.0,-0.1538932902070131,Non-essential,86.5,8.6,6.7,0.2065142812111369,1848,0.1931239601610025,1874,0.0626644329966844,2232,0.0,Adrenocortical,0.0,0.0,0.0260799820786386,0.06472491909385114,2313,0
XPNPEP2,2116,0.1154479220232428,0.2100840334369042,0.0966503242131899,0.0080640379484138,0.000136,16,7,TYR,O43895,-2.388,0.182,0.1148040607520261,Non-essential,91.6,8.2,7.7,0.2065080022433174,1849,0.1963405184539768,1797,0.413468633011998,1207,0.3373,Sarcoma,3.168,0.563,0.517909616645503,0.5930420711974109,1007,0
FZD3,1695,0.1421029903883089,0.302521008149142,0.0292835679266171,0.0410317225022235,0.000692,24,7,TYR,Q9NPG1,0.927,0.741,-0.0059071069740441,Non-essential,75.5,32.0,25.2,0.2064611754594098,1850,0.1929253538557407,1879,0.4386812637095636,1091,0.2459,Stomach,1.469,0.932,0.4385382637927906,0.5699838187702265,1064,0
CD8A,1690,0.142518247620101,0.352941176173999,0.0009742210975802,0.0034983694040913,5.9e-05,4,2,SER,P01732,1.71,0.789,0.010962739749849,Non-essential,78.2,33.2,14.5,0.2064475592863175,1851,0.1914962703411965,1909,0.7745268622391235,99,1.151,Thymoma,6.304,1.0,0.7875149840378889,0.9652103559870551,87,0
OR8D4,2215,0.1109984056922523,0.2605042014617612,0.0206990352680689,0.0019567150904239,3.3e-05,13,4,CYS,Q8NGM9,-9.966,0.0,0.0337696783125985,Non-essential,90.4,5.4,1.3,0.2064404081012396,1852,0.192475359864643,1885,0.0551467482717265,2262,0.0,AML,0.0,0.006,0.0284245222196284,0.066747572815534,2308,0
P2RX6,1915,0.1267207210258816,0.2100840334369042,0.0127913964890083,0.1294989623480581,0.002184,15,4,LYS,O15547,-2.466,0.192,0.0585564610356567,Non-essential,82.9,17.7,12.0,0.206402001412183,1853,0.1920415712366334,1896,0.3293539687827034,1595,0.3308,Pheochromocytoma,1.853,0.994,0.2608036429281874,0.34182847896440127,1628,0
NMUR1,1856,0.1296202412142309,0.2436974787868088,0.0965238019927249,0.0106136970056329,0.000179,19,7,TYR,Q9HB89,-2.548,0.091,-0.0125223892779193,Non-essential,80.6,20.7,17.4,0.2063784923249725,1854,0.1962046824246087,1804,0.4685288003639968,947,0.1658,Sarcoma,3.349,0.262,0.6149785762842214,0.7216828478964401,689,0
OR52N5,2068,0.1181088483282526,0.2605042014617612,0.0439854499446465,0.0023717758671805,4e-05,18,4,TYR,Q8NH56,-9.966,0.0,0.0728857387467044,Non-essential,85.5,11.4,5.2,0.2063657769645732,1855,0.1935650494618055,1859,0.1000682318319721,2147,0.1858,AML,5.358,0.035,0.023625273153144,0.07766990291262132,2281,0
SLC5A10,2177,0.1122756003863944,0.252100840124285,0.0324845801043808,0.0056329676845538,9.5e-05,28,12,SER,A0PJK1,-3.626,0.109,0.0587679787824322,Non-essential,87.8,6.4,3.7,0.2063646809907334,1856,0.1929889099959524,1878,0.3775197508257772,1378,0.9333,Uveal Melanoma,4.628,0.924,0.4788346194697079,0.5331715210355987,1155,0
CD226,1835,0.1309935057686267,0.2689075627992374,0.0064146765775739,0.0716869255855321,0.001209,9,4,LYS,Q15762,-1.181,0.245,0.1693734172518084,Non-essential,82.7,22.3,6.0,0.2063430475205095,1857,0.1916637813493882,1903,0.3368277904503756,1565,0.2546,Kidney Clear Cell,2.349,0.604,0.296359159328537,0.3725728155339806,1552,0
CHRNE,1842,0.1305106828834033,0.2436974787868088,0.0104317570773367,0.0996738808182626,0.001681,25,2,LYS,Q04844,-1.056,0.209,-0.0722464629614184,Non-essential,80.7,21.5,4.7,0.2063205270492829,1858,0.1918421149031497,1898,0.5114026038169779,780,0.3476,AML,2.837,0.682,0.5722371275154631,0.7330097087378641,661,0
OR10P1,2208,0.1112947861505334,0.2605042014617612,0.0229321524592756,0.0007115327601541,1.2e-05,14,4,TYR,Q8NGE3,-9.966,0.0,-0.0924946560446011,Non-essential,88.2,5.8,1.9,0.2062873918164738,1859,0.1924339994394376,1886,0.0578941838115215,2250,0.0,AML,0.0,0.0,0.0247360620376882,0.05177993527508096,2345,0
OR5M10,2174,0.1123732247226684,0.2605042014617612,0.019174442511466,0.0080640379484138,0.000136,21,5,LYS,Q6IEU7,-9.966,0.0,0.0310815380676503,Non-essential,89.0,6.7,3.8,0.2062860906265863,1860,0.1922448127521596,1890,0.0424298775348772,2340,0.0,AML,0.0,0.0,0.0339400160236387,0.06432038834951459,2314,0
OR1G1,2049,0.1192539496315993,0.2605042014617612,0.0477431598924561,0.00243107026386,4.1e-05,13,4,SER,P47890,-9.966,0.0,-0.0280003227690288,Non-essential,84.0,12.5,2.9,0.2062200280506954,1861,0.1936071860453182,1853,0.0734270181277984,2198,0.0,AML,0.0,0.0,0.0205108434663754,0.050970873786407744,2347,0
OR2G3,2229,0.110454466298384,0.2605042014617612,0.019300964731931,0.0015416543136673,2.6e-05,16,7,TYR,Q8NGZ4,-9.966,0.001,0.0016649625225637,Non-essential,90.7,5.2,2.6,0.2061871252730159,1862,0.1921521735096125,1892,0.139380341910745,2086,0.9862,AML,7.418,0.133,0.0897607888627353,0.16504854368932043,2065,0
FKRP,2234,0.1103920026604127,0.2268907561118565,0.0618946702514629,0.0035576638007708,6e-05,16,2,TYR,Q9H9S5,2.907,0.998,-0.0064453915816251,Non-essential,93.9,4.6,3.2,0.2061748481522082,1863,0.1942695816647813,1843,0.2760723773660538,1770,0.2899,AML,1.64,1.0,0.1601199509294871,0.2423139158576052,1874,0
OR5K2,2162,0.1132710146583659,0.2605042014617612,0.0275628657282935,0.0026682478505781,4.5e-05,16,7,CYS,Q8NHB8,-5.574,0.0,-0.1292832078194766,Non-essential,88.9,7.6,1.3,0.2061342489063343,1864,0.192512392192749,1884,0.1289186096949495,2099,0.0,AML,4.312,0.0,0.1350160248873174,0.17920711974110037,2030,0
HTR3D,1375,0.174451692037066,0.2605042014617612,0.1440392218883441,0.0901274829528609,0.00152,24,14,CYS,Q70Z44,-9.966,0.0,-0.0178725433755888,Non-essential,63.4,58.6,26.2,0.2061181467219177,1865,0.1983201078163348,1753,0.2031422079934642,1971,0.0,AML,0.0,0.0,0.1544281926801366,0.2063106796116505,1963,0
RAET1G,1528,0.1585481678081486,0.2689075627992374,0.0403922188834414,0.1295582567447376,0.002185,16,3,CYS,Q6H3X3,-0.941,0.335,-0.0267212253995322,Non-essential,70.0,45.5,34.4,0.2061052658867778,1866,0.1931248768309499,1873,0.48281054166762,893,0.6972,Mesothelioma,4.318,0.839,0.4982300634213562,0.6569579288025891,849,0
CDH6,1801,0.1337475191716279,0.2605042014617612,0.0423343349675786,0.0561517936554995,0.000947,27,3,TYR,P55285,0.445,0.599,0.0074681254562414,Non-essential,78.7,24.7,18.0,0.2060980026673859,1867,0.1932147194157648,1871,0.6016761186031271,472,1.1078,Cholangiocarcinoma,6.316,0.944,0.531528786728352,0.7714401294498382,566,0
OR51G2,2197,0.1117579283718901,0.2605042014617612,0.0219263008065791,0.0032611918173732,5.5e-05,12,4,SER,Q8NGK0,-9.966,0.0,0.0424503387523184,Non-essential,87.3,6.4,4.1,0.2060733436676045,1868,0.1921696587079334,1891,0.0384540397909978,2379,0.0,AML,0.0,0.0,0.0253773759510017,0.025485436893203928,2410,0
OR2J1,2180,0.1121162295100603,0.2605042014617612,0.0244251146607622,0.0019567150904239,3.3e-05,14,7,TYR,Q9GZK6,-9.966,0.0,0.1719875793746122,Non-essential,89.4,6.7,3.5,0.2060719279494129,1869,0.192293183682451,1889,0.0355681594658531,2407,0.0,AML,0.0,0.0,0.0274619690278125,0.02669902912621358,2407,0
OR1S1,1756,0.1360999299746112,0.2605042014617612,0.0508872370710105,0.0554402608953453,0.000935,17,6,LYS,Q8NH92,-9.966,0.0,,No data,86.3,11.7,5.5,0.2060583450032053,1870,0.2086027068567559,1585,0.0446330352852987,2302,0.0,AML,0.0,0.0,0.0198557988664779,0.027508090614886682,2405,0
OR2AE1,2062,0.1185358698247923,0.2605042014617612,0.041910485529021,0.0058701452712718,9.9e-05,21,10,CYS,Q8NHA4,-9.966,0.0,-0.0721809651280869,Non-essential,86.3,12.1,2.5,0.2060216282116896,1871,0.1931171524881406,1875,0.1276643288179317,2102,0.1674,AML,7.238,0.023,0.0443209926391132,0.13996763754045305,2127,0
OR2D2,2270,0.1090379748321399,0.2605042014617612,0.0146386209077969,0.0014823599169878,2.5e-05,17,4,CYS,Q9H210,-9.966,0.0,-0.0430298473561401,Non-essential,87.5,4.2,1.6,0.2060067157178126,1872,0.1917386467632024,1900,0.0568059558071753,2254,0.0,AML,0.0,0.04,0.0296672687562093,0.07564724919093846,2286,0
OR5M1,2231,0.1104358553786405,0.2605042014617612,0.0139617270283093,0.006818855618144,0.000115,18,5,LYS,Q8NGP8,-9.966,0.0,-0.0300743734518612,Non-essential,89.8,5.4,3.2,0.2059716161732297,1873,0.1916697025246452,1902,0.0409257422850553,2362,0.0,AML,0.0,0.0,0.031484960364742,0.047734627831715226,2355,0
OR5I1,2292,0.1081535845110897,0.2605042014617612,0.0116906531709631,0.0014823599169878,2.5e-05,16,4,CYS,Q13606,-9.966,0.0,0.0934737927626833,Non-essential,89.3,3.5,1.6,0.2059697237836041,1874,0.1915542564421523,1908,0.0328000005211419,2422,0.0,AML,0.0,0.0,0.0251844632347799,0.017799352750809017,2429,0
MRGPRG,2153,0.1138873153472565,0.2605042014617612,0.0220275185829511,0.0102579306255558,0.000173,11,5,TYR,Q86SM5,-9.966,0.0,0.1227947833441866,Non-essential,86.1,8.3,5.5,0.2059478328137431,1875,0.1920492087428907,1894,0.08523551904751,2171,0.0,AML,0.0,0.0,0.0278094506801325,0.09101941747572817,2248,0
GPR20,1812,0.1327076552016869,0.252100840124285,0.0203068163846275,0.0859175807886154,0.001449,12,3,CYS,Q99678,-3.308,0.056,-0.0826450807020082,Non-essential,78.9,24.0,20.1,0.2057913933368105,1876,0.1918067341560418,1899,0.3339340399483897,1576,0.1122,Pancreatic,2.412,0.237,0.4031999106160223,0.43972491909385114,1386,0
EFNB2,1516,0.1595839453572483,0.302521008149142,0.0077431598924561,0.120841980432849,0.002038,9,7,LYS,P52799,3.547,0.975,0.0854708563462779,Non-essential,70.8,47.4,32.1,0.2056286379335259,1877,0.1910157959281488,1919,0.4481814097718595,1053,0.7392,Pancreatic,4.139,0.994,0.2866374695612091,0.46601941747572817,1321,0
SIRPB1,1952,0.124930853353266,0.302521008149142,0.0073825715641309,0.0056922620812333,9.6e-05,10,2,SER,Q5TFQ8,0.288,0.56,0.1622289962481708,Non-essential,85.1,18.6,9.3,0.2055510612635407,1878,0.1909201898417473,1921,0.4219505879786729,1165,0.564,AML,3.312,0.948,0.397150620808692,0.5238673139158576,1178,0
OR1A1,2221,0.1107616896696975,0.2605042014617612,0.0205029258263482,0.0013637711236288,2.3e-05,19,5,SER,Q9P1Q5,-9.966,0.0,-0.0210534153148928,Non-essential,89.2,6.1,2.6,0.2055431447491106,1879,0.191568291040428,1907,0.0351174737267728,2409,0.0,AML,0.0,0.0,0.0260349721141128,0.023462783171521062,2415,0
LRRC19,1615,0.1500975126220281,0.2773109241367135,0.0064146765775739,0.1241624666469018,0.002094,8,2,LYS,Q9H756,-4.608,0.141,0.1278231306403568,Non-essential,74.5,39.2,30.0,0.2055031092539686,1880,0.1908238430828473,1922,0.5690485029143002,566,1.9445,AML,8.266,0.526,0.5010225910245568,0.7301779935275081,668,0
SIGLEC6,1693,0.1421814685858192,0.252100840124285,0.0056365649217143,0.1321672101986362,0.002229,12,3,LYS,O43699,-2.932,0.11,-0.0009293439000063,Non-essential,77.3,32.2,17.2,0.2054862378235873,1881,0.1907680660696731,1927,0.4309343024417241,1122,0.4103,Thyroid,4.228,0.445,0.4404258191527871,0.5655339805825244,1075,0
OR5D13,1828,0.1316908338971986,0.2605042014617612,0.0405187411039063,0.0511117699377408,0.000862,12,7,CYS,Q8NGL4,-9.966,0.0,,No data,88.7,8.6,3.8,0.2054840982720281,1882,0.2075100353272235,1601,0.0430339232393407,2327,0.0,AML,0.0,0.0,0.0290481653643563,0.04975728155339809,2350,0
KIRREL3,1645,0.1469121481002615,0.252100840124285,0.0119183931678,0.1416543136673584,0.002389,13,3,CYS,Q8IZU9,-1.806,0.185,0.103982576701313,Non-essential,72.4,36.2,33.7,0.2054284707522893,1883,0.1910243904106793,1918,0.4076293285100972,1236,0.6452,AML,4.328,0.775,0.3840378706266489,0.4947411003236246,1250,0
GPBAR1,1894,0.1274295475564491,0.2352941174493327,0.059275660287838,0.0517640083012155,0.000873,16,11,TYR,Q8TDU6,-0.913,0.268,-0.0960021270381821,Non-essential,80.4,19.7,8.5,0.2054128582545298,1884,0.1933766412689217,1864,0.549663244211965,631,0.6184,Pancreatic,3.527,0.96,0.6300339991827434,0.7973300970873787,502,0
GPR25,1911,0.1269924354089792,0.302521008149142,0.0188201802941641,0.0011265935369107,1.9e-05,20,4,SER,O00155,-5.012,0.038,-0.0281720319824977,Non-essential,82.4,20.5,14.1,0.2053690463099684,1885,0.1913100553246766,1912,0.3526077772196651,1496,0.8581,Esophageal,8.817,0.275,0.3551343511011491,0.42435275080906154,1424,0
TNFSF4,1947,0.1251174941175952,0.3109243694866181,0.0024924877431598,0.0,0.0,3,2,CYS,P23510,0.152,0.543,0.0293993274348872,Non-essential,84.8,19.1,9.3,0.2053466512561063,1886,0.1904712756432642,1932,0.2681532567023605,1798,0.8285,AML,4.694,0.983,0.2221844774281331,0.2738673139158576,1796,0
CLDN22,2043,0.119463035946958,0.2605042014617612,0.0097801676419421,0.041091016898903,0.000693,7,3,LYS,Q8N7P3,-9.966,0.056,0.0888077623356075,Non-essential,86.6,13.6,4.1,0.2052942666468277,1887,0.1907832750289247,1926,0.3749128611147681,1392,1.2949,Uterine,9.533,0.384,0.2971851160357199,0.40898058252427183,1462,0
OR4D6,2233,0.1104249106251607,0.2605042014617612,0.0170678475407243,0.0036762525941298,6.2e-05,14,3,CYS,Q8NGJ1,-9.966,0.0,0.1898791003905789,Non-essential,88.5,6.1,2.5,0.2052624955453299,1888,0.1911158879223661,1916,0.0611027132603921,2241,0.0,AML,0.0,0.0,0.0306376223418854,0.08292880258899671,2268,0
GCGR,1938,0.1254889478719657,0.2436974787868088,0.0326490589909852,0.0607174621998221,0.001024,19,5,LYS,P47871,-4.608,0.105,0.0448074677142211,Non-essential,81.9,18.4,10.7,0.2052357478730849,1889,0.1918682008226341,1897,0.7164414272322418,190,1.3438,Pheochromocytoma,6.965,0.795,0.8660423298695286,0.9644012944983819,89,0
OR10C1,2213,0.1111024990077351,0.2605042014617612,0.0202751858295113,0.0027275422472576,4.6e-05,13,4,TYR,Q96KK4,-9.966,0.0,-0.2784705136719698,Non-essential,86.8,6.7,2.2,0.2052271525308086,1890,0.1912409118222842,1914,0.0370992631372869,2391,0.0,AML,0.0,0.0,0.0456341387365854,0.07766990291262132,2281,0
SLC5A5,1904,0.1271411785892997,0.2773109241367135,0.0477115293373398,0.0063445004447079,0.000107,22,5,SER,Q92911,-4.608,0.088,-0.1637821281361443,Non-essential,81.3,20.4,16.3,0.2051728308933616,1891,0.1925584073602286,1882,0.5446672113937521,646,0.6324,Testicular,1.98,0.782,0.6063252725987099,0.7815533980582524,541,0
OR7C2,2175,0.1123503089340747,0.2605042014617612,0.0241973746639253,0.0029647198339756,5e-05,17,4,CYS,O60412,-9.966,0.0,-0.1854315185742633,Non-essential,88.5,7.8,2.2,0.2051669941360916,1892,0.1913768628692879,1911,0.0365668390428586,2396,0.0,AML,0.0,0.0,0.0531363872188518,0.08333333333333337,2267,0
OR8D1,2264,0.1092292756417667,0.2605042014617612,0.0130823975960778,0.0036762525941298,6.2e-05,12,3,TYR,Q8WZ84,-9.966,0.001,0.0437744144882913,Non-essential,90.9,5.2,2.3,0.2051661330591683,1893,0.1908202529389722,1923,0.0796623533011316,2179,-0.0,AML,-2.965,0.0,0.0260120603754098,0.08090614886731395,2273,0
KIR2DL4,1584,0.1528592404380536,0.2773109241367135,0.0178143286414676,0.1219685739697598,0.002057,11,1,CYS,Q99706,-2.826,0.095,0.0238570475314752,Non-essential,70.0,41.9,32.4,0.2051045491006565,1894,0.1909952655327299,1920,0.4371544606302012,1103,0.702,Melanoma,8.349,0.252,0.5975059126861385,0.6792071197411003,794,0
OR2J2,2196,0.1117717882378406,0.2605042014617612,0.0235141546734145,0.0017195375037058,2.9e-05,14,5,CYS,O76002,-9.966,0.0,-0.0384024379335899,Non-essential,89.3,7.4,3.8,0.2050848935558964,1895,0.1912606012895672,1913,0.0787060736444892,2181,0.0,AML,0.0,0.0,0.025150830622999,0.0744336569579288,2289,0
PODXL2,1227,0.1896054101862681,0.4453781508862369,0.0311244662343824,0.0070560332048621,0.000119,8,2,SER,Q9NZ53,4.131,0.919,0.0112213879361523,Non-essential,54.4,75.4,57.7,0.205027477669994,1896,0.1915837009817131,1906,0.7747448409879759,98,0.7534,Uterine Carcinosarcoma,4.262,1.0,0.6863154131790539,0.9296116504854369,175,0
OR1S2,1827,0.131824372042987,0.2605042014617612,0.0479013126680373,0.0441743255262377,0.000745,17,6,LYS,Q8NGQ3,-9.966,0.0,,No data,86.4,9.2,0.3,0.2049953800601851,1897,0.207390445693587,1602,0.0451480437030147,2294,0.0,AML,0.0,0.0,0.0227288995231109,0.03721682847896435,2381,0
LAIR1,1518,0.159317378827144,0.3361344534990467,0.0005187411039063,0.0823599169878446,0.001389,3,2,LYS,Q6GTX8,3.418,0.974,-0.1429673708415628,Non-essential,71.4,48.4,26.8,0.204966723247604,1898,0.1899926603027993,1945,0.7155360210721845,194,0.9884,AML,5.591,1.0,0.7054778528662836,0.9194983818770226,200,0
LYPD5,1853,0.129886912950454,0.3109243694866181,0.017263956982445,0.0011265935369107,1.9e-05,10,2,SER,Q6UWN5,0.873,0.708,0.0597373873176671,Non-essential,84.0,23.5,5.2,0.2049211669501552,1899,0.1907843647992775,1925,0.3363541806779214,1569,0.6756,Head&Neck,3.624,0.986,0.2360767191438768,0.3276699029126213,1663,0
ASIC5,2006,0.1209092468188571,0.2605042014617612,0.0155495808951447,0.0401423065520308,0.000677,24,4,LYS,Q9NY37,-9.966,0.001,0.1092593903235387,Non-essential,84.5,15.2,6.7,0.2048994423734103,1900,0.1906769214181675,1929,0.0561415226961118,2257,0.0,AML,0.0,0.0,0.0337885706808805,0.08940129449838186,2252,0
OR10V1,2274,0.1088088191968207,0.2605042014617612,0.0139933575834255,0.0013637711236288,2.3e-05,18,5,CYS,Q8NGI7,-9.966,0.0,-0.0274726509184361,Non-essential,88.5,5.2,2.3,0.2048157526883799,1901,0.1905154205675512,1931,0.0336233295634168,2417,0.0,AML,0.0,0.0,0.0219035737632551,0.009304207119741115,2450,0
PVR,1932,0.1257183721696356,0.2941176468116659,0.0060920449153882,0.0208123332345093,0.000351,4,1,TYR,P15151,3.911,0.999,-0.0462723459879828,Non-essential,84.9,19.9,11.8,0.2047672709215574,1902,0.1900718731673268,1942,0.2787267135615477,1760,0.3015,AML,1.844,0.925,0.1864512097298774,0.26254045307443363,1824,0
OR9Q2,2169,0.1127763350949726,0.2605042014617612,0.0214075597026727,0.0071746219982211,0.000121,15,4,TYR,Q8NGE9,-9.966,0.0,0.0240492000831769,Non-essential,85.2,8.6,2.2,0.2047220159368398,1903,0.1907923939219735,1924,0.0708108179790896,2201,0.0,AML,0.0,0.0,0.0428710349890008,0.11933656957928807,2178,0
OR4C45,1985,0.1228078408345867,0.2605042014617612,0.0262660129685275,0.0357545211977468,0.000603,12,6,CYS,A6NMZ5,-9.966,0.0,,No data,88.0,2.0,0.3,0.2046816040531849,1904,0.2059949047016113,1622,0.0429013484317724,2328,0.0,AML,0.0,0.0,0.022051936485356,0.02710355987055013,2406,0
RNF167,1740,0.1376591637670134,0.2773109241367135,0.0202751858295113,0.0688407945449155,0.001161,8,1,LYS,Q9H6Y7,6.673,1.0,0.0823787361381209,Non-essential,78.4,29.7,21.1,0.2046378185414564,1905,0.190651577832932,1930,0.6782346673010449,266,0.1876,Kidney Papillary,1.061,1.0,0.6395271686371512,0.8754045307443366,309,0
OPN1LW,1968,0.1238156522125747,0.2605042014617612,0.0305740945753597,0.0348058108508745,0.000587,14,7,TYR,P04000,-9.966,0.002,0.0285926598107967,Non-essential,82.2,17.9,14.6,0.2046214468681749,1906,0.1911501515969429,1915,0.1961075391625185,1989,0.1093,Ovarian,5.672,0.019,0.1285856689099233,0.19215210355987056,1998,0
OR5K1,2205,0.1113983353792069,0.2605042014617612,0.021439190257789,0.002549659057219,4.3e-05,18,5,CYS,Q8NHB7,-9.966,0.0,0.0353918135403617,Non-essential,89.5,7.8,1.3,0.2043736828403684,1907,0.1904456423532578,1933,0.0356164339913029,2406,0.0,AML,0.0,0.0,0.0264926039813536,0.024271844660194164,2413,0
CD300LF,1514,0.1596836517876011,0.3949579828613799,0.0056681954768306,0.0,0.0,3,0,,Q8TDQ1,0.576,0.636,0.0065752783582123,Non-essential,72.5,50.3,25.5,0.2043523428706906,1908,0.1896357526445321,1957,0.5618873482881886,590,0.9602,AML,5.171,1.0,0.3504963065289103,0.6177184466019418,946,0
MYADM,2082,0.1174193771057876,0.2689075627992374,0.0067056776846433,0.0261488289356655,0.000441,11,2,TYR,Q96S97,5.512,0.999,-0.0821217069632445,Non-essential,85.7,13.0,8.4,0.2043312736348103,1909,0.1896665575190424,1955,0.5941751107136006,493,0.6726,Sarcoma,3.805,1.0,0.5773911537826009,0.7973300970873787,502,0
OR4D11,2267,0.109155096410363,0.2605042014617612,0.0139617270283093,0.002549659057219,4.3e-05,19,2,CYS,Q8NGI4,-9.966,0.0,0.0006767749329892,Non-essential,86.7,6.1,2.3,0.2042043170329985,1910,0.1899024033844139,1949,0.0346974355722809,2411,0.0,AML,0.0,0.0,0.0252127115578994,0.020226537216828433,2423,0
OR6J1,2173,0.1124760171811676,0.2605042014617612,0.0242606357741578,0.0033204862140527,5.6e-05,15,10,TYR,Q8NGC5,-9.966,0.0,-0.1145576282116457,Non-essential,86.5,8.9,5.2,0.204171751008669,1911,0.1903847827973769,1936,0.0393737291961383,2375,0.0,AML,0.0,0.0,0.0377769987436494,0.066747572815534,2308,0
GRIN2D,1527,0.1587332688635719,0.3277310921615705,0.0860287838051557,0.0061073228579899,0.000103,54,6,SER,O15399,-0.492,0.427,-0.0571983104692875,Non-essential,63.2,48.6,39.6,0.204139908922336,1912,0.1934413481125938,1863,0.6660549516968834,305,1.2907,Stomach,6.932,0.893,0.3914339491535967,0.7131877022653721,710,0
FZD9,1889,0.1277231200862145,0.252100840124285,0.0492297959829195,0.0403794841387488,0.000681,33,13,LYS,O00144,-2.053,0.2,-0.0961803832005923,Non-essential,80.9,21.5,14.6,0.2041376140739168,1913,0.1915991038730628,1905,0.5716410366494726,559,0.9602,Uveal Melanoma,4.896,1.0,0.7117124273073012,0.8491100323624595,374,0
OR2G6,2230,0.1104363904629793,0.2605042014617612,0.0185291791870947,0.0022531870738215,3.8e-05,14,6,TYR,Q5TZ20,-9.966,0.001,-0.1076321203787335,Non-essential,88.6,7.3,3.5,0.2040720620768454,1914,0.1899985210362001,1944,0.0625875126479381,2233,0.0,AML,0.0,0.0,0.0284742435882429,0.07605177993527512,2285,0
OR5AU1,1873,0.1285488304752283,0.2605042014617612,0.0533480942590542,0.0278090720426919,0.000469,18,10,TYR,Q8NGC0,-9.966,0.001,-0.1509998208830485,Non-essential,79.9,22.4,16.3,0.2040657620870529,1915,0.1917331668000056,1901,0.1980920749894598,1984,0.0,AML,0.0,0.006,0.2105418961104014,0.22653721682847894,1913,0
SLC22A15,1964,0.1239323359109895,0.201680672099428,0.1245737782698086,0.019626445300919,0.000331,19,12,TYR,Q8IZD6,0.19,0.556,-0.1674230766874829,Non-essential,83.0,17.6,7.7,0.2040382911274816,1916,0.1952669800409721,1822,0.4415535782059695,1076,0.5183,Cholangiocarcinoma,3.518,0.833,0.6051638641551592,0.6877022653721683,773,0
OR9A4,2152,0.1140297057347937,0.2605042014617612,0.0269492329590384,0.0058108508745923,9.8e-05,18,6,CYS,Q8NGU2,-9.966,0.002,-0.0275382853142641,Non-essential,85.4,10.5,2.5,0.2038664914700241,1917,0.190213953117976,1939,0.1666804034760074,2045,0.8475,AML,7.331,0.116,0.0648296459970739,0.15817152103559873,2082,0
MC2R,2140,0.1143260203625094,0.2605042014617612,0.017263956982445,0.0164838422769048,0.000278,15,2,LYS,Q01718,-9.966,0.008,0.0888840210203372,Non-essential,85.4,10.8,6.1,0.2038134203264539,1918,0.1896766181755761,1954,0.1626904454175259,2050,0.0,AML,0.0,0.0,0.0292152671049188,0.12338187702265369,2168,0
OR2Z1,2137,0.1146301198765682,0.2605042014617612,0.0323896884390321,0.0023717758671805,4e-05,14,6,SER,Q8NG97,-9.966,0.0,0.0053106349647312,Non-essential,85.2,11.1,3.8,0.2037668365881695,1919,0.1903863210101211,1935,0.0664058481492298,2213,0.0,Adrenocortical,0.0,0.0,0.0189764758929899,0.04490291262135926,2362,0
SIGLEC8,1697,0.1418689649791174,0.302521008149142,0.0085212715483156,0.0610139341832196,0.001029,7,3,TYR,Q9NYZ4,-1.026,0.34,-0.0879230535451777,Non-essential,73.8,34.5,28.9,0.2037661542850835,1920,0.1891922178624993,1961,0.5335653851045853,689,1.2457,Kidney Clear Cell,7.351,0.795,0.3849896632241643,0.6237864077669903,931,0
ADAM15,1691,0.1423331085872146,0.2773109241367135,0.0985291791870947,0.0061666172546694,0.000104,41,4,TYR,Q13444,6.299,1.0,-0.0792599648382609,Non-essential,73.2,34.6,22.7,0.2036327725582907,1921,0.1935592315176454,1861,0.7832555837064626,90,0.404,Pancreatic,2.286,1.0,0.6880313613494748,0.9316343042071198,170,0
LRRN4,1646,0.146878612202943,0.3193277308240944,0.0426569666297643,0.0211680996145864,0.000357,23,5,TYR,Q8WUT4,-3.626,0.18,0.0773033772611277,Non-essential,69.4,39.1,33.9,0.2036209723495207,1922,0.1907538206810089,1928,0.807735702395175,65,4.2071,Mesothelioma,10.36,0.908,0.5254121720469278,0.8503236245954693,371,0
OR11H6,2146,0.114183049878281,0.2605042014617612,0.0252664874268543,0.0080047435517343,0.000135,18,2,CYS,Q8NGC7,-9.966,0.0,-0.0495930018780907,Non-essential,86.8,10.9,7.6,0.2035942782562635,1923,0.1898576026276063,1952,0.067727217736615,2211,0.0,AML,0.0,0.0,0.0308145311048377,0.09182847896440127,2246,0
OR10R2,1994,0.1217716277875595,0.2605042014617612,0.0337814328641467,0.0247850578120367,0.000418,16,9,CYS,Q8NGX6,-9.966,0.009,-0.0259083598312288,Non-essential,82.6,17.3,10.4,0.2035180931806622,1924,0.1902071648238696,1940,0.6268021263464623,407,9.0707,Thymoma,12.896,0.703,0.2889446812141396,0.6116504854368932,961,0
OR5A2,2225,0.1106093498643225,0.2605042014617612,0.019402182508303,0.0019567150904239,3.3e-05,16,9,CYS,Q8NGI9,-9.966,0.0,-0.0746131609166281,Non-essential,87.5,8.0,6.8,0.2035161949112981,1925,0.1894863040367133,1959,0.0358983579976027,2403,0.0,AML,0.0,0.0,0.035679927663021,0.05218446601941751,2344,0
MFSD8,2037,0.1196331737813982,0.2184873947743803,0.1031915230112288,0.0042691965609249,7.2e-05,24,12,SER,Q8NHS3,2.342,0.991,0.0377506322555053,Non-essential,83.3,14.9,12.4,0.2034357680640715,1926,0.1935953442146329,1855,0.3164219654406798,1641,0.3233,AML,1.829,1.0,0.3010094489698212,0.363673139158576,1574,0
MCHR2,2259,0.1094013944374294,0.2605042014617612,0.0156128420053771,0.0017195375037058,2.9e-05,19,7,TYR,Q969V1,-9.966,0.01,0.131994292908766,Non-essential,88.9,7.1,0.9,0.2034095653888871,1927,0.189190207489156,1962,0.0940287594514077,2156,0.0664,Low Grade Glioma,0.573,0.164,0.0448401072821262,0.13228155339805825,2146,0
OR2T4,2056,0.1187574881417063,0.2605042014617612,0.021540408034161,0.0269789504891787,0.000455,14,4,TYR,Q8NH00,-9.966,0.001,0.0275039013881368,Non-essential,84.1,14.9,13.5,0.2034063101424513,1928,0.1894833305441594,1960,0.0690962837944815,2207,0.0,AML,0.0,0.0,0.0373037349630333,0.10881877022653719,2204,0
TNFRSF4,1629,0.1484438376986822,0.3697478988489514,0.0018155938636723,0.0,0.0,3,3,CYS,P43489,1.683,0.868,-0.0219374378238977,Non-essential,77.0,41.5,20.9,0.203365663063051,1929,0.1884564427562346,1976,0.4308645882885947,1123,0.6377,Testicular,3.632,0.993,0.2398074693397839,0.4231391585760518,1427,0
OPRL1,1989,0.1222089354488892,0.2773109241367135,0.0310928356792661,0.0065223836347465,0.00011,15,2,TYR,P41146,-0.166,0.456,0.0174085281153632,Non-essential,82.3,18.1,11.6,0.2033626282763528,1930,0.1899172700603161,1948,0.4373601864355435,1100,0.5774,Sarcoma,4.194,0.754,0.5098615290518832,0.6169093851132685,948,0
OR8B8,2248,0.1096438658518895,0.2605042014617612,0.0167768464336549,0.0013637711236288,2.3e-05,13,3,TYR,Q15620,-9.966,0.0,0.0634545656254317,Non-essential,89.9,7.4,2.3,0.2033116249009373,1931,0.18915046722262,1964,0.0339399705951289,2413,0.0,AML,0.0,0.0,0.023499928467759,0.016181229773462813,2433,0
OPCML,1946,0.1251607857381183,0.252100840124285,0.0039854499446465,0.0770827156833679,0.0013,7,1,LYS,Q14982,-4.293,0.126,0.0925839206142329,Non-essential,83.4,20.3,17.7,0.2032023354505033,1932,0.1884016079477356,1978,0.3253626300449808,1609,0.2971,Pheochromocytoma,3.18,0.295,0.4418740759408309,0.45590614886731395,1346,0
PCDH9,1632,0.1481364795870211,0.2184873947743803,0.0088755337656175,0.1935962051586125,0.003265,16,1,LYS,Q9HC56,-2.826,0.157,0.0892182143642641,Non-essential,67.8,38.9,34.4,0.2031885229020906,1933,0.1886322995903714,1972,0.3405658411846752,1549,0.5414,Pheochromocytoma,3.609,0.835,0.2313734067979572,0.3296925566343042,1658,0
OR5T1,2155,0.1137662743184505,0.2605042014617612,0.0207939269334176,0.011088052179069,0.000187,12,7,CYS,Q8NG75,-9.966,0.0,-0.001210316849051,Non-essential,87.2,11.0,3.1,0.203146965289738,1934,0.1891866616364089,1963,0.0425912067436751,2333,0.0,AML,0.0,0.0,0.0341561119849596,0.06957928802588997,2301,0
OR9G1,2222,0.1107590530711572,0.2605042014617612,0.0200790763877906,0.0017788319003854,3e-05,16,8,TYR,Q8NH87,-9.966,0.001,-0.1014469091403718,Non-essential,85.9,8.5,1.6,0.2031409475836604,1935,0.1891449014030499,1965,0.0361845930104066,2400,0.0,AML,0.0,0.0,0.0413008098529032,0.066747572815534,2308,0
CLDN9,1937,0.1256085580672024,0.2773109241367135,0.0080341609995255,0.0409131337088645,0.00069,5,2,LYS,O95484,-1.214,0.327,-0.0278646174444089,Non-essential,81.2,21.2,10.1,0.2030956471249472,1936,0.1884973551749235,1974,0.6160817194620504,436,0.9805,Ovarian,5.499,0.892,0.5373189536490575,0.7827669902912622,538,0
OR52E1,1958,0.1246806247674651,0.2605042014617612,0.0667214929622014,0.0015416543136673,2.6e-05,8,5,SER,Q8NGJ3,-9.966,0.0,,No data,86.5,5.2,0.6,0.2030422573305835,1937,0.2063783319786936,1614,0.0401268660712909,2370,0.0,AML,0.0,0.0,0.0193168178692904,0.014563106796116498,2437,0
OPRK1,1833,0.1311011774280234,0.2436974787868088,0.0456049343665981,0.0664690186777349,0.001121,19,10,LYS,P41145,-6.506,0.086,0.068656810590033,Non-essential,79.5,25.3,13.9,0.2030126058364663,1938,0.1902928525547962,1937,0.5873942214830686,520,2.0354,Pheochromocytoma,9.553,0.426,0.5648144265724238,0.7839805825242718,535,0
LIM2,2315,0.1066369281824163,0.2605042014617612,0.0058643049185513,0.0022531870738215,3.8e-05,4,1,SER,P55344,-9.966,0.02,0.0719831723100481,Non-essential,90.3,5.2,0.0,0.2030058435097096,1939,0.1882990587556371,1980,0.3481684140419878,1517,3.6409,Testicular,6.204,0.83,0.0743180643111702,0.2568770226537217,1838,0
OR51E2,2285,0.1083830733793346,0.252100840124285,0.0220591491380673,0.0030833086273347,5.2e-05,14,6,SER,Q9H255,-3.816,0.101,0.0169609974264017,Non-essential,88.9,6.6,0.6,0.2029209084848502,1940,0.1890238659417536,1967,0.4191225228363968,1177,1.115,Prostate,4.515,0.988,0.4668445469542322,0.5687702265372168,1067,0
PCDHB1,1949,0.1250986505453828,0.2605042014617612,0.0103621698560809,0.0592943966795137,0.001,19,3,TYR,Q9Y5F3,-6.506,0.002,-0.0406686078682751,Non-essential,80.1,20.8,17.2,0.202790612145515,1941,0.1883087206383191,1979,0.2508286339415178,1845,0.0543,Pheochromocytoma,5.515,0.017,0.074273225038387,0.19741100323624594,1985,0
SIGLEC15,1764,0.1355032832183756,0.3361344534990467,0.0034983393958563,0.0,0.0,6,0,,Q6ZMC9,-1.639,0.259,-0.0208402179909416,Non-essential,78.4,30.8,23.5,0.2027216435736304,1942,0.1878965605434232,1994,0.4710295790179321,939,1.2455,AML,5.599,0.832,0.4640344491750598,0.6217637540453074,936,0
OR1N1,2232,0.1104308207470274,0.2605042014617612,0.0204080341609995,0.000355766380077,6e-06,16,3,TYR,Q8NGS0,-9.966,0.004,-0.0459132055590133,Non-essential,89.0,8.7,1.6,0.2026674206468855,1943,0.1886878223549355,1970,0.1229301203646829,2110,0.2124,Kidney Chromophobe,6.508,0.046,0.0308186190552463,0.11367313915857602,2192,0
OR13C8,1977,0.123252392954413,0.2605042014617612,0.0493310137592914,0.0141713608064037,0.000239,15,9,TYR,Q8NGS7,-9.966,0.0,-0.1295877139099027,Non-essential,83.7,19.4,5.3,0.2026520641530402,1944,0.1901186148410047,1941,0.0643973425289517,2224,0.0,AML,0.0,0.0,0.0679061234227294,0.133495145631068,2143,0
TMEM9,1627,0.1488993176923561,0.3697478988489514,0.0033338605092519,0.0,0.0,4,0,,Q9P0T7,6.538,1.0,0.0178313405755756,Non-essential,72.8,42.6,8.7,0.2026452297244459,1945,0.1878119227499085,1998,0.6429370009385074,358,0.4083,Cholangiocarcinoma,2.31,1.0,0.6807096674099659,0.8770226537216829,305,0
OR5L1,1936,0.125615019873422,0.2605042014617612,0.0254246402024355,0.0459531574266231,0.000775,17,7,LYS,Q8NGL2,-9.966,0.0,,No data,89.2,6.4,1.3,0.202620919918881,1946,0.2038921519290028,1648,0.0428782585660809,2329,0.0,AML,0.0,0.0,0.0319757287266798,0.061893203883495174,2320,0
SLC7A10,2118,0.1153741900986724,0.2436974787868088,0.0168401075438873,0.0428105544026089,0.000722,20,3,LYS,Q9NS82,-4.035,0.123,-0.0721476640424711,Non-essential,83.4,12.6,10.7,0.2026067830620071,1947,0.1884487884392015,1977,0.5071413810048089,797,1.2999,Uterine Carcinosarcoma,7.22,0.649,0.4089720823021396,0.6136731391585761,956,0
VSTM4,1605,0.1505059213795979,0.1848739494244757,0.0060920449153882,0.2490957604506374,0.004201,7,4,LYS,Q8IW00,1.401,0.763,0.0160605444302633,Non-essential,74.9,40.9,19.1,0.2026028336400728,1948,0.1879074358858423,1993,0.3242752895590966,1613,0.5998,Pancreatic,3.519,0.949,0.2437416703123317,0.32241100323624594,1676,0
SSTR4,1803,0.1335813791416694,0.2605042014617612,0.0914692392851494,0.006463089238067,0.000109,16,7,SER,P31391,-9.966,0.002,0.0760194113876148,Non-essential,77.6,28.1,23.7,0.2025595526424205,1949,0.1921330146066779,1893,0.2237044700983707,1922,0.0,AML,0.0,0.0,0.1716479164328134,0.22046925566343045,1928,0
OR51V1,2157,0.1136138146676872,0.2605042014617612,0.0287648268227107,0.0026089534538986,4.4e-05,20,4,SER,Q9H2C8,-9.966,0.0,-0.0888699054628424,Non-essential,87.5,11.5,5.9,0.2025199155807687,1950,0.1889581569219042,1968,0.0372968031217348,2388,0.0,AML,0.0,0.0,0.0260660178621466,0.027912621359223344,2404,0
CNNM3,1599,0.1510093400809497,0.2857142854741897,0.0581369603036533,0.0642751260005929,0.001084,34,14,CYS,Q8NE01,3.691,0.999,-0.0623215003415694,Non-essential,66.7,43.1,31.1,0.2025030214920279,1951,0.1904098695072106,1934,0.4062334797392089,1245,0.3285,AML,1.858,1.0,0.4174956596997597,0.5210355987055016,1185,0
OR11L1,2251,0.1095097746168214,0.2605042014617612,0.0118235015024513,0.0058701452712718,9.9e-05,12,5,LYS,Q8NGX0,-9.966,0.0,0.1150571093836367,Non-essential,88.5,8.1,1.9,0.2024998822050472,1952,0.1880910572801697,1986,0.101597202138995,2145,0.0328,AML,5.672,0.006,0.0318582745913681,0.10800970873786409,2206,0
ALPL,2255,0.1094413669527826,0.2689075627992374,0.0056681954768306,0.0005929439667951,1e-05,22,2,TYR,P05186,2.755,0.957,0.0159879895765348,Non-essential,93.3,8.2,6.3,0.2024829318406395,1953,0.187766341614481,1999,0.5165331408748242,755,0.8598,Testicular,4.864,1.0,0.5615057106908332,0.7309870550161812,666,0
HTR3A,2001,0.121188297379956,0.2689075627992374,0.0129242448204966,0.0324933293803735,0.000548,22,3,TYR,P46098,-3.816,0.152,0.1467414952923196,Non-essential,82.6,18.0,10.3,0.2024720405299506,1954,0.1881182527709754,1985,0.5554123756164919,609,2.0444,Ovarian,8.96,0.79,0.4549622425181266,0.6897249190938511,768,0
HLA-DOB,1986,0.1226058747657827,0.302521008149142,0.0012335916495334,0.0040913133708864,6.9e-05,3,1,SER,P13765,0.949,0.685,-0.0401415165419386,Non-essential,87.1,19.8,5.5,0.2024135791073046,1955,0.1874752586897813,2004,0.4173257901092189,1188,0.5915,Pancreatic,3.871,0.864,0.5300751090106106,0.610032362459547,965,0
OR10Q1,2271,0.1089629949435182,0.2605042014617612,0.0141515103590067,0.0017195375037058,2.9e-05,14,7,CYS,Q8NGQ4,-9.966,0.002,0.0413772561481093,Non-essential,86.5,7.8,3.1,0.2023442324772945,1956,0.1880518079952448,1987,0.1188036578394065,2115,0.8673,Cholangiocarcinoma,6.245,0.139,0.0657272046130573,0.1480582524271845,2107,0
SLAMF6,1757,0.1359701502118913,0.3361344534990467,0.0050545627075755,0.0,0.0,7,0,,Q96DU3,0.001,0.501,0.0268201600673222,Non-essential,77.2,31.6,25.9,0.2023106994015602,1957,0.187563427536939,2001,0.5023803158517322,812,0.6758,Kidney Clear Cell,4.064,0.895,0.3701056388503015,0.5829288025889967,1032,0
LRFN3,1796,0.1339718930867797,0.2773109241367135,0.0477115293373398,0.0291135487696412,0.000491,19,6,TYR,Q9BTN0,3.197,0.991,-0.0789217242257128,Non-essential,77.4,29.0,21.3,0.202265092974595,1958,0.1896506694414619,1956,0.41280442681029,1211,0.2684,Sarcoma,1.494,1.0,0.3419973631711934,0.4733009708737864,1303,0
NPFFR1,1800,0.1337848759066539,0.2689075627992374,0.0613759291475565,0.0260302401423065,0.000439,20,9,TYR,Q9GZQ6,-4.293,0.043,-0.0226720127159789,Non-essential,77.6,28.8,25.6,0.2021691893021988,1959,0.1902379857595766,1938,0.4506582582285558,1040,0.6204,DLBCL,5.495,0.277,0.5242980778062692,0.6448220064724919,879,0
FFAR4,1874,0.1284981056307834,0.2857142854741897,0.0472560493436659,0.000118588793359,2e-06,17,1,SER,Q5NUL3,-2.053,0.131,-0.0874885194124865,Non-essential,79.3,24.7,16.3,0.2021436594502226,1960,0.1895064619174059,1958,0.5048614398879555,802,0.5768,Colorectal,3.232,0.691,0.590055772379155,0.7378640776699029,649,0
TAAR5,2182,0.1120818428861185,0.2605042014617612,0.0244883757709947,0.0017788319003854,3e-05,18,5,TYR,O14804,-9.966,0.0,0.0630390190881163,Non-essential,85.2,10.7,6.8,0.2020432724294614,1961,0.1882676912180111,1982,0.0366395762239813,2395,0.0,AML,0.0,0.0,0.0217506940112633,0.0153721682847896,2435,0
GPR26,2329,0.1059346046699398,0.2436974787868088,0.018105329748537,0.0100800474355173,0.00017,13,7,LYS,Q8NDV2,-9.966,0.018,-0.0377817665639091,Non-essential,91.0,5.3,3.6,0.2020404618713966,1962,0.1879457283588235,1989,0.0695392701367759,2204,0.0,AML,0.0,0.0,0.0471911033302801,0.125,2164,0
OR1F2P,1792,0.1341583485997099,0.2605042014617612,0.0574600664241657,0.0423954936258523,0.000715,16,3,TYR,Q96R84,-9.966,0.0,,No data,83.7,14.1,2.2,0.2020403605241209,1963,0.2049133638453292,1635,0.1453416953852611,2080,-0.0,AML,-2.578,0.0,0.0319427598435922,0.125,2164,0
TMEM140,2185,0.1119995005230935,0.2689075627992374,0.0083251621065949,0.006463089238067,0.000109,6,1,SER,Q9NV12,3.808,0.999,0.0270504781915447,Non-essential,87.1,10.8,5.4,0.2020147098158985,1964,0.1874309679212283,2005,0.2724277235532992,1785,0.4306,Glioblastoma,2.436,1.0,0.1849373431560018,0.2552588996763754,1842,0
GPR52,1955,0.124747800781012,0.252100840124285,0.0139933575834255,0.0656981915209012,0.001108,20,6,TYR,Q9Y2T5,-9.966,0.005,0.0604555488720576,Non-essential,81.8,21.3,13.0,0.2018581813195814,1965,0.1875578491987526,2002,0.4119835682275226,1216,1.684,AML,5.149,0.566,0.2655284591777512,0.4211165048543689,1432,0
SIGLEC1,1920,0.1264036278472008,0.2605042014617612,0.0616732563656492,0.0123332345093388,0.000208,74,2,TYR,Q9BZZ2,1.015,0.71,-0.06864972724308,Non-essential,76.6,22.9,7.4,0.2017780932303634,1966,0.1898617560486458,1951,0.4684713225457996,949,0.4087,Glioblastoma,2.849,0.799,0.3035989747598371,0.5036407766990292,1228,0
OR14K1,2076,0.1178264385788396,0.2605042014617612,0.0377668828087932,0.0076489771716572,0.000129,17,6,TYR,Q8NGZ2,-9.966,0.0,0.1349834280751383,Non-essential,83.5,15.9,2.2,0.201630435506729,1967,0.1885187796471686,1973,0.1159196653493912,2118,0.0,AML,0.0,0.006,0.0295998321149959,0.10881877022653719,2204,0
OR8A1,2122,0.1152211556947256,0.2605042014617612,0.0322252095524276,0.004506374147643,7.6e-05,13,5,TYR,Q8NGG7,-9.966,0.002,-0.276915409141131,Non-essential,87.0,13.8,7.1,0.201559366436634,1968,0.1881706269142554,1983,0.0868931651891161,2166,-0.0,AML,-4.809,0.0,0.0590108318026576,0.13834951456310685,2131,0
CRTAM,1649,0.1465903500054489,0.302521008149142,0.0141198798038905,0.0711532760154165,0.0012,9,6,CYS,O95727,-1.43,0.236,-0.0028027975567895,Non-essential,73.5,40.7,28.2,0.2015006418070264,1969,0.1872066357972209,2008,0.4146005352539156,1204,0.7276,AML,5.711,0.584,0.4830557299310544,0.5736245954692556,1055,0
CDH2,1879,0.1283031305497941,0.2605042014617612,0.031776055669777,0.0485621108805217,0.000819,23,3,TYR,P19022,1.064,0.621,-0.0785570342222286,Non-essential,79.4,24.8,17.3,0.2014610121491911,1970,0.1880498149326799,1988,0.6215921166967484,426,0.6988,Pancreatic,4.487,0.853,0.8026076821439592,0.9073624595469256,230,0
OR5J2,2143,0.1142516503912624,0.2605042014617612,0.0297643523643839,0.0037355469908093,6.3e-05,15,3,TYR,Q8NH18,-9.966,0.0,0.036033192767451,Non-essential,83.6,13.1,1.9,0.2014514453504147,1971,0.1879396629686339,1990,0.0699635267567773,2203,0.0,AML,0.0,0.0,0.033506590700175,0.09991909385113273,2226,0
MRGPRX2,1992,0.1220394028959068,0.2605042014617612,0.0519879803890558,0.0074710939816187,0.000126,11,6,TYR,Q96LB1,-9.966,0.001,0.1046098061879343,Non-essential,81.7,19.7,9.4,0.201341239104285,1972,0.1889406381237378,1969,0.1859718188251775,2014,-0.0,AML,-2.477,0.0,0.1716339423409177,0.2063106796116505,1963,0
OR1C1,2262,0.109263016338452,0.2605042014617612,0.0140249881385418,0.0028461310406166,4.8e-05,16,3,CYS,Q15619,-9.966,0.0,-0.0376227957395457,Non-essential,87.7,9.2,3.2,0.201194250306406,1973,0.1868954997133331,2011,0.1109025837712234,2129,0.0,AML,0.0,0.006,0.0309568920425919,0.1096278317152104,2202,0
HTR1E,1816,0.1325824441995695,0.2605042014617612,0.0377985133639095,0.0568040320189742,0.000958,18,11,LYS,P28566,-9.966,0.023,0.0531408724048745,Non-essential,78.5,28.8,17.3,0.2010271068573373,1974,0.1879170325255328,1992,0.5134199588957705,773,1.0481,Pheochromocytoma,9.038,0.307,0.4920937986184442,0.6796116504854368,793,0
GALR3,1982,0.1228848005625403,0.2689075627992374,0.0306753123517317,0.0203972724577527,0.000344,19,8,TYR,O60755,-5.574,0.005,0.0204667007333248,Non-essential,81.0,20.9,15.5,0.2009857931821042,1975,0.1875195587996908,2003,0.284665989100394,1746,0.1473,Ovarian,4.116,0.051,0.2931262151114212,0.33333333333333337,1649,0
OR4A4P,2064,0.1183652426259565,0.2605042014617612,0.0222489324687648,0.0249629410020753,0.000421,13,7,CYS,Q8NGN8,-9.966,0.0,,No data,90.3,2.0,1.0,0.2009794388793264,1976,0.2020918855027647,1680,0.0418530440418141,2346,0.0,AML,0.0,0.0,0.0315692990275669,0.05339805825242716,2341,0
FCRL4,1814,0.1326707632157809,0.2773109241367135,0.0262976435236438,0.0461903350133412,0.000779,14,5,TYR,Q96PJ5,-6.506,0.009,-0.0883609205283271,Non-essential,77.9,29.3,24.3,0.2008808180820959,1977,0.1871957002582781,2009,0.3539380321989297,1490,0.4007,DLBCL,3.262,0.213,0.1392106432254113,0.28964401294498376,1757,0
CNTN6,2282,0.1084948667618636,0.2436974787868088,0.0061236754705045,0.0305959086866291,0.000516,32,2,TYR,Q9UQ52,-4.608,0.124,0.0229686960776149,Non-essential,86.1,8.6,5.1,0.2008740136146665,1978,0.1861801973881917,2019,0.4495006984589729,1046,2.0718,Kidney Papillary,7.767,0.754,0.3641729999868685,0.5238673139158576,1178,0
ITGA9,2163,0.113247521027117,0.2268907561118565,0.0640012652222046,0.01096946338571,0.000185,41,10,TYR,Q13797,1.218,0.772,-0.1304168122520326,Non-essential,85.1,12.3,4.0,0.2008544467911284,1979,0.1890545100522386,1966,0.3676597002056306,1422,0.9974,AML,6.799,0.803,0.3320854476993352,0.4263754045307443,1419,0
CEACAM21,1971,0.1235639002314273,0.302521008149142,0.0022331171912067,0.0062852060480284,0.000106,3,2,TYR,Q3KPI0,0.165,0.546,0.0237065201554646,Non-essential,85.2,22.2,7.8,0.2008119336620085,1980,0.1859235895215688,2025,0.2969586561082693,1705,0.5419,Sarcoma,4.636,0.651,0.2843379243429763,0.33333333333333337,1649,0
UNC5D,1810,0.1329653023892318,0.2605042014617612,0.0349833939585639,0.0608953453898606,0.001027,23,3,CYS,Q6UXZ4,-5.574,0.127,0.0806777414313605,Non-essential,74.6,29.5,24.6,0.2006461553487225,1981,0.1873953250466507,2006,0.6454442602069842,352,2.0768,Pheochromocytoma,10.508,0.625,0.3596705814309999,0.6779935275080906,797,0
OR1Q1,2256,0.1094176343315115,0.2605042014617612,0.0173272180926775,5.929439667951378e-05,1e-06,12,2,TYR,Q15612,-9.966,0.001,-0.0862133792951763,Non-essential,88.0,9.9,1.9,0.2006230986339556,1982,0.1864894595385895,2015,0.0959440279444525,2153,0.162,AML,4.954,0.046,0.0191471587434824,0.06270226537216828,2318,0
SPACA4,1864,0.12890377495532,0.2857142854741897,0.0050861932626917,0.0436406759561221,0.000736,3,4,LYS,Q8TDM5,-3.308,0.125,-0.0221008129955728,Non-essential,81.3,26.6,7.3,0.2005817172206698,1983,0.1858360268838044,2028,0.7276213944695911,178,0.6367,Esophageal,4.006,0.551,0.8115393816689621,0.9567152103559871,108,0
TREH,2307,0.1074568997795388,0.252100840124285,0.0184975486319784,0.0035576638007708,6e-05,31,5,LYS,O43280,-3.816,0.112,-0.0294703369017261,Non-essential,92.4,8.2,7.5,0.200549097151687,1984,0.186473974583286,2016,0.246684028901377,1861,0.0532,Pancreatic,0.604,0.384,0.19036626895237,0.24069579288025889,1878,0
SLC31A1,1560,0.155154488498057,0.3697478988489514,0.0082935315514787,0.0158908983101096,0.000268,5,2,TYR,O15431,3.787,0.999,-0.261859454077778,Non-essential,70.3,50.0,18.4,0.20045787206253,1985,0.185872548640104,2026,0.504081774611551,805,0.5227,Sarcoma,2.957,1.0,0.4147959854222846,0.6201456310679612,940,0
OR10D4P,1981,0.1229695319561675,0.2605042014617612,0.0434667088407401,0.0190927957308034,0.000322,12,10,TYR,Q8NGN7,-9.966,0.0,,No data,90.6,6.4,2.7,0.2004163466545023,1986,0.2025896820965393,1672,0.0656166529987546,2218,0.0,AML,0.0,0.0,0.0361471596248533,0.1027508090614887,2219,0
LDLR,1857,0.1295274481048751,0.2857142854741897,0.047129527123201,0.0036762525941298,6.2e-05,34,3,SER,P01130,4.199,0.962,-0.2098907062243732,Non-essential,75.4,27.3,16.9,0.2004014448452991,1987,0.1877579212014591,2000,0.6080427045552527,460,0.6078,Sarcoma,3.48,0.988,0.6364883930571283,0.837378640776699,403,0
PTCHD1,2218,0.1109414351077157,0.2352941174493327,0.0519879803890558,0.0040913133708864,6.9e-05,51,11,TYR,Q96NR3,-4.608,0.094,0.0142016799771316,Non-essential,84.2,11.1,6.0,0.200272764547252,1988,0.1878721635667047,1995,0.1774790072351877,2028,0.1298,Pheochromocytoma,2.846,0.199,0.2261163708553005,0.2277508090614887,1910,0
FCER1A,1966,0.1238472214809758,0.302521008149142,0.0042448204965997,0.0052179069077972,8.8e-05,10,3,SER,P12319,0.126,0.518,-0.0035051106161919,Non-essential,84.4,23.0,5.4,0.2002480347032989,1989,0.1854602757281289,2035,0.5218668943066329,734,1.8384,AML,10.329,0.925,0.3314679385956238,0.573220064724919,1056,0
VASN,1715,0.1399984503798079,0.2268907561118565,0.0516590226158469,0.1124814705010376,0.001897,18,7,LYS,Q6EMK4,3.529,0.968,-0.0004486232264394,Non-essential,73.8,35.2,25.1,0.2002468879183709,1990,0.1878298390491632,1997,0.601265087679709,474,0.7312,Sarcoma,4.137,1.0,0.549674508487845,0.7831715210355987,537,0
PCDHGC3,1768,0.1354028672842368,0.2100840334369042,0.0131519848173335,0.1580788615475837,0.002666,14,6,LYS,Q9UN70,5.141,0.998,-0.1557186862206976,Non-essential,74.7,31.2,27.3,0.2001371232941457,1991,0.1857947225350124,2029,0.6546437431246737,332,0.6162,Sarcoma,3.431,1.0,0.7865180400521719,0.9227346278317152,192,0
HTR1B,1855,0.1296582022400874,0.252100840124285,0.0557393642258421,0.0403201897420693,0.00068,19,11,TYR,P28222,-3.816,0.045,-0.0168467920033658,Non-essential,79.2,27.2,19.5,0.2000501825354776,1992,0.1878371507467697,1996,0.4812273234259405,902,0.2551,Pancreatic,4.487,0.254,0.4170652918147652,0.5942556634304207,1004,0
NRXN1,2020,0.1203213745302175,0.2100840334369042,0.059174442511466,0.0617847613400533,0.001042,61,5,LYS,Q9ULB1,-3.816,0.154,0.0268854732808206,Non-essential,82.0,18.8,14.5,0.1999692126657963,1993,0.1879279347913696,1991,0.4739454916969752,926,0.5816,Pheochromocytoma,4.123,0.733,0.4342418547068573,0.6019417475728155,985,0
OR51D1,2170,0.1127602718743735,0.2605042014617612,0.0260382729716906,0.0024903646605395,4.2e-05,13,3,SER,Q8NGF3,-9.966,0.0,0.0193640155540196,Non-essential,85.3,13.6,3.7,0.1997086299196739,1994,0.1860105435682584,2021,0.0497509660537352,2278,0.0141,Prostate,3.459,0.004,0.0201632537130157,0.03276699029126218,2392,0
OR5AK2,2203,0.111519836659316,0.2605042014617612,0.0188201802941641,0.0055736732878742,9.4e-05,15,4,TYR,Q8NH90,-9.966,0.0,-0.055181724568809,Non-essential,84.3,12.6,2.3,0.1996749339071259,1995,0.1856159429218342,2031,0.126179565263579,2104,0.0,AML,0.0,0.0,0.0380611555819694,0.13551779935275077,2138,0
SLC16A8,1906,0.1271049222681895,0.2436974787868088,0.0812019610944172,0.017551141417136,0.000296,13,9,LYS,O95907,-0.86,0.309,-0.0338644692826163,Non-essential,77.1,25.4,22.8,0.1995823932032713,1996,0.1886424912579922,1971,0.4825400024860725,895,0.5004,AML,4.789,0.572,0.5918170009505096,0.7216828478964401,689,0
LINGO4,2139,0.1144453164584884,0.2689075627992374,0.0198576625019769,0.0030833086273347,5.2e-05,22,1,SER,Q6UY18,-3.626,0.069,0.0132046488756959,Non-essential,85.5,15.3,12.8,0.1995528897620609,1997,0.1855457728871598,2034,0.4197860186367271,1175,1.5758,Pheochromocytoma,6.766,0.807,0.3103219532122455,0.4607605177993528,1334,0
CLDN24,2091,0.1169414833527672,0.2605042014617612,0.0043397121619484,0.0381262970649273,0.000643,8,2,LYS,A6NM45,-9.966,0.019,0.1679629538067124,Non-essential,85.3,17.3,13.2,0.1994929728183353,1998,0.1847099584264327,2046,0.1808522482887299,2022,1.0489,Head&Neck,7.913,0.133,0.0580146766879676,0.15817152103559873,2082,0
OR8G5,2115,0.1155163551414113,0.2605042014617612,0.0308967262375454,0.006818855618144,0.000115,11,5,CYS,Q8NG78,-9.966,0.013,-8.30750476147605e-05,Non-essential,83.6,16.2,12.4,0.1994053659755387,1999,0.185950202287416,2024,0.1569514920215722,2063,-0.0,AML,-5.366,0.0,0.0536688608657751,0.15169902912621358,2098,0
MOG,2107,0.1160480316308845,0.1848739494244757,0.0130823975960778,0.1272457752742365,0.002146,6,2,CYS,Q16653,-9.966,0.089,-0.1666742530643248,Non-essential,84.7,15.4,0.4,0.1993879255161451,2000,0.1850420453959489,2042,0.4567409735804368,1002,1.829,Kidney Chromophobe,9.494,0.431,0.4828874151882562,0.6201456310679612,940,0
OR52Z1,1933,0.1256721962513709,0.2605042014617612,0.0693151984817333,0.0022531870738215,3.8e-05,12,7,SER,P0C646,-9.966,0.0,,No data,87.0,9.7,1.0,0.1993685669005051,2001,0.2028343268245918,1667,0.0418039210486795,2348,0.0,AML,0.0,0.0,0.0324450035458702,0.059061488673139206,2327,0
SLC5A4,2227,0.1104977908290622,0.252100840124285,0.0227044124624387,0.0094871034687222,0.00016,35,12,TYR,Q9NY91,-3.458,0.037,-0.0079462921930369,Non-essential,85.1,12.1,5.2,0.19918317302629,2002,0.1853183936494119,2037,0.1778982733634515,2026,0.1122,Kidney Clear Cell,1.647,0.32,0.1537304187989935,0.19579288025889963,1989,0
OR4C5,2219,0.110894055806361,0.2605042014617612,0.0208255574885339,0.0014823599169878,2.5e-05,18,7,SER,Q8NGB2,-9.966,0.0,0.1210971608820673,Non-essential,86.2,12.6,9.2,0.1991534498629968,2003,0.1851947277374235,2039,0.0358945587764135,2404,0.0,AML,0.0,0.0,0.0256214929671519,0.02305825242718451,2416,0
CLDN2,1885,0.1280695983020607,0.3109243694866181,0.0090716432073382,0.0032611918173732,5.5e-05,10,4,SER,P57739,-2.826,0.327,0.0486854755464691,Non-essential,79.4,27.8,9.6,0.1991067380764942,2004,0.1845603202368611,2047,0.5984835670389347,482,1.4604,Stomach,6.045,0.837,0.4701807707938645,0.7281553398058253,673,0
OR9G4,2242,0.1099773713731,0.2605042014617612,0.0172955875375612,0.0019567150904239,3.3e-05,22,9,CYS,Q8NGQ1,-9.966,0.0,-0.0291741005251532,Non-essential,86.0,11.9,7.3,0.1990895461686126,2005,0.1849543255454907,2044,0.0552410655668301,2261,0.0,AML,0.0,0.0,0.0389473943590167,0.09911003236245952,2228,0
PTGDR2,1951,0.1250144006458261,0.2436974787868088,0.0406136327692551,0.0511710643344203,0.000863,15,9,LYS,Q9Y5Y4,-2.932,0.087,0.0913861540520906,Non-essential,81.0,24.3,15.7,0.1989402918513019,2006,0.1859709734897646,2022,0.5159578328303519,759,0.4615,Thymoma,3.059,0.754,0.666519374931048,0.7900485436893204,520,0
SLC39A2,2059,0.1185973256106249,0.2689075627992374,0.0086161632136643,0.028164838422769,0.000475,17,2,TYR,Q9NP94,-3.171,0.223,0.0590663615448847,Non-essential,82.5,19.4,11.0,0.1989128973888414,2007,0.1843437055495246,2052,0.5653002682848576,582,1.432,Head&Neck,5.925,0.871,0.4504317990009333,0.6933656957928802,759,0
FCGR3B,2145,0.1142212206327123,0.2773109241367135,0.0012652222046496,0.0097242810554402,0.000164,3,3,TYR,O75015,-0.134,0.477,0.1890550610403517,Non-essential,88.6,15.9,4.3,0.1989061992628721,2008,0.1839694603731046,2056,0.512616330252409,775,0.4089,Glioblastoma,2.665,0.868,0.615093932088292,0.7588996763754046,597,0
CLDN15,1875,0.1284675788263126,0.1848739494244757,0.0055037165902261,0.1762229469315149,0.002972,2,2,LYS,P56746,2.322,0.987,0.0190966510758049,Non-essential,81.8,26.3,12.7,0.1988375481790017,2009,0.184112734008513,2055,0.6217837868601798,424,0.7195,Mesothelioma,4.07,1.0,0.7294801965599514,0.886326860841424,282,0
OR56A1,2083,0.1172312087347497,0.2605042014617612,0.0427202277399968,0.0007115327601541,1.2e-05,15,3,SER,Q8NGH5,-9.966,0.0,-0.0488924259638028,Non-essential,84.5,18.2,3.5,0.1988344106366541,2010,0.185970422023654,2023,0.0781125942191614,2184,0.0,AML,0.0,0.0,0.0303152635343249,0.09546925566343045,2237,0
GALR1,2073,0.1179409276420397,0.2184873947743803,0.0561632136643998,0.0456566854432256,0.00077,9,7,LYS,P47211,-9.966,0.046,0.0954853958854063,Non-essential,83.8,18.1,10.0,0.1988255629479394,2011,0.1866337236311594,2013,0.5986126726429042,481,3.9655,Pheochromocytoma,11.391,0.778,0.2910211099862811,0.5934466019417476,1006,0
LRRC37A,978,0.2146587664912433,0.2268907561118565,0.0864146765775739,0.3265935369107619,0.005508,43,8,LYS,A6NMS7,-0.357,0.372,,No data,42.0,83.9,77.7,0.1987638180112337,2012,0.2030845518401124,1663,0.3668001208985539,1430,0.5068,AML,2.867,1.0,0.1861996481947,0.3321197411003236,1652,0
GP1BA,1492,0.1618587049334331,0.2605042014617612,0.0124687648268227,0.1797213163356062,0.003031,16,2,LYS,P07359,-1.732,0.121,-0.023376867820973,Non-essential,64.3,55.5,47.1,0.1987239908022236,2013,0.1843474290435647,2051,0.3188890356991913,1631,0.5704,AML,3.124,1.0,0.1685408802254078,0.2746763754045307,1794,0
TSPAN18,2406,0.098596533584193,0.2352941174493327,0.0149296220148663,0.0,0.0,11,0,,Q96SJ8,2.483,0.914,-0.0463638136036674,Non-essential,90.6,2.4,0.0,0.198685346610983,2014,0.1844318277117263,2049,0.301829431823251,1682,0.727,Sarcoma,4.112,1.0,0.3439437082074595,0.37904530744336573,1536,0
TMEM231,2380,0.1018264396581151,0.252100840124285,0.0023975960778111,0.0008894159501927,1.5e-05,9,1,TYR,Q9H6L2,2.568,0.942,0.0849252857544568,Non-essential,88.4,5.4,3.2,0.1986570470505007,2015,0.1837769268543912,2061,0.2265288472569349,1917,0.454,Cholangiocarcinoma,2.641,0.972,0.1336948241114425,0.20752427184466016,1960,0
GPR119,2246,0.1097395581744561,0.2605042014617612,0.018459591965839,0.0,0.0,14,0,,Q8TDV5,-9.966,0.006,0.0789411116753513,Non-essential,86.7,12.2,6.0,0.1985913685030761,2016,0.1845143481013681,2048,0.0906892301196434,2158,0.1236,Pancreatic,0.754,0.232,0.0232676612219227,0.07322006472491904,2292,0
SLC16A6,1893,0.1275442159580495,0.2689075627992374,0.0425304444092993,0.0240735250518825,0.000406,18,5,LYS,O15403,0.016,0.504,-0.1630452943724568,Non-essential,76.4,27.3,22.0,0.1984686393450285,2017,0.1855951615654935,2032,0.4817894017450919,900,0.4964,Uveal Melanoma,3.119,0.886,0.4692100479553331,0.6367313915857605,899,0
PLXDC2,1654,0.1459838025095272,0.2941176468116659,0.0938035742527281,0.0006522383634746,1.1e-05,23,4,TYR,Q6UX71,3.35,0.948,0.0970589411973956,Non-essential,69.6,43.1,31.9,0.1984551295381337,2018,0.1881453082507701,1984,0.4965819394695971,836,0.7412,AML,4.317,0.971,0.2887223434008238,0.5161812297734627,1197,0
CDHR3,1948,0.1251064853732864,0.201680672099428,0.0027834888502293,0.1453305662614882,0.002451,16,1,LYS,Q6ZTQ4,0.596,0.646,0.0342343199682948,Non-essential,77.6,24.3,16.8,0.1983167490127291,2019,0.1834559234552406,2066,0.316025397642742,1642,0.27,Sarcoma,2.069,0.738,0.2444069490977165,0.3175566343042071,1688,0
SLC24A3,1710,0.1408510327254712,0.1932773107619518,0.1344804681322157,0.0773198932700859,0.001304,30,7,CYS,Q9HC58,1.305,0.695,0.0877038056769729,Non-essential,70.3,37.4,25.9,0.1981971491172585,2020,0.1899211725238693,1947,0.5202079201228585,744,0.7956,Pancreatic,4.506,0.983,0.5555079161458127,0.7289644012944984,671,0
NPSR1,1956,0.1247415591141827,0.2605042014617612,0.0627739996836944,0.0056922620812333,9.6e-05,13,7,TYR,Q6W5P4,-9.966,0.066,0.1347631814598522,Non-essential,81.4,25.1,12.9,0.1981930359528483,2021,0.186331735937033,2017,0.5651416175199688,584,2.8414,Stomach,8.785,0.457,0.6186170894436934,0.7981391585760518,500,0
ADRB1,1729,0.1387497998477877,0.2268907561118565,0.0493942748695239,0.1105840498072932,0.001865,16,7,LYS,P08588,-2.315,0.216,0.1053342060770864,Non-essential,75.3,36.3,26.2,0.198106345808354,2022,0.1855760595518302,2033,0.4160571742560572,1197,0.4771,Prostate,2.191,0.998,0.3817189613207377,0.5044498381877023,1226,0
UNC5A,1950,0.1250342665610918,0.2941176468116659,0.0229637830143919,0.0016602431070263,2.8e-05,31,2,TYR,Q6ZN44,-1.938,0.285,0.0762510827085777,Non-essential,77.4,26.0,19.8,0.1980971829144376,2023,0.1842453720651572,2053,0.6526234633359644,336,2.0804,Pheochromocytoma,9.12,0.994,0.3784152823041883,0.6957928802588997,753,0
SYPL1,2039,0.1195950144113183,0.2941176468116659,0.0038842321682745,0.0026089534538986,4.4e-05,5,2,TYR,Q16563,6.258,1.0,0.0645841378833208,Non-essential,82.7,21.6,5.0,0.1979644727896263,2024,0.18315868439804,2071,0.5763050865318762,548,0.423,Glioblastoma,2.393,1.0,0.5616268796610302,0.7750809061488673,557,0
MYADML2,2254,0.1094502958570486,0.2605042014617612,0.0126332437134271,0.0048621405277201,8.2e-05,9,3,SER,A6NDP7,-4.608,0.047,0.0838017183957087,Non-essential,86.4,12.7,4.6,0.1978503165719032,2025,0.1834819787575745,2064,0.2991842495702493,1693,0.652,Colorectal,3.897,0.443,0.1911419887471984,0.2754854368932039,1792,0
FSHR,2035,0.1196715838020514,0.2605042014617612,0.0435616005060888,0.0080047435517343,0.000135,31,5,LYS,P23945,-9.966,0.004,0.0624171367077132,Non-essential,81.8,21.3,12.5,0.1977680565260722,2026,0.1849461365513766,2045,0.3407453832591194,1548,0.207,Kidney Papillary,5.304,0.068,0.147694837119498,0.27953074433656955,1782,0
VSIG10,1896,0.127417364393788,0.302521008149142,0.01739047920291,0.0039727245775274,6.7e-05,14,2,SER,Q8N0Z9,3.644,0.999,-0.0838848842841073,Non-essential,77.1,28.5,23.1,0.197723153797309,2027,0.1835926777574545,2063,0.4177676672315849,1185,0.5234,AML,3.013,0.983,0.2188861700522222,0.3996763754045307,1485,0
SIT1,1241,0.1879058733160702,0.403361344198856,0.000841372766092,0.0876964126890008,0.001479,2,3,CYS,Q9Y3P8,0.507,0.599,-0.012421323886645,Non-essential,60.8,80.6,23.5,0.1977109168333727,2028,0.1827529854716773,2078,0.6873911132268259,251,1.3463,Thymoma,7.044,0.975,0.5526536162643807,0.8317152103559871,417,0
PSCA,1822,0.1321539242094137,0.302521008149142,0.0011007433180452,0.0360509931811443,0.000608,2,4,LYS,O43653,-0.028,0.498,0.0950336578195071,Non-essential,81.3,32.5,6.1,0.197670286976997,2029,0.1827253241428993,2079,0.8859455787429111,12,1.4439,Pancreatic,8.669,0.881,0.8452362047267894,0.9906957928802589,24,0
OR51B2,2103,0.1161765136158377,0.2605042014617612,0.0323264273287996,0.0075896827749777,0.000128,13,7,TYR,Q9Y5P1,-9.966,0.0,,No data,89.2,3.5,1.0,0.1976554980375607,2030,0.1992718194040007,1740,0.1070177109655653,2135,0.0,Adrenocortical,0.0,0.0,0.0368147988446565,0.125,2164,0
CD46,1926,0.1260332887146243,0.2941176468116659,0.0052443460382729,0.0227097539282537,0.000383,7,4,TYR,P15529,6.431,1.0,0.0078628360202195,Non-essential,82.1,27.3,16.1,0.1976297013757147,2031,0.1828919186776283,2075,0.4386275560301014,1093,0.2294,Cholangiocarcinoma,1.298,1.0,0.4498384477086677,0.5768608414239482,1047,1
OR4N4,2057,0.1187180308762696,0.2605042014617612,0.0420433338605092,0.0063445004447079,0.000107,18,6,TYR,Q8N0Y3,-9.966,0.005,,No data,86.4,5.7,1.6,0.1975734290879207,2032,0.1996755957809461,1729,0.1494378931436137,2072,0.0,AML,0.0,0.006,0.0244605421615497,0.09789644012944987,2231,0
NTRK1,1976,0.1232530975392459,0.252100840124285,0.0647477463229479,0.0099614586421583,0.000168,35,4,TYR,P04629,-2.315,0.077,0.0026552902342914,Non-essential,78.2,24.4,14.9,0.1975125952847763,2033,0.1857499826009236,2030,0.6772858252473628,273,1.1299,Pheochromocytoma,6.3,0.966,0.4728882090416393,0.7742718446601942,559,0
TPBG,2014,0.1205738142028923,0.2941176468116659,0.007028309346829,0.0027275422472576,4.6e-05,16,3,SER,Q13641,3.391,0.907,0.0476061430982158,Non-essential,82.2,22.9,14.0,0.1974801392826047,2034,0.1828315547499461,2076,0.456707056954367,1003,0.6532,Cholangiocarcinoma,3.967,0.917,0.4353052964675415,0.5865695792880259,1023,0
OR5V1,2258,0.1094066057425255,0.2605042014617612,0.0155116242290052,0.0018381262970649,3.1e-05,11,3,CYS,Q9UGF6,-9.966,0.0,0.1193299006342161,Non-essential,85.6,13.1,3.7,0.1974139081431339,2035,0.1831894893545842,2070,0.0715547633831939,2200,0.0,AML,0.0,0.0,0.0213351265425565,0.055420711974110026,2336,0
HTR4,2004,0.1210505446730585,0.252100840124285,0.0592440297327218,0.0081233323450933,0.000137,20,9,TYR,Q13639,-6.506,0.018,0.0965349950339082,Non-essential,80.9,22.7,15.7,0.1973771345629535,2036,0.1853393360495896,2036,0.3756166970774333,1388,0.0926,Kidney Chromophobe,5.672,0.046,0.3688958609858141,0.4486245954692557,1364,0
IL22RA1,1489,0.1620543273363509,0.403361344198856,0.0023659655226949,0.0,0.0,5,0,,Q8N6P7,0.152,0.519,-0.1087323966765232,Non-essential,61.7,59.4,52.3,0.1973679618502732,2037,0.182486260126408,2084,0.6301217271587889,400,0.8822,Cervical,4.857,0.908,0.710617271241474,0.8818770226537217,293,0
GPR32,1984,0.122823371784119,0.2605042014617612,0.0534746164795192,0.0085976875185294,0.000145,15,6,TYR,O75388,-9.966,0.002,-0.0259693482294485,Non-essential,80.8,24.4,11.5,0.1972945465111285,2038,0.1849682773351045,2043,0.3560931457720238,1477,0.9242,AML,6.15,0.15,0.2253334610763812,0.3442556634304207,1622,0
UPK3A,1913,0.1268484289364737,0.3109243694866181,0.0026885971848805,0.0055736732878742,9.4e-05,11,1,SER,O75631,-2.053,0.241,0.0483078500947467,Non-essential,78.6,28.6,18.1,0.197289096938505,2039,0.182423526797749,2085,0.7045435346582216,215,1.6473,Cholangiocarcinoma,10.352,0.528,0.6308466060979347,0.8830906148867314,290,0
OR7A2P,1837,0.130854313650244,0.2605042014617612,0.047869682112921,0.040972428105544,0.000691,11,4,TYR,Q8NGA2,-9.966,0.0,,No data,84.2,16.1,3.2,0.1972869980662326,2040,0.1996804821718787,1727,0.0461175650277682,2292,0.0,AML,0.0,0.0,0.0173604303260431,0.02588996763754048,2409,0
MTNR1A,2154,0.1137980153413815,0.2605042014617612,0.0238051557804839,0.0081826267417729,0.000138,17,3,TYR,P48039,-9.966,0.017,-0.0038783078754284,Non-essential,85.7,16.9,10.6,0.1972734161421806,2041,0.1834636739312048,2065,0.1869127296161721,2009,0.4911,Esophageal,6.583,0.129,0.0772665608565171,0.17273462783171523,2046,0
HEPACAM2,1868,0.1286237038806493,0.2689075627992374,0.0184975486319784,0.051704713904536,0.000872,12,2,TYR,A8MVW5,-4.035,0.169,0.0032480890218651,Non-essential,78.6,29.4,20.6,0.1972682126138616,2042,0.1831930900454606,2069,0.7075775010634855,208,1.2665,Kidney Chromophobe,5.031,0.908,0.670408415766769,0.9037216828478964,239,0
CLRN1,2311,0.1069061329956059,0.2605042014617612,0.0059908271390162,0.0030240142306552,5.1e-05,9,3,TYR,P58418,-9.966,0.008,0.0685625271041444,Non-essential,90.8,11.2,0.0,0.1972301808540342,2043,0.182529722210985,2082,0.1091935234801444,2131,0.0,AML,0.0,0.006,0.0242181680960421,0.08576051779935279,2261,0
TCIRG1,2228,0.1104645361311011,0.1932773107619518,0.0324213189941483,0.0780907204269196,0.001317,46,4,LYS,Q13488,5.616,1.0,-0.04488156948784,Non-essential,83.0,13.1,7.5,0.1971750686219501,2044,0.1837961345716575,2060,0.5837770344355093,527,0.4616,Sarcoma,2.611,1.0,0.5899898201899137,0.7949029126213593,508,0
GPR68,2022,0.120227239065552,0.2773109241367135,0.0262660129685275,0.0047435517343611,8e-05,13,8,TYR,Q15743,1.022,0.685,-0.058550821059283,Non-essential,80.4,22.7,16.4,0.1971112146235719,2045,0.1834245152719982,2067,0.5535125431243114,612,0.76,Pancreatic,4.584,0.938,0.7147321484134322,0.8410194174757282,394,0
NPFFR2,1699,0.1417152044747889,0.2689075627992374,0.0913680215087774,0.0224725763415357,0.000379,21,8,TYR,Q9Y5X5,-4.608,0.101,0.1048481030776955,Non-essential,69.4,40.6,34.5,0.1969777964423113,2046,0.1865461975177502,2014,0.5281591103852328,713,1.3974,Pheochromocytoma,7.97,0.392,0.6287448936194018,0.7807443365695793,543,0
ADRB3,1882,0.1282010436599183,0.2605042014617612,0.0775075122568401,0.0024903646605395,4.2e-05,16,9,TYR,P13945,-5.574,0.016,0.0338558343553652,Non-essential,78.9,29.2,20.8,0.1969759397409613,2047,0.1858513153538033,2027,0.3866976351089974,1343,0.1412,Sarcoma,5.358,0.091,0.2931619646262275,0.4162621359223301,1444,0
FAIM2,1784,0.1346691243041125,0.2100840334369042,0.0689925668195476,0.0997924696116216,0.001683,9,9,CYS,Q9BWQ8,0.03,0.506,0.0160095460644973,Non-essential,77.3,33.9,23.1,0.1968256708107087,2048,0.1852752991516861,2038,0.81250644192967,61,1.2608,Pheochromocytoma,6.906,1.0,0.8851598583551272,0.9898867313915858,26,0
ITM2C,1774,0.1351565385805412,0.3277310921615705,0.0118867626126838,0.0016602431070263,2.8e-05,13,1,TYR,Q9NQX7,6.274,1.0,-0.0419097141808824,Non-essential,76.2,36.3,19.5,0.1967926336864772,2049,0.1823869718171114,2088,0.7472433100017737,136,0.8339,Pheochromocytoma,4.717,1.0,0.8311403478576326,0.9676375404530745,81,0
CD164L2,1520,0.1592357631271551,0.3949579828613799,0.0041752332753439,0.0,0.0,9,2,CYS,Q6UWJ8,-1.026,0.367,0.0066776950584924,Non-essential,65.7,57.5,17.2,0.1967791023203189,2050,0.1819878639840861,2093,0.4934171088133354,854,0.8242,Uterine,5.519,0.616,0.3195252204554277,0.5424757281553398,1132,0
PRTG,1877,0.1284294307093207,0.2605042014617612,0.0518235015024513,0.0289356655796027,0.000488,32,8,TYR,Q2VWP7,-1.732,0.244,0.0927915966175472,Non-essential,73.8,29.6,21.9,0.1967662622821299,2051,0.1843574373572524,2050,0.4652119497153078,975,0.4013,Low Grade Glioma,2.658,0.799,0.49986921814694,0.6411812297734627,888,0
EREG,1692,0.14231444829882,0.2352941174493327,0.0209584058200221,0.1396975985769344,0.002356,9,5,CYS,O14944,-3.626,0.211,0.0385349512191422,Non-essential,68.7,40.8,23.7,0.1967169422065056,2052,0.1827648624975066,2077,0.4134256215323898,1208,0.7048,Colorectal,3.761,0.795,0.4994399257008655,0.5849514563106797,1027,0
SLC13A1,2161,0.113356129640779,0.2605042014617612,0.0270757551795034,0.0034390750074117,5.8e-05,31,5,SER,Q9BZW2,-9.966,0.067,0.1262085972616018,Non-essential,82.0,17.1,9.6,0.1967051780583452,2053,0.1830589658173203,2073,0.4421018607319948,1073,0.7614,Kidney Papillary,1.611,0.819,0.3337247891359107,0.49514563106796117,1249,0
SIGLEC7,1825,0.1320356600181945,0.3277310921615705,0.0031440771785544,0.0,0.0,12,1,CYS,Q9Y286,0.423,0.608,-0.0742417502303057,Non-essential,74.3,33.8,24.2,0.1966919015511882,2054,0.181849105410116,2097,0.4652957097402607,973,0.7628,Glioblastoma,4.489,0.931,0.3033767470293759,0.49716828478964403,1244,0
OR7E24,2276,0.1087339321461759,0.2605042014617612,0.0149296220148663,0.0001778831900385,3e-06,21,1,SER,Q6IFN5,-9.966,0.009,-0.1379152372635282,Non-essential,85.2,13.3,8.8,0.1966533468128426,2055,0.1823998279135859,2086,0.1066635356595493,2139,0.0,AML,0.0,0.0,0.0320974118271717,0.11003236245954695,2201,0
ICAM4,2034,0.1196872403616158,0.2857142854741897,0.0043080816068321,0.0136970056329676,0.000231,9,2,TYR,Q14773,-1.884,0.253,-0.0238329054040188,Non-essential,83.2,22.9,15.1,0.1966012717259163,2056,0.1818166758062579,2098,0.5930082803930758,495,0.668,Thyroid,3.972,0.789,0.6448865851682839,0.834546925566343,410,0
BEST2,1965,0.1239290958604727,0.252100840124285,0.0108492804048711,0.0661132522976578,0.001115,19,3,CYS,Q8NFU1,-6.506,0.031,-0.0617051984676572,Non-essential,80.3,26.1,25.0,0.196375927219132,2057,0.1819183912393755,2095,0.3169385067904722,1637,0.0894,Head&Neck,1.554,0.129,0.1045418943225219,0.24595469255663427,1865,0
SIGLEC5,1945,0.1251702730751718,0.2605042014617612,0.0030112288470662,0.0668840794544915,0.001128,17,2,LYS,O15389,-9.966,0.011,0.1956841183249066,Non-essential,77.7,27.4,19.4,0.1962502975870058,2058,0.1814008590293591,2108,0.3548777239389341,1484,0.3492,DLBCL,2.369,0.255,0.1471028340913742,0.29409385113268605,1746,0
ULBP1,1923,0.1261859742694218,0.3109243694866181,0.0060540882492487,0.0,0.0,16,0,,Q9BZM6,-2.245,0.172,0.0984328721153616,Non-essential,80.7,29.1,10.7,0.1962370513826285,2059,0.1815397557950909,2104,0.4213028827370003,1170,0.8301,Esophageal,4.7,0.433,0.4085865961848413,0.5311488673139159,1160,0
PCDHGA3,1848,0.1302013688298401,0.2352941174493327,0.0108809109599873,0.1093981618737029,0.001845,20,4,LYS,Q9Y5H0,-2.178,0.142,0.0188637732922806,Non-essential,74.7,31.2,26.4,0.1962227093156889,2060,0.1817667548636883,2099,0.2196740511689264,1934,0.0083,Kidney Clear Cell,0.489,0.095,0.1611965690274853,0.21521035598705507,1941,0
OR51S1,2202,0.1115249371214944,0.2605042014617612,0.024292266329274,0.000118588793359,2e-06,16,2,SER,Q8NGJ8,-9.966,0.0,-0.0066805158844831,Non-essential,84.9,16.1,4.0,0.1961791842922746,2061,0.1823937976087383,2087,0.08660919250907,2168,0.0202,Prostate,4.954,0.004,0.0253869606181498,0.0813106796116505,2272,0
OR8J2,2065,0.1182266248362027,0.2605042014617612,0.038804365016606,0.0079454491550548,0.000134,16,4,TYR,Q8NGG1,-9.966,0.0,,No data,89.2,6.7,1.3,0.1961639240545316,2062,0.1981041423053619,1756,0.0640851424526903,2228,0.0,AML,0.0,0.0,0.0286806403830494,0.08050161812297729,2274,0
PCDHB2,2156,0.1137316235265565,0.2773109241367135,0.0075786810058516,0.0017788319003854,3e-05,16,1,SER,Q9Y5E7,0.507,0.575,-0.1102175911538454,Non-essential,81.4,18.3,15.0,0.1960982016744089,2063,0.1814771357247015,2105,0.3907652449571979,1324,0.4103,Cholangiocarcinoma,4.186,0.528,0.2935945642204899,0.4211165048543689,1432,0
OR2T34,2106,0.1160786629509747,0.2605042014617612,0.0193705519531867,0.0202193892677142,0.000341,15,6,CYS,Q8NGX1,-9.966,0.0,,No data,87.7,5.0,3.8,0.1960739558168416,2064,0.1970424834145009,1781,0.0417325908285091,2354,0.0,AML,0.0,0.0,0.0273098586240259,0.03923948220064721,2376,0
OR5G3,2036,0.1196598254503025,0.2605042014617612,0.0378301439190257,0.0136970056329676,0.000231,14,7,TYR,P0C626,-9.966,0.002,,No data,89.1,8.0,2.5,0.1960582578996147,2065,0.197949765095566,1762,0.1565287854149997,2065,0.0306,Lung Adeno,4.392,0.01,0.0555311494652981,0.15210355987055013,2097,0
GP6,1741,0.1376053962324845,0.2605042014617612,0.0051494543729242,0.1061962644530091,0.001791,7,4,LYS,Q9HCN6,-3.047,0.029,0.0172252874776328,Non-essential,76.0,38.1,24.5,0.1959129002180997,2066,0.1811703729367459,2110,0.3911711528418158,1320,0.1685,AML,1.034,0.815,0.1450061280538294,0.3296925566343042,1658,0
GRM5,1770,0.1353698718147648,0.2941176468116659,0.0429479677368337,0.0161280758968277,0.000272,31,11,LYS,P41594,-6.506,0.038,-0.0086233095064425,Non-essential,71.1,36.8,33.0,0.1959101872924984,2067,0.1830575856793401,2074,0.3442157230009092,1530,0.3249,Cholangiocarcinoma,5.849,0.111,0.1908556332883922,0.31027508090614886,1706,0
NRG2,1374,0.1745819639808718,0.1932773107619518,0.0218946702514629,0.3023421286688408,0.005099,10,7,LYS,O14511,-1.318,0.301,-0.0487223555244464,Non-essential,54.9,67.8,59.8,0.195906258496759,2068,0.1820009920093321,2092,0.3331620602009583,1579,0.6546,Kidney Chromophobe,3.757,0.938,0.2097045256576701,0.3066343042071198,1715,0
PRND,1806,0.1333738052345138,0.3277310921615705,0.00297959829195,0.004624962941002,7.8e-05,5,1,SER,Q9UKY0,-3.458,0.122,0.0781424487019629,Non-essential,77.0,35.8,8.5,0.1958070225647876,2069,0.1809560024793851,2113,0.7383323744033459,158,2.1443,Sarcoma,9.267,0.401,0.5555752543683841,0.8499190938511327,372,0
PTCRA,1540,0.1571216934341655,0.3865546215239037,0.0035299699509726,0.0048028461310406,8.1e-05,3,2,SER,Q6ISU1,-2.466,0.082,-0.0072849458991739,Non-essential,63.8,56.6,43.1,0.1957773215538695,2070,0.1809538200514182,2114,0.902097455225561,6,7.4806,Thymoma,17.654,0.847,0.5646958337218156,0.88915857605178,275,0
ACHE,2375,0.1023532190798498,0.2268907561118565,0.0272718646212241,0.0113845241624666,0.000192,23,9,TYR,P22303,0.492,0.578,-0.2232002693071747,Non-essential,92.9,8.3,5.5,0.1957758618350724,2071,0.1821394550661336,2091,0.3682927546072736,1420,0.6999,Pheochromocytoma,4.173,0.949,0.5799361754702855,0.5914239482200647,1011,0
LRFN1,1696,0.1418998053338647,0.2941176468116659,0.0132468764826822,0.0675956122146457,0.00114,23,6,TYR,Q9P244,0.357,0.567,-0.0934891992429072,Non-essential,69.7,42.4,34.8,0.195751798558415,2072,0.1814141423825491,2107,0.4062721015452284,1244,0.4302,Cholangiocarcinoma,3.079,0.778,0.3740003421976237,0.4878640776699029,1267,0
MTNR1B,2104,0.1161127479921556,0.2605042014617612,0.0365016606041436,0.0032018974206937,5.4e-05,21,7,TYR,P49286,-9.966,0.009,0.0074023703048421,Non-essential,84.0,20.4,14.9,0.1957023600178257,2073,0.1825274430480329,2083,0.0860955284946833,2169,0.0,AML,0.0,0.0,0.0555781720352963,0.13673139158576053,2135,0
SSTR1,1916,0.1266795812822566,0.2184873947743803,0.1228847066266013,0.0080640379484138,0.000136,12,10,SER,P30872,-2.245,0.283,-0.0360829780051053,Non-essential,78.8,28.6,21.5,0.1956077743147868,2074,0.1867520096461169,2012,0.5615409468186933,591,0.4314,Pheochromocytoma,3.791,0.602,0.7290662309962638,0.8515372168284789,368,0
OR52I2,1871,0.1285640480262572,0.2605042014617612,0.0648426379882966,0.0163652534835458,0.000276,13,10,TYR,Q8NH67,-9.966,0.0,,No data,83.2,16.0,3.4,0.195478443379577,2075,0.1987205752789918,1747,0.1197064789750555,2113,0.0,AML,0.0,0.0,0.0533712124031202,0.14279935275080902,2120,0
MPZL1,1771,0.135239300542234,0.3277310921615705,0.0007781116558595,0.013044767269493,0.00022,2,1,TYR,O95297,6.018,1.0,-0.2109964796715887,Non-essential,76.4,37.9,16.4,0.1952616019878877,2076,0.1803005075706807,2125,0.6676888224563454,300,0.5674,Cholangiocarcinoma,3.21,1.0,0.7213185294972619,0.9053398058252428,235,0
TRHR,2013,0.1205908119958759,0.2605042014617612,0.0460920449153882,0.0085383931218499,0.000144,16,13,TYR,P34981,-9.966,0.003,0.2604641474422667,Non-essential,79.6,24.6,19.3,0.1952340800209259,2077,0.1825386822666953,2081,0.2980664566017925,1700,0.0532,AML,6.508,0.012,0.1801877099765994,0.2722491909385113,1800,0
SLC41A3,2087,0.1171226860622751,0.2689075627992374,0.0251652696504823,0.006700266824785,0.000113,26,3,SER,Q96GZ6,4.933,1.0,-0.058009674374523,Non-essential,79.0,21.9,15.6,0.1951840310985499,2078,0.181442294581074,2106,0.5760945719445072,549,0.4091,Cholangiocarcinoma,2.314,1.0,0.5386808790110038,0.7625404530744336,588,0
IGFLR1,1724,0.1393173369571332,0.3277310921615705,0.0226727819073224,0.0047435517343611,8e-05,14,7,SER,Q9H665,3.521,0.999,-0.165086587608295,Non-essential,71.9,41.4,27.3,0.1951599656669705,2079,0.1812936047623367,2109,0.501374673925823,816,0.4424,Sarcoma,2.502,1.0,0.6289508665189383,0.761326860841424,591,0
SEMA4G,1990,0.1221688772685482,0.2773109241367135,0.0351099161790289,0.0023717758671805,4e-05,40,4,CYS,Q9NTN9,2.6,0.913,-0.0459261344866453,Non-essential,79.8,26.3,20.2,0.1951292464594021,2080,0.1818847422683535,2096,0.4810564619072326,903,0.3401,Stomach,1.933,0.995,0.3153949871838895,0.5242718446601942,1177,0
AQP8,2369,0.1034575809664714,0.252100840124285,0.0071232010121777,0.0016009487103468,2.7e-05,5,1,CYS,O94778,-4.608,0.051,0.0720582710835918,Non-essential,91.3,10.3,9.2,0.1951163314741308,2081,0.1804724915247397,2123,0.3588781444343853,1463,0.1893,Adrenocortical,2.18,0.368,0.2465863147949726,0.35841423948220064,1587,0
MRGPRD,2295,0.1080624575663627,0.2605042014617612,0.0109125415151035,0.0019567150904239,3.3e-05,22,2,SER,Q8TDS7,-9.966,0.002,-0.1057822371058306,Non-essential,85.4,14.3,5.0,0.1950937846629982,2082,0.1806394117387534,2119,0.1086701021870302,2132,0.0,AML,5.672,0.0,0.0718925657675665,0.15008090614886727,2102,0
NMBR,2005,0.1209984309179248,0.2605042014617612,0.033813063419263,0.0221761043581381,0.000374,18,7,TYR,P28336,-5.574,0.001,0.0585349577972661,Non-essential,79.3,25.1,20.8,0.1950737624559667,2083,0.1817644156269298,2100,0.3221870252423492,1622,0.0144,Pheochromocytoma,4.392,0.006,0.3284127925331308,0.38147249190938515,1530,0
GLP2R,1836,0.1309332706632342,0.2436974787868088,0.0312889451209868,0.0802253187073821,0.001353,24,4,LYS,O95838,-5.012,0.053,0.0286189291472088,Non-essential,73.5,33.1,26.2,0.1950726835324753,2084,0.1816371307885246,2103,0.3566853741208659,1471,0.2004,Pancreatic,1.519,0.605,0.2808044650494103,0.3782362459546925,1538,0
TBXA2R,2240,0.1100098278128157,0.2436974787868088,0.0332310612051241,0.0085383931218499,0.000144,16,2,CYS,P21731,0.126,0.546,0.0408049362650969,Non-essential,86.2,15.7,6.7,0.1950364811571265,2085,0.1816980342173828,2102,0.3413331086125734,1546,0.6919,Sarcoma,4.01,0.976,0.3878285893060553,0.43608414239482196,1395,0
OR5AR1,2111,0.1157923905790737,0.2605042014617612,0.026658231851969,0.0119774681292617,0.000202,16,5,CYS,Q8NGP9,-9.966,0.0,,No data,90.9,5.8,1.6,0.1950353955069241,2086,0.1963683070995225,1796,0.0426971789188605,2331,0.0,AML,0.0,0.0,0.0258219749865397,0.04045307443365698,2373,0
PCDH12,1667,0.1446227156225116,0.2941176468116659,0.084048711054879,0.0058701452712718,9.9e-05,27,7,SER,Q9NPG4,1.078,0.781,0.0804233840393007,Non-essential,65.9,45.4,41.6,0.1950208904656207,2087,0.1842233260183647,2054,0.4654254494989102,970,0.5405,Sarcoma,3.083,0.976,0.2730911935947216,0.47572815533980584,1297,0
TMPRSS11D,2387,0.1013903788389462,0.2352941174493327,0.0205661869365807,0.0036762525941298,6.2e-05,18,2,TYR,O60235,-6.506,0.142,0.0234374006811107,Non-essential,90.4,8.4,1.9,0.1950135509899441,2088,0.1810418603367731,2112,0.675980051767088,276,3.6447,Head&Neck,10.503,0.918,0.540897467135737,0.8203883495145631,445,0
TSPAN2,2371,0.1031250456029727,0.2436974787868088,0.0188201802941641,0.0,0.0,10,0,,O60636,0.896,0.655,0.0092518183366094,Non-essential,87.4,10.0,1.8,0.1949991626489241,2089,0.1809401716636323,2115,0.3505683243162373,1505,0.7075,AML,4.7,0.838,0.4631818066212055,0.4906957928802589,1260,0
OR2T1,1793,0.1340765999786,0.2605042014617612,0.0622868891349043,0.0372961755114141,0.000629,18,7,TYR,O43869,-9.966,0.0,,No data,80.2,21.1,14.4,0.194972236673196,2090,0.1980865811299412,1757,0.1822464038547952,2020,0.0,AML,0.0,0.0,0.1503251126986322,0.19498381877022652,1991,0
FCRL1,1772,0.1352255368970234,0.2605042014617612,0.0630333702356476,0.0403794841387488,0.000681,5,13,TYR,Q96LA6,-4.035,0.085,0.0263387141359158,Non-essential,75.7,37.1,27.0,0.1949296841052155,2091,0.1830813526169978,2072,0.7479558224694497,133,2.1764,AML,6.846,0.954,0.7753353907132694,0.955906148867314,110,0
OR2G2,2238,0.1101190319978743,0.2605042014617612,0.0183014391902577,0.0014230655203083,2.4e-05,15,7,TYR,Q8NGZ5,-9.966,0.0,0.0828511877599748,Non-essential,82.4,16.4,5.0,0.1947075966892579,2092,0.1806226686487708,2120,0.1827931411388642,2018,0.6284,AML,6.794,0.092,0.1131347612009349,0.18527508090614886,2015,0
SLC14A1,2383,0.1016278391151785,0.2100840334369042,0.0241973746639253,0.0344500444707975,0.000581,10,6,TYR,Q13336,-0.664,0.401,0.0328164018305284,Non-essential,93.0,8.5,7.2,0.1946912664865971,2093,0.1809011352197934,2116,0.4344666853956321,1114,0.504,AML,3.348,0.838,0.5980167618321098,0.6775889967637541,798,0
VSTM5,2330,0.1059337035772016,0.2605042014617612,0.0023343349675786,0.0034390750074117,5.8e-05,1,3,TYR,A8MXK1,-1.994,0.153,-0.0921540270469971,Non-essential,88.2,13.0,0.5,0.194619823005364,2094,0.1797365397537429,2129,0.1777480943011676,2027,0.2182,Pancreatic,2.15,0.497,0.1164967634753972,0.18446601941747576,2017,0
OR2A1,2053,0.1190526515785101,0.2605042014617612,0.0342052823027044,0.0152979543433145,0.000258,13,8,CYS,Q8NGT9,-4.035,0.014,,No data,86.5,9.0,2.6,0.1945522796731211,2095,0.1962625437882563,1801,0.2820165159907273,1754,0.3872,AML,8.414,0.225,0.1826854976908717,0.26051779935275077,1829,0
NKAIN1,1753,0.1363302110534212,0.3193277308240944,0.0146702514629131,0.0139934776163652,0.000236,11,3,TYR,Q4KMZ8,-1.552,0.337,0.0153386551916289,Non-essential,75.5,39.6,11.1,0.1943306380582526,2096,0.1800641506313982,2127,0.6376597010092375,377,1.8039,Uterine Carcinosarcoma,7.13,0.912,0.5618224559566664,0.8110841423948221,468,0
GPA33,2112,0.1157051514347648,0.2689075627992374,0.0008730033212082,0.0262674177290246,0.000443,2,4,TYR,Q99795,-3.458,0.119,-0.086162442212834,Non-essential,85.0,21.6,9.7,0.1943027522422913,2097,0.1793464024083517,2134,0.5440271477627757,649,1.9153,AML,7.07,0.717,0.6968242238407664,0.8260517799352751,431,0
GPR22,1795,0.1340055223813112,0.2436974787868088,0.0363118772734461,0.0854432256151793,0.001441,17,12,LYS,Q99680,-6.506,0.048,0.0740967730733982,Non-essential,72.3,36.5,27.0,0.1942328932975394,2098,0.1810484871612117,2111,0.6381428805440666,374,2.615,Pheochromocytoma,8.239,0.898,0.6660766424927014,0.8640776699029127,337,0
CXCR2,2061,0.1185446742409167,0.2605042014617612,0.0205345563814644,0.0272754224725763,0.00046,18,7,LYS,P25025,-2.114,0.16,0.0051810554092949,Non-essential,79.6,23.9,11.4,0.1942289652251266,2099,0.1802556930441998,2126,0.5922300421047356,502,0.2358,Glioblastoma,2.716,0.434,0.7196212846550658,0.8620550161812297,342,0
GPR85,2038,0.1196167736654923,0.2773109241367135,0.0267214929622014,0.0022531870738215,3.8e-05,16,8,CYS,P60893,-0.642,0.347,0.0973664380760903,Non-essential,82.6,25.1,9.2,0.1942024934568554,2100,0.1805385681049655,2121,0.4061944624746524,1247,0.7157,Sarcoma,5.392,0.702,0.6274965987448091,0.6650485436893203,829,0
UMOD,2263,0.1092523551627922,0.2605042014617612,0.0069334176814803,0.0099021642454788,0.000167,21,4,TYR,P07911,-9.966,0.029,-0.0903240263461085,Non-essential,82.9,16.2,9.2,0.1941853659933561,2101,0.1795320368774302,2133,0.4630690602664537,986,0.0496,Breast,1.301,0.085,0.1781880352859092,0.41828478964401294,1439,0
TLR4,2374,0.1024804207532508,0.2184873947743803,0.0112098687331962,0.0390750074117995,0.000659,30,2,TYR,O00206,1.486,0.803,0.0909607236967524,Non-essential,89.2,9.9,5.5,0.194141807207282,2102,0.1797023006439418,2130,0.2975486796019192,1702,0.9102,AML,5.282,0.96,0.1765562292802819,0.2690129449838188,1808,0
OR5K3,2299,0.108026686249931,0.2605042014617612,0.0115641309504981,0.0011858879335902,2e-05,17,3,CYS,A6NET4,-9.966,0.0,-0.198127936491486,Non-essential,82.9,15.3,2.2,0.1940639752326384,2103,0.1796421817801634,2131,0.068646703391248,2209,0.0,AML,0.0,0.0,0.0474084657793468,0.12297734627831713,2169,0
SLC39A14,1850,0.1300947459582538,0.2605042014617612,0.0641341135536928,0.0221761043581381,0.000374,21,7,TYR,Q15043,4.295,0.997,-0.0853348789556469,Non-essential,73.6,33.7,22.2,0.1940540249895741,2104,0.1822607306672587,2089,0.6731301072047216,283,0.4532,Glioblastoma,2.564,1.0,0.6487729911263526,0.8774271844660194,304,0
SSTR5,2054,0.118850566513427,0.252100840124285,0.053215245927566,0.006818855618144,0.000115,13,9,SER,P35346,-5.574,0.09,0.0345907611250678,Non-essential,81.2,24.2,19.5,0.1940438194299272,2105,0.1817045817263055,2101,0.5443879457262363,647,1.3954,Cholangiocarcinoma,9.801,0.472,0.6519704761402594,0.8050161812297735,483,1
NRXN2,1892,0.1275859114661264,0.2352941174493327,0.0966186936580737,0.0149421879632374,0.000252,51,10,TYR,Q9P2S2,1.132,0.697,-0.0811263695764402,Non-essential,74.4,31.2,25.5,0.1940431615125942,2106,0.1838740961954978,2058,0.7393617974998279,154,1.1728,AML,6.832,0.971,0.7326790313914665,0.9377022653721683,155,0
GPR45,2166,0.1131360119231622,0.2605042014617612,0.0268163846275502,0.0029647198339756,5e-05,18,11,TYR,Q9Y5Y3,-5.012,0.03,-0.1863770979384744,Non-essential,83.3,19.6,11.8,0.1940217466269979,2107,0.1803625658583754,2124,0.246863637204956,1859,0.3304,Low Grade Glioma,1.482,0.446,0.2873331811427984,0.29854368932038833,1735,0
SPPL2C,1704,0.1412615532494484,0.2605042014617612,0.0934113553692867,0.030121553513193,0.000508,24,6,CYS,Q8IUH8,-9.966,0.0,-0.1580851641899464,Non-essential,67.1,43.1,32.5,0.1939596977322363,2108,0.1836302655007006,2062,0.3962784791630952,1289,0.0,AML,0.0,0.0,0.149007866099334,0.3414239482200647,1629,0
GP1BB,2194,0.1117897816426657,0.2773109241367135,0.0028847066266012,0.0,0.0,7,0,,P13224,-0.759,0.395,-0.167218909190147,Non-essential,88.0,18.9,1.0,0.1938800001045,2109,0.17902423543583,2136,0.4495052183449174,1045,1.776,Testicular,10.967,0.687,0.4379342855612955,0.580906148867314,1037,0
EMP3,2438,0.0922043492579641,0.2268907561118565,0.0048268227107385,0.0,0.0,4,0,,P54852,5.626,1.0,-0.0038205991266623,Non-essential,90.9,1.8,0.0,0.1938184703168344,2110,0.1790598114523713,2135,0.5188539808887973,747,0.9697,Sarcoma,5.486,1.0,0.580615420285724,0.7475728155339806,625,0
SEMA5B,1918,0.1265904118053669,0.2857142854741897,0.0352048078443776,0.0058108508745923,9.8e-05,36,6,TYR,Q9P283,0.276,0.562,-0.1048061922378404,Non-essential,74.9,31.5,18.9,0.1937539145957089,2111,0.1805141549879277,2122,0.5872163314630897,521,0.8376,Kidney Clear Cell,4.68,0.98,0.3709773394447943,0.6516990291262136,862,0
BRS3,2070,0.1180449060310875,0.2605042014617612,0.0418155938636723,0.0043284909576045,7.3e-05,15,9,TYR,P32247,-9.966,0.009,0.0964942484936453,Non-essential,78.9,24.1,21.8,0.1936124917169356,2112,0.1807032714101192,2118,0.2514585020253188,1843,0.0682,Kidney Clear Cell,3.459,0.039,0.2293063478191044,0.267799352750809,1811,0
OR1D4,1778,0.1349298473783513,0.2605042014617612,0.0423027044124624,0.0601245182330269,0.001014,16,5,CYS,P47884,-9.966,0.0,,No data,81.2,23.2,7.7,0.1935832761729887,2113,0.1956984113936118,1811,0.1770000033320208,2029,0.0,AML,0.0,0.0,0.0920055101326183,0.17677993527508096,2036,0
NCR3,2042,0.1194941107836556,0.2941176468116659,0.0023027044124624,0.0038541357841683,6.5e-05,4,1,SER,O14931,-1.283,0.239,-0.0190870800681285,Non-essential,83.6,25.9,4.0,0.1935803864332407,2114,0.1786955216538638,2140,0.4191507916148508,1176,0.8797,Thymoma,4.741,0.89,0.3066439548840303,0.4579288025889967,1341,0
SLC29A1,2261,0.1092732259890795,0.2100840334369042,0.0818788549739047,0.0022531870738215,3.8e-05,18,6,TYR,Q99808,5.168,1.0,0.0023263073694525,Non-essential,87.4,16.0,8.8,0.193562422214848,2115,0.1826563649635432,2080,0.3661276788370656,1432,0.359,DLBCL,2.031,1.0,0.292849530923544,0.3972491909385113,1491,0
OR1B1,2108,0.1158991863236621,0.2605042014617612,0.038576625019769,0.0004150607767565,7e-06,14,3,TYR,Q8NGR6,-9.966,0.0,,No data,87.8,7.6,2.5,0.1933243919607478,2116,0.1952532232117362,1823,0.0764949987785375,2187,0.0,AML,4.392,0.0,0.0216111985675735,0.05987055016181231,2325,0
LGR6,2002,0.1211367482536448,0.2268907561118565,0.0783805155780484,0.0228876371182923,0.000386,40,9,TYR,Q9HBX8,-0.462,0.44,0.0108765595965404,Non-essential,77.4,26.5,21.6,0.1932288028132349,2117,0.1821478285921373,2090,0.5926847649754664,499,0.8074,Pancreatic,5.672,0.78,0.6157591437709251,0.8151294498381877,458,0
OR4M2,2109,0.1158987800871819,0.2605042014617612,0.021439190257789,0.017551141417136,0.000296,16,8,CYS,Q8NGB6,-9.966,0.0,,No data,86.1,7.7,1.3,0.1932240534303476,2118,0.1942960129432371,1841,0.0836439541335195,2174,0.0,AML,0.0,0.017,0.035695512192439,0.1104368932038835,2200,0
TNFRSF10A,1643,0.1469410506629842,0.3445378148365229,0.0115641309504981,0.0188556181440853,0.000318,10,1,TYR,O00220,2.146,0.862,0.0249608076815725,Non-essential,66.1,50.0,43.4,0.1931931724664288,2119,0.1787713790139538,2138,0.4756931991920726,919,0.5599,Pancreatic,3.317,0.955,0.2285837265545933,0.45347896440129454,1352,0
CLEC12B,2346,0.1051050492388243,0.2605042014617612,0.0030112288470662,0.0,0.0,5,0,,Q2HXU8,-4.608,0.013,0.0181861213899641,Non-essential,86.9,13.8,8.3,0.1931292777233829,2120,0.1782798391657362,2144,0.4506069084329751,1041,2.1903,AML,8.132,0.971,0.1736301491896527,0.404126213592233,1474,0
OR2W6P,2078,0.117806004658825,0.2605042014617612,0.040841372766092,0.004506374147643,7.6e-05,13,4,TYR,Q8NHA6,-9.966,0.007,,No data,86.8,9.4,3.5,0.1931134072400501,2121,0.1951554758783547,1830,0.2036950928524574,1969,0.1055,Esophageal,6.508,0.028,0.0320018141585135,0.14401294498381878,2117,0
SLC17A6,2010,0.1206954584006385,0.2605042014617612,0.0432389688439032,0.0117402905425437,0.000198,20,8,CYS,Q9P2U8,-9.966,0.024,0.0407256357984153,Non-essential,78.2,27.1,18.7,0.1928212853582281,2122,0.1799832338004233,2128,0.4161531198176929,1195,0.2457,Low Grade Glioma,1.3,0.327,0.2860286644026674,0.4372977346278317,1392,0
SLC10A1,2265,0.1092270831190699,0.252100840124285,0.0168084769887711,0.0111473465757485,0.000188,15,4,CYS,Q14973,-6.506,0.04,-0.0037553385364056,Non-essential,83.5,17.5,9.7,0.1927242499346296,2123,0.1785646737840682,2141,0.5797180408779272,542,1.366,AML,5.561,0.491,0.3707782904746318,0.645631067961165,877,0
IL4R,1381,0.1732898157587165,0.2268907561118565,0.0033654910643681,0.2717462199822116,0.004583,9,4,LYS,P24394,4.479,0.997,-0.0456427943788654,Non-essential,54.8,70.7,59.2,0.1924896924007947,2124,0.1776579669540131,2153,0.474707760632176,924,0.5152,Sarcoma,2.914,1.0,0.3190844368636648,0.5218446601941747,1183,0
GPR21,2241,0.1099957307863246,0.2605042014617612,0.007869682112921,0.0114438185591461,0.000193,12,5,TYR,Q99679,-4.293,0.011,0.1175859328595772,Non-essential,83.1,18.6,6.6,0.1924048456796331,2125,0.1777983297852792,2151,0.3553649528727193,1481,0.5102,AML,9.053,0.225,0.1747619235258033,0.31108414239482196,1704,0
LRP12,1653,0.1459957877525194,0.2857142854741897,0.0130823975960778,0.0926178476134005,0.001562,19,2,CYS,Q9Y561,2.151,0.915,0.0727401417422289,Non-essential,62.5,49.2,35.5,0.192225061218336,2126,0.1778791810981398,2148,0.3885804094185431,1331,0.3865,Kidney Chromophobe,2.221,0.985,0.1651822974992676,0.34021035598705507,1632,0
ZP1,1953,0.1248177370355501,0.252100840124285,0.0244251146607622,0.0554995552920248,0.000936,24,4,TYR,P60852,-3.626,0.056,-0.0581801274519451,Non-essential,73.0,31.0,24.3,0.1922164615316965,2127,0.1784377172647346,2143,0.3987308016309817,1274,0.2164,Thymoma,2.018,0.492,0.3844870118767989,0.48907766990291257,1264,0
NUP210L,2312,0.1068532959499441,0.252100840124285,0.0150624703463545,0.0049807293210791,8.4e-05,93,3,SER,Q5VU65,-6.506,0.011,0.0033061388843031,Non-essential,79.5,16.2,6.4,0.1920460939603581,2128,0.1777992174776758,2150,0.3512258501717584,1503,0.0963,Lung Adeno,1.33,0.102,0.0665523463850509,0.25485436893203883,1843,0
GALR2,1996,0.1215988090498174,0.2605042014617612,0.0532468764826822,0.0047435517343611,8e-05,19,8,TYR,O43603,-3.458,0.039,-0.0121622957270715,Non-essential,77.9,28.7,23.8,0.1919740775658772,2129,0.1796364213900113,2132,0.4161529528712636,1196,0.3037,Uterine Carcinosarcoma,7.418,0.123,0.4198022350450001,0.5339805825242718,1153,0
IZUMO1R,2210,0.111131315915725,0.2605042014617612,0.0220907796931836,0.0010080047435517,1.7e-05,13,5,TYR,A6ND01,-9.966,0.01,-0.0712685642925936,Non-essential,87.3,20.0,8.4,0.1919511666208002,2130,0.1780557056054594,2145,0.2457593486918863,1864,2.1844,Thymoma,8.055,0.271,0.0801319382195632,0.1978155339805825,1984,0
NOTCH2,1464,0.1650294308789716,0.252100840124285,0.0773493594812589,0.1366142899495997,0.002304,72,21,LYS,Q04721,3.914,0.984,-0.0556651650333423,Non-essential,59.4,64.8,27.2,0.1919262064012143,2131,0.1807936743752773,2117,0.53319978617405,690,0.9037,AML,5.112,1.0,0.3795636006615523,0.6161003236245954,950,0
TTYH1,2400,0.0994377473560916,0.2100840334369042,0.0388359955717222,0.0125111176993774,0.000211,15,4,TYR,Q9H313,-0.413,0.421,-0.0059640146731114,Non-essential,89.7,9.6,3.1,0.1917661900206914,2132,0.1787079897992775,2139,0.5212680523524338,741,0.7154,Cholangiocarcinoma,5.024,0.806,0.665132603351372,0.7920711974110033,515,0
CHRNG,2214,0.1110030819130096,0.2605042014617612,0.0160303653329115,0.0066409724281055,0.000112,15,1,SER,P07510,-6.506,0.021,-0.2350548956517855,Non-essential,81.3,20.1,8.9,0.1917443049518706,2133,0.1775458232185162,2154,0.5821370313379081,533,1.546,Uterine Carcinosarcoma,7.331,0.298,0.3584683616417085,0.6371359223300971,898,0
RXFP4,2131,0.1148251706362841,0.2689075627992374,0.0218946702514629,0.002312481470501,3.9e-05,24,5,TYR,Q8TDU9,-5.012,0.046,-0.019592682510537,Non-essential,81.3,23.5,12.0,0.1916694349102241,2134,0.1777641684227972,2152,0.6053524931074424,467,3.6268,AML,7.425,0.977,0.5615547485622786,0.7912621359223301,517,0
TSPAN4,2427,0.0947111053081389,0.2184873947743803,0.0243871579946228,0.0,0.0,10,0,,O14817,5.155,1.0,-0.0296401431121163,Non-essential,89.7,5.9,0.0,0.1916673776696888,2135,0.1778867355694199,2147,0.3818382757789465,1365,0.4859,Sarcoma,2.749,1.0,0.4454025268382164,0.5101132686084142,1212,0
MRGPRX1,2167,0.1127956060083328,0.2605042014617612,0.0077747904475723,0.0208716276311888,0.000352,18,5,TYR,Q96LB2,-9.966,0.003,-0.1060673592718665,Non-essential,82.8,21.7,9.0,0.1916380750313067,2136,0.1770268145536853,2159,0.0903695883118973,2160,0.0,AML,0.0,0.0,0.0672711609970153,0.14239482200647247,2121,0
CLEC7A,1865,0.1288827699410846,0.2857142854741897,0.0175865886446307,0.0310702638600652,0.000524,5,5,TYR,Q9BXN2,2.11,0.867,0.2105302599104198,Non-essential,77.6,35.6,23.1,0.1915642130421403,2137,0.1774435424743718,2156,0.569566348589641,564,0.6238,AML,3.927,0.884,0.663850781858444,0.8292880258899676,423,0
TEX101,2000,0.1213023509452285,0.2605042014617612,0.0061869365807369,0.0508152979543433,0.000857,10,5,LYS,Q9BY14,-9.966,0.035,-0.0965270464903136,Non-essential,81.5,29.3,13.3,0.1911270291453864,2138,0.1764363759744233,2163,0.6586355171364793,322,0.5351,Head&Neck,7.577,0.158,0.3797142167121773,0.700242718446602,742,0
OR52L2P,2072,0.1179900016516247,0.2605042014617612,0.0400316305551162,0.0059294396679513,0.0001,23,7,TYR,Q8NGH6,-9.966,0.0,,No data,86.2,11.6,4.7,0.1910667380673832,2139,0.1930683195951391,1876,0.0749030793163681,2193,0.0,AML,0.0,0.0,0.0345928248442309,0.1043689320388349,2215,0
OR14I1,2273,0.1088422194875912,0.2605042014617612,0.0097169065317096,0.0057515564779128,9.7e-05,20,4,CYS,A6ND48,-9.966,0.007,0.0638919241836742,Non-essential,82.8,19.0,2.3,0.191043586264022,2140,0.1765294315906075,2162,0.1625737627381944,2051,0.0499,Prostate,4.954,0.014,0.0777951529395542,0.16545307443365698,2064,0
OR4C16,2181,0.1121018255573006,0.2605042014617612,0.0217681480309979,0.0045656685443225,7.7e-05,16,7,TYR,Q8NGL9,-9.966,0.0,,No data,86.4,6.8,1.0,0.1909599246554465,2141,0.1920483320569964,1895,0.0416711097694286,2355,0.0,AML,0.0,0.0,0.0338868274248109,0.06148867313915862,2321,0
ITM2B,1943,0.1252125243374457,0.302521008149142,0.0131836153724497,0.0008301215535131,1.4e-05,14,2,TYR,Q9Y287,9.538,1.0,-0.1254129402659458,Non-essential,75.4,33.5,20.3,0.1908857870836904,2142,0.1765449678523128,2161,0.7045319466162492,217,0.4695,Pancreatic,2.656,1.0,0.7777179249951035,0.9409385113268608,147,0
CD177,2364,0.1040832509765087,0.252100840124285,0.0106911276292898,0.000118588793359,2e-06,19,3,SER,Q8N6Q3,-1.685,0.29,-0.2120242728452516,Non-essential,85.2,15.1,9.4,0.1908377231491619,2143,0.1763722795306264,2165,0.329536307298083,1594,0.2949,Head&Neck,2.449,0.671,0.5829730897126711,0.558252427184466,1093,0
ASTN1,1641,0.1469801991829259,0.2352941174493327,0.0208571880436501,0.1553513193003261,0.00262,59,3,LYS,O14525,-4.293,0.164,-0.0025675571523249,Non-essential,64.4,50.6,34.5,0.1908050679432605,2144,0.176847927345443,2160,0.401453128545964,1265,0.3599,Low Grade Glioma,1.53,0.998,0.2696273583229612,0.4142394822006472,1449,0
OR8D2,2187,0.1119034336142116,0.2605042014617612,0.016422584216353,0.0092499258820041,0.000156,12,2,TYR,Q9GZM6,-9.966,0.0,,No data,88.3,6.8,2.9,0.1907945980362057,2145,0.1916157272470233,1904,0.0559455087923238,2260,-0.0,AML,-2.836,0.0,0.0248417429397556,0.04854368932038833,2353,0
TM4SF20,1779,0.1349279550334885,0.2352941174493327,0.0453139332595287,0.090720426919656,0.00153,9,6,LYS,Q53R12,-6.506,0.085,0.0538485355678974,Non-essential,73.4,40.6,19.7,0.1907615311520626,2146,0.178027227815039,2146,0.677289571148195,272,2.6624,Stomach,7.234,0.637,0.5511828279859349,0.8268608414239482,429,0
CHRND,2313,0.1066593675442474,0.252100840124285,0.0126965048236596,0.006700266824785,0.000113,13,1,SER,Q07001,-6.506,0.03,-0.1606900174918379,Non-essential,83.7,17.4,5.6,0.1906844869556109,2147,0.1763193121967938,2166,0.4720801735159059,936,1.5554,Uterine Carcinosarcoma,8.082,0.333,0.2483690357831321,0.46197411003236244,1331,0
GABRR1,1973,0.1235103474927811,0.2605042014617612,0.0587885497390479,0.0055736732878742,9.4e-05,23,5,SER,P24046,-5.574,0.091,0.0160509652705642,Non-essential,74.0,31.7,26.7,0.1905670262683469,2148,0.1785064537552993,2142,0.6224966181662902,422,2.4241,Lung Squamous,9.923,0.489,0.5300705643501307,0.781957928802589,540,0
KCNMB4,2411,0.0974491559226431,0.2268907561118565,0.0099762770836628,0.0123332345093388,0.000208,4,1,TYR,Q86W47,0.605,0.631,-0.0627003980480233,Non-essential,87.2,9.5,0.0,0.1904891425374001,2149,0.1759879563915833,2173,0.2634949265005801,1812,0.3722,Pancreatic,2.889,0.729,0.3323639719623635,0.34870550161812297,1611,0
OR12D3,2296,0.108056795012434,0.2605042014617612,0.0113680215087774,0.0014823599169878,2.5e-05,18,7,SER,Q9UGF7,-9.966,0.0,0.0903612678372775,Non-essential,81.9,19.0,2.2,0.1903890658680577,2150,0.1759574669434966,2175,0.1125126147381099,2128,0.0,AML,0.0,0.0,0.1349058019835446,0.17354368932038833,2044,0
LINGO3,2370,0.1032539687158158,0.252100840124285,0.0053771943697611,0.0026682478505781,4.5e-05,24,3,SER,P0C6S8,-3.171,0.062,-0.0091104609822885,Non-essential,85.9,14.9,12.8,0.1903466545985845,2151,0.1756155143170726,2178,0.2966987100956925,1708,0.727,AML,3.656,0.994,0.2279790566330959,0.29247572815533984,1750,0
PRSS41,2223,0.1107139962690851,0.2605042014617612,0.0165491064368179,0.0051586125111176,8.7e-05,18,4,SER,Q7RTY9,-9.966,0.024,0.0526460459514477,Non-essential,82.7,21.4,11.0,0.1902034002486002,2152,0.1760308555704411,2171,0.2409677531170926,1881,0.2375,Pancreatic,4.954,0.068,0.1085343172503713,0.2046925566343042,1967,0
FCAR,2165,0.1131585851967416,0.252100840124285,0.0066107860192946,0.0344500444707975,0.000581,8,1,TYR,P24071,-3.047,0.075,0.1395228109614091,Non-essential,83.6,23.3,8.4,0.1902005016660228,2153,0.1755310409669875,2179,0.4833913381746225,890,0.8532,AML,5.462,0.827,0.3306377766438334,0.5408576051779935,1136,0
PCDH11X,1731,0.1383522527192006,0.2436974787868088,0.0068638304602245,0.129380373554699,0.002182,21,2,LYS,Q9BZA7,-6.506,0.061,0.0762622550990449,Non-essential,64.0,44.2,39.9,0.1901551685791139,2154,0.1754983601021252,2180,0.297371865759284,1703,0.763,Pheochromocytoma,4.675,0.432,0.2388603082914789,0.2973300970873787,1738,0
ATP6V0A2,2365,0.1037570240941953,0.2436974787868088,0.0209267752649059,0.0,0.0,43,0,,Q9Y487,2.696,0.996,-0.1210676504967701,Non-essential,81.6,15.4,9.6,0.1901258113916095,2155,0.1761721501548548,2169,0.3943508005894429,1300,0.3667,AML,2.074,1.0,0.3615060830946393,0.4639967637540453,1326,0
ITGA1,2352,0.1048092305960938,0.2100840334369042,0.0552585797880752,0.0139934776163652,0.000236,51,7,TYR,P56199,2.618,0.96,-0.0778733457791004,Non-essential,83.6,15.8,4.3,0.1900424260540265,2156,0.1778053550434303,2149,0.3884947067960953,1333,0.5717,Pancreatic,3.22,0.989,0.3234096048891239,0.4381067961165048,1390,0
ITLN1,2404,0.0987637555985717,0.2352941174493327,0.0078380515578048,0.0076489771716572,0.000129,9,7,TYR,Q8WWA0,-3.171,0.157,0.0325731027451575,Non-essential,92.5,11.2,8.6,0.1900246982896319,2157,0.1754166008675222,2181,0.6727091756135987,284,2.2404,Mesothelioma,12.057,0.966,0.5342870270365699,0.8122977346278317,465,0
ITGAE,2257,0.1094086730763265,0.252100840124285,0.0263672307448995,0.002193892677142,3.7e-05,63,5,CYS,P38570,4.505,1.0,0.0912675276084526,Non-essential,80.6,20.4,7.0,0.1899755748990101,2158,0.1762939364362551,2167,0.4292060782704549,1132,0.2785,Pancreatic,1.575,1.0,0.2540352963008336,0.43122977346278313,1407,0
TMEM106A,1999,0.1213879699210517,0.302521008149142,0.0012652222046496,0.0,0.0,8,0,,Q96A25,1.516,0.846,-0.0901394395817147,Non-essential,75.5,31.3,23.7,0.1898986584033621,2159,0.1749619195135945,2187,0.4251924873325616,1147,1.1874,AML,6.611,1.0,0.3302000414277272,0.4793689320388349,1288,0
OR51J1,1414,0.1698275066844512,0.2605042014617612,0.1668701565712478,0.0518825970945745,0.000875,14,13,TYR,Q9H342,-9.966,0.001,,No data,65.1,56.0,29.1,0.1898646589280719,2160,0.1982081667566343,1754,0.2635225360018831,1811,0.0944,AML,3.265,0.029,0.1252188813416998,0.220873786407767,1927,0
CRHR1,2046,0.119395325694763,0.252100840124285,0.0235457852285307,0.0383041802549659,0.000646,20,4,TYR,P34998,-3.626,0.136,-0.0631567607899715,Non-essential,77.3,28.9,8.9,0.1897977854143739,2161,0.1759750746758004,2174,0.4770041986497992,917,0.5609,Cholangiocarcinoma,7.82,0.278,0.6007172292453953,0.7233009708737864,685,0
GLRA1,2341,0.1054068047346333,0.2605042014617612,0.0040170804997627,0.0,0.0,17,0,,P23415,-9.966,0.01,-0.076896035986827,Non-essential,84.0,17.5,9.4,0.1896807406365571,2162,0.1748815946615452,2190,0.2437659663611438,1870,2.2063,Pheochromocytoma,8.629,0.256,0.0801464379602594,0.1961974110032363,1988,0
GLRA3,2340,0.1054751267336843,0.2605042014617612,0.0042448204965997,0.0,0.0,17,0,,O75311,-6.506,0.071,0.0628741230306329,Non-essential,84.4,17.7,9.3,0.1895376756357663,2163,0.1747499166605963,2191,0.1960313333866967,1990,0.5417,Low Grade Glioma,1.921,0.564,0.1953091234600771,0.22249190938511332,1923,0
MRGPRE,2354,0.104801092217848,0.252100840124285,0.0092297959829195,0.0039727245775274,6.7e-05,13,4,TYR,Q86SM8,-5.574,0.045,-0.0392788254767277,Non-essential,85.2,17.0,6.4,0.1895359241836114,2164,0.1749974139827574,2186,0.1715646793904881,2038,0.2975,Thyroid,1.936,0.406,0.1236448132830067,0.1840614886731392,2018,0
OR2W3,2025,0.1200684821901099,0.2436974787868088,0.0506911276292898,0.0246071746219982,0.000415,21,4,TYR,Q7Z3T1,-3.816,0.111,-0.0189245998756571,Non-essential,77.3,29.6,12.4,0.189518693138205,2165,0.1770532495196695,2158,0.441588593285637,1074,0.3203,Ovarian,4.994,0.28,0.5094851374574536,0.6262135922330097,925,0
OR11H7,2302,0.1079217922772303,0.2605042014617612,0.0106215404080341,0.0017788319003854,3e-05,12,7,SER,Q8NGC8,-4.608,0.012,,No data,90.6,4.8,1.9,0.1894765635887212,2166,0.190007640609123,1943,0.1233249827172376,2107,0.029,Esophageal,1.209,0.09,0.0997736862765015,0.1642394822006472,2067,0
LILRA5,2129,0.1149366710139681,0.2857142854741897,0.0021698560809742,0.0,0.0,3,0,,A6NI73,-0.042,0.494,-0.0494803749435616,Non-essential,80.2,26.1,17.7,0.1894424639362099,2167,0.1745509567402586,2194,0.5747185763164602,550,0.4583,Pancreatic,3.137,0.814,0.69156624142451,0.8426375404530744,390,0
TMEM95,2337,0.10569689471667,0.2605042014617612,0.000714850545627,0.0042691965609249,7.2e-05,3,2,SER,Q3KNT9,-9.966,0.0,-0.0328249671583519,Non-essential,81.7,18.2,7.4,0.1892224822882544,2168,0.1742582248155357,2197,0.2352862023123144,1893,0.0,AML,0.0,0.0,0.0941046360082571,0.19822006472491904,1983,0
ESAM,1838,0.1306863351521456,0.2100840334369042,0.0092297959829195,0.1462792766083605,0.002467,4,2,LYS,Q96AP7,4.071,0.999,0.1371882026505671,Non-essential,77.6,38.2,20.3,0.1892066798507364,2169,0.1746681696498824,2192,0.5326190143617037,694,0.3461,Pancreatic,1.958,1.0,0.4560247221205132,0.6719255663430421,812,0
OR10AD1,2235,0.1103170835350484,0.2605042014617612,0.0184279614107227,0.0019567150904239,3.3e-05,17,5,TYR,Q8NGE0,-5.574,0.001,-0.0426738915775923,Non-essential,80.4,22.1,2.8,0.189172639636903,2170,0.1750940377074392,2185,0.2400693589709157,1883,0.0048,AML,0.881,0.023,0.197566372831419,0.23988673139158578,1880,0
SELE,2378,0.1019737628368181,0.252100840124285,0.0029479677368337,0.0008301215535131,1.4e-05,8,1,TYR,P16581,-0.759,0.389,0.0655455165508167,Non-essential,83.0,15.1,11.3,0.1890798163660864,2171,0.1742272147529281,2198,0.3076671178817849,1667,0.4099,DLBCL,5.365,0.404,0.2568003668983181,0.3207928802588996,1680,0
GPR152,1761,0.1357303515542081,0.2605042014617612,0.0682144551636881,0.0368811147346575,0.000622,12,8,TYR,Q8TDT2,-9.966,0.0,-0.0647107065276176,Non-essential,70.8,43.4,33.4,0.1890503629862028,2172,0.1774610857443872,2155,0.2948285026507523,1715,0.3979,AML,6.085,0.092,0.1656792554050885,0.25728155339805825,1837,0
PTTG1IP,1941,0.1252731164487671,0.3109243694866181,0.0030112288470662,0.0,0.0,3,0,,P53801,7.12,1.0,0.0892824714731456,Non-essential,77.2,35.6,5.0,0.1889763365320829,2173,0.1741268979744362,2200,0.6773274704759571,271,0.4958,Pancreatic,2.804,1.0,0.7175507724412499,0.9097896440129449,224,0
AVPR1A,1858,0.1294819559532303,0.2436974787868088,0.0963593231061205,0.0103172250222353,0.000174,18,9,TYR,P37288,-1.056,0.289,-0.1940998329253961,Non-essential,73.4,38.0,21.1,0.188963254607472,2174,0.178781220762778,2137,0.6304965156953554,399,0.8189,Kidney Chromophobe,4.699,0.938,0.782614240471173,0.9077669902912622,229,0
CLDN19,2171,0.1125999453312423,0.252100840124285,0.0052823027044124,0.0339163949006818,0.000572,6,2,TYR,Q8N6F1,-5.574,0.089,-0.2056703724851873,Non-essential,80.9,24.1,12.5,0.1889349684447733,2175,0.1741990835799939,2199,0.745019718871486,142,1.2334,Testicular,4.931,0.707,0.8555181245629472,0.9720873786407767,70,0
TMEM213,1644,0.1469307477634986,0.2857142854741897,0.0022647477463229,0.1065520308330862,0.001797,1,3,CYS,A2RRL7,-5.012,0.079,0.0099100810796092,Non-essential,68.4,53.3,20.6,0.1889041945608187,2176,0.1740174319481348,2202,0.620163797059453,429,1.2291,Kidney Chromophobe,2.836,0.969,0.3725797916963394,0.6707119741100324,815,0
PTGDR,2186,0.1119785830033272,0.252100840124285,0.0277589751700142,0.0093685146753631,0.000158,19,2,CYS,Q13258,-2.727,0.044,0.0064588996039439,Non-essential,79.4,23.7,11.7,0.1888171665048441,2177,0.1752051152633447,2182,0.4950552424713808,845,0.3408,AML,5.105,0.347,0.4872479202848414,0.6605987055016181,840,0
LTB4R2,2303,0.1078721608186485,0.2100840334369042,0.0700933101375929,0.0093685146753631,0.000158,16,12,TYR,Q9NPC1,0.139,0.545,-0.1910407265246529,Non-essential,81.1,19.6,11.5,0.1887948679061554,2178,0.1772995334130351,2157,0.4782563339912316,914,0.4132,AML,2.338,1.0,0.6444197807590538,0.7483818770226538,623,0
LYPD4,2356,0.1047843154099456,0.2605042014617612,0.0019421160841372,0.0,0.0,8,1,CYS,Q6UWN0,-9.966,0.002,-0.1330399712109274,Non-essential,84.7,17.9,9.8,0.1887619995326507,2179,0.1738591053368575,2206,0.2034463183790807,1970,-0.0,AML,-4.207,0.0,0.0921536734953804,0.18689320388349517,2011,0
PCDHB7,2357,0.1047439114801821,0.2436974787868088,0.0062501976909694,0.0179662021938926,0.000303,19,4,TYR,Q9Y5E2,-0.834,0.316,-0.1321864022375844,Non-essential,81.8,17.7,15.1,0.1886482175465986,2180,0.173960727431147,2205,0.417046954142958,1190,0.4728,Sarcoma,3.545,0.718,0.3578885504920975,0.48665048543689315,1270,0
DLL4,2012,0.1206516474569365,0.252100840124285,0.0197880752807211,0.0462496294100207,0.00078,13,8,TYR,Q9NR61,2.125,0.951,-0.0538568540123663,Non-essential,74.9,31.1,19.9,0.1886447202161852,2181,0.1746341239802212,2193,0.4036550530784237,1258,0.5529,Pancreatic,3.113,0.989,0.3340517666070984,0.45833333333333337,1340,0
LHCGR,2226,0.1104984864114246,0.2436974787868088,0.0416194844219516,0.0017788319003854,3e-05,37,5,TYR,P22888,-9.966,0.016,0.0787239678212482,Non-essential,80.1,22.6,15.5,0.1885436966559673,2182,0.1756246708770649,2177,0.2683563068797914,1797,0.0179,Sarcoma,0.933,0.063,0.1531064266650798,0.23422330097087374,1894,0
PTGER1,1900,0.1273134176549051,0.252100840124285,0.0586557014075597,0.0295879039430773,0.000499,16,5,TYR,P34995,-2.727,0.13,0.0328341230903233,Non-essential,74.8,36.8,25.1,0.188496195381159,2183,0.176428980451537,2164,0.46396654292433,982,0.3628,Ovarian,2.998,0.629,0.6225432130431021,0.7176375404530744,699,0
RNFT1,1902,0.127220667027666,0.2773109241367135,0.033686541198798,0.0206344500444707,0.000348,19,4,TYR,Q5M7Z0,3.157,0.989,-0.0112682121016633,Non-essential,71.6,37.2,29.4,0.1884390712586668,2184,0.1751233983186068,2183,0.5283149094968809,712,0.3715,AML,2.101,1.0,0.5314998950476458,0.7220873786407767,688,0
INSRR,2217,0.1109496827755975,0.252100840124285,0.0310295745690336,0.0026682478505781,4.5e-05,62,3,TYR,P14616,-5.574,0.035,-0.0917977797727355,Non-essential,78.0,23.3,14.0,0.1883597496484026,2185,0.1749112283768543,2188,0.534062079986584,686,1.348,Pheochromocytoma,6.154,0.79,0.23170243588835,0.5076860841423948,1218,0
LRRC52,2351,0.1048547299207277,0.2605042014617612,0.0015245927566028,0.0006522383634746,1.1e-05,5,1,TYR,Q8N7C0,-9.966,0.021,0.1647521814315589,Non-essential,87.0,18.5,4.8,0.1882206782916358,2186,0.1732969079294659,2210,0.3227818440078496,1619,1.1851,Kidney Chromophobe,4.17,0.492,0.0968287964873347,0.24635922330097082,1864,0
OR2AK2,2094,0.1167346932300339,0.2605042014617612,0.0375075122568401,0.0042691965609249,7.2e-05,13,7,SER,Q8NG84,-9.966,0.0,,No data,87.1,13.7,5.1,0.1879206477160576,2187,0.1897960233288996,1953,0.3430955598383698,1535,2.8423,AML,9.106,0.312,0.180016850453032,0.30339805825242716,1723,0
OR3A4P,1831,0.1313678517013188,0.2605042014617612,0.0631598924561126,0.0273940112659353,0.000462,14,10,LYS,P47883,-9.966,0.0,,No data,74.8,25.9,16.1,0.1879149464421284,2188,0.191072941064934,1917,0.1367244442501236,2089,0.0,AML,0.0,0.0,0.1095067087064521,0.17152103559870546,2049,0
SLC7A2,2359,0.104650597925757,0.1848739494244757,0.0297010912541515,0.0726356359324043,0.001225,33,4,LYS,P52569,1.74,0.737,0.1051330506869394,Non-essential,81.4,17.8,12.0,0.1874900640952054,2189,0.1739751186579129,2204,0.4974659478027141,829,0.2279,Low Grade Glioma,1.321,0.945,0.6480802959272501,0.7665857605177994,578,0
F2RL3,2266,0.1091913351510868,0.2689075627992374,0.0049533449312035,0.0004743551734361,8e-06,16,4,TYR,Q96RI0,0.058,0.512,0.1376567917931891,Non-essential,80.2,23.1,18.7,0.1873745720058929,2190,0.1726222392524531,2218,0.4722858555110916,935,0.7171,Cholangiocarcinoma,4.419,0.889,0.5920240421256112,0.7099514563106797,718,0
KCNK5,1805,0.1334709625710503,0.302521008149142,0.0155116242290052,0.0260302401423065,0.000439,16,3,TYR,O95279,1.762,0.741,0.0377194451340069,Non-essential,69.0,43.9,33.1,0.1873678189450276,2191,0.1731434001564779,2213,0.4661709632452454,964,0.4099,Cholangiocarcinoma,2.245,1.0,0.2171385565562037,0.4393203883495146,1387,0
TAS2R14,2360,0.1044456080106641,0.2352941174493327,0.0155116242290052,0.0189149125407648,0.000319,18,2,TYR,Q9NYV8,-0.472,0.313,0.049082360325497,Non-essential,81.7,18.6,5.0,0.1873595752997089,2192,0.1731351565111592,2214,0.4179201883986783,1184,0.5791,AML,3.314,0.988,0.456604496916133,0.5622977346278317,1083,0
FCRL2,2209,0.1112735709831687,0.2773109241367135,0.0011640044282777,0.0,0.0,7,0,,Q96LA5,-3.626,0.109,0.0535363080843139,Non-essential,80.7,25.0,19.7,0.1873498245549191,2193,0.172408024776333,2220,0.5356287740654966,681,0.988,AML,5.669,0.578,0.6682957633656756,0.8066343042071198,479,0
KCNMB1,2429,0.0941037619358526,0.2268907561118565,0.0099130159734303,0.0012451823302697,2.1e-05,7,3,SER,Q16558,-0.267,0.432,0.2166695222411201,Non-essential,84.1,9.9,0.0,0.1873013142150748,2194,0.1727969650137463,2216,0.3453759773945697,1527,0.6566,AML,4.98,0.734,0.5013321195204292,0.5125404530744336,1206,0
LGR4,2201,0.11155552231076,0.2689075627992374,0.0122410248299857,0.0010672991402312,1.8e-05,45,2,SER,Q9BXB1,3.287,0.967,0.0888586053015794,Non-essential,78.8,25.2,20.8,0.1872447279722873,2195,0.1728567792137866,2215,0.3799917552053745,1370,0.3851,Lung Adeno,2.157,0.994,0.1502478919956578,0.32160194174757284,1678,0
GPR42,2088,0.117110018039872,0.2605042014617612,0.0246465285465759,0.0183812629706492,0.00031,12,7,TYR,O15529,-6.506,0.004,,No data,87.0,14.7,7.5,0.1872334183909226,2196,0.1884657448182514,1975,0.1689108575885758,2044,0.4626,Uveal Melanoma,7.033,0.114,0.063931602333199,0.15695792880258896,2085,0
LRRC38,2395,0.1001372899474637,0.2436974787868088,0.003820971058042,0.0050400237177586,8.5e-05,7,6,SER,Q5VT99,-5.574,0.049,0.020794425299713,Non-essential,86.1,15.3,7.1,0.1872093662693332,2197,0.1724004148222353,2221,0.3213798073579524,1623,0.8134,Thymoma,4.963,0.568,0.1845546967653656,0.28559870550161814,1767,0
DRD3,2008,0.1207563837448857,0.2605042014617612,0.0427898149612525,0.0123925289060183,0.000209,13,11,TYR,P35462,-9.966,0.001,-0.0067860937042723,Non-essential,75.4,32.8,24.8,0.1871720564784341,2198,0.1743115472264967,2196,0.2433474455029795,1872,0.0195,Glioblastoma,4.392,0.006,0.2113313938149275,0.24878640776699024,1858,0
SLITRK1,2127,0.1149927059144847,0.2100840334369042,0.0300869840265696,0.0731099911058404,0.001233,25,7,LYS,Q96PX8,-9.966,0.078,0.07627203716646,Non-essential,76.5,27.2,22.8,0.1871286554860189,2199,0.1736330046873474,2208,0.4151021440041295,1200,0.7229,Low Grade Glioma,1.58,0.915,0.3943321780759898,0.5121359223300971,1207,0
GRIN3B,2132,0.1147542545208094,0.252100840124285,0.0456681954768306,0.0007115327601541,1.2e-05,53,4,SER,O60391,-4.035,0.044,-0.0899516279278459,Non-essential,75.1,27.8,15.1,0.1870302261027459,2200,0.1743136358765874,2195,0.2234154064589509,1923,0.0167,AML,1.231,0.064,0.1312540204770797,0.2055016181229773,1965,0
TMEM132E,1888,0.1278068783673397,0.2605042014617612,0.0742369128578206,0.0044470797509635,7.5e-05,35,11,SER,Q6IEE7,-2.932,0.152,-0.0345700772944166,Non-essential,71.6,38.9,28.6,0.1869474686638124,2201,0.1756593143067034,2176,0.4536335192455625,1023,0.4261,Low Grade Glioma,1.956,0.974,0.3442769915866494,0.5161812297734627,1197,0
OR2A7,1872,0.1285541503692062,0.2941176468116659,0.0291823501502451,0.0071746219982211,0.000121,21,6,TYR,Q96R45,0.741,0.639,,No data,79.3,25.2,2.9,0.1868304194211996,2202,0.1882895369287118,1981,0.4953855330791035,839,0.2337,Esophageal,1.509,0.848,0.3659253795212945,0.5724110032362459,1058,0
DRD1,1905,0.1271120267638392,0.252100840124285,0.0436944488375771,0.0438778535428402,0.00074,18,9,LYS,P21728,-4.293,0.073,0.1124996970056217,Non-essential,72.5,38.3,26.7,0.1868283696386041,2203,0.1740130920804829,2203,0.30530542828852,1673,0.2298,Pancreatic,4.774,0.186,0.5593632717872048,0.5238673139158576,1178,0
CCKAR,2102,0.1162526835185251,0.2605042014617612,0.0328767989878222,0.0072932107915801,0.000123,17,6,TYR,P32238,-9.966,0.02,0.0918584802076327,Non-essential,77.7,29.4,23.8,0.186818972956467,2204,0.173462812905858,2209,0.5857339773361064,524,1.6799,Kidney Chromophobe,7.721,0.308,0.3740117768898751,0.6545307443365695,855,0
MANSC4,1593,0.1518504762065405,0.2605042014617612,0.0372165111497706,0.1216128075896827,0.002051,12,6,CYS,A6NHS7,-5.012,0.011,-0.0972683217902693,Non-essential,62.8,59.1,43.5,0.1867838001964797,2205,0.1736446257539682,2207,0.2616554092297121,1819,0.0531,Cholangiocarcinoma,6.34,0.028,0.1982055100816758,0.25566343042071193,1841,0
LRP11,1736,0.1378741210946302,0.3277310921615705,0.0155495808951447,0.0070560332048621,0.000119,13,2,TYR,Q86VZ4,4.28,0.995,0.1266183270225327,Non-essential,67.7,48.6,32.8,0.1867572857815513,2206,0.1725347648263085,2219,0.4314055560350158,1119,0.5301,Sarcoma,2.963,0.996,0.2351510357163334,0.4211165048543689,1432,0
TPBGL,2141,0.1143252869407837,0.2773109241367135,0.0113363909536612,0.0,0.0,15,0,,P0DKB5,-1.831,0.148,-0.0788953472409927,Non-essential,80.3,28.3,12.8,0.186592921186265,2207,0.172159740733948,2224,0.5530132171448017,614,1.3064,Pheochromocytoma,6.126,0.977,0.4506981892166358,0.6860841423948221,777,0
ASIC4,2304,0.1076434553034347,0.2436974787868088,0.0251652696504823,0.0087162763118885,0.000147,24,5,TYR,Q96FT7,-4.293,0.096,-0.0540894625470204,Non-essential,79.7,22.3,17.8,0.1864645040659758,2208,0.1727227675484999,2217,0.7711964962890535,107,1.8482,Pheochromocytoma,8.382,0.909,0.8316613431420964,0.9733009708737864,67,0
SIGLECL1,2350,0.1048983491407958,0.2605042014617612,0.0011956349833939,0.0011265935369107,1.9e-05,3,1,SER,Q8N7X8,-9.966,0.002,0.0183637339360535,Non-essential,83.2,20.3,12.7,0.1864570276416925,2209,0.1715168093908622,2233,0.2776510705770736,1764,0.1131,AML,6.919,0.023,0.0337265523784908,0.18122977346278313,2025,0
CHRNA7,2283,0.1084570831102444,0.2605042014617612,0.0103305393009647,0.0038541357841683,6.5e-05,22,2,TYR,P36544,-1.49,0.247,0.0040175147186753,Non-essential,78.3,23.3,15.9,0.1864226392828997,2210,0.1719391662479479,2228,0.4973986747605556,830,1.0334,Pheochromocytoma,5.695,0.96,0.4449089832060356,0.6322815533980582,910,0
CRLF2,2095,0.1165454352770323,0.2689075627992374,0.0184975486319784,0.0114438185591461,0.000193,6,2,TYR,Q9HC73,-4.035,0.047,0.0872901199731421,Non-essential,77.2,30.2,21.8,0.1864029887775142,2211,0.1723278662091131,2222,0.4886938216517089,878,1.4521,AML,7.944,0.578,0.6313597996503735,0.7487864077669903,622,0
HTR6,1887,0.1278161728554505,0.2605042014617612,0.0749201328483314,0.0037948413874888,6.4e-05,19,9,SER,P50406,-5.574,0.026,0.0640420669669478,Non-essential,72.6,39.5,25.9,0.1863552140705714,2212,0.175101220712988,2184,0.3650437519425116,1436,1.0893,Kidney Clear Cell,7.972,0.237,0.2328568893025075,0.3567961165048543,1591,0
ACKR2,2220,0.1108103670147639,0.2352941174493327,0.0097485370868258,0.0458938630299436,0.000774,17,2,LYS,O00590,-0.759,0.327,0.0734527281427898,Non-essential,80.4,25.0,16.4,0.1862635411364588,2213,0.1717509679908,2230,0.3880051284062134,1336,0.1912,Uterine,1.638,0.65,0.3393194024860689,0.4453883495145631,1372,0
OR4Q3,2280,0.1086097723240047,0.2605042014617612,0.0131519848173335,0.0015416543136673,2.6e-05,12,6,CYS,Q8NH05,-9.966,0.0,,No data,87.8,8.6,3.8,0.1862498802943666,2214,0.1869074795352333,2010,0.0517156569105878,2270,0.0,AML,0.0,0.0,0.0176255511225305,0.03074433656957931,2397,0
FFAR3,2101,0.1162598196643397,0.2605042014617612,0.0222868891349043,0.0179069077972131,0.000302,11,5,TYR,O14843,-3.626,0.031,,No data,86.4,15.0,8.7,0.1862249197446457,2215,0.1873392642013909,2007,0.2315647644577446,1903,0.2932,Sarcoma,7.577,0.155,0.1406991616096429,0.21197411003236244,1949,0
RAET1E,2305,0.1075931087042679,0.2605042014617612,0.0113047603985449,0.0,0.0,10,0,,Q8TD07,-1.781,0.243,0.1598184866265853,Non-essential,81.6,22.8,13.3,0.1862026606112526,2216,0.1717678986311799,2229,0.4846139307467374,887,0.6954,Head&Neck,4.073,0.854,0.4494225659328235,0.6241909385113269,930,0
VSIG1,1912,0.1268573650137288,0.3109243694866181,0.0051494543729242,0.0031426030240142,5.3e-05,5,6,TYR,Q86XK7,-1.831,0.224,0.117424877220616,Non-essential,75.6,39.8,21.2,0.1860965436695509,2217,0.1713540163881971,2235,0.680116358795283,262,1.9043,Pancreatic,8.521,0.836,0.6432069704768454,0.8782362459546925,302,0
NAGPA,2297,0.108054968073582,0.2605042014617612,0.0088122726553851,0.0040320189742069,6.8e-05,22,1,SER,Q9UK23,3.162,1.0,-0.1403173173852342,Non-essential,82.2,23.3,14.4,0.1860875434190144,2218,0.1715281570517836,2232,0.3064828667220469,1672,0.2904,AML,1.643,1.0,0.1928126816059513,0.28114886731391586,1778,0
HTR2C,1940,0.1254214436893827,0.2605042014617612,0.061186145816859,0.0095463978654017,0.000161,23,10,TYR,P28335,-9.966,0.055,0.0040802921756754,Non-essential,73.6,37.8,27.7,0.1860596064321816,2219,0.1741189137230245,2201,0.4398785516015002,1084,0.9621,Lung Squamous,8.414,0.229,0.4254614517151999,0.5639158576051779,1079,0
ROR1,1859,0.1294720083648738,0.2352941174493327,0.101186145816859,0.0166617254669433,0.000281,35,13,TYR,Q01973,-0.119,0.479,0.0623054507225536,Non-essential,68.2,40.8,31.8,0.186014908928217,2220,0.1760742162190599,2170,0.5363705421301227,679,0.7367,Sarcoma,4.219,0.94,0.5209841286126672,0.720873786407767,691,0
SLC2A12,2125,0.1150576981213506,0.2436974787868088,0.0298972006958722,0.0286984879928846,0.000484,25,2,CYS,Q8TD20,-0.284,0.455,-0.0088235643629675,Non-essential,74.9,29.3,25.8,0.1856430397475723,2221,0.1721378997823659,2226,0.4515927395602262,1035,0.3768,Kidney Chromophobe,2.164,0.954,0.3529049946058762,0.5169902912621359,1195,0
CEACAM8,2386,0.1014039925418854,0.252100840124285,0.0018788549739047,0.0,0.0,6,0,,P31997,-9.966,0.008,-0.0302186432210169,Non-essential,86.9,18.1,11.5,0.1856050077869759,2222,0.1706989505356711,2238,0.2197651294310288,1933,0.7455,AML,3.738,0.399,0.0662977741319094,0.18082524271844658,2026,0
OR4K3,2286,0.1083597405223089,0.2605042014617612,0.0124371342717064,0.0014230655203083,2.4e-05,13,4,CYS,Q96R72,-9.966,0.0,,No data,84.7,9.2,2.2,0.1854415204596201,2223,0.1860633771732054,2020,0.0337526569628779,2416,0.0,AML,0.0,0.0,0.0183139284838218,0.0060679611650485965,2458,0
ENG,2348,0.1050473284978664,0.2100840334369042,0.018459591965839,0.0515861251111769,0.00087,33,7,LYS,P17813,5.475,1.0,0.0255490772193804,Non-essential,80.0,20.8,12.8,0.1852408409721704,2224,0.1711638205704624,2236,0.6682321468170537,299,0.6942,AML,3.927,1.0,0.6522343626486331,0.8737864077669903,313,0
HEPH,2436,0.0926911561643455,0.1932773107619518,0.039645737782698,0.0116217017491847,0.000196,47,3,TYR,Q9BQS7,1.964,0.827,0.0856281961727127,Non-essential,89.1,10.3,5.4,0.1851639186496538,2225,0.1721462055387886,2225,0.3879199179671705,1337,0.8514,Pancreatic,4.85,0.977,0.3437649354282396,0.44660194174757284,1369,0
LILRB3,1987,0.122372939508046,0.2184873947743803,0.0615087774790447,0.0550844945152683,0.000929,11,7,LYS,O75022,0.904,0.712,0.1546168277024793,Non-essential,74.0,35.5,29.5,0.1851189061696113,2226,0.1731943450435636,2212,0.5963782945170425,487,0.3033,Glioblastoma,1.977,0.868,0.7529781112133435,0.8851132686084142,285,0
TMEM178B,2071,0.1179929740133265,0.2689075627992374,0.0082619009963624,0.0265045953157426,0.000447,14,4,TYR,H3BS89,-1.181,0.386,0.0035895197035224,Non-essential,75.4,32.7,18.4,0.1851092710577593,2227,0.1705223661075774,2241,0.4932449327884643,856,0.7367,Kidney Papillary,4.044,0.947,0.3599076191657994,0.5647249190938511,1077,0
GABRB2,2100,0.1162971862475268,0.252100840124285,0.0034350782856239,0.0480877557070856,0.000811,16,1,LYS,P47870,-3.816,0.128,0.0122730075489402,Non-essential,76.5,31.1,25.2,0.1850160025416771,2228,0.1701877564559583,2244,0.6163942332213935,435,1.9891,Thyroid,7.323,0.815,0.468325494475765,0.7354368932038835,655,0
TMEM235,2250,0.1095143399946609,0.2605042014617612,0.0127281353787758,0.0049807293210791,8.4e-05,7,3,SER,A6NFC5,-9.966,0.054,-0.1646814900785385,Non-essential,80.9,25.6,9.9,0.1850036866865801,2229,0.1706400934555189,2239,0.557760747332508,603,1.4085,Thymoma,7.576,0.322,0.4077049363168561,0.6622168284789645,836,0
KLRK1,1804,0.1335140918640685,0.2605042014617612,0.0016511149770678,0.0960569226208123,0.00162,2,2,LYS,P26718,0.67,0.642,,No data,79.2,30.6,22.2,0.1850034799110864,2230,0.1850860356599398,2041,0.5238131123151875,726,0.4894,Kidney Clear Cell,2.942,0.941,0.4733335380126321,0.6783980582524272,796,0
CD84,1939,0.1254341994824546,0.302521008149142,0.0082302704412462,0.0065223836347465,0.00011,9,4,SER,Q9UIB8,0.624,0.628,0.1232337892319535,Non-essential,74.6,39.7,26.1,0.1848705163711979,2231,0.1702820298932602,2242,0.4831994711597123,891,0.6921,AML,3.915,1.0,0.2852122413015582,0.4991909385113269,1239,0
GABRG2,2077,0.1178162951935869,0.1848739494244757,0.0074142021192471,0.1388081826267417,0.002341,21,6,CYS,P18507,-9.966,0.116,0.1048535563318032,Non-essential,77.2,31.4,25.9,0.1848614784850636,2232,0.170232188591026,2243,0.6291577641580947,403,3.3382,Pheochromocytoma,9.06,0.824,0.399962976264249,0.698220064724919,747,0
LTK,2069,0.1180581023893949,0.2352941174493327,0.0688913490431757,0.0109101689890305,0.000184,44,11,TYR,P29376,-1.639,0.237,-0.0037757184114909,Non-essential,73.7,32.5,23.8,0.184803320615318,2233,0.1732478880674768,2211,0.4158602001766727,1198,0.2228,Pancreatic,2.535,0.497,0.5405253854323513,0.6152912621359223,952,0
GLRB,2325,0.1061124183704502,0.2605042014617612,0.0041752332753439,0.002193892677142,3.7e-05,13,1,SER,P48167,0.972,0.641,-0.0094635617713532,Non-essential,78.0,23.1,19.9,0.1846687519997379,2234,0.1698775136635051,2247,0.4185329264865202,1180,0.6608,Kidney Papillary,3.816,0.932,0.2290841185897042,0.40695792880258896,1467,0
LRRC3B,2425,0.095011526467318,0.2352941174493327,0.00297959829195,0.0,0.0,5,0,,Q96PB8,-4.608,0.11,-0.0138969964697962,Non-essential,85.8,13.5,2.7,0.1845978406802539,2235,0.1697468205948514,2250,0.2489946875329939,1852,0.5463,Uterine Carcinosarcoma,2.807,0.702,0.1927597743267128,0.2439320388349514,1870,0
ZP2,2009,0.1207397674350068,0.2605042014617612,0.0498497548631978,0.0052772013044767,8.9e-05,40,9,SER,Q05996,-9.966,0.007,0.0454438114632025,Non-essential,71.6,35.4,21.1,0.184558209553535,2236,0.1720506972966949,2227,0.1708854241186569,2041,0.0139,Colorectal,0.802,0.03,0.065652163366193,0.1610032362459547,2075,0
TMEM114,2336,0.1057198853382995,0.2605042014617612,0.0041119721651114,0.0009487103468722,1.6e-05,12,2,SER,B3SHH9,-9.966,0.027,0.0279785879330192,Non-essential,82.1,22.9,7.6,0.1845416411396123,2237,0.1697472397478678,2249,0.6115266411391393,456,5.0601,Pheochromocytoma,11.662,0.614,0.1867157807076559,0.5368122977346279,1146,0
IL5RA,2343,0.1052891390696008,0.2605042014617612,0.0036248616163213,0.0,0.0,10,0,,Q01344,-3.626,0.068,0.1332342297257553,Non-essential,83.8,22.6,15.2,0.1844826859156967,2238,0.1696639289965128,2251,0.2114432563179591,1949,0.2294,AML,1.958,0.497,0.2524024246678777,0.25889967637540456,1833,0
SIGLEC9,1993,0.1218244715816558,0.302521008149142,0.0027202277399968,0.0,0.0,12,2,CYS,Q9Y336,0.476,0.623,-0.0112480869437089,Non-essential,73.4,37.1,23.1,0.1844624097871989,2239,0.1695984211741987,2253,0.4026882067791844,1261,0.7247,Glioblastoma,4.206,0.975,0.238642780225366,0.3932038834951457,1501,0
ERVW-1,1766,0.1354525270170571,0.252100840124285,0.0569096947651431,0.0584642751260005,0.000986,19,10,TYR,Q9UQF0,-4.608,0.022,-0.430118939360412,Context-dependent,59.3,67.8,30.5,0.1842787865162856,2240,0.1521242712545428,2384,0.5538666047014168,610,0.9839,AML,5.708,0.827,0.5831238140615872,0.7758899676375405,555,0
HTR2B,1934,0.1256669334616876,0.2773109241367135,0.0484896409931994,0.0006522383634746,1.1e-05,21,4,SER,P41595,-1.283,0.267,0.0029772675480298,Non-essential,71.5,40.1,31.6,0.1842442932870182,2241,0.1716687753366781,2231,0.4341482711635588,1116,0.6901,Pancreatic,4.845,0.74,0.4099913235199335,0.5485436893203883,1117,0
CDHR1,2321,0.1063680965506152,0.252100840124285,0.0124371342717064,0.0059887340646308,0.000101,25,1,TYR,Q96JP9,-1.181,0.386,-0.0661011124688056,Non-essential,78.7,23.6,15.5,0.184241761127584,2242,0.1698636178411693,2248,0.7073724632063623,209,0.6482,Pheochromocytoma,3.905,0.909,0.7013861165711291,0.9162621359223301,208,0
TP53I13,1532,0.157934111126542,0.2605042014617612,0.0631282619009963,0.1159798399051289,0.001956,12,4,LYS,Q8NBR0,4.937,1.0,-0.1081175542382825,Non-essential,60.7,66.9,36.6,0.1840534959631476,2243,0.1722099090581975,2223,0.5659822118659134,581,0.3315,Sarcoma,1.875,1.0,0.6970593210981908,0.8389967637540453,399,0
ICAM5,2397,0.0998410951651362,0.2436974787868088,0.0044346038272971,0.0034390750074117,5.8e-05,21,2,SER,Q9UMF0,-1.392,0.331,-0.1392661591848267,Non-essential,80.1,18.3,13.1,0.1839625372840602,2244,0.1691842674754251,2259,0.5720088727426357,558,0.3044,Thyroid,1.954,0.839,0.7056737714578869,0.8466828478964401,380,0
DPEP3,2317,0.106513692801432,0.2605042014617612,0.0073509410090147,0.000355766380077,6e-06,12,3,TYR,Q9H4B8,-4.608,0.041,-0.1247090980993765,Non-essential,83.7,24.2,18.0,0.1839031473588893,2245,0.16927069440934,2257,0.3130904577510157,1653,0.1457,AML,3.924,0.098,0.2794742806812857,0.3422330097087378,1627,0
OR4A15,2172,0.1125083112933784,0.2605042014617612,0.0248426379882966,0.0028461310406166,4.8e-05,17,5,TYR,Q8NGL6,-9.966,0.0,,No data,85.3,14.2,9.6,0.1838986627688447,2246,0.1851407946682595,2040,0.0377235031384062,2384,0.0,AML,0.0,0.0,0.0229920683209643,0.01901294498381878,2426,0
IL20RA,1683,0.143209330284781,0.3445378148365229,0.0120512414992883,0.0059294396679513,0.0001,17,3,SER,Q9UHF4,1.6,0.657,0.0393323535821068,Non-essential,63.0,56.4,43.4,0.1836834054845929,2247,0.1692859675595573,2256,0.4975710069050577,828,0.7464,Colorectal,3.971,0.995,0.2858062492765513,0.5129449838187703,1205,0
ITGA10,2442,0.0917807460318693,0.1848739494244757,0.0496536454214771,0.0097835754521197,0.000165,51,11,TYR,O75578,-0.969,0.291,-0.0980738943044187,Non-essential,85.2,10.9,4.5,0.1836651875169657,2248,0.1711478697880395,2237,0.2896795610627172,1729,0.1371,AML,2.065,0.376,0.4126169926111773,0.4178802588996764,1440,0
LHFPL4,2403,0.0988854533865862,0.2268907561118565,0.0055733038114818,0.0215238659946635,0.000363,5,3,TYR,Q7Z7J7,-5.574,0.153,0.0103124705783956,Non-essential,82.8,17.8,9.3,0.1833860570906861,2249,0.1686647222812601,2265,0.56681898954618,576,3.0078,Pheochromocytoma,8.003,0.994,0.3717930474790025,0.639967637540453,891,0
SLAMF1,1998,0.1214475253433417,0.2941176468116659,0.009881385418314,0.0027868366439371,4.7e-05,11,4,SER,Q13291,-1.117,0.286,-0.0787368418191599,Non-essential,74.9,37.9,19.7,0.1832082318996458,2250,0.1687023011705615,2264,0.4880846747268512,880,1.0316,Thymoma,5.801,0.907,0.3184277718184116,0.5323624595469256,1157,0
MC1R,2407,0.0985694436040891,0.2268907561118565,0.0187505930729084,0.0072932107915801,0.000123,17,3,CYS,Q01726,1.47,0.881,-0.0137034724531534,Non-essential,80.5,18.0,10.7,0.1829227156052719,2251,0.1688602452589173,2263,0.2779649507805001,1763,0.379,Sarcoma,2.242,0.956,0.2852998754851932,0.31957928802589,1683,1
GABRB3,2290,0.1081744312813376,0.2352941174493327,0.0033338605092519,0.0435220871627631,0.000734,19,1,LYS,P28472,-0.86,0.435,-0.0082329451612351,Non-essential,80.1,26.2,19.5,0.1828669280252702,2252,0.1680336210507328,2270,0.5235539185635827,728,0.9315,Pheochromocytoma,5.131,0.994,0.4626610556451899,0.669093851132686,819,0
TSHR,2121,0.115228808919938,0.2605042014617612,0.0331994306500079,0.0035576638007708,6e-05,32,5,TYR,P16473,-2.548,0.157,0.1060243887098315,Non-essential,74.0,32.5,21.2,0.1828657441243111,2253,0.1695257156568115,2254,0.8030521410485805,70,1.3287,Thymoma,7.114,0.856,0.7273373070870215,0.9530744336569579,117,0
FLRT1,2019,0.1203955741552797,0.2352941174493327,0.0702198323580578,0.0173732582270975,0.000293,23,10,TYR,Q9NZU1,-2.635,0.151,-0.1200762658242072,Non-essential,72.6,36.4,30.7,0.1828512137535553,2254,0.1713622053714581,2234,0.5252068806572114,722,1.0469,Pheochromocytoma,5.902,0.972,0.5564125606665257,0.7342233009708738,658,0
OR12D2,2260,0.1093819738579975,0.2605042014617612,0.0124055037165902,0.0048621405277201,8.2e-05,19,5,SER,P58182,-9.966,0.003,,No data,85.5,12.7,1.0,0.1827933815726939,2255,0.1834136567585235,2068,0.0391162295396655,2377,0.0,AML,0.0,0.0,0.0220513947631943,0.01860841423948223,2427,0
BTC,2060,0.1185504273787862,0.2941176468116659,0.0030112288470662,0.0,0.0,5,0,,P35070,0.688,0.628,0.1156894100683492,Non-essential,71.9,36.0,19.1,0.1826939835958496,2256,0.1678445450382029,2272,0.3768094926676479,1382,0.5628,Cholangiocarcinoma,3.509,0.833,0.272376565935769,0.3919902912621359,1504,0
AMHR2,2193,0.1117946788485042,0.252100840124285,0.0299920923612209,0.0065223836347465,0.00011,22,1,SER,Q16671,-4.293,0.053,-0.0409843655633148,Non-essential,77.6,29.7,18.5,0.1826639130424916,2257,0.1691635176605526,2260,0.4795400731795145,909,0.1456,Mesothelioma,1.666,0.391,0.5995861477951292,0.7241100323624595,683,0
OR6K6,2192,0.1118017023219196,0.2605042014617612,0.0239696346670884,0.0013637711236288,2.3e-05,14,5,TYR,Q8NGW6,-9.966,0.0,,No data,83.4,14.9,10.2,0.1826098219592957,2258,0.1838083036926501,2059,0.063028567111759,2231,0.0,AML,0.0,0.0,0.0276083881046109,0.07119741100323629,2297,0
PKD2,1897,0.1274051774511558,0.1932773107619518,0.0505266487426854,0.116454195078565,0.001964,38,10,CYS,Q13563,2.971,0.973,0.0581231712111683,Non-essential,70.1,41.8,28.5,0.1825922697219957,2259,0.17011860215913,2245,0.5299158284490489,708,0.9531,AML,5.391,1.0,0.4250881951022258,0.6500809061488673,866,0
MEGF10,2245,0.109810843957293,0.2436974787868088,0.0079013126680373,0.0332048621405277,0.00056,27,5,TYR,Q96KG7,-2.727,0.189,0.071751633099341,Non-essential,70.8,28.3,24.7,0.1822706612775243,2260,0.1676657269109261,2273,0.3714941011251359,1406,0.4436,AML,8.371,0.237,0.3980333711905393,0.470873786407767,1309,0
NCR1,2335,0.1057960642434575,0.2605042014617612,0.0011640044282777,0.0041506077675659,7e-05,3,1,SER,O76036,-3.458,0.038,0.0132828792576088,Non-essential,83.9,25.3,13.2,0.1822051235605773,2261,0.1672633237819912,2279,0.2506400202731884,1846,0.3409,Testicular,2.246,0.503,0.2106414414938736,0.25404530744336573,1845,0
LRTM1,2309,0.1070712534957831,0.2605042014617612,0.0030428594021825,0.0065223836347465,0.00011,10,2,SER,Q9HBL6,-9.966,0.008,-0.0692841853983099,Non-essential,81.4,26.4,21.2,0.1821677812708486,2262,0.1673199242409578,2278,0.4676836564132543,952,1.0634,Uterine Carcinosarcoma,5.358,0.281,0.2440268948283342,0.4579288025889967,1341,0
CHRM4,2021,0.1202644156130685,0.2605042014617612,0.0454784121461331,0.0080640379484138,0.000136,12,13,TYR,P08173,-3.308,0.085,-0.1410318644405706,Non-essential,75.4,37.4,23.8,0.1821620830352531,2263,0.1694360036425597,2255,0.6319157785349249,395,1.4557,Thymoma,6.198,0.814,0.7081305380463658,0.8814724919093851,294,0
KIR3DL3,2339,0.1054941050667541,0.2605042014617612,0.0043080816068321,0.0,0.0,14,0,,Q8N743,-9.966,0.001,0.1129051597294203,Non-essential,80.3,25.1,17.1,0.1821534909133244,2264,0.167368894993666,2276,0.1459651198953842,2079,0.0,AML,0.0,0.0,0.1041589982978732,0.17071197411003236,2051,0
GPC2,2279,0.1086176040521816,0.252100840124285,0.0214771469239285,0.0044470797509635,7.5e-05,26,6,SER,Q8N158,-0.15,0.473,-0.2002467170297746,Non-essential,79.0,27.6,23.1,0.1821163507122227,2265,0.1681902080584191,2267,0.4652731260003878,974,0.555,Low Grade Glioma,3.165,0.992,0.4375945906222594,0.5906148867313916,1013,0
GRAMD1B,1867,0.1286523778744204,0.2689075627992374,0.0508492804048711,0.0194485621108805,0.000328,18,5,TYR,Q3KR37,0.288,0.56,0.0216803666108806,Non-essential,67.5,44.6,38.5,0.182092107608671,2266,0.1696345716289145,2252,0.6765746781586937,275,0.9335,AML,5.691,0.913,0.6746642962401721,0.8956310679611651,259,0
BEST4,2367,0.1036965751767106,0.252100840124285,0.0095207970899889,0.0,0.0,18,0,,Q8NFU0,-1.831,0.145,-0.0872458642300917,Non-essential,82.4,23.7,19.7,0.181915493315997,2267,0.1673915331704964,2275,0.2655061468730854,1804,0.082,Thymoma,1.113,0.39,0.2451399161470737,0.28033980582524276,1780,0
BTNL3,2458,0.0838613783926736,0.1932773107619518,0.0085529021034319,0.013281944856211,0.000224,18,3,TYR,Q6UXE8,-9.966,0.071,0.0260687883232609,Non-essential,89.5,6.2,1.1,0.1819057705065938,2268,0.1673334156117654,2277,0.2993745635258067,1692,0.8243,Stomach,4.56,0.443,0.4044859852786865,0.4194983818770227,1436,0
CD300E,2138,0.114604009757401,0.2689075627992374,0.0020053771943697,0.0214645715979839,0.000362,3,3,TYR,Q496F6,-1.355,0.242,-0.0200185255165686,Non-essential,77.8,33.2,15.6,0.1817851341778215,2269,0.1668854030375399,2281,0.4903232566095307,871,0.6078,AML,5.056,0.647,0.3207695503659177,0.5388349514563107,1141,0
TPRA1,2113,0.1155544827129716,0.2689075627992374,0.0253930096473193,0.0012451823302697,2.1e-05,14,1,SER,Q86W33,4.756,1.0,-0.0488136686695459,Non-essential,73.1,34.0,28.2,0.1817771949741303,2270,0.1680468454564962,2269,0.3891124039853991,1330,0.2337,Sarcoma,1.322,1.0,0.3796325289325488,0.47370550161812297,1302,0
LRFN4,2236,0.110245760758539,0.2689075627992374,0.0075786810058516,0.0013637711236288,2.3e-05,17,1,SER,Q6PJG9,3.237,0.944,-0.129129015842779,Non-essential,77.3,29.6,22.5,0.1817532600121031,2271,0.1671321940623957,2280,0.3952940559925497,1294,0.5692,Pancreatic,3.333,0.966,0.292884599340674,0.42597087378640774,1420,0
TEK,2430,0.0940396660374533,0.1932773107619518,0.0492993832041752,0.006463089238067,0.000109,50,5,SER,Q02763,0.816,0.683,0.0400065092455865,Non-essential,84.0,14.9,7.1,0.1816876768772437,2272,0.1691526460374524,2261,0.2751077355339691,1775,0.3052,Pancreatic,1.827,0.915,0.2270177789668513,0.27710355987055013,1788,0
MUC22,2016,0.1204720401522839,0.2605042014617612,0.0505582792978016,0.0036762525941298,6.2e-05,24,10,SER,E2RYF6,-9.966,0.009,0.1312128784614484,Non-essential,67.5,38.2,23.2,0.1815351034845992,2273,0.1690630174494893,2262,0.1594547249989037,2058,0.0815,Esophageal,0.933,0.124,0.0686188249276405,0.15898058252427183,2080,0
TMEM217,2027,0.1199566909132621,0.2941176468116659,0.0072244187885497,0.0004743551734361,8e-06,9,1,TYR,Q8N7C4,0.001,0.502,-0.0511882817889943,Non-essential,71.7,38.4,21.0,0.1814658698745795,2274,0.1668270908140069,2282,0.3967222701698807,1288,0.5201,AML,3.104,0.948,0.2824378634343231,0.41747572815533984,1441,0
CDH13,2444,0.0913518054592551,0.2100840334369042,0.0048268227107385,0.0195671509042395,0.00033,15,2,TYR,P55290,2.63,0.921,0.0991463986943438,Non-essential,85.1,13.2,8.8,0.1814279051066609,2275,0.1666692462421979,2285,0.4708123854530619,940,0.7412,Pancreatic,4.322,0.955,0.5940403155789987,0.7103559870550162,717,0
SLC17A7,2362,0.104328248571146,0.2268907561118565,0.0353376561758658,0.0099021642454788,0.000167,27,8,CYS,Q9P2U7,-2.466,0.14,-0.0993475561773584,Non-essential,80.0,24.3,10.9,0.1814217197444859,2276,0.1681886025532792,2268,0.4351946629929856,1110,0.0308,Pancreatic,1.029,0.164,0.5595971015117773,0.6549352750809061,854,0
SELPLG,1335,0.1789022382881434,0.3949579828613799,0.0069966787917127,0.0627334716869255,0.001058,1,1,CYS,Q14242,3.313,0.977,0.0379904984911839,Non-essential,50.4,89.3,68.7,0.1813678316211425,2277,0.1667176655607281,2284,0.7656877565573216,113,0.9108,Pancreatic,5.271,0.977,0.7288450024598577,0.9453883495145631,136,0
TNFRSF10C,1819,0.1324115947454072,0.3277310921615705,0.0032705993990194,0.0011265935369107,1.9e-05,4,4,SER,O14798,0.912,0.699,0.0756872816420511,Non-essential,71.6,49.8,26.3,0.1810051804905322,2278,0.1661687104604831,2291,0.5150784628918403,767,0.5788,Kidney Papillary,3.346,0.979,0.4914857103003869,0.6808252427184466,790,0
SLC10A6,2338,0.1056589348161223,0.252100840124285,0.0160619958880278,0.0,0.0,17,0,,Q3KNW5,-2.388,0.157,-0.0060477908591683,Non-essential,77.3,26.5,19.4,0.1807507930155067,2279,0.166553892809908,2286,0.4539091318085336,1020,0.6947,Head&Neck,4.069,0.819,0.3635567992993063,0.529126213592233,1165,0
LY6H,2085,0.117137511443184,0.2689075627992374,0.0015562233117191,0.030358731099911,0.000512,4,7,LYS,O94772,-0.997,0.351,0.1140099875766289,Non-essential,75.8,36.4,4.3,0.1806963855826406,2280,0.1657741967482265,2293,0.6221852095332486,423,0.7565,Sarcoma,5.07,0.746,0.6636823514452813,0.854368932038835,361,0
TMEM158,1577,0.1538369092874377,0.3445378148365229,0.0467056776846433,0.006700266824785,0.000113,8,7,SER,Q8WZ71,1.793,0.752,0.0372355943027329,Non-essential,56.6,68.3,48.7,0.1806397213201401,2281,0.1679750052043722,2271,0.690259806540062,247,0.7259,Sarcoma,4.558,0.901,0.7314629182407925,0.9223300970873787,193,0
CDHR4,2379,0.1019706498115152,0.2436974787868088,0.0143792503558437,0.0005929439667951,1e-05,21,1,SER,A6H8M9,-4.293,0.072,-0.0645542776108684,Non-essential,78.6,23.5,10.5,0.1805371661560428,2282,0.166256128673835,2290,0.3200740319339706,1628,0.046,AML,3.956,0.052,0.2654172509657157,0.337378640776699,1639,0
IL20RB,2377,0.1022027327961836,0.252100840124285,0.0007464811007433,0.0037948413874888,6.4e-05,5,2,TYR,Q6UXL0,-0.512,0.39,0.0749187133711126,Non-essential,83.7,24.1,8.4,0.1802706246655578,2283,0.1653079487205949,2298,0.5865170078354767,522,1.0702,Head&Neck,6.09,0.994,0.5892177362159946,0.7961165048543689,505,0
ADORA2A,2342,0.105327591296171,0.2352941174493327,0.0288280879329432,0.0085383931218499,0.000144,23,4,TYR,P29274,1.362,0.873,-0.0553883807595562,Non-essential,80.4,26.7,23.5,0.1799945613709647,2284,0.1664359657676118,2288,0.434746666637279,1112,0.5043,Thymoma,2.877,0.992,0.5092934735632564,0.6120550161812297,960,0
KIR3DL1,2151,0.1140369437210554,0.2605042014617612,0.014284358690495,0.0184998517640083,0.000312,14,4,TYR,P43629,-5.012,0.007,0.0887943825641515,Non-essential,75.6,34.5,24.8,0.1798725231252422,2285,0.165586741059767,2296,0.2985626847052526,1698,0.2223,AML,3.205,0.139,0.1793979540472128,0.2722491909385113,1800,0
DRD4,2144,0.1142260566507389,0.2436974787868088,0.0538668353629606,0.0019567150904239,3.3e-05,12,9,SER,P21917,-1.355,0.181,-0.0056631470472622,Non-essential,77.1,34.4,22.7,0.1798500051887292,2286,0.1675433469568772,2274,0.312450580320634,1654,0.1176,AML,1.51,0.434,0.4848446645387362,0.4753236245954693,1298,0
MEGF11,2408,0.0985474716665501,0.2436974787868088,0.0035616005060888,0.0,0.0,18,3,CYS,A6BM72,-2.388,0.215,-0.0381800326486407,Non-essential,74.4,21.4,18.4,0.1797845177019053,2287,0.1649625977272097,2301,0.3659186112191271,1433,0.3633,Low Grade Glioma,1.93,0.996,0.2757839777557984,0.38228155339805825,1528,0
GRID2,2331,0.1059050896493519,0.2352941174493327,0.0392914755653961,0.0,0.0,41,1,CYS,O43424,-6.506,0.088,-0.090119335005583,Non-essential,75.9,27.8,16.5,0.1793758099986154,2288,0.1663403837768852,2289,0.5397956707915967,660,0.9473,Low Grade Glioma,2.456,0.945,0.3500134775764904,0.598705501618123,993,0
PODXL,1472,0.1638123047445183,0.2857142854741897,0.0054088249248774,0.1596798102579306,0.002693,9,1,LYS,O00592,4.051,0.993,-0.0883159739172875,Non-essential,52.9,76.9,60.0,0.1793721587116684,2289,0.1646425999579122,2303,0.5151984433523642,766,0.6076,Cholangiocarcinoma,3.437,1.0,0.4388559784699183,0.6464401294498382,875,0
MFAP3,1681,0.143735481224964,0.2857142854741897,0.0130191364858453,0.0851467536317817,0.001436,7,2,CYS,P55082,2.976,0.943,0.1085390640846801,Non-essential,61.4,60.2,38.7,0.1793414724453731,2290,0.1649924292696654,2300,0.3472853228808467,1523,0.4144,Kidney Clear Cell,2.382,0.984,0.1909600535563017,0.3114886731391586,1703,0
CCR10,2310,0.1069594634960172,0.201680672099428,0.0813980705361379,0.0062259116513489,0.000105,12,8,SER,P46092,-0.834,0.308,-0.0988397609327598,Non-essential,76.8,28.2,12.7,0.1792942307816715,2291,0.1683641343084783,2266,0.5167149329074117,754,0.5655,Pheochromocytoma,3.586,0.892,0.4902636176886703,0.6836569579288025,783,0
KREMEN1,2212,0.111112423247643,0.252100840124285,0.0279550846117349,0.0062852060480284,0.000106,6,8,SER,Q96MU8,2.778,0.964,0.0134192181620901,Non-essential,78.9,32.6,28.3,0.1791953667084406,2292,0.1655931209390273,2295,0.4168528942917984,1192,0.3451,Pancreatic,1.986,0.983,0.501651806793887,0.5898058252427185,1015,0
PECAM1,2412,0.0973625086907679,0.2352941174493327,0.0041752332753439,0.0066409724281055,0.000112,21,3,SER,P16284,4.296,0.998,0.1295204085982162,Non-essential,80.4,21.0,16.9,0.1790569925331288,2293,0.164265754196896,2305,0.7293177189036832,176,0.6047,AML,3.44,0.994,0.724733331832094,0.9300161812297735,174,0
GPR137,1834,0.1310753031991516,0.2773109241367135,0.0559038431124466,0.0112659353691076,0.00019,13,10,TYR,Q96N19,5.012,1.0,-0.2310662590642098,Non-essential,66.2,49.9,34.8,0.1789512680682383,2294,0.1667464602238605,2283,0.6899580109284856,249,0.3824,Sarcoma,2.163,1.0,0.7464852730963913,0.926779935275081,182,0
ASGR2,2324,0.1061450618910464,0.2605042014617612,0.0064779376878064,0.0,0.0,8,3,CYS,P07307,-1.392,0.182,0.0820900981461953,Non-essential,78.7,28.9,16.1,0.178895954933568,2295,0.1642198518179583,2306,0.6449192525012538,354,0.6131,AML,4.924,0.671,0.6586872757553083,0.8640776699029127,337,0
CDH19,2373,0.1029000063506966,0.2100840334369042,0.0379250355843745,0.0249629410020753,0.000421,17,6,TYR,Q9H159,-5.012,0.098,0.066867663373676,Non-essential,78.1,25.5,17.0,0.1787514058495289,2296,0.1656476576287476,2294,0.6615979850129261,313,0.7793,Melanoma,4.404,0.936,0.6698243510647625,0.8830906148867314,290,0
GABRR3,2322,0.1061944055570277,0.2605042014617612,0.0066424165744108,0.0,0.0,17,0,,A8MPY1,-9.966,0.003,0.3877104749353221,Non-essential,75.8,29.1,21.0,0.1787370746552191,2297,0.1640691954839396,2307,0.1760527877740724,2031,0.2021,Liver,4.954,0.058,0.1009981807850343,0.1788025889967637,2031,0
OXER1,2426,0.0947839088495233,0.2184873947743803,0.0205978174916969,0.0040320189742069,6.8e-05,21,8,TYR,Q8TDS5,-0.284,0.442,0.1503050459054823,Non-essential,81.7,19.0,10.7,0.178628047287509,2298,0.1646579381620939,2302,0.4637919779972411,983,1.0153,AML,5.821,0.971,0.553916235426305,0.6771844660194175,799,0
GPR62,2179,0.1121731393313395,0.252100840124285,0.0361157678317254,0.0016602431070263,2.8e-05,14,7,SER,Q9BZJ7,-3.816,0.057,-0.0487658234633226,Non-essential,76.5,34.2,12.2,0.1784792967781877,2299,0.1652850851697739,2299,0.2383507377382138,1889,0.0063,Uveal Melanoma,0.994,0.025,0.4485671874901062,0.40614886731391586,1469,0
AMIGO3,2195,0.1117834717565537,0.2605042014617612,0.0208255574885339,0.0044470797509635,7.5e-05,13,1,SER,Q86WK7,-9.966,0.095,0.0077776219556896,Non-essential,73.5,34.1,25.0,0.1783946298214907,2300,0.1644359076959174,2304,0.7028555150679197,221,4.0869,AML,11.702,0.855,0.4705844832475154,0.7847896440129449,533,0
CDH24,2300,0.1079666634033489,0.2605042014617612,0.0113047603985449,0.0012451823302697,2.1e-05,18,3,SER,Q86UP0,1.923,0.933,-0.1657781869128229,Non-essential,76.2,31.1,23.4,0.17821395619382,2301,0.1637791942137473,2308,0.361908822875086,1452,0.6495,Sarcoma,3.704,0.992,0.4087210768683456,0.46804207119741104,1316,0
VSIG2,2314,0.1066370300228635,0.2605042014617612,0.0037893405029258,0.0043284909576045,7.3e-05,6,5,SER,Q96IQ7,0.455,0.535,0.12740365206359,Non-essential,80.2,30.0,17.1,0.1782059283767489,2302,0.1633953954018952,2314,0.8358424791931575,41,1.242,Pancreatic,7.373,0.938,0.8531982204557733,0.9878640776699029,31,0
PTPRN2,1817,0.132546458794846,0.2436974787868088,0.0625778902419737,0.0543136673584346,0.000916,26,6,TYR,Q92932,1.071,0.645,0.0342934617747432,Non-essential,63.4,51.5,44.3,0.1780170069754851,2303,0.1661459014875838,2292,0.6920561525679959,243,1.1331,Pheochromocytoma,6.309,1.0,0.7206632012224492,0.9174757281553398,205,0
SIGIRR,2252,0.109496917259502,0.2689075627992374,0.0064463071326901,0.0,0.0,16,0,,Q6IA17,5.291,1.0,0.0608175192046148,Non-essential,75.2,32.9,16.6,0.1778292237629056,2304,0.1631515391195401,2317,0.5134330159860395,772,0.3891,Sarcoma,2.201,1.0,0.4414195364299987,0.6468446601941747,874,0
BST1,2448,0.0898151466249772,0.2184873947743803,0.0077115293373398,0.000355766380077,6e-06,5,3,SER,Q10588,1.595,0.859,0.1177965278886026,Non-essential,89.7,15.7,7.9,0.1777874121003873,2305,0.1631729885672543,2316,0.2369919549550673,1891,0.7374,Pancreatic,4.243,0.983,0.132464952676549,0.21116504854368934,1951,0
PCDHA13,2249,0.1096265377841887,0.2605042014617612,0.0129242448204966,0.0051586125111176,8.7e-05,21,5,TYR,Q9Y5I0,-4.035,0.089,-0.1164119613347998,Non-essential,73.3,33.1,28.3,0.1775971848445199,2306,0.1632433970855448,2315,0.3312645604573751,1586,0.8196,Pheochromocytoma,4.341,0.534,0.4201825387020924,0.4470064724919094,1368,0
CEACAM7,2405,0.0987342070983375,0.2436974787868088,0.0011007433180452,0.0030833086273347,5.2e-05,1,1,SER,Q14002,-5.012,0.215,0.0128232277993565,Non-essential,84.1,23.8,10.6,0.177540130561728,2307,0.1625951677276303,2323,0.4411247948639107,1077,1.9042,Cholangiocarcinoma,7.617,0.75,0.3135456699466665,0.4830097087378641,1279,0
PCDHGA1,2306,0.1075415886910493,0.2605042014617612,0.0068638304602245,0.0042691965609249,7.2e-05,13,2,SER,Q9Y5H4,-1.685,0.173,-0.0696569991810698,Non-essential,74.8,31.5,24.8,0.1774597272669038,2308,0.1628029187899149,2319,0.3159418735280293,1643,0.2525,Adrenocortical,2.665,0.474,0.1494843032594398,0.26415857605177995,1820,0
MFRP,2183,0.112050287539141,0.2605042014617612,0.0243238968843903,0.0018381262970649,3.1e-05,24,3,SER,Q9BY79,-9.966,0.0,-0.0384340144512604,Non-essential,72.5,35.4,20.6,0.1773169763069802,2309,0.1635331711511997,2313,0.0896326455072397,2161,0.0,AML,0.0,0.0,0.0713954662962636,0.1456310679611651,2113,0
CHRNA2,2393,0.1007114309418119,0.2436974787868088,0.0064463071326901,0.0043284909576045,7.3e-05,18,3,TYR,Q15822,-6.506,0.074,-0.003689774857567,Non-essential,77.0,25.7,23.6,0.1772878170979567,2310,0.1626101324545912,2322,0.4265394171884942,1144,0.6206,Prostate,1.533,0.992,0.3685981204423805,0.5048543689320388,1225,0
CEACAM20,2247,0.1096945103748545,0.2605042014617612,0.0114312826190099,0.0068781500148235,0.000116,9,1,SER,Q6UY09,-9.966,0.042,0.162664175948981,Non-essential,74.0,33.6,31.0,0.1771538286700748,2311,0.1627253928010252,2321,0.4180375225261452,1183,0.6104,Prostate,2.323,0.525,0.2187762851633935,0.3996763754045307,1485,0
PCDHA6,2281,0.1085963727093573,0.2605042014617612,0.0077115293373398,0.0069374444115031,0.000117,14,6,SER,Q9UN73,-3.171,0.14,-0.0420297236423826,Non-essential,73.7,32.7,28.3,0.1771387139488272,2312,0.1625242904156941,2324,0.3531973073667087,1494,0.3458,Pheochromocytoma,3.119,0.415,0.2383228552678548,0.3474919093851133,1614,0
GJC3,2176,0.1123278681673168,0.252100840124285,0.0338446939743792,0.0044470797509635,7.5e-05,8,6,SER,Q8NFK1,-2.114,0.23,-0.1625871970833504,Non-essential,75.8,35.8,15.4,0.1770082374748354,2313,0.1637004721735543,2311,0.4056655201855207,1251,0.1302,Pheochromocytoma,2.414,0.295,0.519280178885309,0.5889967637540453,1017,0
CNR1,2041,0.1194978233291908,0.1848739494244757,0.0319342084453582,0.1198932700859768,0.002022,22,6,LYS,P21554,-2.114,0.229,0.0702793342458393,Non-essential,71.7,40.7,27.1,0.1769627519314002,2314,0.1635594623536681,2312,0.3290466377507662,1597,0.1224,Glioblastoma,0.704,0.969,0.2594509196496553,0.3414239482200647,1629,0
ZP4,2277,0.1086730866988542,0.2605042014617612,0.0093310137592914,0.0055736732878742,9.4e-05,32,2,SER,Q12836,-9.966,0.007,0.0295825974542325,Non-essential,74.7,33.0,15.4,0.1769026422734078,2315,0.1623691929613723,2327,0.1343364265088429,2094,0.1101,Melanoma,3.459,0.032,0.0624037311372116,0.15008090614886727,2102,0
KIR2DL3,2184,0.1120162863334664,0.2605042014617612,0.0121145026095207,0.0139341832196857,0.000235,9,1,TYR,P43628,-4.608,0.014,0.0224970928484742,Non-essential,76.9,35.8,23.5,0.176888641968918,2316,0.162494367099394,2325,0.2571122573805228,1828,0.1534,AML,2.948,0.104,0.1412593674274934,0.22491909385113273,1917,0
CEACAM4,2066,0.1182083392722233,0.252100840124285,0.0212494069270915,0.0366439371479395,0.000618,5,5,TYR,O75871,-2.114,0.121,-0.0083765888262611,Non-essential,77.3,41.0,13.1,0.1767086300622575,2317,0.1627711004086121,2320,0.612342256509733,451,1.2453,AML,6.628,0.994,0.5748909527771808,0.8042071197411003,485,0
OSMR,2320,0.1064047523597711,0.252100840124285,0.0180736991934208,0.0004743551734361,8e-06,45,2,SER,Q99650,3.753,0.969,0.1219841333343769,Non-essential,73.5,31.4,21.1,0.176472307635214,2318,0.162375992594885,2326,0.3862983856172082,1344,0.5449,Glioblastoma,3.102,0.994,0.1899791977967637,0.3543689320388349,1597,0
LRRC24,2289,0.1082507725140004,0.2184873947743803,0.0157393642258421,0.053780017788319,0.000907,18,5,TYR,Q50LG9,-0.302,0.43,0.0564353802229932,Non-essential,77.0,32.7,21.6,0.1761504336745734,2319,0.1619374018858655,2329,0.3980997558804215,1279,0.4282,AML,3.127,0.775,0.3840907182160614,0.48826860841423947,1266,0
CD55,2291,0.1081700133155337,0.2689075627992374,0.0007781116558595,0.0012451823302697,2.1e-05,5,2,SER,P08174,5.148,0.998,-0.0163545668560648,Non-essential,78.3,33.6,28.9,0.1760234704762653,2320,0.1610623760590583,2339,0.6583187322548038,323,0.7441,Pancreatic,4.209,1.0,0.7450696972841624,0.912621359223301,217,0
CD33,2244,0.1098515972954418,0.2605042014617612,0.0053139332595287,0.0135191224429291,0.000228,6,3,TYR,P20138,1.434,0.816,0.0595867413682942,Non-essential,77.4,34.9,23.4,0.1759847344372309,2321,0.1612504311002073,2336,0.451149664285867,1037,0.6151,Sarcoma,3.715,0.937,0.3858454838738693,0.5473300970873787,1120,1
AQP4,2402,0.0989254737275639,0.2352941174493327,0.0145437292424482,0.0014823599169878,2.5e-05,5,1,SER,P55087,-2.879,0.241,0.1071167007278339,Non-essential,81.0,25.4,20.4,0.1759594633971254,2322,0.1616866498592478,2331,0.6115868176428948,455,0.4329,Glioblastoma,1.936,1.0,0.708994025909925,0.8656957928802589,333,0
GPR150,1991,0.1221033361906014,0.2605042014617612,0.0576561758658864,0.0020160094871034,3.4e-05,12,6,TYR,Q8NGU9,-2.826,0.047,-0.0135991342064539,Non-essential,70.8,45.2,24.7,0.1758945168498638,2323,0.1637773256431582,2309,0.3136404029782321,1650,0.1909,Uveal Melanoma,1.847,0.506,0.1596335727729366,0.26860841423948223,1809,0
TPSG1,2398,0.0996953790689312,0.2352941174493327,0.0185924402973272,0.0,0.0,16,2,CYS,Q9NRR2,-3.626,0.12,0.0446936666214822,Non-essential,82.4,26.2,15.9,0.1758010511815982,2324,0.1617306731964646,2330,0.2455988515568393,1865,0.0827,Cholangiocarcinoma,1.861,0.222,0.272986142103948,0.2884304207119741,1760,0
GPR32P1,2158,0.1135906124880016,0.2605042014617612,0.0075786810058516,0.0237177586718055,0.0004,13,3,CYS,Q8NGA4,-9.966,0.0,,No data,79.0,23.2,12.9,0.1758005804310307,2325,0.1761795144813232,2168,0.1469574684424198,2076,0.0,AML,0.0,0.035,0.075731394508773,0.1601941747572816,2077,0
SIGLEC16,2316,0.1065559273290102,0.2605042014617612,0.0076103115609678,0.000237177586718,4e-06,15,3,TYR,A6NMB1,-2.727,0.037,,No data,83.0,17.5,6.2,0.1756383427985378,2326,0.1760188583765862,2172,0.3095952225584707,1662,0.1581,AML,2.301,0.37,0.1861027786964391,0.27791262135922334,1786,0
PTGER2,2368,0.1035911119392706,0.2436974787868088,0.0190099636248616,0.0013637711236288,2.3e-05,16,5,SER,P43116,0.152,0.529,-0.0126256937756384,Non-essential,77.6,29.9,15.4,0.1754875512625057,2327,0.1614380494437487,2333,0.5386330963374227,670,1.6033,AML,8.634,1.0,0.5138900101231738,0.7172330097087378,700,0
RAMP2,2308,0.1070750801083893,0.2605042014617612,0.0035299699509726,0.0060480284613104,0.000102,3,3,SER,O60895,4.687,1.0,-0.0251775127646781,Non-essential,80.9,33.1,10.9,0.1754709701146871,2328,0.1606474686122357,2343,0.648098217198734,347,0.442,Pancreatic,2.461,1.0,0.593749345162714,0.8365695792880259,405,0
TMEM225,2326,0.106112316530003,0.2605042014617612,0.0062501976909694,0.000118588793359,2e-06,7,3,SER,Q6GV28,-9.966,0.0,0.0959461515546961,Non-essential,76.0,32.4,20.0,0.1753686671326985,2329,0.160681177017247,2342,0.214331640532575,1945,0.0,AML,0.0,0.0,0.078947867284906,0.1856796116504854,2014,0
ZNRF4,1851,0.1300849045700615,0.2605042014617612,0.0259750118614581,0.0603024014230655,0.001017,12,10,CYS,Q8WWF5,-9.966,0.0,0.0486199306504107,Non-essential,66.4,52.4,33.3,0.1753458238327473,2330,0.1616445744258202,2332,0.4289035379372353,1133,0.0,AML,0.0,0.0,0.2511535641312559,0.42839805825242716,1414,0
CD40,2361,0.1043478137493415,0.2605042014617612,0.0004871105487901,0.0,0.0,1,2,CYS,P25942,3.752,0.993,0.001951648807832,Non-essential,81.2,31.0,13.0,0.1752982481488139,2331,0.1603226036762534,2345,0.5025423977809459,811,0.5704,DLBCL,3.226,1.0,0.4892534203923021,0.6678802588996764,822,0
CLDN18,2098,0.1163275501755116,0.2352941174493327,0.0200158152775581,0.054017195375037,0.000911,3,3,TYR,P56856,-4.293,0.142,-0.0350387276421258,Non-essential,72.8,40.6,20.7,0.1752611937704152,2332,0.1612619845342931,2335,0.73377011364352,164,1.591,Pancreatic,8.865,0.842,0.6238967776674342,0.8887540453074434,276,1
MICA,2422,0.0954404353897674,0.2184873947743803,0.0208888185987664,0.0059294396679513,0.0001,11,4,TYR,Q29983,3.601,0.994,0.0530392192853543,Non-essential,81.7,23.0,17.5,0.1751751527377125,2333,0.1612195936676508,2337,0.3985095664261642,1277,0.4073,Sarcoma,2.304,1.0,0.5620186795753419,0.6128640776699029,958,0
LSAMP,2433,0.0932823185763257,0.2268907561118565,0.0084200537719436,0.0,0.0,13,0,,Q13449,-0.134,0.482,0.0946405237886968,Non-essential,83.8,21.6,14.8,0.1749167780821356,2334,0.1603377807707328,2344,0.3106588041706874,1658,0.8192,Kidney Chromophobe,5.031,0.862,0.2885549627699841,0.3495145631067961,1609,0
CSF2RB,1914,0.1267360855643916,0.2689075627992374,0.0051494543729242,0.0587607471093981,0.000991,18,4,TYR,P32927,0.986,0.704,-0.0728524811931162,Non-essential,64.0,50.4,46.3,0.1746951973503137,2335,0.1599526700689598,2347,0.4087328687193504,1232,0.5816,AML,3.29,1.0,0.2792690101050556,0.4279935275080906,1415,0
TMEM132D,2133,0.1147349196063653,0.2436974787868088,0.0483884232168274,0.0091313370886451,0.000154,50,5,TYR,Q14C87,-6.506,0.072,-0.0031198880168427,Non-essential,70.4,40.0,28.8,0.1746740576517512,2336,0.1620934788125925,2328,0.6751917409144153,277,3.464,Pheochromocytoma,11.187,0.619,0.2567084757451006,0.6189320388349515,943,0
GPR88,2275,0.1087662100829272,0.252100840124285,0.0235141546734145,0.0029054254372961,4.9e-05,17,4,CYS,Q9GZN0,-4.293,0.075,-0.0140634893973605,Non-essential,75.8,35.2,21.6,0.1746401890711774,2337,0.1608158968048481,2341,0.2850929336875818,1745,0.1705,AML,4.569,0.145,0.5186542490876426,0.47896440129449835,1289,0
KIR2DL1,2224,0.1106292577024688,0.2605042014617612,0.0082619009963624,0.013163356062852,0.000222,10,3,TYR,P43626,-5.574,0.007,-0.0344487924229214,Non-essential,75.2,37.1,24.7,0.17443278477642,2338,0.1598458798262381,2348,0.2392128879869894,1888,0.0492,AML,2.434,0.04,0.1485075833889406,0.2184466019417476,1933,0
SLC39A5,2048,0.1193092948524973,0.2436974787868088,0.0691507195951288,0.0036169581974503,6.1e-05,26,2,SER,Q6ZMH5,-2.245,0.256,-0.0437031885719094,Non-essential,67.3,44.1,33.1,0.1743860370235278,2339,0.1628435730032842,2318,0.7171122757806805,188,0.7937,Stomach,5.076,0.856,0.7461090395340898,0.936084142394822,159,0
LRRTM2,2366,0.1037016774683704,0.2436974787868088,0.0159987347777953,0.0047435517343611,8e-05,15,2,SER,O43300,-3.626,0.109,0.0235050631996482,Non-essential,79.1,31.2,21.9,0.1742796892034221,2340,0.1600796259423119,2346,0.5667347964275465,577,1.1328,Pheochromocytoma,5.808,0.915,0.4686621637245368,0.7079288025889967,723,0
PCDHA3,2347,0.1051000164366927,0.252100840124285,0.0104633876324529,0.0037355469908093,6.3e-05,12,3,TYR,Q9Y5H8,-2.635,0.153,-0.084421584244518,Non-essential,73.7,32.6,28.9,0.1741850276993153,2341,0.1597081970809379,2350,0.3338399901537993,1578,0.3462,Pheochromocytoma,3.438,0.483,0.2951434252734916,0.3705501618122977,1557,0
GGT7,2452,0.0882989473131985,0.2100840334369042,0.0135062470346354,0.0007115327601541,1.2e-05,25,2,SER,Q9UJ14,3.3,0.981,-0.0401703865332506,Non-essential,85.1,18.0,14.4,0.1740838566516138,2342,0.1597591690033456,2349,0.2025548955812306,1974,0.1911,Cholangiocarcinoma,1.081,1.0,0.1446085355483314,0.1994336569579288,1980,0
SIGLEC11,2345,0.1051952665128972,0.252100840124285,0.0090020559860825,0.0055143788911947,9.3e-05,30,3,SER,Q96RL6,-2.727,0.095,-0.2775915582819155,Non-essential,74.1,33.0,21.3,0.173864402762819,2343,0.1593145055621231,2353,0.4671929731004784,956,0.1694,Sarcoma,2.837,0.321,0.5723376006842804,0.6953883495145632,754,0
CDHR5,2003,0.1211359048346922,0.2268907561118565,0.0436311877273446,0.0576341535724873,0.000972,17,7,TYR,Q9HBB8,-3.816,0.26,0.0161841216337312,Non-essential,68.3,46.0,43.0,0.1737280999641077,2344,0.1609096593504749,2340,0.7417744670361884,150,0.7838,Stomach,4.249,0.959,0.8293619489000345,0.9644012944983819,89,0
TNFRSF1A,2119,0.1153512156525025,0.252100840124285,0.0054404554799936,0.0429291431959679,0.000724,10,1,TYR,P19438,6.569,1.0,0.1059613065547659,Non-essential,71.4,41.8,31.9,0.1735276937124901,2345,0.1587997164864898,2355,0.7314234257113889,171,0.6168,Glioblastoma,3.489,1.0,0.6605644344008166,0.9045307443365695,237,0
CDH4,2416,0.0963566789815932,0.2352941174493327,0.0047951921556223,0.0026682478505781,4.5e-05,22,2,TYR,P55283,-3.047,0.229,0.0008176449014881,Non-essential,78.7,25.7,19.3,0.1735188011088165,2346,0.1587585607165976,2356,0.435232616616345,1109,0.6592,Mesothelioma,3.973,0.862,0.3470166092632246,0.4963592233009708,1246,0
PTGER4,2090,0.1169696755762681,0.2352941174493327,0.054056618693658,0.0221168099614586,0.000373,16,10,TYR,P35408,1.387,0.793,-0.0191279273241933,Non-essential,70.9,43.0,30.5,0.1733962982710456,2347,0.1610991292057285,2338,0.4951901566536922,841,1.1773,AML,6.555,1.0,0.5084596380658457,0.6755663430420712,803,0
ERVV-1,1379,0.1736757290134414,0.302521008149142,0.0604080341609995,0.1151497183516157,0.001942,28,6,CYS,B6SEH8,-6.506,0.034,-0.0201075495651174,Non-essential,42.2,91.4,69.2,0.1733717909803535,2348,0.1613921926884034,2334,0.3663031102091427,1431,0.8355,DLBCL,7.14,0.234,0.127561247257741,0.29490291262135926,1744,0
IFNAR2,1807,0.1331629730025374,0.3277310921615705,0.006901787126364,0.0,0.0,9,0,,P48551,3.937,0.999,0.05323948967703,Non-essential,64.4,58.4,38.6,0.1730313290381406,2349,0.1583764183944588,2357,0.3747266890888078,1393,0.4614,Pancreatic,2.61,1.0,0.1916972992705572,0.3450647249190939,1620,0
SEZ6,2287,0.1083165621436759,0.2436974787868088,0.0323896884390321,0.0037355469908093,6.3e-05,26,5,TYR,Q53EL9,-4.035,0.14,-0.1282741092287008,Non-essential,69.8,36.5,31.0,0.1728254264328434,2350,0.159444910854795,2351,0.6272445293622707,406,2.1809,Pheochromocytoma,7.669,0.943,0.4264334720721799,0.7156148867313916,704,0
TREML2,1769,0.1354027605145815,0.2689075627992374,0.0301249406927091,0.062674177290246,0.001057,7,5,LYS,Q5T2D2,-3.816,0.052,-0.1836348060278974,Non-essential,64.2,59.5,40.2,0.1728174264754718,2351,0.1593236735101073,2352,0.5327604093627398,693,1.2672,Thymoma,5.492,0.653,0.7142293367781788,0.8252427184466019,433,0
IMPG2,1687,0.1429907303359666,0.2605042014617612,0.026658231851969,0.1026386006522383,0.001731,23,5,LYS,Q9BZV3,-4.293,0.021,0.024772926933451,Non-essential,53.6,65.7,58.2,0.1728006786376682,2352,0.1591335902302666,2354,0.2410586768729092,1880,0.114,Ovarian,0.918,0.393,0.1312152471807888,0.21359223300970875,1945,0
MAG,2443,0.0916075818209045,0.2184873947743803,0.0090020559860825,0.0050400237177586,8.5e-05,8,1,SER,P20916,-3.458,0.237,-0.1694496752100164,Non-essential,80.8,22.2,18.2,0.1727811080969933,2353,0.1582312108962975,2359,0.5593205157606161,597,0.5963,Kidney Chromophobe,4.228,0.662,0.6882932529313456,0.8333333333333334,413,0
PCDHGC5,2382,0.1017081118903666,0.2436974787868088,0.0110137592914755,0.0030833086273347,5.2e-05,16,1,SER,Q9Y5F6,-2.727,0.127,-0.0726387282683594,Non-essential,74.4,31.1,28.8,0.1727183845550856,2354,0.1582690725196594,2358,0.3488589752049054,1515,0.4506,AML,7.639,0.312,0.2500709378435621,0.3511326860841424,1605,0
TMEM219,1929,0.1258217997234395,0.302521008149142,0.0126648742685434,0.0033797806107322,5.7e-05,13,2,SER,Q86XT9,7.129,1.0,0.026569961860702,Non-essential,67.9,52.5,18.8,0.1723935165720186,2355,0.1580267602854457,2361,0.699147920925827,224,0.298,Sarcoma,1.686,1.0,0.6888991336458832,0.9065533980582524,232,0
GIPR,2424,0.0952705890137271,0.2268907561118565,0.0085845326585481,0.006463089238067,0.000109,20,4,TYR,P48546,-0.759,0.344,-0.0176457972905999,Non-essential,78.5,25.8,10.1,0.1723736701133035,2356,0.1578028967462309,2362,0.4590674369820163,996,0.3876,Cholangiocarcinoma,3.108,0.694,0.3701617840388208,0.5436893203883495,1129,0
RGMB,2401,0.0990211840550714,0.2352941174493327,0.0092297959829195,0.0071153276015416,0.00012,14,2,SER,Q6NW40,2.749,0.977,0.0729705348167475,Non-essential,79.5,29.3,19.5,0.1721392220033817,2357,0.1576007118025277,2363,0.4456037361355311,1060,0.5698,Pheochromocytoma,3.172,1.0,0.3206516407376903,0.49110032362459544,1259,0
FAS,2391,0.1007553067322886,0.2436974787868088,0.0064146765775739,0.004506374147643,7.6e-05,10,1,SER,P25445,3.128,0.974,-0.123557641188224,Non-essential,77.9,31.0,16.4,0.1720243802566873,2358,0.157345114085566,2364,0.4091330151721978,1230,0.5779,Sarcoma,3.335,0.98,0.211236562102368,0.38309061488673135,1526,0
KLRC1,2237,0.1102434825708545,0.2689075627992374,0.0053771943697611,0.0035576638007708,6e-05,5,2,SER,P26715,-1.732,0.172,0.0866294733380203,Non-essential,75.6,39.5,23.2,0.171851361522366,2359,0.1571202212408541,2367,0.3727038467632864,1401,0.2237,Cervical,2.422,0.452,0.2982160529609855,0.4077669902912622,1465,0
GPM6A,2455,0.0869171814718842,0.1932773107619518,0.030479202910011,0.0015416543136673,2.6e-05,10,1,TYR,P51674,-1.47,0.307,0.13968957633151,Non-essential,82.7,19.1,5.0,0.1715522730726026,2360,0.1580762332181032,2360,0.5585191978008317,599,0.2264,Low Grade Glioma,1.26,1.0,0.6226229083700496,0.7981391585760518,500,0
LYSMD3,1751,0.1364149109418201,0.2773109241367135,0.0090716432073382,0.0758968277497776,0.00128,5,3,LYS,Q7Z3D4,2.614,0.988,0.1281761584726001,Non-essential,63.3,62.1,33.0,0.1712009411871287,2361,0.1566545233474955,2368,0.3266620554262722,1603,0.2936,Kidney Clear Cell,1.664,0.998,0.168960688178122,0.27872168284789645,1784,0
IGSF1,2385,0.1014460309861128,0.2352941174493327,0.0192693341768148,0.0051586125111176,8.7e-05,45,4,SER,Q8N6C5,-1.47,0.302,0.1011357158066923,Non-essential,73.2,32.3,13.4,0.1711599277792495,2362,0.1571233944880903,2366,0.7652897036614869,114,1.0429,Pheochromocytoma,6.256,0.898,0.6482270499973474,0.9114077669902912,220,0
KCNMB3,2318,0.106495411880206,0.2436974787868088,0.0272086035109916,0.0028461310406166,4.8e-05,17,6,SER,Q9NPA1,0.586,0.696,0.1045545240954564,Non-essential,72.1,36.9,15.1,0.1709078012132851,2363,0.1572682313888347,2365,0.3245564369950704,1612,0.278,Sarcoma,1.933,0.813,0.3367517833531357,0.39077669902912626,1507,0
CD164,1880,0.128235915989293,0.3193277308240944,0.001682745532184,0.0,0.0,2,1,CYS,Q04900,7.014,1.0,-0.1216878258340399,Non-essential,66.6,56.3,23.4,0.170885392171479,2364,0.1559695294480882,2369,0.6140615626910264,442,0.3522,Glioblastoma,1.992,1.0,0.6225003030964024,0.8313106796116505,418,0
GPC1,2439,0.092019977678849,0.2184873947743803,0.0154167325636564,0.0,0.0,28,0,,P35052,4.89,0.996,-0.0641462613525739,Non-essential,82.5,25.4,15.2,0.1699247713119472,2365,0.15569560794013,2370,0.4971697093503296,831,0.398,Lung Squamous,2.252,1.0,0.5848375686707122,0.7289644012944984,671,0
KIR2DS4,2298,0.1080440233201023,0.2605042014617612,0.0119183931678,0.0008894159501927,1.5e-05,7,1,SER,P43632,-5.012,0.016,,No data,81.8,25.0,14.5,0.1693784227911146,2366,0.1699743424495046,2246,0.2556308077130722,1832,0.1952,Mesothelioma,6.794,0.057,0.122705206876556,0.21804207119741104,1934,0
OR1E3,2150,0.1140379958847922,0.2605042014617612,0.0304159417997785,0.0023717758671805,4e-05,19,6,SER,Q8WZA6,-9.966,0.0,,No data,76.5,30.3,15.2,0.1690733999283561,2367,0.1705941970183451,2240,0.1255910701283931,2105,0.0,AML,0.0,0.0,0.0894113641524088,0.1618122977346278,2073,0
EFNB1,2135,0.1146633668423042,0.2773109241367135,0.0092614265380357,0.0032018974206937,5.4e-05,6,5,TYR,P98172,3.94,0.999,0.000177588235783,Non-essential,70.7,46.5,31.5,0.168674654437532,2368,0.1541377257644338,2374,0.4542577296846398,1016,0.7146,Pancreatic,4.043,1.0,0.3920562818192165,0.5566343042071198,1097,0
SERINC1,2432,0.0933633960922489,0.2184873947743803,0.0160999525541673,0.0037948413874888,6.4e-05,29,6,TYR,Q9NRX5,6.155,1.0,0.1084796039370475,Non-essential,77.5,28.0,13.0,0.1684442866564471,2369,0.1542492842841555,2373,0.6214597406795136,427,0.3218,Pancreatic,1.82,1.0,0.6173432573195955,0.8305016181229774,420,0
NTSR2,2435,0.0927383893136549,0.1932773107619518,0.0474521587853866,0.0039727245775274,6.7e-05,23,13,TYR,O95665,-9.966,0.08,-0.0536710566027174,Non-essential,78.9,27.3,17.8,0.1682032796074116,2370,0.1555758875466809,2371,0.3288402924066287,1598,0.0376,Uterine Carcinosarcoma,5.672,0.018,0.5719628395897591,0.5529935275080906,1106,0
KIT,2441,0.0918033923090031,0.1848739494244757,0.0368622489324687,0.0226504595315742,0.000382,48,4,LYS,P10721,0.919,0.658,-0.0530316464722258,Non-essential,78.2,26.4,16.2,0.1681840594145772,2371,0.1550271718612006,2372,0.4949464242423764,848,1.1387,AML,6.414,0.988,0.3901877122553824,0.5898058252427185,1015,0
TMEM123,1634,0.1481041255367338,0.3697478988489514,0.0006832199905108,0.0,0.0,1,0,,Q8N131,6.578,1.0,0.0896177240514522,Non-essential,59.6,76.4,39.4,0.1681825695947607,2372,0.1532167305942862,2378,0.5958677936316069,490,0.4896,Sarcoma,2.77,1.0,0.5464581092704921,0.7783171521035599,549,0
OR10J3,2191,0.1118206806549893,0.2605042014617612,0.0240328957773208,0.0013637711236288,2.3e-05,18,8,CYS,Q5JRS4,-9.966,0.0,,No data,75.0,29.5,21.9,0.1680256372368538,2373,0.1692272820257198,2258,0.0998423064012218,2149,0.0,AML,0.0,0.0,0.0927202342497259,0.1557443365695793,2088,0
KCNK18,2272,0.108874053348499,0.2605042014617612,0.0141515103590067,0.0014230655203083,2.4e-05,19,2,TYR,Q7Z418,-9.966,0.0,-0.0341172608883543,Non-essential,69.8,42.4,24.5,0.1676701144814452,2374,0.1533776899993955,2377,0.1017742599368246,2143,0.0,AML,0.0,0.0,0.0488252081147307,0.13754045307443363,2133,0
SPACA1,2204,0.1114159830346095,0.2605042014617612,0.0011007433180452,0.0229469315149718,0.000387,7,1,TYR,Q9HBV2,-9.966,0.005,-0.0212406352910333,Non-essential,71.0,44.6,31.0,0.1675883892198706,2375,0.1526434263857729,2381,0.6960426226558409,235,2.6452,Uveal Melanoma,9.533,0.392,0.3845882575531382,0.7261326860841424,678,0
IL9R,1972,0.1235622337905989,0.2941176468116659,0.0140249881385418,0.0056922620812333,9.6e-05,15,3,SER,Q01113,-1.639,0.172,-0.1721857690109739,Non-essential,63.1,55.7,41.8,0.1671704889390268,2376,0.1528717383459539,2379,0.4706380777375766,942,0.7143,Thymoma,4.206,0.797,0.4164079651551891,0.5885922330097088,1018,0
LYPD2,2333,0.1058052933255576,0.2352941174493327,0.0074142021192471,0.0315446190335013,0.000532,4,5,LYS,Q6UXB3,-4.608,0.191,-0.1556538245375275,Non-essential,76.1,40.0,11.2,0.1670926463954535,2377,0.1524633565014159,2382,0.7160401474880956,191,2.9333,Head&Neck,12.83,0.758,0.765342704528365,0.9437702265372169,140,0
GPR50,2117,0.1154405256446386,0.2605042014617612,0.0355653961727028,0.0018974206937444,3.2e-05,16,5,TYR,Q13585,-9.966,0.043,0.0964367674453119,Non-essential,66.2,48.5,42.5,0.1670421747282282,2378,0.1538204445368633,2375,0.4043690025443991,1255,1.2086,Lung Squamous,6.794,0.252,0.1356351991638457,0.34304207119741104,1625,0
PCDHGA9,2431,0.0939577306116628,0.2268907561118565,0.0073509410090147,0.0033204862140527,5.6e-05,21,3,SER,Q9Y5G4,-0.886,0.296,0.0409680106772915,Non-essential,75.3,30.2,25.0,0.1668796214449166,2379,0.1522471684953673,2383,0.2773908478566871,1765,0.1973,Kidney Clear Cell,1.936,0.558,0.1285096278987291,0.2293689320388349,1906,0
DNER,2355,0.1047931753941745,0.201680672099428,0.0209900363751383,0.0594129854728728,0.001002,17,5,TYR,Q8NFT8,-1.994,0.298,0.0755691680953381,Non-essential,70.5,38.9,21.2,0.1667889906968025,2380,0.1528384925155594,2380,0.4800537289001975,908,0.4883,Cholangiocarcinoma,5.373,0.472,0.5711804256429797,0.7063106796116505,727,0
FNDC9,2024,0.1201901825083601,0.252100840124285,0.0065095682429226,0.0579899199525644,0.000978,4,3,TYR,Q8TBE3,-5.574,0.046,0.0203629341283419,Non-essential,66.8,52.7,34.8,0.1666601660923715,2381,0.1519856445045176,2385,0.4685225239279721,948,1.2927,AML,6.58,0.439,0.3677913117609982,0.5513754045307444,1110,0
OR13C6P,2123,0.115078735486505,0.2605042014617612,0.0013917444251146,0.0348651052475541,0.000588,7,1,TYR,Q8NH95,-9.966,0.0,,No data,76.6,33.8,7.9,0.1664406829297836,2382,0.1665102701510393,2287,0.1158568784195946,2119,0.0,AML,0.0,0.0,0.0606461137119278,0.1456310679611651,2113,0
EFNB3,2026,0.1200208368913217,0.2941176468116659,0.0052443460382729,0.0026682478505781,4.5e-05,10,2,SER,Q15768,0.058,0.51,-0.0327001730741882,Non-essential,67.8,53.5,32.6,0.1664193248562958,2383,0.1516815421582094,2387,0.4404095729188485,1082,0.9889,Pheochromocytoma,6.237,0.824,0.2191981075235954,0.41990291262135926,1435,0
PCDH19,2288,0.1082804954336817,0.2436974787868088,0.0103305393009647,0.0256744737622294,0.000433,15,5,TYR,Q8TAB3,-1.994,0.275,-0.0325126087654077,Non-essential,68.6,43.1,39.5,0.1661953708411816,2384,0.1517118978062298,2386,0.3734364429030388,1399,0.525,Ovarian,2.901,0.887,0.3241379920793327,0.42677993527508096,1418,0
PRRT3,1637,0.1478851736492984,0.2689075627992374,0.0554863197849122,0.0789208419804328,0.001331,14,3,CYS,Q5FWE3,0.766,0.662,0.0578646562776158,Non-essential,51.9,76.8,68.5,0.1659194374210693,2385,0.1536937534103149,2376,0.4398234932193153,1085,0.3325,Breast,2.038,0.923,0.258609651366329,0.44053398058252424,1384,0
VSIG10L,2389,0.1011721751300959,0.2436974787868088,0.0123106120512415,0.0,0.0,21,0,,Q86VR7,0.758,0.724,-0.0974326875794431,Non-essential,70.0,37.6,32.2,0.1657717705881934,2386,0.1513873011907555,2388,0.3846192150971977,1350,0.5005,Pancreatic,3.341,0.847,0.3271224840325549,0.43527508090614886,1397,0
GINM1,2353,0.104805471919734,0.252100840124285,0.0072876798987822,0.0059294396679513,0.0001,13,1,SER,Q9NU53,4.864,1.0,0.0510307773046758,Non-essential,70.1,40.9,35.2,0.1656395739351831,2387,0.1510039579301222,2391,0.4411160162063942,1078,0.263,Pancreatic,1.488,1.0,0.3543497153469542,0.5080906148867315,1217,0
VIPR2,2381,0.101822815466413,0.1932773107619518,0.0227676735726711,0.0589386302994367,0.000994,21,4,CYS,P41587,-2.466,0.238,-0.0285830265913821,Non-essential,74.3,37.9,15.3,0.16517363473471,2388,0.1513120184133436,2389,0.4364358800014561,1107,0.6803,Low Grade Glioma,4.077,0.929,0.5057656447238456,0.610032362459547,965,0
PCDHGA12,2440,0.0919421665132631,0.2184873947743803,0.0151573620117033,0.0,0.0,19,1,CYS,O60330,-0.711,0.344,-0.0391457827873411,Non-essential,74.6,30.2,25.3,0.1650599286739589,2389,0.1508177967745441,2392,0.27182141322141,1786,0.2847,AML,5.62,0.277,0.1720529809128889,0.24555016181229772,1866,0
NPY6R,2409,0.0981852097244074,0.2268907561118565,0.0186557014075597,0.0061073228579899,0.000103,11,6,TYR,Q99463,-4.608,0.125,,No data,81.5,21.0,12.4,0.1646025207055372,2390,0.1655353057759151,2297,0.5275593948490247,716,0.5031,Kidney Clear Cell,2.929,0.876,0.5771838492262475,0.7524271844660194,613,0
LRP3,2358,0.1047017176052392,0.2352941174493327,0.029410090147082,0.0058701452712718,9.9e-05,19,7,SER,O75074,3.866,0.973,0.0531215269079014,Non-essential,67.4,41.6,29.4,0.1645729999618548,2391,0.151043504469209,2390,0.5903117841146893,508,0.9373,AML,5.608,0.931,0.6100267808400024,0.8098705501618123,471,0
GABRA4,2384,0.1014825569636194,0.2268907561118565,0.0020749644156254,0.0336792173139638,0.000568,10,3,TYR,P48169,-9.966,0.041,0.0122462518345969,Non-essential,73.0,38.8,30.3,0.164550310071547,2392,0.1496540582923283,2398,0.3323769508100753,1583,0.5635,Thymoma,4.291,0.347,0.317708836231637,0.383495145631068,1525,0
GPR173,2453,0.0880655904789579,0.201680672099428,0.0221540408034161,0.0024903646605395,4.2e-05,22,6,CYS,Q9NS66,-0.492,0.412,0.0635046840683459,Non-essential,81.3,27.3,12.6,0.1644493366007887,2393,0.1505570386409594,2393,0.4349913749472924,1111,0.636,Sarcoma,3.817,0.913,0.5914349391409235,0.6719255663430421,812,0
RAMP3,2470,0.0780795467941054,0.1932773107619518,0.0025620749644156,0.0,0.0,3,2,CYS,O60896,3.401,0.985,0.0745846386549328,Non-essential,87.6,18.9,3.4,0.164387577507787,2394,0.1495156812560077,2399,0.3187523625254804,1632,0.653,DLBCL,3.636,1.0,0.3522553478768531,0.39441747572815533,1498,0
TNFRSF1B,2120,0.1153321119856003,0.2773109241367135,0.0114312826190099,0.0032611918173732,5.5e-05,7,1,TYR,P20333,3.657,0.995,-0.0203255551242369,Non-essential,66.8,51.6,45.6,0.1641319420569454,2395,0.149703506187896,2397,0.4984258252555127,824,0.5675,Pancreatic,3.211,1.0,0.3433017073726336,0.5610841423948221,1086,0
GFRA4,2206,0.1113487970348015,0.2605042014617612,0.0219263008065791,0.0018974206937444,3.2e-05,17,2,SER,Q9GZZ7,-9.966,0.005,0.0222217964134802,Non-essential,68.6,48.2,36.1,0.1639324008866973,2396,0.1500287159270262,2396,0.1642827379538275,2049,0.089,Uterine Carcinosarcoma,4.392,0.035,0.0723547429275419,0.1634304207119741,2069,0
CDH26,2420,0.0956909507912149,0.2352941174493327,0.0052443460382729,0.0,0.0,24,0,,Q8IXH8,-1.117,0.295,0.0098357629875664,Non-essential,72.3,35.1,26.1,0.1635640276168347,2397,0.1488262449187483,2400,0.3768735612428504,1379,0.6122,AML,3.854,0.884,0.2740414761768601,0.3932038834951457,1501,0
TTYH2,2456,0.0854276137183877,0.1848739494244757,0.0373114028151194,0.0009487103468722,1.6e-05,25,3,TYR,Q9BSA4,1.444,0.822,-0.097438342717611,Non-essential,82.0,25.8,15.4,0.1634709105890643,2398,0.1503364807298203,2395,0.3401986468798704,1551,0.4823,Melanoma,2.728,1.0,0.5256123456245283,0.5275080906148868,1169,0
ZDHHC11,2414,0.0967285514889406,0.1932773107619518,0.0420749644156255,0.0226504595315742,0.000382,19,4,CYS,Q9H8X9,1.385,0.767,-0.1965086409322591,Non-essential,73.3,35.4,32.0,0.163428414753483,2399,0.1505321629742643,2394,0.3882823660714829,1334,0.313,Pheochromocytoma,1.877,0.943,0.5135458490853585,0.5675566343042071,1070,0
LY6G6F,2278,0.1086194651714341,0.2605042014617612,0.0090336865411987,0.0056922620812333,9.6e-05,12,4,SER,Q5SQ64,-9.966,0.0,,No data,76.9,31.6,19.2,0.1632579576672244,2400,0.1637096419942843,2310,0.1792455551725592,2024,0.0,Adrenocortical,0.0,0.0,0.1085394549645995,0.1824433656957929,2022,0
IL15RA,1899,0.1273676344706854,0.252100840124285,0.0026253360746481,0.0857989919952564,0.001447,5,3,CYS,Q13261,3.339,0.974,-0.0358807727682153,Non-essential,64.5,62.2,39.7,0.1631413760609759,2401,0.1482726428647083,2403,0.4579264484404142,1000,0.3341,Pancreatic,1.89,1.0,0.3560922752892587,0.5279126213592233,1168,0
FAM174B,1765,0.1354843048853058,0.3361344534990467,0.0034350782856239,0.0,0.0,1,0,,Q3ZCQ3,3.523,0.991,0.0545664093683251,Non-essential,63.6,70.4,20.8,0.1631058282960722,2402,0.1482775822103535,2402,0.4701138389324326,943,0.6503,Kidney Chromophobe,3.678,1.0,0.3529103897536662,0.5432847896440129,1130,0
NCR2,2323,0.1061605720223657,0.2605042014617612,0.0042764510517159,0.0022531870738215,3.8e-05,10,1,SER,O95944,-9.966,0.003,-0.1566721565193478,Non-essential,74.3,44.9,19.2,0.1629088800430007,2403,0.1481227025955865,2405,0.1366377243634971,2091,0.0987,Esophageal,4.392,0.022,0.0355816548728817,0.13147249190938515,2148,0
CD19,2031,0.1198539571123391,0.2857142854741897,0.0185608097422109,0.0,0.0,16,0,,P15391,-1.392,0.284,-0.0565426539701567,Non-essential,62.2,56.8,44.8,0.1628402023515191,2404,0.1487682428386296,2401,0.6350784923760753,387,0.5468,DLBCL,2.841,1.0,0.728412080001837,0.8948220064724919,261,0
NKAIN2,2399,0.0995986147482055,0.2436974787868088,0.0067689387948758,0.0002964719833975,5e-06,10,2,TYR,Q5VXU1,-3.626,0.177,0.073894736720751,Non-essential,76.0,39.4,10.6,0.1626604702699514,2405,0.1479989172096952,2406,0.3939560410431318,1302,0.8993,Lung Squamous,5.182,0.626,0.4121409231496452,0.5060679611650485,1222,0
FLT3LG,2449,0.0890081162206804,0.2184873947743803,0.0053771943697611,0.0,0.0,5,0,,P49771,2.982,0.994,-0.1037559964486588,Non-essential,81.3,30.2,13.6,0.1626148867634734,2406,0.1478837464819614,2407,0.3392299128598795,1557,0.4378,Sarcoma,2.497,0.992,0.2863810273644966,0.3681229773462783,1563,0
LDLRAD4,1721,0.139449720684438,0.252100840124285,0.0066107860192946,0.1220871627631188,0.002059,1,4,CYS,O15165,2.563,0.929,0.0886272287147874,Non-essential,58.7,72.9,43.8,0.1625097812391031,2407,0.1478403205400678,2408,0.3976891616706824,1283,1.002,AML,5.579,1.0,0.2472868483549216,0.39441747572815533,1498,0
LRRC4B,2394,0.1006702228408043,0.201680672099428,0.0159038431124466,0.0507560035576638,0.000856,25,3,TYR,Q9NT99,-0.969,0.309,-0.0198233491776886,Non-essential,71.7,39.8,36.0,0.1624531969023274,2408,0.1482483890579497,2404,0.6354629781817092,382,1.2598,Pheochromocytoma,7.262,0.966,0.546964594531006,0.8013754045307443,492,0
LDLRAD3,1917,0.1266148845967981,0.3109243694866181,0.0074837893405029,0.0,0.0,9,2,CYS,Q86YD5,2.539,0.919,0.0316081644968225,Non-essential,61.4,64.1,37.7,0.161594476655442,2409,0.1469686661224672,2409,0.3523936775289839,1498,0.4456,Glioblastoma,2.521,1.0,0.1478845348070715,0.29166666666666663,1752,0
GFRA2,2423,0.0953314182855893,0.2184873947743803,0.0221856713585323,0.0042691965609249,7.2e-05,24,2,TYR,O00451,-1.318,0.283,0.0664440613448684,Non-essential,75.0,37.3,27.4,0.1607843051508974,2410,0.146893588718824,2410,0.4731264992903971,931,0.8457,Pheochromocytoma,4.903,0.96,0.3790524925096163,0.5639158576051779,1079,0
ISLR2,2293,0.1081474635353394,0.252100840124285,0.0170045864304918,0.0073525051882597,0.000124,22,3,SER,Q6UXK2,-1.181,0.266,0.0006968144824172,Non-essential,66.6,48.7,37.9,0.1606245669481876,2411,0.1464747962697122,2413,0.480836129083421,905,0.6834,Pheochromocytoma,4.664,0.761,0.3091287503817647,0.5186084142394822,1191,0
SPN,1549,0.1560706431904868,0.3865546215239037,0.0017460066424165,0.0030833086273347,5.2e-05,2,1,SER,P16150,1.125,0.746,-0.0079634787004172,Non-essential,53.3,91.0,45.8,0.1605014463508041,2412,0.1455887466829249,2414,0.6714314513447397,288,1.0079,Thymoma,5.709,0.983,0.6604139577807076,0.8814724919093851,294,0
TMEM154,1780,0.1349206483931344,0.3361344534990467,0.0015562233117191,0.0,0.0,2,0,,Q6P9G4,0.264,0.545,0.0060024485744685,Non-essential,62.5,72.7,30.1,0.1603361145525961,2413,0.145413925718182,2415,0.4172671249130975,1189,0.8824,Head&Neck,4.663,0.965,0.2189881090105171,0.39846278317152106,1488,0
TMEM255A,2067,0.1182067746718421,0.2436974787868088,0.0309663134588012,0.0381262970649273,0.000643,13,5,TYR,Q5JRV8,-0.394,0.426,0.0473867608852168,Non-essential,66.0,57.3,33.2,0.1602672702063152,2414,0.1468155858792552,2411,0.5593169539865064,598,1.1512,Kidney Chromophobe,6.946,0.877,0.4481055422783536,0.6872977346278317,774,0
LRP10,2390,0.1009222451688473,0.2436974787868088,0.0095207970899889,0.0019567150904239,3.3e-05,15,3,SER,Q7Z4F1,5.892,1.0,0.0481523614761976,Non-essential,67.0,43.5,29.7,0.1596634956204862,2415,0.1451395354749857,2416,0.5389797898674705,667,0.4423,Glioblastoma,2.502,1.0,0.5439358417853838,0.7374595469255664,650,0
CHRNA4,2437,0.0926481547353954,0.2268907561118565,0.0055353471453424,0.0007708271568336,1.3e-05,23,1,TYR,P43681,-6.506,0.104,-0.0630265507308151,Non-essential,71.9,36.5,30.6,0.1594883082146937,2416,0.1447650755719609,2418,0.2517462442689149,1842,0.0671,Uterine Carcinosarcoma,2.116,0.105,0.1589954779974053,0.2285598705501618,1908,0
EPGN,2301,0.1079311886057884,0.2605042014617612,0.0092297959829195,0.0032018974206937,5.4e-05,3,4,SER,Q6UW88,-4.608,0.141,0.0756557621237329,Non-essential,67.0,50.0,22.1,0.1592843938625197,2417,0.1447458836616657,2419,0.5299573184098822,707,2.2686,Head&Neck,7.145,0.778,0.5591762642432706,0.7382686084142395,648,0
CD302,2462,0.082634093394844,0.201680672099428,0.0019737466392535,0.0045656685443225,7.7e-05,8,1,SER,Q8IX05,2.329,0.91,0.0030843772828775,Non-essential,80.1,28.0,12.9,0.1592230890306937,2418,0.1443217763626564,2420,0.4846008211828138,888,1.1296,AML,6.289,1.0,0.4151544227675101,0.5974919093851132,996,0
CD44,1739,0.1377386581081235,0.3277310921615705,0.0186557014075597,0.0034983694040913,5.9e-05,7,3,SER,P16070,6.898,0.999,-0.0305256491668274,Non-essential,53.2,76.1,69.7,0.1591443999594624,2419,0.1450771850298404,2417,0.6493025216041219,341,1.0307,Glioblastoma,5.83,1.0,0.7382374835375263,0.904126213592233,238,1
TMEM204,2415,0.0966930577026486,0.1848739494244757,0.0115957615056144,0.0642158316039134,0.001083,12,3,TYR,Q9BSN7,3.275,0.995,-0.0733744173775157,Non-essential,71.1,40.7,22.6,0.1579587805759484,2420,0.1435385686512291,2421,0.4176218206931943,1187,0.4239,Pancreatic,2.398,1.0,0.389719270931042,0.5113268608414239,1209,0
FNDC5,2388,0.1011933239076592,0.1932773107619518,0.0042448204965997,0.075363178179662,0.001271,4,2,LYS,Q8NAU1,-0.006,0.5,-0.023924249413394,Non-essential,71.9,44.6,25.0,0.1579490584357485,2421,0.1431612994605785,2422,0.4614484255101401,991,0.2942,Kidney Chromophobe,1.898,0.877,0.4988651935570168,0.6351132686084142,903,0
PCDH10,2447,0.0898677109247709,0.2184873947743803,0.0063450893563182,0.0018974206937444,3.2e-05,14,1,SER,Q9P2E7,-3.047,0.249,-0.1259520545427931,Non-essential,73.2,36.1,33.4,0.1574312156835488,2422,0.1427484701513646,2423,0.33294666070662,1580,0.3539,Pheochromocytoma,1.982,0.818,0.1926710722010448,0.2997572815533981,1732,0
PTGIR,2466,0.0808286814207636,0.1848739494244757,0.0218630396963466,0.0010672991402312,1.8e-05,20,4,SER,P43119,0.38,0.597,-0.0043283874666723,Non-essential,76.2,28.8,20.2,0.1566384670077109,2423,0.1427316189925282,2424,0.3693405613989759,1414,0.3452,Testicular,2.433,0.803,0.7187087651883268,0.6735436893203883,808,0
LILRB5,2457,0.0841111356190199,0.1932773107619518,0.0159671042226791,0.006700266824785,0.000113,14,1,SER,O75023,-0.196,0.459,-0.019985761746721,Non-essential,75.6,31.9,26.8,0.1564139015285491,2424,0.1422122567396831,2425,0.4763270901322356,918,0.2399,Sarcoma,1.619,0.825,0.5207703948717392,0.6674757281553398,823,0
MMP17,2465,0.0810870465553289,0.1932773107619518,0.0075470504507354,0.0050400237177586,8.5e-05,29,3,TYR,Q9ULZ9,1.227,0.686,-0.1676782960323549,Non-essential,76.3,30.8,25.5,0.1549938273088066,2425,0.1403711798313434,2426,0.3939266176991973,1303,0.6098,Uveal Melanoma,3.449,1.0,0.5280476443306914,0.5857605177993528,1025,0
TMIGD2,2188,0.1118876683174106,0.2773109241367135,0.0018472244187885,0.0013637711236288,2.3e-05,4,1,SER,Q96BF3,-1.595,0.186,-0.0550542634387455,Non-essential,68.9,58.5,24.8,0.154361572333454,2426,0.1394539335543934,2428,0.501271929312978,817,1.5219,Thymoma,7.455,0.89,0.2921254355446514,0.5238673139158576,1178,0
TNFRSF14,2463,0.0826262454912075,0.201680672099428,0.0016511149770678,0.0048621405277201,8.2e-05,1,6,SER,Q92956,5.279,1.0,-0.0005844207951932,Non-essential,79.9,33.2,11.0,0.1540165491109967,2427,0.1390991048598501,2429,0.5850551614286883,526,0.398,Sarcoma,2.251,1.0,0.6730009945918242,0.8414239482200647,393,0
SYP,2467,0.0791671999574258,0.1932773107619518,0.0055353471453424,0.0006522383634746,1.1e-05,8,2,TYR,P08247,0.058,0.515,0.0203267796024105,Non-essential,76.7,30.4,23.3,0.1537939551438873,2428,0.1390707225011545,2430,0.6414192876866394,362,0.9824,Pheochromocytoma,5.557,1.0,0.7688547092170658,0.912621359223301,217,0
C3orf80,1845,0.1303659398894454,0.3193277308240944,0.0042764510517159,0.004506374147643,7.6e-05,3,4,SER,F5H4A9,-0.413,0.415,0.0642594981491204,Non-essential,59.4,75.3,34.0,0.1536604120882727,2429,0.1388742346408585,2431,0.5119826254619056,777,1.0671,AML,7.14,0.717,0.2898702434458709,0.5319579288025891,1158,0
DLL1,2468,0.0787874386176069,0.1932773107619518,0.0049217143760873,0.0,0.0,12,0,,O00548,1.688,0.816,0.0221020319099997,Non-essential,75.0,30.4,23.1,0.1534774873607049,2430,0.1387235730795093,2433,0.3928951872495582,1309,0.5589,Low Grade Glioma,3.124,0.996,0.4063622239820701,0.4975728155339806,1243,0
ERVFRD-1,1975,0.1233564294418009,0.2605042014617612,0.0334904317570773,0.030358731099911,0.000512,34,6,TYR,P60508,-5.012,0.013,0.022018125299249,Non-essential,60.8,69.0,22.5,0.1531387612258635,2431,0.1398132828137173,2427,0.384580809274735,1351,0.9358,AML,4.945,0.78,0.3612285221701491,0.4518608414239482,1356,0
CD248,2328,0.1059379818631949,0.2352941174493327,0.0199525541673256,0.0194485621108805,0.000328,11,6,TYR,Q9HCU0,3.519,0.97,-0.0649277600041847,Non-essential,63.5,54.4,45.8,0.1528032201768179,2432,0.1388008478851842,2432,0.7148439380906133,198,0.7786,Sarcoma,4.387,0.988,0.7070321368520823,0.919093851132686,201,0
IGSF11,2451,0.0884046052290625,0.2184873947743803,0.0033654910643681,0.0,0.0,7,0,,Q5DX21,-2.245,0.265,0.0493339956314342,Non-essential,73.7,40.1,27.1,0.1522119609371251,2433,0.1373802354903435,2435,0.4543119552656602,1015,0.8348,Melanoma,4.778,0.941,0.3775180843699456,0.5457119741100324,1124,0
NRN1L,2445,0.0910675471070864,0.2268907561118565,0.0010374822078127,0.0,0.0,4,0,,Q496H8,-1.102,0.24,-0.031605978994258,Non-essential,73.0,44.8,14.5,0.1498711351911029,2434,0.1349230093014936,2437,0.2617624944477625,1818,0.1988,Adrenocortical,1.526,0.737,0.0878723635241266,0.20995145631067957,1954,0
RPRML,1866,0.1287960167954998,0.2352941174493327,0.0024608571880436,0.1131337088645123,0.001908,1,2,CYS,Q8N4K4,-5.574,0.075,-0.0852318012916093,Non-essential,58.6,77.5,37.5,0.1487515826204054,2435,0.1338746254798076,2439,0.4628054648546815,987,1.1507,Pheochromocytoma,9.483,0.438,0.3996728932906433,0.5663430420711975,1073,0
UPK3B,2148,0.114132107431518,0.2436974787868088,0.0498181243080816,0.0056922620812333,9.6e-05,8,4,TYR,Q9BT76,-0.619,0.408,-0.0204100299961349,Non-essential,52.7,65.6,58.4,0.1485717141727118,2436,0.1360626203881159,2436,0.7075826726438516,207,1.5852,Mesothelioma,8.929,0.989,0.5691429619970519,0.8478964401294499,377,0
HBEGF,2413,0.0972554822578735,0.2352941174493327,0.006901787126364,0.0035576638007708,6e-05,7,2,SER,Q99075,2.943,0.979,-0.0995080654469117,Non-essential,66.5,51.4,24.0,0.1485678038390501,2437,0.1339128931953683,2438,0.3601579312515237,1460,0.6886,Pancreatic,3.895,1.0,0.1500620903884315,0.30016181229773464,1731,0
EDA2R,2421,0.0956245266254708,0.2352941174493327,0.0050229321524592,0.0,0.0,6,0,,Q9HAV5,-0.32,0.451,0.1068177444879844,Non-essential,68.8,50.2,38.7,0.1484086741453812,2438,0.1336598207530042,2440,0.30689835599477,1670,0.6897,AML,5.737,0.647,0.2099272900698505,0.28802588996763756,1761,0
CFC1,2332,0.1058148388956328,0.2605042014617612,0.0053771943697611,0.0,0.0,6,0,,P0CG37,-9.966,0.104,-0.0943237325457333,Non-essential,64.1,59.2,36.8,0.1483207691040566,2439,0.1335896288225447,2441,0.6810592497113448,260,2.7422,Thymoma,11.985,0.686,0.5487811588909207,0.8276699029126213,427,0
RELT,2284,0.1084075609412986,0.2689075627992374,0.0028151194053455,0.0,0.0,8,2,CYS,Q969Z4,2.05,0.924,-0.0379164520950529,Non-essential,62.8,62.3,41.6,0.1475214268310694,2440,0.1326621828013367,2442,0.3612879583420112,1456,0.6582,Pancreatic,3.809,0.977,0.3256292378679113,0.41585760517799353,1445,0
EQTN,2063,0.1184923496318994,0.2605042014617612,0.0037577099478095,0.0438778535428402,0.00074,2,2,TYR,Q9NQ60,-4.608,0.0,0.214692001173627,Non-essential,58.9,71.1,40.5,0.1469853613842788,2441,0.1321732468816693,2443,0.3569736925931876,1470,0.0039,AML,2.815,0.006,0.1990552528620438,0.32847896440129454,1661,0
NKAIN3,2471,0.0751397468776795,0.1848739494244757,0.0037893405029258,0.0001778831900385,3e-06,13,1,TYR,Q8N8D7,-9.966,0.088,0.1867088837566831,Non-essential,76.8,34.0,11.7,0.1466976882218075,2442,0.1318871552469538,2444,0.3032180544788346,1679,0.9286,Low Grade Glioma,2.097,0.886,0.2521400082074502,0.3131067961165048,1699,0
BTN2A3P,2428,0.0946341488145937,0.2184873947743803,0.0045041910485529,0.019626445300919,0.000331,16,3,CYS,Q96KV6,0.252,0.589,,No data,71.9,36.0,22.4,0.146503247258401,2443,0.1467284568108287,2412,0.3393825193923523,1555,0.4187,Sarcoma,2.641,0.897,0.2545347278798983,0.34627831715210355,1617,0
PIK3IP1,2417,0.0962382745513274,0.2352941174493327,0.0039854499446465,0.0030833086273347,5.2e-05,5,1,SER,Q96FE7,4.362,0.998,-0.0092338669793522,Non-essential,67.1,52.9,27.0,0.1462201307502617,2444,0.131419403247494,2446,0.4268968343564502,1141,0.5645,Pancreatic,3.193,1.0,0.3456203472522686,0.48948220064724923,1263,0
AREG,2349,0.1049703030740291,0.2605042014617612,0.0025620749644156,0.0,0.0,4,1,CYS,P15514,1.977,0.712,0.062783974130709,Non-essential,67.7,60.7,21.8,0.1461169892527203,2445,0.1312450930009411,2447,0.4165361670636964,1193,0.9214,Pancreatic,5.31,0.966,0.1772715647939978,0.375,1546,0
GJC2,2419,0.0959699780038651,0.2268907561118565,0.015125731456587,0.0022531870738215,3.8e-05,8,3,SER,Q5T442,-0.375,0.396,0.0077715662713924,Non-essential,67.1,52.8,33.5,0.1459564942717519,2446,0.1317127808445812,2445,0.3363589889870749,1568,0.5099,Pancreatic,3.673,0.785,0.2864318432578798,0.36610032362459544,1568,0
CLEC14A,2459,0.0836763003992443,0.201680672099428,0.0027202277399968,0.0072932107915801,0.000123,17,3,SER,Q86T13,2.848,0.988,-0.0785050636997481,Non-essential,68.5,42.2,37.3,0.1458915948676939,2447,0.1310276062546938,2448,0.4446571788985736,1065,0.4598,Kidney Clear Cell,2.523,0.998,0.4783363310838623,0.6007281553398058,988,0
DLK1,2472,0.0749212704229612,0.1848739494244757,0.0032389688439032,0.0,0.0,7,1,CYS,P80370,-6.506,0.153,-0.1477374755022931,Non-essential,71.2,35.2,21.1,0.1453156245095422,2448,0.1304775729517374,2450,0.6453131136556106,353,1.005,Uterine Carcinosarcoma,7.218,0.737,0.6486686467235475,0.86084142394822,345,0
CSPG5,1870,0.1285951182202014,0.302521008149142,0.0199525541673256,0.0053364957011562,9e-05,4,4,TYR,O95196,-0.302,0.444,-0.0667201032183439,Non-essential,51.9,82.3,67.5,0.1449046153193201,2449,0.1309022430276864,2449,0.5505180594173102,629,0.7343,Pheochromocytoma,4.224,0.886,0.5064990205513232,0.7224919093851132,687,0
TNFRSF25,2469,0.0784073206964136,0.1848739494244757,0.0070915704570615,0.0077675659650163,0.000131,6,7,SER,Q93038,2.75,0.952,0.037305621444633,Non-essential,72.3,38.6,25.7,0.1448206664040859,2450,0.130175244926939,2451,0.5572637612441259,605,0.6324,AML,3.626,0.971,0.6760400371126167,0.8280744336569579,426,0
STIM1,2460,0.0835371655300926,0.201680672099428,0.0077115293373398,0.0018381262970649,3.1e-05,13,1,TYR,Q13586,4.586,1.0,-0.0591415584480819,Non-essential,67.8,43.9,34.3,0.1440756491434009,2451,0.1294612256102679,2452,0.3825267467187629,1360,0.4645,Kidney Chromophobe,2.628,1.0,0.401849282712216,0.48260517799352753,1280,0
EPOR,2454,0.0878241485805401,0.2100840334369042,0.0067056776846433,0.0059294396679513,0.0001,14,4,SER,P19235,2.088,0.962,-0.0784035772514767,Non-essential,66.9,51.6,40.9,0.1400881910410651,2452,0.1254234749252972,2453,0.458129592296213,999,0.3491,Sarcoma,1.983,0.996,0.5311003945714126,0.6577669902912622,847,0
SCARF2,2450,0.0885317600606298,0.2184873947743803,0.0037893405029258,0.0,0.0,14,3,CYS,Q96GP6,2.234,0.903,-0.1208348908232602,Non-essential,64.5,52.9,46.6,0.1395179232967645,2453,0.1247073903219108,2454,0.3798931823096084,1372,0.6783,Sarcoma,3.853,0.996,0.4601919611371367,0.520631067961165,1186,0
C11orf24,1861,0.1292664394749801,0.3193277308240944,0.005117823817808,0.0,0.0,2,0,,Q96F05,4.789,1.0,0.0389102494751679,Non-essential,51.5,88.9,62.8,0.139144161742885,2454,0.1244000529337754,2455,0.453816762615809,1022,0.5489,Sarcoma,3.105,1.0,0.2814358817688591,0.46885113268608414,1314,0
LY6G6D,2319,0.1064841371282087,0.2605042014617612,0.005117823817808,0.0024903646605395,4.2e-05,5,2,SER,O95868,-9.966,0.098,,No data,66.2,54.9,7.5,0.1381785176312032,2455,0.1384344088220936,2434,0.5928816521327186,498,2.1439,Colorectal,10.251,0.754,0.2995698115743309,0.6007281553398058,988,0
SHISA8,2239,0.1100179736402503,0.2605042014617612,0.0143476198007275,0.0050400237177586,8.5e-05,4,2,SER,B8ZZ34,-4.035,0.052,0.0564846725842595,Non-essential,56.9,75.6,54.9,0.1354233813912379,2456,0.1211407623812743,2456,0.348401646632501,1516,0.2974,Uterine,7.033,0.158,0.2153111697421545,0.32402912621359226,1672,0
RPRM,2327,0.1060832593720006,0.2268907561118565,0.0046623438241341,0.0464275126000592,0.000783,2,2,TYR,Q9NS64,-1.685,0.32,0.1453071573439543,Non-essential,60.8,72.5,33.0,0.1346842287451981,2457,0.1199173459364048,2458,0.4512665807832822,1036,0.7253,Testicular,3.749,0.986,0.2962926831119239,0.4801779935275081,1286,0
CSF1,2396,0.0999050212868417,0.2352941174493327,0.0146069903526806,0.0046842573376815,7.9e-05,11,3,SER,P09603,3.733,0.995,-0.0415157400550269,Non-essential,57.4,67.7,61.4,0.1344757530298569,2458,0.120206102547491,2457,0.4645241942828432,980,0.4902,Sarcoma,2.773,1.0,0.3944603641408022,0.5651294498381877,1076,0
FNDC4,2473,0.0746595641050227,0.1848739494244757,0.0017143760873003,0.0006522383634746,1.1e-05,6,1,SER,Q9H6D8,2.306,0.897,0.0111993933583206,Non-essential,69.7,47.4,26.5,0.1328975359112602,2459,0.1179832547156252,2459,0.3930762114463354,1308,0.3908,Pancreatic,2.188,0.994,0.4837209580761697,0.5550161812297735,1101,0
SUSD5,2392,0.1007288645089228,0.2268907561118565,0.010235647635616,0.0230062259116513,0.000388,14,6,TYR,O60279,-1.181,0.285,-0.0242874225690922,Non-essential,56.1,71.2,55.6,0.1315222330259666,2460,0.1170340154077473,2460,0.5503407858349111,630,0.2683,Low Grade Glioma,1.655,0.858,0.5455946884968671,0.75,619,0
RELL1,2334,0.105797705506356,0.2605042014617612,0.0008730033212082,0.0044470797509635,7.5e-05,4,1,SER,Q8IUW5,1.832,0.853,0.0744813073340226,Non-essential,60.3,76.4,33.6,0.1311064912796593,2461,0.1161501414457197,2461,0.347970241287028,1518,0.6232,AML,3.546,0.994,0.1910133842944211,0.3135113268608414,1698,0
SHISA9,2372,0.1029678071868324,0.252100840124285,0.0070915704570615,0.0,0.0,1,0,,B4DS77,-2.932,0.281,0.0818283160132469,Non-essential,56.7,74.5,55.2,0.1305081866577651,2462,0.1158627651806182,2462,0.338372700343401,1560,0.5621,Kidney Clear Cell,2.897,0.751,0.3131997705382312,0.3851132686084142,1521,0
SDC2,2363,0.104307959249895,0.2605042014617612,0.0003542622173019,0.0,0.0,1,0,,P34741,5.157,0.992,0.0027707438712086,Non-essential,60.9,76.1,31.8,0.1301650360659418,2463,0.1151827491768069,2464,0.6523539056759329,338,0.754,Sarcoma,4.265,1.0,0.6964670307390459,0.8883495145631068,277,0
HEG1,2199,0.1116243883966204,0.2689075627992374,0.0135378775897517,0.0,0.0,25,0,,Q9ULI3,3.334,0.972,0.1150402042887703,Non-essential,42.2,82.7,77.9,0.129802116377171,2464,0.1154790102566585,2463,0.3597109116021796,1462,0.5125,Cholangiocarcinoma,2.853,1.0,0.1511884198506041,0.30177993527508096,1727,0
SHISA7,2253,0.1094740487372966,0.2352941174493327,0.0124687648268227,0.0387192410317225,0.000653,2,6,TYR,A6NL88,-6.506,0.073,-0.082538337631062,Non-essential,54.0,81.0,59.7,0.1291499425719027,2465,0.1147733808132438,2465,0.3832965576621084,1355,0.4474,Pheochromocytoma,3.326,0.33,0.3043902253550016,0.42152103559870546,1431,0
GFY,2134,0.1146813625011654,0.2605042014617612,0.0071232010121777,0.0278090720426919,0.000469,5,1,TYR,I3L273,-9.966,0.026,0.0170683615785772,Non-essential,47.5,89.8,70.1,0.1251095387753338,2466,0.1104656988259426,2466,0.307334367796327,1668,0.2775,Uterine,5.672,0.085,0.131818731531131,0.25121359223300976,1852,0
SPRN,2344,0.1052227149038567,0.2605042014617612,0.0034034477305076,0.0,0.0,2,0,,Q5BIV9,0.624,0.755,0.0024517891418652,Non-essential,53.8,85.4,47.7,0.1216273324442433,2467,0.1067975048307686,2467,0.2962304042633546,1709,0.3566,AML,2.077,0.971,0.2004769284411364,0.27629449838187703,1790,0
OPALIN,2446,0.0908530919433983,0.2268907561118565,0.0003226316621856,0.0,0.0,1,0,,Q96PE5,-9.966,0.045,0.0282651753054965,Non-essential,62.5,76.6,12.1,0.1178924225546961,2468,0.1029085541378054,2468,0.2223317367515259,1928,0.1296,AML,0.933,0.197,0.0544142361716204,0.17394822006472488,2043,0
AJAP1,2410,0.0976061463462908,0.2436974787868088,0.0004238494385576,0.0,0.0,1,0,,Q9UKB5,-2.466,0.209,0.0391310538894861,Non-essential,50.1,90.0,69.3,0.1104000799350224,2469,0.0954212724069503,2469,0.2567089094815299,1829,0.186,Cholangiocarcinoma,2.575,0.361,0.2782300375645993,0.2981391585760518,1736,0
ECSCR,2461,0.0835333389174864,0.201680672099428,0.0072244187885497,0.002312481470501,3.9e-05,1,1,SER,Q19T08,3.045,0.992,-0.0442092770528625,Non-essential,56.5,78.5,45.9,0.1094724602995624,2470,0.0948336812389899,2470,0.3757067859411503,1387,0.5744,Glioblastoma,3.146,1.0,0.2878033087706255,0.4016990291262136,1480,0
C1orf159,2434,0.0928409787920139,0.2184873947743803,0.0137656175865886,0.004387785354284,7.4e-05,6,4,SER,Q96HA4,2.858,0.997,-0.0535616056012272,Non-essential,49.2,87.9,61.8,0.1081089389062512,2471,0.0937972197855807,2471,0.3998221885014685,1269,0.3559,Sarcoma,2.013,1.0,0.411006352882454,0.5101132686084142,1212,0
TMEM108,2418,0.0960894957856796,0.2352941174493327,0.0065728293531551,0.0,0.0,6,0,,Q6UXF1,0.044,0.509,0.0228048085696595,Non-essential,45.3,92.3,75.7,0.1066961484455552,2472,0.0920247899132129,2472,0.3439589068945748,1532,0.3859,Low Grade Glioma,2.114,1.0,0.1442973943200183,0.28195792880258896,1776,0
EMCN,2464,0.0811960708324961,0.201680672099428,0.0017460066424165,0.0,0.0,1,0,,Q9ULC0,2.064,0.911,0.1369129364094844,Non-essential,51.7,88.9,58.6,0.0971247368954039,2473,0.0822120372275247,2473,0.3086071972098906,1666,0.3311,Pancreatic,1.877,0.966,0.3044547894611485,0.3604368932038835,1582,0
